1.000000000000000000e+00 0.000000000000000000e+00 0.000000000000000000e+00 0.000000000000000000e+00 0.000000000000000000e+00 1.000000000000000000e+00 0.000000000000000000e+00 0.000000000000000000e+00 0.000000000000000000e+00 0.000000000000000000e+00 1.000000000000000000e+00 0.000000000000000000e+00
9.999917875530219824e-01 -4.050938562164006773e-03 -1.213395125128577807e-04 2.044939115986003225e-02 4.050946377690808897e-03 9.999917928200381390e-01 6.423403306610888752e-05 6.368003377005308774e-02 1.210783085360912971e-04 -6.472504540620287379e-05 9.999999905753558238e-01 2.448844530820437886e-03
9.999658165239738716e-01 -8.266218985973891598e-03 -1.881680582542812866e-04 1.160050928030183226e-02 8.266189445189246754e-03 9.999658221110808709e-01 -1.572315692788040279e-04 1.418120930021667114e-01 1.894613376504550480e-04 1.556707617401617300e-04 9.999999699355073268e-01 5.854148845617381663e-03
9.999359940235412747e-01 -1.131316021228708640e-02 -1.423452269972618823e-04 -3.508741691096077184e-03 1.131311682627779772e-02 9.999359590428457123e-01 -3.019946015710832398e-04 2.160279008265617307e-01 1.457526243834980802e-04 3.003649039290413859e-04 9.999999442685468809e-01 7.195868931828343883e-03
9.998930479904587498e-01 -1.462479236188831029e-02 8.960313502781610639e-05 3.096192792976175390e-03 1.462484291833936710e-02 9.998928758607122935e-01 -5.922605914053132286e-04 3.084573545214901458e-01 -8.093184819566690241e-05 5.935076797196629957e-04 9.999998205993189115e-01 9.459290424025337818e-03
9.998353439957200495e-01 -1.814618085977387496e-02 3.189301839109684694e-05 1.228873311680336172e-03 1.814620215449412599e-02 9.998349427540367262e-01 -8.958768890219759220e-04 4.081011832851449417e-01 -1.563101016103141968e-05 8.963081146721445670e-04 9.999995981936368183e-01 8.565954327725026560e-03
9.997876517923964812e-01 -2.060593804794940212e-02 2.159643716505982845e-04 -1.399336152257256265e-02 2.060619487810790365e-02 9.997868715410045404e-01 -1.263418733544111397e-03 4.933826612573883330e-01 -1.898844153448418261e-04 1.267600652769550890e-03 9.999991785659095855e-01 7.122345297156094414e-03
9.997542791615461333e-01 -2.216608255781976275e-02 2.146676901727616435e-04 -3.768622527991820348e-02 2.216636877199662167e-02 9.997532616452271537e-01 -1.438028231247958548e-03 5.993502077167692788e-01 -1.827392709257477784e-04 1.442433280929057921e-03 9.999989429957358844e-01 8.068270518759801391e-03
9.997285073641867248e-01 -2.329900699047570897e-02 -2.604546658518783783e-04 -6.737753567799570353e-02 2.329852396125562178e-02 9.997270643739499807e-01 -1.724975208740481616e-03 7.179073969942020295e-01 3.005737879414382215e-04 1.718438681401177320e-03 9.999984783107903619e-01 1.176140788960826702e-02
9.996799788534351805e-01 -2.529631580027267082e-02 1.904902315610325293e-04 -8.689252143713628584e-02 2.529666785739632592e-02 9.996776659458236347e-01 -2.154716784825656383e-03 8.266891866514671783e-01 -1.359224338233145290e-04 2.158845998007531599e-03 9.999976604517877288e-01 8.388296067387439325e-03
9.996222888422851005e-01 -2.748185973535632529e-02 1.644238342681455275e-04 -8.706706386354332028e-02 2.748220314946634227e-02 9.996186633556229939e-01 -2.693767096313936550e-03 9.347970928101264620e-01 -9.033140393431241682e-05 2.697268359641344544e-03 9.999963582851857380e-01 1.337808103767796145e-02
9.996240962419365994e-01 -2.741524317678462400e-02 2.658082939695391683e-04 -9.133761129305068005e-02 2.741597217282008489e-02 9.996186557374773241e-01 -3.302661262973657311e-03 1.065194165430987772e+00 -1.751636678467335256e-04 3.308707172984068617e-03 9.999945108722011478e-01 8.424892499903828200e-03
9.995914124142596391e-01 -2.858234505659987615e-02 2.403720678061706262e-04 -7.705917713029918070e-02 2.858299880964038434e-02 9.995856115964324440e-01 -3.408411423832275779e-03 1.200230298190108291e+00 -1.428520689978992253e-04 3.413889343765377088e-03 9.999941624593789991e-01 1.519189749132645109e-02
9.995296087939941065e-01 -3.066743996887172016e-02 2.631917187817468177e-04 -6.482383277191719473e-02 3.066810413634526652e-02 9.995249082813243424e-01 -3.070034835720630417e-03 1.329780180610064644e+00 -1.689165695489222054e-04 3.076662309371197470e-03 9.999952527968453131e-01 2.176848766465029617e-02
9.995234840131376197e-01 -3.086528919932372134e-02 3.725974785663562589e-04 -5.343969002003651214e-02 3.086619142668060173e-02 9.995198125449022974e-01 -2.724437008804253459e-03 1.474856206896976607e+00 -2.883280257492638540e-04 2.734639436112886336e-03 9.999962192999051203e-01 3.174752390320052797e-02
9.995323779269531528e-01 -3.057319866035552655e-02 5.522674759303147470e-04 -4.149235220261398432e-02 3.057455254472188702e-02 9.995290112795726101e-01 -2.636730393869727088e-03 1.612984107695523139e+00 -4.713940820329160842e-04 2.652382731498452093e-03 9.999963713201488469e-01 3.929948900464863559e-02
9.994984003334795863e-01 -3.166301072878949241e-02 6.336263914492541770e-04 -4.208798270004571185e-02 3.166461803418832432e-02 9.994948716467340066e-01 -2.711736828602209163e-03 1.726586283789675491e+00 -5.474445764958702594e-04 2.730440159974912868e-03 9.999961224929666548e-01 4.946564768034278359e-02
9.995003509592490509e-01 -3.160275197118556784e-02 5.608031612105737708e-04 -5.847403455926128424e-02 3.160436053313885746e-02 9.994955296065242134e-01 -3.138581186642746060e-03 1.872013785643707129e+00 -4.613324498362753870e-04 3.154736822858544322e-03 9.999949173910581690e-01 4.850284594131558380e-02
9.995473031217334547e-01 -3.007016532569365894e-02 9.869039238538468515e-04 -6.797084595723563993e-02 3.007348481512416363e-02 9.995414169847793850e-01 -3.541361762648822815e-03 2.001926879146068927e+00 -8.799620127957727715e-04 3.569438239402064009e-03 9.999932423659227965e-01 4.409531516805195728e-02
9.995674380897593414e-01 -2.937232299300746377e-02 1.484369451815865677e-03 -5.795430444705060302e-02 2.937833641483271127e-02 9.995595135194718095e-01 -4.206219468104790797e-03 2.142728561793052489e+00 -1.360169170343581736e-03 4.248008322896123200e-03 9.999900521330783443e-01 3.885347628182068275e-02
9.995724970862902570e-01 -2.920019862292956569e-02 1.473590533278219860e-03 -4.807129780422192411e-02 2.920623880470471501e-02 9.995643334911754607e-01 -4.258970207082648715e-03 2.268314658333357325e+00 -1.348585763259196749e-03 4.300187521924993261e-03 9.999898448002936258e-01 4.770091091119071924e-02
9.996092865776384784e-01 -2.787949776993619427e-02 2.001947012484334761e-03 -3.666337091778821416e-02 2.788814951711253431e-02 9.996012235603736196e-01 -4.432265009568205072e-03 2.423967228214468417e+00 -1.877579360732352723e-03 4.486363861747003773e-03 9.999881735475896205e-01 6.068295897481990053e-02
9.996567126477439169e-01 -2.609387908584476570e-02 2.359307644046477765e-03 -3.322351466597836533e-02 2.610493901889012966e-02 9.996477547190460999e-01 -4.785252761343684533e-03 2.581290535581349133e+00 -2.233610782112837190e-03 4.845199626768001769e-03 9.999857674104420946e-01 6.519405840988441725e-02
9.996737228292855715e-01 -2.509126676390576252e-02 4.782908824068486837e-03 -3.056745040963422186e-02 2.511440072085422900e-02 9.996728685835616357e-01 -4.839699819762064911e-03 2.727418546722057524e+00 -4.659909985095298142e-03 4.958240625016731989e-03 9.999768502764627698e-01 6.956194563067047421e-02
9.997228085791933783e-01 -2.309972202762827428e-02 4.550697614194918264e-03 -1.962249381144050980e-02 2.312229286911878998e-02 9.997202837260440456e-01 -4.971305582299427941e-03 2.872141501496089599e+00 -4.434588932948861986e-03 5.075150142036020592e-03 9.999772883781068433e-01 7.351783626587360398e-02
9.997970129732244304e-01 -1.943150662568332229e-02 5.324415467838719031e-03 -2.509456743290253145e-02 1.945935894634239979e-02 9.997969687960835961e-01 -5.230156360999859040e-03 3.044049488389210634e+00 -5.221704627374003198e-03 5.332704418878698831e-03 9.999721476443057533e-01 7.986546605616680339e-02
9.998614604454124644e-01 -1.574376803069124295e-02 5.403118003780815227e-03 -4.000104274480163757e-02 1.577210124125978316e-02 9.998618719168600455e-01 -5.241937556670913691e-03 3.200334938372993321e+00 -5.319843832524377876e-03 5.326429865150740690e-03 9.999716638017744907e-01 7.343655639916436828e-02
9.999105073053015103e-01 -1.274801419476074248e-02 4.057772115923893169e-03 -5.351441306953585997e-02 1.276842142637845366e-02 9.999057601385591409e-01 -5.043635197812999793e-03 3.373084681555686970e+00 -3.993093378947015770e-03 5.094995173736394795e-03 9.999790478952279571e-01 7.748694628127869577e-02
9.999471700928718176e-01 -9.407144360648741002e-03 4.142783875035274850e-03 -5.926699369728081340e-02 9.429088535343787061e-03 9.999414480971898778e-01 -5.309676702736547058e-03 3.537763811718552809e+00 -4.092592411905443713e-03 5.348458868949962711e-03 9.999773220803945817e-01 7.932721973181712516e-02
9.999871749973879842e-01 -4.254233333588163662e-03 2.747970066544431610e-03 -7.574530515642591277e-02 4.269854380705361344e-03 9.999746163468565818e-01 -5.703946486816650029e-03 3.694426786802391227e+00 -2.723634393748195891e-03 5.715606765714740557e-03 9.999799566266260875e-01 8.896065071349588960e-02
9.999976785965261072e-01 -3.797246641196444354e-04 2.120992866185430169e-03 -7.058364835461812536e-02 3.926349968702139213e-04 9.999813797139193161e-01 -6.089832773191554936e-03 3.867868279407300047e+00 -2.118640912987142244e-03 6.090651412259976034e-03 9.999792074468629721e-01 9.187404105237001462e-02
9.999917425930333614e-01 3.188899878498950916e-03 2.519060005930314882e-03 -5.982455430901845173e-02 -3.173515812521144133e-03 9.999764344590462706e-01 -6.087636976729532759e-03 4.032542576061636908e+00 -2.538413507734019105e-03 6.079592431872041583e-03 9.999782972708588513e-01 9.874709271140562350e-02
9.999669457227106095e-01 7.605632982213050668e-03 2.874336259619019764e-03 -5.709564854348067597e-02 -7.589574087237707482e-03 9.999557569581579708e-01 -5.557201760931476144e-03 4.191169526432390491e+00 -2.916475127241370188e-03 5.535203083649505550e-03 9.999804276582892060e-01 1.153433145148389516e-01
9.999286675937006930e-01 1.154680828725147997e-02 3.054659173120458007e-03 -4.755348649158627067e-02 -1.152988658195069731e-02 9.999184001576476577e-01 -5.500431035634557007e-03 4.376504341078521598e+00 -3.117922336079211303e-03 5.464818802840508243e-03 9.999802069619969647e-01 1.174252531504644953e-01
9.998824060452892182e-01 1.515927054373973105e-02 2.317454997401668243e-03 -5.411917856049501541e-02 -1.514528509868364424e-02 9.998676730028583926e-01 -5.937745626810764232e-03 4.557380425165197479e+00 -2.407160227917582579e-03 5.901948867181424502e-03 9.999796860832755874e-01 1.114540319195851809e-01
9.998346712421640747e-01 1.807838724197577060e-02 1.949896613346640845e-03 -4.851989280260429055e-02 -1.806699216506997899e-02 9.998204664569231293e-01 -5.711273760557079339e-03 4.722943929315313483e+00 -2.052797160187299057e-03 5.675100755924555353e-03 9.999817894618027170e-01 1.099829240306102046e-01
9.997574951402482535e-01 2.201206772082727955e-02 6.479085971186125757e-04 -4.920540522959525320e-02 -2.200841318961764201e-02 9.997443082908781253e-01 -5.191125973102544283e-03 4.919484823449431943e+00 -7.620103487293392736e-04 5.175607659711992103e-03 9.999863161191663297e-01 1.244275171451271755e-01
9.996597481125143458e-01 2.599878445885003136e-02 2.109789156929389124e-03 -3.130856645665849869e-02 -2.598903337781253986e-02 9.996519883690906383e-01 -4.524631897781721673e-03 5.112209417614355544e+00 -2.226689855230076006e-03 4.468261002418738234e-03 9.999875381703028365e-01 1.449598489474339946e-01
9.995601582156854459e-01 2.936524106783203192e-02 4.143998656133181940e-03 -6.103684496682191749e-03 -2.934645736132137500e-02 9.995590666521120271e-01 -4.523020439800168498e-03 5.295164041568168223e+00 -4.274991014501553291e-03 4.399419346551850483e-03 9.999811846036099627e-01 1.428913217823823134e-01
9.994699050833263376e-01 3.213841392532226088e-02 5.199152151205651586e-03 1.962507144185073743e-02 -3.211375374989822867e-02 9.994728901955660660e-01 -4.759052869310330044e-03 5.466684056703509320e+00 -5.349360038138395272e-03 4.589565827684055285e-03 9.999751598078302495e-01 1.468388047312091382e-01
9.993467263196971206e-01 3.570649286092038993e-02 5.582737829902199855e-03 2.449879322199340417e-02 -3.568031369744462805e-02 9.993521054717301455e-01 -4.720646531134266993e-03 5.655568202872651717e+00 -5.747678536272315605e-03 4.518368819939961450e-03 9.999732739101834245e-01 1.552580524646136051e-01
9.992041925866068652e-01 3.967051602331495008e-02 4.151105369775542203e-03 8.859576325542507097e-03 -3.965133212993623979e-02 9.992029609264325707e-01 -4.605945741264881252e-03 5.857776720195864151e+00 -4.330517020928703956e-03 4.437683437774963408e-03 9.999807766092494443e-01 1.505941457491910551e-01
9.990954485634246929e-01 4.250162065901201547e-02 1.377280366034011085e-03 8.774738660777587837e-03 -4.249457798320104007e-02 9.990852022540361865e-01 -4.792648437059841490e-03 6.053271339146334640e+00 -1.579715758883526965e-03 4.729786292111935048e-03 9.999875667325829331e-01 1.585127982979188943e-01
9.990432955252700475e-01 4.373178407122387673e-02 1.572512507786232255e-04 1.476904056016523428e-02 -4.373062450050153177e-02 9.990330917186023285e-01 -4.529252914857687974e-03 6.252577194389868254e+00 -3.551715137185030039e-04 4.518043062926825441e-03 9.999897305173075512e-01 1.677335314774603958e-01
9.989200870998031778e-01 4.645256359457364259e-02 9.049442047990919388e-04 2.546541345051435423e-02 -4.644839303515298223e-02 9.989119255359165672e-01 -4.184711050891070684e-03 6.447187882380932322e+00 -1.098350114334862215e-03 4.138158723344225083e-03 9.999908345927009945e-01 1.715047245724882763e-01
9.987042713176317310e-01 5.087167106746388889e-02 1.360711108912676312e-03 4.479315440400829379e-02 -5.086478841740285639e-02 9.986945459642909695e-01 -4.687980421409089493e-03 6.634057948563188312e+00 -1.597420161072746290e-03 4.612693788062635289e-03 9.999880855814465841e-01 1.761307306527623295e-01
9.986296713693652016e-01 5.223479655770862234e-02 3.210216392773502202e-03 6.709598940739049111e-02 -5.221919974897242661e-02 9.986242827148601453e-01 -4.764152580266430188e-03 6.827108535612916640e+00 -3.454654583393023705e-03 4.589989194533313117e-03 9.999834985443026847e-01 1.819699834233339530e-01
9.985088801488294363e-01 5.451743216686995991e-02 2.804612961069116814e-03 8.597162419793541455e-02 -5.450412374272860933e-02 9.985028529105151041e-01 -4.620954944540545638e-03 7.038303949168769336e+00 -3.052336640672472217e-03 4.461201575010805172e-03 9.999853903540486533e-01 1.886978268485088595e-01
9.983869607746683750e-01 5.673530833560375825e-02 2.140407247415212870e-03 8.394529923741471389e-02 -5.672512720039413897e-02 9.983794644749721670e-01 -4.550259197768913300e-03 7.243009536233476098e+00 -2.395099000025086196e-03 4.421504577827212873e-03 9.999873568190991158e-01 1.937727994733313697e-01
9.983298209167864590e-01 5.775010723305001870e-02 1.579171563913399573e-03 9.307159322244792921e-02 -5.774231390683083609e-02 9.983209172939702114e-01 -4.601225707441384573e-03 7.440094454187804018e+00 -1.842241282258784809e-03 4.502355816351443461e-03 9.999881673995751896e-01 2.060703651078836240e-01
9.982653963767496030e-01 5.886022315927897514e-02 1.293261926617264666e-03 9.435911669397617496e-02 -5.885291331644714602e-02 9.982536072901077029e-01 -5.105891347664995306e-03 7.641150533245742338e+00 -1.591537287567232253e-03 5.020922417970745399e-03 9.999861285773593567e-01 2.144512656015237773e-01
9.982202709920104944e-01 5.959817867969460781e-02 2.085108798217856409e-03 1.260093943244623704e-01 -5.958624068897422354e-02 9.982086474940427001e-01 -5.382934949405126374e-03 7.844759676947647087e+00 -2.402186752282795251e-03 5.249110989214243045e-03 9.999833380275043870e-01 2.118886884175992802e-01
9.981344480911584771e-01 6.097556600569122714e-02 3.099013398511533523e-03 1.492172466310334178e-01 -6.095935454907746437e-02 9.981273163597145226e-01 -5.081085466134944821e-03 8.060994455903228939e+00 -3.403031989039984832e-03 4.882692580932402986e-03 9.999822891863844321e-01 2.324649503255311334e-01
9.980776804039653838e-01 6.166381875229744181e-02 6.206233666551079324e-03 1.870330583183970607e-01 -6.163342500906307531e-02 9.980864540615861369e-01 -4.975051800883339981e-03 8.277320326972644082e+00 -6.501138445858564534e-03 4.582976724039115879e-03 9.999683652612489926e-01 2.285924061789991468e-01
9.979655013929255025e-01 6.349280741345326995e-02 5.789769971677310827e-03 2.045354204467695891e-01 -6.345978235632231124e-02 9.979680049598342872e-01 -5.719886342950726392e-03 8.477924254644317870e+00 -6.141176829810974201e-03 5.340831699857555466e-03 9.999668801834882270e-01 2.332544564795207276e-01
9.978992549290512937e-01 6.451243358291904040e-02 5.934890500578168283e-03 1.924179580921511756e-01 -6.447625690501625206e-02 9.979006124136642342e-01 -6.097543763853324750e-03 8.691375997040102774e+00 -6.315798252219523116e-03 5.702074854228097664e-03 9.999637978620996570e-01 2.139724288921079631e-01
9.979329772710958668e-01 6.398342331780602910e-02 5.991194820814096413e-03 1.838010422070776306e-01 -6.394748815321606161e-02 9.979351732791269525e-01 -6.009050778047139024e-03 8.900138077714567331e+00 -6.363303681328104887e-03 5.613508073682157290e-03 9.999639977986036765e-01 2.272534211340602461e-01
9.980070426391208782e-01 6.294453832827402728e-02 4.464071835935550826e-03 1.992801545790847673e-01 -6.291865527657057588e-02 9.980022710634587346e-01 -5.719245611677290821e-03 9.119274853273232395e+00 -4.815149105067137621e-03 5.426974002061746814e-03 9.999736807997883226e-01 2.374164264721174422e-01
9.980782882222691832e-01 6.187089765814384607e-02 3.423828599751300994e-03 2.047650501752754926e-01 -6.185354008329407155e-02 9.980728996244826456e-01 -4.962520966384853863e-03 9.328353870827880812e+00 -3.724266165208603256e-03 4.741208511863470240e-03 9.999818252265276763e-01 2.545646508288297860e-01
9.981322959074765411e-01 6.106350241100544363e-02 1.780039261060014722e-03 2.179673391190628529e-01 -6.105539495615343315e-02 9.981251172837255492e-01 -4.299883032983494412e-03 9.553188663200804953e+00 -2.039267814166792134e-03 4.183171123723939365e-03 9.999891711744340883e-01 2.637024013795658539e-01
9.981483292995557699e-01 6.079819739799602329e-02 1.868665208107006277e-03 2.186408573816667478e-01 -6.079041896258891020e-02 9.981426560840950257e-01 -3.970273005847880197e-03 9.738735534211453881e+00 -2.106579896085339961e-03 3.849324426748548279e-03 9.999903724649548131e-01 2.743985799857706631e-01
9.981494655159525164e-01 6.076402285068834008e-02 2.319055242824334846e-03 2.548750164690123943e-01 -6.075261639972497074e-02 9.981417534413945525e-01 -4.707402418130518344e-03 9.943567555419468462e+00 -2.600786574502808937e-03 4.557802534048401542e-03 9.999862310778356855e-01 2.753071168470743180e-01
9.981967796880596433e-01 5.987915933350070052e-02 4.204200030993684133e-03 2.831677206628436805e-01 -5.985648750461060319e-02 9.981927841382568500e-01 -5.326030222016110184e-03 1.012987864954158468e+01 -4.515520346290873878e-03 5.064777569515705770e-03 9.999769787870986804e-01 2.709508547319858796e-01
9.982276275643082730e-01 5.928924518223126217e-02 5.137019861150626983e-03 3.019178699645410635e-01 -5.926240812258974644e-02 9.982287491864730855e-01 -5.227932777013937805e-03 1.031981393616460529e+01 -5.437881098755062599e-03 4.914234765518951144e-03 9.999731395121697064e-01 2.869878139504069003e-01
9.982732688094526630e-01 5.836667171157827044e-02 6.619094636206410316e-03 3.125100518753829437e-01 -5.833210312216072918e-02 9.982831600847547060e-01 -5.300758110093275674e-03 1.051960435909618674e+01 -6.917118318766484440e-03 4.905499414836497415e-03 9.999640441284152192e-01 2.891540667519805208e-01
9.982725596254713452e-01 5.840526845927589833e-02 6.381325490029496339e-03 3.230922858390550823e-01 -5.837264910452106409e-02 9.982814041917463799e-01 -5.183809552393629262e-03 1.071651300477092761e+01 -6.673120359340539362e-03 4.802359956827729863e-03 9.999662028306330885e-01 2.878310891047423103e-01
9.982680375314051391e-01 5.851053880942781726e-02 6.118994315039956791e-03 3.350667634824948671e-01 -5.847810330326826123e-02 9.982743452267743844e-01 -5.351924523681546135e-03 1.091476918485336789e+01 -6.421579030840864760e-03 4.984828009604759004e-03 9.999669568603081204e-01 2.991078243409791559e-01
9.982487294263618915e-01 5.859516215931777350e-02 8.129032548675514322e-03 3.504213086074072780e-01 -5.855621815993448942e-02 9.982718452842846979e-01 -4.948962266505283446e-03 1.111375371337856777e+01 -8.404969569268538540e-03 4.464289891168455628e-03 9.999547122756646811e-01 3.000902468023641800e-01
9.981893273285568080e-01 5.942965588791184611e-02 9.283469631962287111e-03 3.684649283682632226e-01 -5.938037884993766641e-02 9.982202949160178251e-01 -5.496674032194612432e-03 1.130083576902262443e+01 -9.593613240122637886e-03 4.935465410952875019e-03 9.999418001894790908e-01 3.035547407740994408e-01
9.981299041425899521e-01 6.052960662343553899e-02 8.535875954840429006e-03 3.868076133222813073e-01 -6.047275317355260693e-02 9.981468991758594145e-01 -6.768588422072409003e-03 1.149425751124232775e+01 -8.929758110657734158e-03 6.239742593166648990e-03 9.999406607556551307e-01 2.925859716565373247e-01
9.980507145041390693e-01 6.201348085085318929e-02 7.007101436286071461e-03 3.864801020219816308e-01 -6.195993945284886117e-02 9.980495786030054717e-01 -7.616072042887724394e-03 1.169079295259100704e+01 -7.465733773504163936e-03 7.167066563386836897e-03 9.999464465540638392e-01 3.091811884357901774e-01
9.979387185353291168e-01 6.364263380472207077e-02 8.241917887440190424e-03 3.947843118704532084e-01 -6.358249301648805085e-02 9.979494130469707125e-01 -7.364481041794409058e-03 1.190358737216968166e+01 -8.693712088257006879e-03 6.825259087005403069e-03 9.999389157386173732e-01 3.061953533954678841e-01
9.977985660022813397e-01 6.605428470220826853e-02 5.903656178225528267e-03 3.947793310331946803e-01 -6.601016430051374895e-02 9.977916608070779292e-01 -7.379690567520930805e-03 1.210583770327474618e+01 -6.378079084666844756e-03 6.973743351514535491e-03 9.999553425082826630e-01 3.266782623815712716e-01
9.977546332131065343e-01 6.671766872875256604e-02 5.868950602936958555e-03 4.046443649517811880e-01 -6.667160944033184711e-02 9.977450922470303407e-01 -7.721877466059428284e-03 1.230105172843376238e+01 -6.370902323465172518e-03 7.313246636441064590e-03 9.999529629073656833e-01 3.271470937576028137e-01
9.977311340604593237e-01 6.695155493692767079e-02 7.076257341082813762e-03 4.578845280243971083e-01 -6.690009325512250027e-02 9.977331561136513205e-01 -7.275074841417719651e-03 1.252659701619301913e+01 -7.547294143306388856e-03 6.785166395886733579e-03 9.999484986078506221e-01 3.348216129208281266e-01
9.974285857593182536e-01 7.056816814491319312e-02 1.250399755428380222e-02 5.225235269584213027e-01 -7.050755988339986458e-02 9.974975660973912639e-01 -5.223947651847337878e-03 1.275781763736775076e+01 -1.284135154316161376e-02 4.328888362122251809e-03 9.999081759922223700e-01 3.497780977599939112e-01
9.971379022682747006e-01 7.318054577725484344e-02 1.898977566396645167e-02 5.457007160356152076e-01 -7.312836038694135732e-02 9.973166421610989429e-01 -3.429019630750458538e-03 1.296780871177114669e+01 -1.918975682863881260e-02 2.030514283021538687e-03 9.998137977866699000e-01 3.627346524243639236e-01
9.970580794480200515e-01 7.409183257052560923e-02 1.963635795576616425e-02 5.491369780202309814e-01 -7.401947586946215629e-02 9.972471449657835940e-01 -4.387373884636548878e-03 1.316767829726622452e+01 -1.990737048019874597e-02 2.920993655365161212e-03 9.997975617076836352e-01 3.519473183480543166e-01
9.969709800508494979e-01 7.645701931807469265e-02 1.425444258623363193e-02 5.432994251412925912e-01 -7.636618161100874880e-02 9.970565671781026484e-01 -6.812352983530001183e-03 1.338338725991385125e+01 -1.473333779573075646e-02 5.703160879138219341e-03 9.998751935683690695e-01 3.465105210826389115e-01
9.968028429605910734e-01 7.897626435736787576e-02 1.211783536108408665e-02 5.439454584981283647e-01 -7.888810451789488032e-02 9.968545887057828070e-01 -7.589199022178336022e-03 1.359931963623689910e+01 -1.267908637311410125e-02 6.608982098605259599e-03 9.998977758372920022e-01 3.487284044502759195e-01
9.966026467579874870e-01 8.158618412056713176e-02 1.126317165006746057e-02 5.657187106148180433e-01 -8.150574777764856005e-02 9.966452095917758269e-01 -7.425582601490516264e-03 1.383011141908503383e+01 -1.183121101917731718e-02 6.482342046678750587e-03 9.999089967029047843e-01 3.422277552425314062e-01
9.964097161361084032e-01 8.394293636410782300e-02 1.101185834140723692e-02 5.962786323107398534e-01 -8.388151376762659206e-02 9.964581102134190127e-01 -5.926739234456379103e-03 1.406079871514456059e+01 -1.147036344722116193e-02 4.981769211145512140e-03 9.999218033115967463e-01 3.718894971169903751e-01
9.962636176913237662e-01 8.519841381996060004e-02 1.414334992703996860e-02 6.244139360379832304e-01 -8.515004982045651372e-02 9.963601569092893628e-01 -3.988325371643799098e-03 1.427761080089579515e+01 -1.443166934799048479e-02 2.769116512368340749e-03 9.998920236273370898e-01 3.996258188711084847e-01
9.961299606268478879e-01 8.631339695373423104e-02 1.658611008831228223e-02 6.488857094535870340e-01 -8.625370857618806786e-02 9.962640009467114144e-01 -4.282309482629500369e-03 1.450047366407078187e+01 -1.689376507497755003e-02 2.835123270353841034e-03 9.998532706240618184e-01 4.177660623355561320e-01
9.960099174212618811e-01 8.768648047277455282e-02 1.659293647275406416e-02 6.780259876860125212e-01 -8.758488386186052965e-02 9.961341566552961435e-01 -6.755002853165556834e-03 1.470547763801471497e+01 -1.712111320549941293e-02 5.274759420068419677e-03 9.998395093192031791e-01 4.068611768330515077e-01
9.960012269602031010e-01 8.782831610139096856e-02 1.636284769115967097e-02 6.934924624952804040e-01 -8.771867652723175368e-02 9.961185150242514164e-01 -7.303274210312879315e-03 1.493009428486382895e+01 -1.694076981960446898e-02 5.838742730613240110e-03 9.998394468119593537e-01 3.878022721676151474e-01
9.960895401952394312e-01 8.685220886000183382e-02 1.619634927306741468e-02 7.221362052531888898e-01 -8.671705394540574208e-02 9.961934965868507463e-01 -8.869606140848057541e-03 1.515882551488635777e+01 -1.690504269932981835e-02 7.430422208918993111e-03 9.998294896416743960e-01 3.911709637725024891e-01
9.961026396420336049e-01 8.662424564602419497e-02 1.660636517815660546e-02 7.558788115689096809e-01 -8.640896234075412519e-02 9.961713463207446662e-01 -1.327177443709788400e-02 1.539203262365070657e+01 -1.769244260601599006e-02 1.178511076623072092e-02 9.997740187856756222e-01 3.696473156090163137e-01
9.960918396478443126e-01 8.700011847883086513e-02 1.523241187870765304e-02 7.572490327529223242e-01 -8.678104163464674115e-02 9.961219120468300936e-01 -1.449783269916688627e-02 1.561781940553114900e+01 -1.643465240821690224e-02 1.311928827477759976e-02 9.997788687881857816e-01 3.806763650917929787e-01
9.962178121708999967e-01 8.587591569511966727e-02 1.324378408726717936e-02 7.630271932164418569e-01 -8.570928340475285345e-02 9.962395568445262528e-01 -1.267533496463438270e-02 1.585562934906930543e+01 -1.428248758687398860e-02 1.149227922331443746e-02 9.998319549137165696e-01 4.034087316156921288e-01
9.964300927716415179e-01 8.427573356965747942e-02 4.966986047295580270e-03 7.488830642302461982e-01 -8.422833362020815118e-02 9.964050693794510583e-01 -9.084356361032077526e-03 1.608330242706272273e+01 -5.714720873396479661e-03 8.633565093715312583e-03 9.999464003230932319e-01 4.158610312361291639e-01
9.964396237332254769e-01 8.429580356091950777e-02 1.514515238266930623e-03 7.534949251369614798e-01 -8.427881219975011384e-02 9.964012002119445599e-01 -9.040466270918487771e-03 1.632045841880941950e+01 -2.271138170020912516e-03 8.880637264027374869e-03 9.999579872240620393e-01 4.366247647008184574e-01
9.965302702940150859e-01 8.322325340456369902e-02 1.144762201071813403e-03 7.870040940288531850e-01 -8.320148588197982809e-02 9.964481878871271903e-01 -1.298158709446110837e-02 1.655508192107178544e+01 -2.221066133175437964e-03 1.284129857997792432e-02 9.999150803523326747e-01 4.363629262675995379e-01
9.966535373984847235e-01 8.123751381984563313e-02 9.066021148090989620e-03 8.372394775109486265e-01 -8.110408743598683523e-02 9.966041202989754932e-01 -1.422513283878519726e-02 1.678257515247535281e+01 -1.019084845648507952e-02 1.344223759184733948e-02 9.998577163058057771e-01 4.370159949895477958e-01
9.966737079576661884e-01 8.044419688433637750e-02 1.304802872279263969e-02 8.649603424523242268e-01 -8.026504501615885911e-02 9.966791542222321887e-01 -1.371809343202796613e-02 1.703067621552105848e+01 -1.410823924062413852e-02 1.262516243420193710e-02 9.998207653669928252e-01 4.393072837683630327e-01
9.967059915649412183e-01 8.012458101342344319e-02 1.253865606716728087e-02 8.795846485639624568e-01 -7.998011861291522140e-02 9.967286330964703067e-01 -1.162809495600134260e-02 1.727027978132245067e+01 -1.342933375902831752e-02 1.058694871363402221e-02 9.998537740648496541e-01 4.772609037884676386e-01
9.967769361161168407e-01 7.918871451979098142e-02 1.284083796603108056e-02 9.019782865208259004e-01 -7.903696557108749743e-02 9.968003681623684997e-01 -1.192409764641584081e-02 1.749977323736118606e+01 -1.374400597648123799e-02 1.087076464971867100e-02 9.998464525994222862e-01 4.716359006750289184e-01
9.967584860571259142e-01 7.983640933822457042e-02 9.933187659853619234e-03 8.876691813591670588e-01 -7.971877549827495468e-02 9.967484522192061602e-01 -1.172347353272296805e-02 1.775236706378848694e+01 -1.083684945738632582e-02 1.089361017276962648e-02 9.998819390064217494e-01 4.730564490425717694e-01
9.968327474934418619e-01 7.952410451834271421e-02 -6.247601393641420003e-04 9.221783685471740544e-01 -7.952655433642080718e-02 9.967993567606729943e-01 -8.159014455484217207e-03 1.798395497405731902e+01 -2.607781327671057159e-05 8.182857817669411324e-03 9.999665195184703759e-01 4.884009315734482159e-01
9.967780422888468106e-01 8.020873547798246239e-02 -3.052275165294129206e-04 9.283631578487104852e-01 -8.020905268353575868e-02 9.967577947860266629e-01 -6.356602937642146477e-03 1.821973548597278025e+01 -2.056171772800319698e-04 6.360604241744244151e-03 9.999797500125972016e-01 4.909627826404400763e-01
9.966807638163889260e-01 8.140002836466900260e-02 -1.220827838214083496e-03 9.458585400699670576e-01 -8.140596552555243171e-02 9.966626245019021280e-01 -6.056541738732569395e-03 1.844817609922210266e+01 7.237508079747993718e-04 6.135821315156108312e-03 9.999809137586359586e-01 4.983823080022692364e-01
9.965508883895792813e-01 8.297026213486403956e-02 -1.504144677974134960e-03 9.623398203347498514e-01 -8.297787997097373636e-02 9.965331838477207160e-01 -6.023697024878811417e-03 1.867742406924862664e+01 9.991423637339736687e-04 6.127731358080561706e-03 9.999807261257289692e-01 5.041867403818219850e-01
9.964902406612899943e-01 8.361581431336551073e-02 -3.949159849538317127e-03 9.389535545654756898e-01 -8.363838371790632831e-02 9.964784393650208960e-01 -5.944800224456136054e-03 1.887934774482743805e+01 3.438173331972764913e-03 6.254236753210620434e-03 9.999745314190627843e-01 5.069887185958803499e-01
9.966136522396078501e-01 8.205198048537587496e-02 -5.357300444959591477e-03 9.701899775157160066e-01 -8.207871339390096499e-02 9.966134247730478180e-01 -4.976582134197174434e-03 1.911328786352786935e+01 4.930819123830335222e-03 5.399450024219484140e-03 9.999732661237519249e-01 5.312106475281467288e-01
9.965267239953875533e-01 8.315187154653994051e-02 -4.500513451631963854e-03 9.874417614093109474e-01 -8.316705207816163514e-02 9.965301630630718499e-01 -3.297810503325958147e-03 1.934545303027695340e+01 4.210678288464959201e-03 3.660650733847340202e-03 9.999844347911400755e-01 5.307544696874643142e-01
9.964090225276538426e-01 8.447640590969297814e-02 -5.726837702109482779e-03 1.001594554903758372e+00 -8.449217574415006371e-02 9.964208294120281417e-01 -2.569620957555166993e-03 1.955951827589793623e+01 5.489268029999519634e-03 3.044266484168976945e-03 9.999802999949889415e-01 5.211093286358715604e-01
9.965294112113339819e-01 8.309396206172445232e-02 -4.952379193544083347e-03 1.029104021758389331e+00 -8.310708772745353801e-02 9.965374715760796365e-01 -2.505935796385352129e-03 1.976923633925560253e+01 4.727003305826442750e-03 2.908816535802784351e-03 9.999845969944275437e-01 5.230326304129656600e-01
9.965818056560410421e-01 8.241659339475986001e-02 -5.675365058546285799e-03 1.057299167993177802e+00 -8.243054536814957423e-02 9.965942275275945228e-01 -2.269548189993164568e-03 1.999188753876854108e+01 5.468987626094556215e-03 2.729613870146097628e-03 9.999813195167525093e-01 5.436917000397263333e-01
9.964539599158634964e-01 8.378649750307369526e-02 -7.702506355863223894e-03 1.065989694518594932e+00 -8.379210304115257413e-02 9.964831747243531046e-01 -4.073809215638642209e-04 2.022311371470403074e+01 7.641284966257683164e-03 1.051345538732110325e-03 9.999702522758477929e-01 5.732608037143160917e-01
9.962432205949262043e-01 8.481198992795993541e-02 -1.750347917154852773e-02 1.063676837455152846e+00 -8.480566727439250996e-02 9.963968982668143237e-01 1.104500980837335193e-03 2.042161469162718745e+01 1.753408728147094059e-02 3.840426164669621337e-04 9.998461923188358691e-01 5.659229142591964967e-01
9.961729339208388323e-01 8.394483848872594245e-02 -2.434645384136524537e-02 1.074260784663981116e+00 -8.392028152066552393e-02 9.964704028073797515e-01 2.030437979967528520e-03 2.064627797570827283e+01 2.443096545452625584e-02 2.049390074870490776e-05 9.997015192080883628e-01 5.647898031097843274e-01
9.962787147503364693e-01 8.255825566308611085e-02 -2.475594791734533201e-02 1.095755950273503698e+00 -8.248474668898650441e-02 9.965843890932554183e-01 3.977685165588990338e-03 2.085837083864018737e+01 2.499978198048000838e-02 -1.920894971446506384e-03 9.996856111115319798e-01 5.858782196657883468e-01
9.962572069610239334e-01 8.345326633388390480e-02 -2.251954520911326335e-02 1.120327875843914356e+00 -8.331508503756050732e-02 9.964986144787123523e-01 7.007706271714609844e-03 2.106803552803176061e+01 2.302551157745511695e-02 -5.105260053357188813e-03 9.997218423823619471e-01 5.864454386437025768e-01
9.965487489355275841e-01 8.232700891916450159e-02 -1.062330445099599410e-02 1.138143798724328359e+00 -8.221635153361786519e-02 9.965595661183785925e-01 1.046435465996793136e-02 2.127990429059694932e+01 1.144825469385248734e-02 -9.554830211616965538e-03 9.998888151610116903e-01 5.875263606813606598e-01
9.968184744077083215e-01 7.935803394857492143e-02 -7.431791661887510170e-03 1.170883283942251385e+00 -7.927222681791219749e-02 9.967900242770177943e-01 1.120542534452285618e-02 2.148964580886466536e+01 8.297176315973455590e-03 -1.058064032273212801e-02 9.999095993716344832e-01 5.803517844529562097e-01
9.970543964884948096e-01 7.614612318798924528e-02 -9.181414183174078925e-03 1.178619407928906515e+00 -7.603671239211196031e-02 9.970360303733234453e-01 1.172913065851843156e-02 2.170384616648030374e+01 1.004732857841677748e-02 -1.099645674046493063e-02 9.998890584097779310e-01 5.931218805889876267e-01
9.972430122308977296e-01 7.254575344620663169e-02 -1.560410886810864595e-02 1.164185391145669213e+00 -7.237394103689685776e-02 9.973134633250346770e-01 1.130789677228010923e-02 2.190517596231390485e+01 1.638252774859130789e-02 -1.014739018403084878e-02 9.998143043870795221e-01 5.946669868133442893e-01
9.973755594117017509e-01 6.943261949494154706e-02 -2.052083912187075906e-02 1.179136952075698241e+00 -6.919315321290149534e-02 9.975291856454893136e-01 1.215859095055435088e-02 2.211572310874757008e+01 2.131433875706631800e-02 -1.070677988555029242e-02 9.997154914413557414e-01 5.903356544228068881e-01
9.975340974132400618e-01 6.743246694444759992e-02 -1.945730967370357806e-02 1.201426683888463742e+00 -6.718172440301564685e-02 9.976525647296200505e-01 1.326559439484408312e-02 2.231997925743675992e+01 2.030616665423759515e-02 -1.192570711518804727e-02 9.997226800996429352e-01 6.138723173177423886e-01
9.977525177168916626e-01 6.454764225503423214e-02 -1.798653020790878798e-02 1.215665289785476055e+00 -6.429341831085036429e-02 9.978275467151179745e-01 1.437161711134213142e-02 2.252412569474060078e+01 1.887510931120423008e-02 -1.318290164588694670e-02 9.997349355467602949e-01 6.130793685431260576e-01
9.980346568955381636e-01 6.105174767266607905e-02 -1.412472093595271844e-02 1.223905285691929468e+00 -6.079437043798131823e-02 9.979882612684269905e-01 1.798540779274472937e-02 2.275094153242873318e+01 1.519434626612585493e-02 -1.709135677864490402e-02 9.997384744847075400e-01 5.992003031772651367e-01
9.979709170780476368e-01 5.847207861323236444e-02 -2.520048985731238381e-02 1.222870757925600405e+00 -5.794776604720505708e-02 9.980975161097032089e-01 2.105717801081382831e-02 2.295138824152509471e+01 2.638380329935239091e-02 -1.955413916000107652e-02 9.994606198170953304e-01 5.850284235567503321e-01
9.979029060111079819e-01 5.601577092117597523e-02 -3.243491302118938630e-02 1.215849134434714429e+00 -5.515095241906284307e-02 9.981136817050313415e-01 2.697129660393823500e-02 2.317990289698862583e+01 3.388454842337509237e-02 -2.512591891520943657e-02 9.991098666196878142e-01 6.084351522794549938e-01
9.978483336749857102e-01 5.245489845027219433e-02 -3.933429306122069452e-02 1.195082080746260988e+00 -5.132542992365918266e-02 9.982551443379868994e-01 2.919532575424666279e-02 2.337000893186237960e+01 4.079709824492316200e-02 -2.711365765286307197e-02 9.987995025747046229e-01 6.018908787672785365e-01
9.982470721707574768e-01 4.710940366318693701e-02 -3.582578664885730652e-02 1.202953898102058661e+00 -4.616864479616054201e-02 9.985781438492794537e-01 2.664858090431279636e-02 2.356629658386700399e+01 3.703024628862858908e-02 -2.494783984690168016e-02 9.990026857555373008e-01 6.046003763035942002e-01
9.985072582132786811e-01 4.419897319427414095e-02 -3.208903339106019409e-02 1.221852110850593087e+00 -4.357831010065003896e-02 9.988539748945167718e-01 1.979059691357824488e-02 2.376409159632727963e+01 3.292698261566528312e-02 -1.836266881463545150e-02 9.992890603873494371e-01 6.112244196000704566e-01
9.986396941799801086e-01 4.152957449514286387e-02 -3.152864808976358485e-02 1.241487696867714874e+00 -4.090830847838129031e-02 9.989606934670484106e-01 2.010082598480159369e-02 2.398762447192212832e+01 3.233065890997848663e-02 -1.878369905226488432e-02 9.993007060661773799e-01 5.941354961604469187e-01
9.987677413393726278e-01 3.761422380651169989e-02 -3.237543864230697094e-02 1.244166796800762809e+00 -3.684805196022448298e-02 9.990339540911329363e-01 2.394534693364477190e-02 2.418413852655891816e+01 3.324484812094547631e-02 -2.272286822717727028e-02 9.991888967222092299e-01 6.083608486524942904e-01
9.988365728610244521e-01 3.426885555355602131e-02 -3.392854630385717246e-02 1.248536669511997932e+00 -3.334263265044840052e-02 9.990656061134665089e-01 2.749879141106116240e-02 2.439939019994299585e+01 3.483919578837490344e-02 -2.633553151507126919e-02 9.990458799357705422e-01 5.891375879824166661e-01
9.987562241219878345e-01 3.040951372878779660e-02 -3.951286186000928236e-02 1.233962429853707521e+00 -2.930938667658245303e-02 9.991745038397666923e-01 2.812953482016061768e-02 2.458448914388992534e+01 4.033564961956209727e-02 -2.693645023633819968e-02 9.988230388904899559e-01 6.167949980345036609e-01
9.989526882317691925e-01 2.722698468633042920e-02 -3.677251663147510646e-02 1.249745107092467222e+00 -2.628297494749148519e-02 9.993185606819783295e-01 2.591562278643267520e-02 2.478716968457527514e+01 3.745306265756272873e-02 -2.492198991632613853e-02 9.989875687495711754e-01 6.406569784947537816e-01
9.995214232997412518e-01 2.413526852313294807e-02 -1.934975912448726881e-02 1.286255141944177893e+00 -2.373619064676216889e-02 9.995060886027411495e-01 2.059543880644044284e-02 2.497943181826462933e+01 1.983727850386666353e-02 -2.012629273774831778e-02 9.996006276119451250e-01 6.265753695000640944e-01
9.997224774194041208e-01 2.266961831317626172e-02 -6.407538368501505301e-03 1.321564619142396202e+00 -2.259074695535709040e-02 9.996712724016738605e-01 1.212457367569615661e-02 2.516006519381413398e+01 6.680291491240462030e-03 -1.197645775483149357e-02 9.999059646612968866e-01 6.256445317292353980e-01
9.997934293653998328e-01 2.032151793147128280e-02 3.667515973524718077e-04 1.339576239398467150e+00 -2.032427618951071838e-02 9.997364111799327269e-01 1.067857473827230584e-02 2.534226214178704240e+01 -1.496500777053109683e-04 -1.068382281906953175e-02 9.999429151380717640e-01 6.194253360829947708e-01
9.997916217471428668e-01 1.800931129850709758e-02 -9.611336575704645252e-03 1.334724044480390281e+00 -1.790969315646877627e-02 9.997860167230383510e-01 1.035198802750328384e-02 2.554434966273712959e+01 9.795712085353919935e-03 -1.017769480943010035e-02 9.999002242989581957e-01 5.962418515383279827e-01
9.996702113231804576e-01 1.645880566363098693e-02 -1.971233900871408040e-02 1.317917288976472090e+00 -1.627020060812857036e-02 9.998206728595202541e-01 9.690340288524159837e-03 2.575426717635996710e+01 1.986829547895075515e-02 -9.366420813895258782e-03 9.997587313926786790e-01 5.988985550621611642e-01
9.994988732408446319e-01 1.644034741933755525e-02 -2.705027480476682872e-02 1.284622573986991645e+00 -1.620394926301681540e-02 9.998287811761834565e-01 8.935343307845573790e-03 2.594213605847872373e+01 2.719254343682287606e-02 -8.492544287724668184e-03 9.995941387748117357e-01 6.005490715863168738e-01
9.994346234597133449e-01 1.658675882314226274e-02 -2.924573236702844234e-02 1.283115631541015489e+00 -1.635566828537542844e-02 9.998332382196777335e-01 8.123291579896024794e-03 2.613583302500989092e+01 2.937559437491788286e-02 -7.640365364048859291e-03 9.995392434878302979e-01 6.135391638183221863e-01
9.994733732103476820e-01 1.748164290887800273e-02 -2.733803951887277608e-02 1.305278015745364062e+00 -1.725722457722561262e-02 9.998155991622542649e-01 8.423530834142531343e-03 2.634437684400591806e+01 2.748025551955756915e-02 -7.947316089663553768e-03 9.995907541206805469e-01 6.246640880165594822e-01
9.994602088639225057e-01 1.912964409122627774e-02 -2.670856818752061906e-02 1.307593819456975170e+00 -1.889395663504739309e-02 9.997805421534236014e-01 9.049084709483198527e-03 2.655047761630115133e+01 2.687581255250481860e-02 -8.539569564648184438e-03 9.996023041446499002e-01 6.213903085552867633e-01
9.994577786227648586e-01 2.053681295409797922e-02 -2.573690082618246971e-02 1.301994070878650156e+00 -2.033055063063613291e-02 9.997592700509750907e-01 8.250494421346380239e-03 2.672941572014977041e+01 2.590014404406854043e-02 -7.722775461576002545e-03 9.996347039182196248e-01 6.150746568351515009e-01
9.994339605357609457e-01 1.924182600667603132e-02 -2.759548259646643978e-02 1.300988511652230395e+00 -1.906232253198501814e-02 9.997954900296296410e-01 6.753219683918031992e-03 2.693614493521681652e+01 2.771978332328109071e-02 -6.223363105386635168e-03 9.995963602195482300e-01 5.987491107639495436e-01
9.993506765278611370e-01 2.001241632245593510e-02 -2.996211801997521185e-02 1.292327925439129110e+00 -1.989941973354603100e-02 9.997937240200561737e-01 4.064788355605652298e-03 2.712348634163329564e+01 3.003728379155450046e-02 -3.465920230531550818e-03 9.995427699600358817e-01 5.775579761049272065e-01
9.992091907473001910e-01 2.301838349847510484e-02 -3.242139952627722671e-02 1.300830448182921817e+00 -2.294036981248790547e-02 9.997329803812302629e-01 2.776215216615243384e-03 2.730590492561525906e+01 3.247664636306609592e-02 -2.030260864963238064e-03 9.994704325200564066e-01 6.006958983349891534e-01
9.993469065471536350e-01 2.186670083868475639e-02 -2.876817284893087162e-02 1.317040540739156773e+00 -2.174351840781987150e-02 9.997530551804305610e-01 4.587816980201061580e-03 2.750285097147019187e+01 2.886138911908604082e-02 -3.959299411068363701e-03 9.995755820178333639e-01 6.381760565808537455e-01
9.996164317065242555e-01 2.009907493792059685e-02 -1.905299580001770451e-02 1.368924669286269991e+00 -1.992774562980604430e-02 9.997596449128687279e-01 9.139877340993788138e-03 2.771882084245044808e+01 1.923211939515211480e-02 -8.756688320051010319e-03 9.997766980647408985e-01 6.738736990659955906e-01
9.997209400954240044e-01 2.251629618833796836e-02 -7.145511925729458591e-03 1.375048014302899801e+00 -2.242039284938637106e-02 9.996611000801746139e-01 1.322917121267848557e-02 2.791207876482425476e+01 7.440962249661620120e-03 -1.306527429693742602e-02 9.998869589550335446e-01 6.304832617529170236e-01
9.996281236633333123e-01 2.564434094922244528e-02 -9.272656501970670540e-03 1.366364510925522913e+00 -2.553219480343747738e-02 9.996017711958040675e-01 1.201690687035011570e-02 2.808153590954379197e+01 9.577129519998481971e-03 -1.177568679489143094e-02 9.998847992597276191e-01 6.138139284292422060e-01
9.995113803365380800e-01 2.517454432156326569e-02 -1.852681559119176424e-02 1.369412263619013359e+00 -2.503457530097646586e-02 9.996565562760991730e-01 7.748518162194336333e-03 2.827213313826860386e+01 1.871551808655370214e-02 -7.280921123852601880e-03 9.997983384514800287e-01 6.342179024479863703e-01
9.994571497123215797e-01 2.518354292861954905e-02 -2.124135246363297036e-02 1.355141954816551975e+00 -2.504736602525557340e-02 9.996641281479475838e-01 6.652845210945813013e-03 2.844901375507816965e+01 2.140176030420822689e-02 -6.117193781981091795e-03 9.997522416059465566e-01 6.174089308512573648e-01
9.992569558655418627e-01 2.787248223923741511e-02 -2.662068534342821452e-02 1.359621554601263993e+00 -2.770998087034460058e-02 9.995951700629195358e-01 6.453909439100745209e-03 2.863748891373659333e+01 2.678979496927057918e-02 -5.711455217925838664e-03 9.996247726846299031e-01 6.357571311854683938e-01
9.992522979214938372e-01 3.078760647222931329e-02 -2.338735526572755657e-02 1.368614702920648130e+00 -3.067094306123332309e-02 9.995153202953743765e-01 5.330829820002406724e-03 2.880156906195826849e+01 2.354014337995404688e-02 -4.609531705757863654e-03 9.997122655379920841e-01 6.434410030352349930e-01
9.993536639656016574e-01 3.181807181188272410e-02 -1.672915493087132402e-02 1.395603727333997623e+00 -3.177170127962262308e-02 9.994905580286274072e-01 3.030414067634044570e-03 2.898524753962285772e+01 1.681705432962766686e-02 -2.496941688698815776e-03 9.998554655378334433e-01 6.386125927343010433e-01
9.993299417014218644e-01 3.293028363325968544e-02 -1.597698466125190356e-02 1.402990087411259523e+00 -3.291206356126832877e-02 9.994572678656792331e-01 1.402063697173953818e-03 2.918481273613083005e+01 1.601448379348652598e-02 -8.752886980699955792e-04 9.998713768172999838e-01 6.279623598212565883e-01
9.991785221632856206e-01 3.514893583713937092e-02 -2.017010553044221166e-02 1.405383689871633868e+00 -3.505745158657359167e-02 9.993734252328898560e-01 4.871552784947824968e-03 2.935901844906905822e+01 2.032869734753225965e-02 -4.160438414175047367e-03 9.997846942298898032e-01 6.544378212939576667e-01
9.990064177367251608e-01 3.633291321456622730e-02 -2.580884999721081222e-02 1.391145171888391596e+00 -3.614344032227107678e-02 9.993164019937487152e-01 7.770484408254526784e-03 2.956325337505420592e+01 2.607353145444933282e-02 -6.829943163108797080e-03 9.996366954218329770e-01 6.531483645990235898e-01
9.988006456479319173e-01 3.728853985332365728e-02 -3.173066417334301226e-02 1.390726392643452325e+00 -3.698632613346609921e-02 9.992651462946132712e-01 1.005878123601358469e-02 2.975526013598111064e+01 3.208242404219580068e-02 -8.873116499414917743e-03 9.994458393885906622e-01 6.582221160377322855e-01
9.987717737415658936e-01 3.676560877699899810e-02 -3.321496633120402803e-02 1.397087427712805585e+00 -3.646471274201443236e-02 9.992886367743630815e-01 9.620038371927196533e-03 2.994567397974793366e+01 3.354502499281723088e-02 -8.397048582188615731e-03 9.994019315937605619e-01 6.592929332941482867e-01
9.989517744840765712e-01 3.802749513259505443e-02 -2.548061751714573303e-02 1.414480073891670742e+00 -3.787123486123912530e-02 9.992609144128935528e-01 6.587449946132317886e-03 3.012740372744433515e+01 2.571228938075099946e-02 -5.615562362612683094e-03 9.996536118246920344e-01 6.826009537073892686e-01
9.990772573140498380e-01 3.987208378114799612e-02 -1.596404875916074273e-02 1.433437289142343252e+00 -3.985309089778538150e-02 9.992044147437664225e-01 1.506221252027863935e-03 3.031521023514905622e+01 1.601140417729195881e-02 -8.686147110886215539e-04 9.998714319575067178e-01 6.739749972027878622e-01
9.991461235880388925e-01 4.048543051326378844e-02 -8.243399489949235909e-03 1.460811349309019569e+00 -4.050430946219637368e-02 9.991770801870271113e-01 -2.136198473410167581e-03 3.049986938811822412e+01 8.150130918324918067e-03 2.468267627883871315e-03 9.999637408531028004e-01 6.656241149090288411e-01
9.990440258970016973e-01 4.142235953171256174e-02 -1.397220277324230826e-02 1.481207182987595017e+00 -4.143333012682248045e-02 9.991411475108442630e-01 -4.964930162260104219e-04 3.069308306209887860e+01 1.393963679988842290e-02 1.074933271862831864e-03 9.999022607456932166e-01 6.680879330209634759e-01
9.987234559726727579e-01 4.350015321907581972e-02 -2.567479620011917443e-02 1.456838274001154732e+00 -4.341646686256629001e-02 9.990498024393131837e-01 3.808234648883601550e-03 3.089337212177353109e+01 2.581605886211931974e-02 -2.688664331262291800e-03 9.996630943417593729e-01 6.710777573833052179e-01
9.984774286890265582e-01 4.520317028146761396e-02 -3.161483504708817449e-02 1.431173793958537832e+00 -4.509445442228340872e-02 9.989741336884402356e-01 4.143718352760381030e-03 3.112082516660543519e+01 3.176971165916611661e-02 -2.711755507976788826e-03 9.994915366340819673e-01 6.557586064889647792e-01
9.983668646020628090e-01 4.581774966951041722e-02 -3.412238971509116980e-02 1.417261694927130167e+00 -4.578010030773823485e-02 9.989497645157432437e-01 1.884247795391593002e-03 3.130784497294328261e+01 3.417288516440931956e-02 -3.190441397218446527e-04 9.994158854702965833e-01 6.376221035590154962e-01
9.982801542224787328e-01 4.772133287687901904e-02 -3.405008185009390093e-02 1.440611152975051823e+00 -4.781157881515152308e-02 9.988546766151217282e-01 -1.840634483876457412e-03 3.150620153560876702e+01 3.392324596418423016e-02 3.465457048469527349e-03 9.994184328851948296e-01 6.435477301914088732e-01
9.980732472760855956e-01 5.118189851322779704e-02 -3.507429737502056749e-02 1.485080716736458806e+00 -5.147493365218401562e-02 9.986461041098341207e-01 -7.502662977474751534e-03 3.169300317579941506e+01 3.464280989286201012e-02 9.293654331422445194e-03 9.993565448386751982e-01 7.121299161730013649e-01
9.979286016794423064e-01 5.544162275875680335e-02 -3.263023775562720608e-02 1.511280021099447257e+00 -5.574102832580181410e-02 9.984104443337810109e-01 -8.338009738786350197e-03 3.189913081395222605e+01 3.211609738581604201e-02 1.013958140643069807e-02 9.994327116807850686e-01 7.193820794373428917e-01
9.976827355804265274e-01 5.758313184892997760e-02 -3.624006141310360390e-02 1.508880451145300894e+00 -5.786573040818991653e-02 9.983012352050707472e-01 -6.797134128202096323e-03 3.213730808688890761e+01 3.578709780190982709e-02 8.878440994838645087e-03 9.993199972563431288e-01 6.983430768240176389e-01
9.973498650383402220e-01 6.171903797205152697e-02 -3.852281220016329222e-02 1.515980957785287853e+00 -6.199363019723191925e-02 9.980586688927624017e-01 -5.973546934287568902e-03 3.234662904095106484e+01 3.807934509643572107e-02 8.345885202406234937e-03 9.992398659367103253e-01 6.914986012268671267e-01
9.970670472710266852e-01 6.507675251108950565e-02 -4.027802786689972658e-02 1.515426701112373875e+00 -6.545483669188527365e-02 9.978223393213361270e-01 -8.139011299600934154e-03 3.253824611804677858e+01 3.966065556537075321e-02 1.075153170049775002e-02 9.991553617762446438e-01 6.718624687016950814e-01
9.971503947670558032e-01 6.474556604427193773e-02 -3.871823722112840982e-02 1.551092937553207207e+00 -6.513548615374538386e-02 9.978367910588066270e-01 -8.894203335813017849e-03 3.273715039463243670e+01 3.805862135469435803e-02 1.139078957185865430e-02 9.992105840379742476e-01 7.052111579017684706e-01
9.971249263308624711e-01 6.871680978920903515e-02 -3.193558112929540532e-02 1.605076635783725836e+00 -6.898335898558453916e-02 9.975909573885584081e-01 -7.319693958456659037e-03 3.294917138167353698e+01 3.135566093607528720e-02 9.501672956545997861e-03 9.994631262524339421e-01 7.711492535463871922e-01
9.970697110286593778e-01 7.471835056900517913e-02 -1.640607928399914067e-02 1.619884415753972684e+00 -7.475000878627484358e-02 9.972014254081639217e-01 -1.324141373808930674e-03 3.315958635929716536e+01 1.626122798799211483e-02 2.546615827572019930e-03 9.998645344306144045e-01 7.234514441552311048e-01
9.967816801160047646e-01 7.879993861947304223e-02 -1.472589076022342430e-02 1.659240271195393301e+00 -7.882987433751451056e-02 9.968870103783213921e-01 -1.462686194692850751e-03 3.334503986910683437e+01 1.456478963275553012e-02 2.618818920764803999e-03 9.998904983499011800e-01 7.306275345465942372e-01
9.965096618846637222e-01 8.049922074882202849e-02 -2.209907756775618057e-02 1.658583826235664249e+00 -8.052953889691567835e-02 9.967521051466575743e-01 -4.839945833340744729e-04 3.355185521936297732e+01 2.198834090065520872e-02 2.261933805170825238e-03 9.997556684109860647e-01 6.998707513270953084e-01
9.956891677784831529e-01 8.521008382038267048e-02 -3.663772350890591445e-02 1.662120021575226980e+00 -8.505100131250276085e-02 9.963592385903903281e-01 5.881738800580659995e-03 3.376231930462605391e+01 3.700551775522581410e-02 -2.740308541197500770e-03 9.993113040313147399e-01 7.130197608578946467e-01
9.949974393911367176e-01 9.037239532878896253e-02 -4.257846600827942113e-02 1.664714790254288701e+00 -8.991911407639022191e-02 9.958712861603871147e-01 1.244726174600057321e-02 3.396739491701911362e+01 4.352756056567202297e-02 -8.556375622505640530e-03 9.990155854176692163e-01 7.383402216924690453e-01
9.949055045883634651e-01 9.176215545654559103e-02 -4.174618264874880441e-02 1.669534957926356755e+00 -9.123792579793468804e-02 9.957264705798068993e-01 1.429813563970810074e-02 3.414381275491667367e+01 4.287980685432828815e-02 -1.041645873844307922e-02 9.990259353747958926e-01 7.874647661008559174e-01
9.949309013423510706e-01 9.293526233494446565e-02 -3.841273966839634652e-02 1.699612383968943652e+00 -9.251474745902556196e-02 9.956317485736413397e-01 1.258740381437433407e-02 3.433893112486408228e+01 3.941475683915428990e-02 -8.969852112964622412e-03 9.991826753383896698e-01 7.940844342659550970e-01
9.947957130649524027e-01 9.615984329327909030e-02 -3.368640386572885337e-02 1.721213252477243660e+00 -9.588663424364024523e-02 9.953456009476380206e-01 9.637844552160960629e-03 3.453840871713835980e+01 3.445638752131950644e-02 -6.357610557219438643e-03 9.993859805635575411e-01 7.791257634595473158e-01
9.942691820973252881e-01 1.009467880299488168e-01 -3.519289016196769371e-02 1.729757813511738185e+00 -1.007419060715009501e-01 9.948839332767361876e-01 7.551666630063155576e-03 3.470578103570498740e+01 3.577515747829239368e-02 -3.962990568662960907e-03 9.993520064587633200e-01 7.572892930150842972e-01
9.942162936629207470e-01 1.010915810042962715e-01 -3.625539498083995421e-02 1.762618528789011041e+00 -1.009013858941132935e-01 9.948715054762945487e-01 7.042578787529762616e-03 3.489239880638198343e+01 3.678140481020463620e-02 -3.343626980261717434e-03 9.993177414710522344e-01 7.334257007743243406e-01
9.940775666381135300e-01 1.011784715393973522e-01 -3.965738775812457234e-02 1.777067561147317454e+00 -1.008766428895765122e-01 9.948531567177730794e-01 9.544605178365556108e-03 3.509214510597284686e+01 4.041898596174504227e-02 -5.487573747421375589e-03 9.991677497338427028e-01 7.488645871356809369e-01
9.939376598269858976e-01 1.029320914862068698e-01 -3.863823132507616942e-02 1.812994644590602444e+00 -1.025244480640501027e-01 9.946532852795080260e-01 1.239272495634278007e-02 3.527443003396971477e+01 3.970725282384628130e-02 -8.356232701212301661e-03 9.991764145776391715e-01 8.389193421532489259e-01
9.940032470533072262e-01 1.033063213607049585e-01 -3.585176166383754331e-02 1.838099742558685357e+00 -1.029250522610083013e-01 9.946127275632938858e-01 1.232703476808819087e-02 3.542558050404890935e+01 3.693207907159529874e-02 -8.563068143118978542e-03 9.992810892834036451e-01 8.743466521301233030e-01
9.943199677403627978e-01 1.011265028493015389e-01 -3.318481843063229159e-02 1.886818033464787492e+00 -1.007995034814134633e-01 9.948415880296365144e-01 1.138748543672148984e-02 3.557329187993098429e+01 3.416521404446837967e-02 -7.977790931156169760e-03 9.993843569924207859e-01 8.760385612435563907e-01
9.943217509772337426e-01 1.009094162813844731e-01 -3.378676130259184590e-02 1.894535308396234852e+00 -1.006009443133482339e-01 9.948691771100834913e-01 1.071309663766059107e-02 3.574297303330641995e+01 3.469445974259675186e-02 -7.253284914816563247e-03 9.993716447453939722e-01 8.575324520287554986e-01
9.942922273772967223e-01 1.009591063073765616e-01 -3.449964392149396097e-02 1.885577056961361908e+00 -1.006743188150689416e-01 9.948701880624123417e-01 9.899011858874429137e-03 3.589701615141699165e+01 3.532206262686103659e-02 -6.369282398835694053e-03 9.993556844955193696e-01 8.296221934791516706e-01
9.942248425273803036e-01 1.006665084975694735e-01 -3.719161959789731020e-02 1.885766758494297868e+00 -1.003816096165525973e-01 9.949040876155013091e-01 9.454570151884101464e-03 3.607166615421304101e+01 3.795385292952432876e-02 -5.666613880937585931e-03 9.992634259968331545e-01 7.883139937548678811e-01
9.944443865280290229e-01 9.795720018466137768e-02 -3.853244133031424185e-02 1.890035587236103876e+00 -9.773414215438962216e-02 9.951832711457384573e-01 7.635069679652409409e-03 3.623787096945843444e+01 3.909475105736692074e-02 -3.826717085148085944e-03 9.992281804853747618e-01 7.594133061443935073e-01
9.946422431993756641e-01 9.560765641015785132e-02 -3.931900404475201227e-02 1.893169443056754497e+00 -9.540204588577864964e-02 9.954136652312746136e-01 7.077055294947140127e-03 3.641190037984274142e+01 3.981529460046490110e-02 -3.288024725751695354e-03 9.992016469208210294e-01 7.645451963910122606e-01
9.947262086324596408e-01 9.566272872681622075e-02 -3.699205579894132567e-02 1.926981450972869991e+00 -9.548020843147025927e-02 9.954089573874458363e-01 6.673630999763424665e-03 3.659018951737705549e+01 3.746064144639564553e-02 -3.106426464215226394e-03 9.992932754987632338e-01 7.910071386295872697e-01
9.947287758116835077e-01 9.576369467687578796e-02 -3.666029669852187423e-02 1.957851598509172231e+00 -9.553395180824211796e-02 9.953942482767895727e-01 7.972110723356878870e-03 3.674951242118287809e+01 3.725488725107105326e-02 -4.427784922407536350e-03 9.992959862306016738e-01 8.248913316386979888e-01
9.949937168925261366e-01 9.342249196023420799e-02 -3.549283505632422342e-02 1.998861047174378847e+00 -9.317128336175976855e-02 9.956123405088729283e-01 8.670604544484681458e-03 3.691455222461329555e+01 3.614713406506982196e-02 -5.320284051077057291e-03 9.993323167377795579e-01 8.484082179935563683e-01
9.951883148824771652e-01 9.112007421246183514e-02 -3.601874507656874919e-02 2.020062126630237653e+00 -9.081481564634673320e-02 9.958173319726841832e-01 1.002549758989258917e-02 3.708508551248467455e+01 3.678161470756081269e-02 -6.706222358402192871e-03 9.993008252779461698e-01 8.598591433102267256e-01
9.951531549388223929e-01 9.098353529360359015e-02 -3.731212297344738138e-02 2.012190963798445864e+00 -9.066677104046566571e-02 9.958300785554861090e-01 1.009907289161731704e-02 3.725692511595845957e+01 3.807538370658719584e-02 -6.667154539382857611e-03 9.992526278203845980e-01 8.633815694136403041e-01
9.952979867227867983e-01 8.914420074361631419e-02 -3.788441763244129040e-02 2.022108378867280010e+00 -8.883270206863277951e-02 9.959980438486404353e-01 9.830955847084311278e-03 3.741512917324362064e+01 3.860917855579058117e-02 -6.419355377577307814e-03 9.992337680481897522e-01 8.456981276869192099e-01
9.954178991876100335e-01 8.716439129122044438e-02 -3.931379996586543968e-02 2.028600961556514815e+00 -8.680750440584769634e-02 9.961676548695911348e-01 1.069862469889881415e-02 3.757122988226112170e+01 4.009567502554112206e-02 -7.236869658227056135e-03 9.991696375299822241e-01 8.551934245733960882e-01
9.954867677774342782e-01 8.610418085617414785e-02 -3.990194505439392803e-02 2.067127967363855845e+00 -8.567805398086271451e-02 9.962472897056452448e-01 1.227227852554792220e-02 3.775914335107250253e+01 4.080889910410465116e-02 -8.798169880350335814e-03 9.991282329914751292e-01 8.881867935429206273e-01
9.962577776815225716e-01 8.313129639563260342e-02 -2.365645722958817018e-02 2.075352914729675202e+00 -8.266777618593110222e-02 9.963776240464560230e-01 1.994164185848074089e-02 3.792759282407259747e+01 2.522853918772658202e-02 -1.791138908964320237e-02 9.995212368685983950e-01 8.646061815315527754e-01
9.964271877662059795e-01 8.169437558736845906e-02 -2.142168242039263482e-02 2.099269459511321489e+00 -8.128465149347187391e-02 9.965031190776884040e-01 1.934784484182096309e-02 3.810581305157980836e+01 2.292738345112679821e-02 -1.753746463512710629e-02 9.995832993914297582e-01 8.721854021598627327e-01
9.963985156224202111e-01 8.187823133052456182e-02 -2.204434847353692675e-02 2.122718048294342630e+00 -8.145726298478943306e-02 9.964887346189571504e-01 1.936274992185741534e-02 3.825431155721419429e+01 2.355233263319108858e-02 -1.749734298956961975e-02 9.995694726310127010e-01 8.624245126822730478e-01
9.964803928211473094e-01 8.039298734348741815e-02 -2.374435320243275735e-02 2.128549596453741088e+00 -7.992115314364610368e-02 9.965965955756032058e-01 2.019492429566094663e-02 3.841937377596199354e+01 2.528707185899291623e-02 -1.822617000654510114e-02 9.995140672965492357e-01 8.771519924173695193e-01
9.966738563141054330e-01 7.740795122516902493e-02 -2.548005547662254497e-02 2.124352583135962202e+00 -7.686367759687995349e-02 9.968056548814983042e-01 2.169012361767827524e-02 3.858642376155543730e+01 2.707765141685676905e-02 -1.965948838065532944e-02 9.994399958528565886e-01 8.878391407668507762e-01
9.968078470416513737e-01 7.565068732593899226e-02 -2.551645710714672832e-02 2.158041911473901564e+00 -7.507290250261083875e-02 9.969152981605916564e-01 2.288990177375668095e-02 3.878101158934090620e+01 2.716938324698105200e-02 -2.090123920947639657e-02 9.994123087162208874e-01 8.987308292583087166e-01
9.968567736191122908e-01 7.562575417864621230e-02 -2.360758764899447901e-02 2.185757448100632327e+00 -7.506083519510932389e-02 9.968909687503115791e-01 2.396387789732695381e-02 3.895180586108894971e+01 2.534647726029433737e-02 -2.211654875825643310e-02 9.994340470293759937e-01 9.274908949590742191e-01
9.970905745025364642e-01 7.319818397543605137e-02 -2.126998121531598063e-02 2.241892576271985238e+00 -7.266070516219004516e-02 9.970425712261538065e-01 2.503064298161904525e-02 3.912186345508481367e+01 2.303927437084264673e-02 -2.341232635681901944e-02 9.994603818116187810e-01 9.466437125441746758e-01
9.975179927486045317e-01 7.016134669117567169e-02 -5.936292889978605700e-03 2.228073877198929686e+00 -6.993995550296845665e-02 9.970487841241165716e-01 3.165635324644341247e-02 3.929724881827041116e+01 8.139825983259848380e-03 -3.116259788755531418e-02 9.994811832775346572e-01 8.553496264282904882e-01
9.974293205037720877e-01 7.130621757740336630e-02 -7.083356138696095261e-03 2.232824549220939314e+00 -7.105025058426699125e-02 9.969758948510342167e-01 3.147899264417988036e-02 3.946069962164035161e+01 9.306583223528477194e-03 -3.089479601459561159e-02 9.994793139869979637e-01 8.738461790224574255e-01
9.972863879432211087e-01 7.304742996524971055e-02 -9.161517267087235239e-03 2.232379826985412929e+00 -7.272415477353849633e-02 9.968482742567216226e-01 3.169724631368524281e-02 3.962633797242927614e+01 1.144804505745926002e-02 -3.094496868422963454e-02 9.994555273635212789e-01 8.422878186466349337e-01
9.972203326757603792e-01 7.252256315175435730e-02 -1.709052169905024565e-02 2.221777076331152401e+00 -7.190391647521766905e-02 9.968184402532290767e-01 3.439220793500434581e-02 3.978459456644622350e+01 1.953035825505584910e-02 -3.306773359363254783e-02 9.992622729300900675e-01 8.322544275872765240e-01
9.969335735774428331e-01 7.290810607208265959e-02 -2.842284192496189257e-02 2.190295891136851303e+00 -7.182317746899700983e-02 9.967126634562240017e-01 3.748730030632792948e-02 3.997204717427970166e+01 3.106253454511377285e-02 -3.533092943840848016e-02 9.988928092506481615e-01 7.887510109456766783e-01
9.961349456222156062e-01 7.542379734058010654e-02 -4.501578506427179882e-02 2.182021476707827201e+00 -7.363581281209269358e-02 9.964771147819758701e-01 4.013884387088503120e-02 4.014610285197237260e+01 4.788462364609394339e-02 -3.666893113408054711e-02 9.981795691696739858e-01 8.290071003171955999e-01
9.958542925048616823e-01 7.734087419376849126e-02 -4.788128317605027523e-02 2.158004289517545526e+00 -7.539052150972595789e-02 9.962991521485486945e-01 4.128278932648014876e-02 4.033146073711515101e+01 5.089692884775060683e-02 -3.750184804815184791e-02 9.979995561255727843e-01 8.335885469045075657e-01
9.960009905063129665e-01 7.908475672492025488e-02 -4.156474665150335784e-02 2.196678624164407179e+00 -7.743821216684894371e-02 9.962009885448531721e-01 3.983608563425091592e-02 4.048073313128977446e+01 4.455726884410184802e-02 -3.645808107974777418e-02 9.983413535044699527e-01 8.823710838427244463e-01
9.961765437656164845e-01 8.190126382697913987e-02 -3.040520736213422198e-02 2.254348492038128704e+00 -8.084067935571619123e-02 9.961258968913982992e-01 3.461187807117087345e-02 4.066024722008555159e+01 3.312217101122909985e-02 -3.202156345106957347e-02 9.989382069285627219e-01 9.167090348946832501e-01
9.962761650361225962e-01 8.537892550994444218e-02 -1.201008158523828202e-02 2.296035328685510191e+00 -8.497188573489458663e-02 9.958984829852386422e-01 3.108038324017656229e-02 4.080423451650320033e+01 1.461443175675131677e-02 -2.994412574224845219e-02 9.994447296964248384e-01 8.706366769816810125e-01
9.959106178448553504e-01 8.967857608947484016e-02 -1.094505616444198248e-02 2.344652239103819369e+00 -8.930171207643546050e-02 9.955193933552822783e-01 3.108603663621697585e-02 4.094426888017515864e+01 1.368376717486596145e-02 -2.998150169846524118e-02 9.994567844943617052e-01 8.650429027536671311e-01
9.956776283290750262e-01 9.223667352764941540e-02 -1.088377239481061638e-02 2.354772838779761734e+00 -9.185756521630994431e-02 9.952797865434136471e-01 3.131028921342568494e-02 4.113047508075750613e+01 1.372035559012923546e-02 -3.017519767376531520e-02 9.994504536433157504e-01 8.513595377375866580e-01
9.952986255259198556e-01 9.626168407689456030e-02 -1.069271737655086603e-02 2.348945880981488710e+00 -9.589594800653070128e-02 9.949198695723074914e-01 3.063364630845449160e-02 4.128734211904593110e+01 1.358724336071930570e-02 -2.946423779606167914e-02 9.994734841450040319e-01 8.471954726555077642e-01
9.948102486148810986e-01 1.012903929862209174e-01 -9.634601159128421827e-03 2.370289779456107304e+00 -1.010085672825646597e-01 9.945391942639044691e-01 2.624996016048791042e-02 4.144080833606326308e+01 1.224085725438212383e-02 -2.514055213396320515e-02 9.996089805779444504e-01 8.550087545487186080e-01
9.944064192877489772e-01 1.056194260479166452e-01 -6.404066101145727352e-04 2.407721139336829186e+00 -1.055914257410746210e-01 9.942506105462098898e-01 1.778128899872100793e-02 4.160611846457391749e+01 2.514774201541290170e-03 -1.761420647652279375e-02 9.998416952902682286e-01 8.693870434225363653e-01
9.936911026212724707e-01 1.121343851083787119e-01 1.967802755754017793e-03 2.466857994097130913e+00 -1.121516498047067517e-01 9.935387844432793658e-01 1.739802440086964802e-02 4.176011482578209666e+01 -4.171589683895108799e-06 -1.750895437588002868e-02 9.998467065001820364e-01 8.947137889202565475e-01
9.927493974687235934e-01 1.196296207843986076e-01 1.172124807634643273e-02 2.485474751680639027e+00 -1.198598905013925214e-01 9.925591904917403507e-01 2.144434702609033724e-02 4.190463796514000450e+01 -9.068653399511048679e-03 -2.269377010023193933e-02 9.997013315606603223e-01 8.229476383504833459e-01
9.922043398628052069e-01 1.242265863668853554e-01 9.914796873644028674e-03 2.487348823414172294e+00 -1.244255494442960130e-01 9.919641983673223029e-01 2.291968156324699149e-02 4.205513210937894542e+01 -6.987889731520920827e-03 -2.397466156395893291e-02 9.996881438728748570e-01 8.140559742825774769e-01
9.916647369947120261e-01 1.287158120066373423e-01 5.769674226561000673e-03 2.501441790457356706e+00 -1.288148138830518818e-01 9.914076414096579803e-01 2.275153354861521315e-02 4.222746830277165486e+01 -2.791617001550676831e-03 -2.330511304437416636e-02 9.997245013404970626e-01 8.010079569432482227e-01
9.905760089066762974e-01 1.368699220522853477e-01 -5.078879396248936126e-03 2.497662871072046986e+00 -1.367517535874550882e-01 9.904240403125867953e-01 1.895199888263717630e-02 4.238499332818086174e+01 7.624202861694771155e-03 -1.807884975027028440e-02 9.998074948320956334e-01 8.463939693314728174e-01
9.893597493187518133e-01 1.454204296608140046e-01 -4.492779229026997584e-03 2.522013236447008033e+00 -1.453192049560073917e-01 9.892233325398211985e-01 1.787531901154056427e-02 4.252132970376060683e+01 7.043798612286119795e-03 -1.703223403064542743e-02 9.998301295245282105e-01 8.418932124806837169e-01
9.882985603134231134e-01 1.524493537353756312e-01 -5.015000307228820002e-03 2.552226622748929863e+00 -1.523414118084323865e-01 9.881735056841561837e-01 1.747045826813395722e-02 4.265760534016624916e+01 7.619050507039295574e-03 -1.650203652738957069e-02 9.998348027848500408e-01 8.397964255252611254e-01
9.870369610882968603e-01 1.602994215531508004e-01 -7.882442217057066686e-03 2.547111960083608295e+00 -1.601463627830068126e-01 9.869425951809309705e-01 1.724692160655124165e-02 4.281030117993994111e+01 1.054418953516873467e-02 -1.576100463974951585e-02 9.998201892339403374e-01 7.954421902630404162e-01
9.857955156863885682e-01 1.675449904125620448e-01 -1.165664789988010881e-02 2.579139843803026633e+00 -1.673198586336849258e-01 9.857351788534217674e-01 1.817201358177791132e-02 4.294985651379025171e+01 1.453499774375560834e-02 -1.596350082115823021e-02 9.997669230786353500e-01 7.777038710986007297e-01
9.849661864692765834e-01 1.723968299507512569e-01 -1.099747857929165261e-02 2.612357712931222320e+00 -1.721727704923914082e-01 9.848868877967491553e-01 1.882432859381730911e-02 4.312172263733268807e+01 1.407652702709535734e-02 -1.664786079246942385e-02 9.997623218134847889e-01 8.124972334138345076e-01
9.836030945057769870e-01 1.801071925187860689e-01 -9.292560554570519771e-03 2.660564912129240511e+00 -1.799023003580638991e-01 9.834909204335953170e-01 1.951337363339442424e-02 4.327497694018397567e+01 1.265364787468025581e-02 -1.752166167007035077e-02 9.997664110019816031e-01 8.592427800565549667e-01
9.818434678686994710e-01 1.895186732044564504e-01 -8.128782835612682542e-03 2.694584922150990547e+00 -1.893406450176031985e-01 9.817302490298593920e-01 1.886367631423269131e-02 4.338858556490311713e+01 1.155529090434739663e-02 -1.698206838381594724e-02 9.997890200464912835e-01 8.640993726095651528e-01
9.805988453299014918e-01 1.959137011078146973e-01 -6.612583148951741568e-03 2.770702039082663770e+00 -1.957746766814574824e-01 9.804930628358462519e-01 1.748226818956707604e-02 4.351106647830481933e+01 9.908607769749899069e-03 -1.584851567242185830e-02 9.998253067626595714e-01 8.752317204073414292e-01
9.796961020081327298e-01 2.004325316984445216e-01 -4.727361528636317249e-03 2.809296264552064493e+00 -2.003293357562539179e-01 9.795859792745889028e-01 1.671724989652296003e-02 4.366491558076588575e+01 7.981537792209881382e-03 -1.543079536500802269e-02 9.998490814162279694e-01 8.884269478821110733e-01
9.780636692597073356e-01 2.082683858167417579e-01 -3.967158117161050102e-03 2.874657799886161769e+00 -2.081849020236257453e-01 9.779667549268132865e-01 1.549428369856934926e-02 4.382220537108119629e+01 7.106718205409251823e-03 -1.432849354284020452e-02 9.998720862336050175e-01 8.814130746135119265e-01
9.759927943129279582e-01 2.177570010580733573e-01 -4.466983259079225846e-03 2.899801978899888777e+00 -2.176570880380192807e-01 9.758847531587809820e-01 1.656322972837590696e-02 4.396166505522079859e+01 7.966020088638002192e-03 -1.519332229695879478e-02 9.998528419130128242e-01 8.968564283263954495e-01
9.747779309089554811e-01 2.231310221045964270e-01 -4.531267749053722108e-03 2.949120341344879215e+00 -2.230155622025798146e-01 9.746440874485298167e-01 1.824724135560960511e-02 4.409818624385682284e+01 8.487898934527851602e-03 -1.677646494887182274e-02 9.998232372752178243e-01 9.058092823981215291e-01
9.740159820780323052e-01 2.264351125984065127e-01 -4.472855811817371546e-03 2.996579599481044465e+00 -2.263172210713569610e-01 9.738761624088061453e-01 1.859397048602606448e-02 4.426522077446758630e+01 8.566335453675386763e-03 -1.709854012609324583e-02 9.998171121872496681e-01 9.258370352717255614e-01
9.721915951478046214e-01 2.341454805396146477e-01 -4.404119303581165157e-03 3.029706025995531959e+00 -2.340366971425331677e-01 9.720696787757628909e-01 1.753179954823066294e-02 4.440623451002709032e+01 8.386102466666945851e-03 -1.601354263297411623e-02 9.998366065201655939e-01 9.158873358709993528e-01
9.704097185555096150e-01 2.414042571638437829e-01 -5.381705695161444550e-03 3.049346292260568081e+00 -2.412877952711931506e-01 9.703116235293715031e-01 1.659979207586586777e-02 4.452221727242906724e+01 9.229192065578026294e-03 -1.481005965443704837e-02 9.998477304804210819e-01 8.828377478156931302e-01
9.698929206286128757e-01 2.434942310951249411e-01 -4.275738286313487090e-03 3.119043490252589645e+00 -2.433961881567839602e-01 9.697893145113340996e-01 1.633955477925401467e-02 4.467138577619005702e+01 8.125152629124951856e-03 -1.480692010617716374e-02 9.998573583325387482e-01 9.092866112277476764e-01
9.691388127014156639e-01 2.464829463185130021e-01 -4.014833724507491097e-03 3.188510216067699687e+00 -2.463829001955412934e-01 9.690228835489781423e-01 1.703284032853738875e-02 4.486259817890832835e+01 8.088770421042617773e-03 -1.551800027608449435e-02 9.998468700058560366e-01 9.314682880450932956e-01
9.675110630476233542e-01 2.528205185779198172e-01 -2.031813586319807310e-03 3.226801650546167632e+00 -2.527589156438084239e-01 9.674016272078409528e-01 1.571694112057867715e-02 4.502375081880739316e+01 5.939144974152115244e-03 -1.469275541255942938e-02 9.998744168621190864e-01 9.479048492227000189e-01
9.657739525227863053e-01 2.593765315613048572e-01 -2.118372899736462294e-03 3.272690987498354520e+00 -2.593144569775617803e-01 9.656691238340339156e-01 1.546465893712489423e-02 4.515472737438398099e+01 6.056816898932259816e-03 -1.438604006795279888e-02 9.998781709889540403e-01 9.504163562134233523e-01
9.646836950735544480e-01 2.633835553457261058e-01 -3.804107343148348426e-03 3.324253183166740122e+00 -2.632927831617111192e-01 9.645827677057441374e-01 1.603105049853618264e-02 4.532345358487506815e+01 7.891691465935112698e-03 -1.446329902101520237e-02 9.998642578806561376e-01 9.160403154408119919e-01
9.637192794527339457e-01 2.668399164744280072e-01 -6.450533855709266948e-03 3.345935034204445380e+00 -2.666790470319975737e-01 9.635978652106729214e-01 1.901157635598411597e-02 4.552127231467648016e+01 1.128876809970863308e-02 -1.660160044556146033e-02 9.997984549785206010e-01 8.653154286140369855e-01
9.621248797926784668e-01 2.724583282151337715e-01 -9.065046615350652592e-03 3.362799660013099601e+00 -2.720650556560642586e-01 9.617735519386179099e-01 3.118076782629655708e-02 4.570900184911789665e+01 1.721398195615193513e-02 -2.753351008478879813e-02 9.994726532765286775e-01 8.615634848442091931e-01
9.605327464371993251e-01 2.780292030927185576e-01 -8.752442484179393661e-03 3.416519832616928820e+00 -2.776370095076372002e-01 9.601694567102241340e-01 3.150087859805323492e-02 4.588129446332914796e+01 1.716199211825922624e-02 -2.782762347777770554e-02 9.994654018014389463e-01 8.763708651980040010e-01
9.593063874266370972e-01 2.822668308207919030e-01 -7.529359922416382217e-03 3.506802414487861341e+00 -2.818797839253723292e-01 9.588759534058474143e-01 3.317669956780599366e-02 4.604059715829540522e+01 1.658440401824091970e-02 -2.970424546110374958e-02 9.994211401331003497e-01 9.177845894603344767e-01
9.584122738334123204e-01 2.852957396535383827e-01 -7.228713648276866542e-03 3.576853038683071695e+00 -2.849121156234856178e-01 9.579705542534320273e-01 3.342908246305525966e-02 4.623447235136418954e+01 1.646206962741561530e-02 -2.997929483681451013e-02 9.994149499305428064e-01 9.177914836794038855e-01
9.569344626320656078e-01 2.902053080025072673e-01 -7.570563667899848047e-03 3.615275282044290606e+00 -2.898105320636544247e-01 9.565027554594075498e-01 3.335167617290431263e-02 4.642571760592969099e+01 1.692009846488466349e-02 -2.972133923178102780e-02 9.994150050215415693e-01 9.166621556167618978e-01
9.552114180372226482e-01 2.958181017443611838e-01 -7.924489364060708502e-03 3.635996564635989969e+00 -2.954236543546608917e-01 9.548105692986359472e-01 3.258283602378261867e-02 4.660851452562449282e+01 1.720497890310295278e-02 -2.878241539512623945e-02 9.994376224982558510e-01 8.981062075476292650e-01
9.538378632112985978e-01 3.001879894203891563e-01 -8.972274641824196789e-03 3.681192017242826964e+00 -2.997683291982365938e-01 9.534675947562565312e-01 3.222568167497240343e-02 4.678424502430932819e+01 1.822853571194411187e-02 -2.804847157089583251e-02 9.994403452574520674e-01 8.691201403816066762e-01
9.526966519773829578e-01 3.037672956516636047e-01 -9.722109007823553917e-03 3.726866321474813226e+00 -3.033660643924678268e-01 9.524000887351110611e-01 3.005165473609751337e-02 4.696211073372460021e+01 1.838804737078542778e-02 -2.568075290616237544e-02 9.995010648538912301e-01 8.610012872708692200e-01
9.508801132152946423e-01 3.094156924436408107e-01 -9.430777342866182925e-03 3.788547647236934157e+00 -3.090915403431761521e-01 9.506766261589967293e-01 2.600715600041497017e-02 4.712407181726948835e+01 1.701264176873091422e-02 -2.181471394654237866e-02 9.996172708969565113e-01 8.495468098428300419e-01
9.491729991012606282e-01 3.147075506681270007e-01 -5.456677522679692985e-03 3.871032506769436221e+00 -3.146267958718196867e-01 9.491387149449820315e-01 1.206976023044576893e-02 4.728608097936214705e+01 8.977588571020527625e-03 -9.739473551298841875e-03 9.999122689308262979e-01 9.135593261669333609e-01
9.477267017163192309e-01 3.190410688128675898e-01 -5.186064466422222671e-03 3.971969119707520424e+00 -3.189719672529900962e-01 9.477002824426350447e-01 1.100267080790808157e-02 4.744622979577289357e+01 8.425138613945185040e-03 -8.773315729693630452e-03 9.999260202487196825e-01 9.089025329539079934e-01
9.460864472009539172e-01 3.238691449677494893e-01 -5.404753512936633260e-03 4.065676229314302503e+00 -3.238044628111090284e-01 9.460685200948051321e-01 1.024817784946799662e-02 4.763530258783039528e+01 8.432335755045788916e-03 -7.945578864003786934e-03 9.999328794925337327e-01 9.244991124466749310e-01
9.436892816979149945e-01 3.307773152428295504e-01 -6.075140263317291289e-03 4.081620952835868898e+00 -3.307288480763472260e-01 9.436937980484628730e-01 7.774610920129168545e-03 4.780371934603261508e+01 8.304737115984943407e-03 -5.327592853508297810e-03 9.999513228631790041e-01 8.809958649960853982e-01
9.422039476642225519e-01 3.349786349644904848e-01 -6.405866317814245918e-03 4.140891510787821694e+00 -3.350171342710813183e-01 9.421905469502839248e-01 -6.363409645557671114e-03 4.798059627767099045e+01 3.903940412883025353e-03 8.141704664966799981e-03 9.999592351163126835e-01 8.808254154520414048e-01
9.409412911469627883e-01 3.385117893108972598e-01 -6.265390029462672775e-03 4.222077373955585244e+00 -3.385621391528989554e-01 9.408831835946308564e-01 -1.070106354738648187e-02 4.815079929712972273e+01 2.272563948427481096e-03 1.219029640192566093e-02 9.999231131075696499e-01 8.663630900302321525e-01
9.385918472927569089e-01 3.449608738354781878e-01 -6.880386488659954135e-03 4.289757772887416110e+00 -3.450288918102020763e-01 9.384405176932254511e-01 -1.686589955783262748e-02 4.834446857009224630e+01 6.387580088561741615e-04 1.820412794764844980e-02 9.998340870933896118e-01 8.360858749297603865e-01
9.360375839164238876e-01 3.517758898682258883e-01 -9.346914106878836948e-03 4.339691006933468209e+00 -3.518994008962048059e-01 9.356548158690717321e-01 -2.677456236627577535e-02 4.851512019071435589e+01 -6.731603046132251730e-04 2.835117014218733328e-02 9.995977981202104345e-01 8.201985047580757637e-01
9.342713501026507217e-01 3.563470734866144296e-01 -1.240191900052575041e-02 4.411385587546824638e+00 -3.565607571835146539e-01 9.338189506960984376e-01 -2.909628425686748218e-02 4.869889506782659083e+01 1.212771243419581875e-03 3.160586240499016486e-02 9.994996741608013213e-01 8.269013288947648643e-01
9.324364441157040329e-01 3.610976527726508789e-01 -1.306762591075976906e-02 4.477677612966400211e+00 -3.613308510757901604e-01 9.319698742975611738e-01 -2.953251534551565652e-02 4.891603386481857285e+01 1.514511705680341054e-03 3.225892998643995618e-02 9.994783978107897315e-01 8.284376384151874717e-01
9.295546724284671214e-01 3.684049757448212281e-01 -1.434868679924422574e-02 4.533830733667219448e+00 -3.686749418520994803e-01 9.291041066331586773e-01 -2.905763733945237667e-02 4.911626067488035829e+01 2.626445650728041585e-03 3.230066382998519892e-02 9.994747465040755285e-01 8.466589234562379440e-01
9.273378192666892339e-01 3.739497197225585268e-01 -1.435883272139802658e-02 4.616831864296204735e+00 -3.742170363273812361e-01 9.268893638056970863e-01 -2.894334096509281612e-02 4.930475321401742406e+01 2.485695084398138223e-03 3.221357451898360091e-02 9.994779171830947551e-01 8.748215476053209372e-01
9.259285613503734913e-01 3.774717867619225564e-01 -1.309005249757460437e-02 4.725299259270523855e+00 -3.776958904425303243e-01 9.254988588347613510e-01 -2.824316976506943688e-02 4.950494104164982900e+01 1.453828893551344786e-03 3.109521658255601922e-02 9.995153695102603209e-01 9.131747872058294524e-01
9.229004108895942915e-01 3.848718567536150159e-01 -1.133514264766229303e-02 4.860385937737675910e+00 -3.850387225989709838e-01 9.224914222774137640e-01 -2.747285795011178422e-02 4.971391613861528214e+01 -1.169579868284774393e-04 2.971918073600263166e-02 9.995582807506574463e-01 9.511468007765876420e-01
9.196526493653061074e-01 3.926002085640243333e-01 -1.020199739550510347e-02 4.956709707031298429e+00 -3.927309333654243062e-01 9.192592999696227452e-01 -2.692124434868870680e-02 4.988868997249042536e+01 -1.191005162014308408e-03 2.876483364881068927e-02 9.995854970195697797e-01 9.707930200506530438e-01
9.170228782240398280e-01 3.987027624072585485e-01 -1.025417293198356214e-02 5.047859880444459435e+00 -3.988326137879060207e-01 9.166339605468455387e-01 -2.673440762970100831e-02 5.006914033061240588e+01 -1.259759026507128142e-03 2.860576202489934633e-02 9.995899776339146614e-01 9.826505031174662674e-01
9.140620919473781969e-01 4.054567457853749390e-01 -9.763163519912375354e-03 5.158626067182420449e+00 -4.055707617894532824e-01 9.136891100220211337e-01 -2.616423911925341156e-02 5.027060218841521078e+01 -1.687971061734689325e-03 2.787539280980206452e-02 9.996099805571140307e-01 1.015970830491931709e+00
9.104970962053918759e-01 4.134020075770379332e-01 -9.685965766203504662e-03 5.273523479028330740e+00 -4.135115197071546067e-01 9.101363182099984073e-01 -2.569251534256945108e-02 5.047185677695696882e+01 -1.805788201561514886e-03 2.739821903743624998e-02 9.996229672844395564e-01 1.018076207023723700e+00
9.064392964202423464e-01 4.222365988235903256e-01 -9.168234239078551159e-03 5.372050209221280959e+00 -4.223302396420907101e-01 9.060984657360993122e-01 -2.495474052241438909e-02 5.066519254250838600e+01 -2.229481785171225517e-03 2.649198000477187218e-02 9.996465397361190552e-01 1.038348105285660683e+00
9.024873228057453955e-01 4.306218531845392161e-01 -9.025061486298035715e-03 5.478548322811348292e+00 -4.307100788534599656e-01 9.021622264793884849e-01 -2.433403147443891426e-02 5.085589110534078827e+01 -2.336696164381773036e-03 2.584833986285786991e-02 9.996631448529897934e-01 1.056751302743941245e+00
8.978179909827981309e-01 4.402745285737865166e-01 -9.010802225239120805e-03 5.576262514469179976e+00 -4.403592496854154548e-01 8.974955228815534314e-01 -2.419747143948924178e-02 5.107443753665096864e+01 -2.566375675975538211e-03 2.569291530163583803e-02 9.996665883279248765e-01 1.070687722959493104e+00
8.924439391626437512e-01 4.510703208506238737e-01 -8.909607150641162682e-03 5.666274850587327272e+00 -4.511502103661652607e-01 8.921355983456397132e-01 -2.361274763834540075e-02 5.129021712779749720e+01 -2.702431947031426300e-03 2.509262465711003393e-02 9.996814777964975196e-01 1.075618282190173858e+00
8.866055081949273386e-01 4.624391676984759281e-01 -8.982706538426333057e-03 5.762445615410693556e+00 -4.625177041496991714e-01 8.863025153619110696e-01 -2.335004520853623672e-02 5.149330254183158928e+01 -2.836580072192140724e-03 2.485693950369223526e-02 9.996869941996864295e-01 1.076619080053226263e+00
8.801111152942640015e-01 4.746840990136801941e-01 -8.912400297192151974e-03 5.878906506193793291e+00 -4.747578879389480755e-01 8.798166851299874525e-01 -2.296842194469984194e-02 5.169561946163801025e+01 -3.061466190558770686e-03 2.444599579586042432e-02 9.996964642901928766e-01 1.072247398957541398e+00
8.727173210022028949e-01 4.881454092973530612e-01 -8.862110620929180768e-03 5.971084867321494905e+00 -4.882163723422230373e-01 8.724435196160276185e-01 -2.206986309422582018e-02 5.191077219090994532e+01 -3.041611371917371520e-03 2.358737929312368017e-02 9.997171520676958467e-01 1.067276821622093586e+00
8.647290401643129565e-01 5.022270319838600949e-01 -3.419859820046663740e-03 6.082657100786162729e+00 -5.022342285460948963e-01 8.646726828530780784e-01 -1.009609847264020602e-02 5.209419516136680528e+01 -2.113474204949680659e-03 1.044796020010747492e-02 9.999431850632525265e-01 1.067549389075359789e+00
8.565304556852098017e-01 5.160901165804736568e-01 -2.563211196901416748e-03 6.195241692935147704e+00 -5.160949620785135750e-01 8.565053172030866468e-01 -6.680697569690235288e-03 5.231177661619231145e+01 -1.252437968319768460e-03 7.045081319125909639e-03 9.999743987864601058e-01 1.056748718091197414e+00
8.473966764680053165e-01 5.309564762518496073e-01 -2.023125601063650858e-03 6.340426123442421513e+00 -5.309590354776566601e-01 8.473800419536678952e-01 -5.437567768455214313e-03 5.252340648588362626e+01 -1.172755565012757652e-03 5.681973672849407152e-03 9.999831697681544895e-01 1.063958789913298952e+00
8.374371662908166591e-01 5.465335552841956712e-01 2.558578198747411912e-04 6.547287323460347253e+00 -5.465233010670438318e-01 8.374241466153189428e-01 -5.751526439667344059e-03 5.267530912033777213e+01 -3.357663709845907195e-03 4.676709743159970442e-03 9.999834271028644750e-01 1.163299323559076504e+00
8.259539322185901478e-01 5.637286329848999467e-01 3.182798395226683549e-03 6.750771978451550304e+00 -5.636998225112889171e-01 8.259507697849286512e-01 -6.916356875198106935e-03 5.281024767520874263e+01 -6.527783191098857768e-03 3.918449267218460097e-03 9.999710164809528790e-01 1.224597604446039822e+00
8.134022870651841375e-01 5.816869878955616135e-01 4.119163764231673075e-03 6.902416010468303220e+00 -5.816408796594220165e-01 8.133993171779887454e-01 -8.685500756750407642e-03 5.292494178767937996e+01 -8.402767766729121388e-03 4.668932144558241883e-03 9.999537962158491222e-01 1.245032047237343509e+00
8.004799091159966462e-01 5.993524203522493377e-01 2.931095281019532178e-03 7.000358267501506582e+00 -5.993061378512396509e-01 8.004642622458397749e-01 -9.440233103822640720e-03 5.308942817493718280e+01 -8.004263581159087176e-03 5.800093544439960218e-03 9.999511441462523020e-01 1.220021082529181733e+00
7.867937660651678211e-01 6.172121785580670927e-01 2.167099581163259032e-03 7.146879132191032546e+00 -6.171675455315361880e-01 7.867711578406494377e-01 -9.765548252047506761e-03 5.329440974743433657e+01 -7.732426758087969712e-03 6.346008957490626053e-03 9.999499676217517008e-01 1.198530866262481620e+00
7.712925161451316125e-01 6.364807052794877462e-01 4.078546774600026216e-04 7.266609872872938247e+00 -6.364356136024785782e-01 7.712451955536917536e-01 -1.142620119656697492e-02 5.347346423359073242e+01 -7.587112556731400587e-03 8.553370228970760131e-03 9.999346356541399805e-01 1.168139462911398585e+00
7.547599525650541263e-01 6.560007608415769909e-01 -6.448094831895097648e-04 7.410031575983502705e+00 -6.559532087962742786e-01 7.546926381941015949e-01 -1.282223558894239612e-02 5.363120191690838112e+01 -7.924763332035289487e-03 1.010067477444853701e-02 9.999175838514052783e-01 1.167398688186404021e+00
7.371582577444508733e-01 6.757197280124642713e-01 -7.431109789576093722e-04 7.584769358547861273e+00 -6.756629335489108268e-01 7.370810985844472585e-01 -1.382224068755111279e-02 5.377257524991956217e+01 -8.792227661174614739e-03 1.069127140735454118e-02 9.999041921346506490e-01 1.186559008343293309e+00
7.181984214672609834e-01 6.958365529686977302e-01 -1.587121474655090337e-03 7.745966463634293753e+00 -6.957778041338703590e-01 7.181039572306351371e-01 -1.483084233453257038e-02 5.390903469844013074e+01 -9.180123996127836569e-03 1.175577144822034965e-02 9.998887573930776984e-01 1.176089677292913027e+00
6.977828061780747548e-01 7.163046097792188371e-01 -2.619429573871563926e-03 7.860260779125218811e+00 -7.162505512974325361e-01 6.976739416244653880e-01 -1.536941587394302124e-02 5.406446762300301856e+01 -9.181675684508616708e-03 1.260068201420811752e-02 9.998784524352953840e-01 1.157697542003785607e+00
6.778404309373021741e-01 7.351507087742275015e-01 -9.262050285079422712e-03 8.017987604718026518e+00 -7.351736238778918686e-01 6.776303061415602791e-01 -1.835513423386628262e-02 5.422249321104281705e+01 -7.217543971495988565e-03 1.925106717161705061e-02 9.997886293971208760e-01 1.120323871449390163e+00
6.576321524443808908e-01 7.532788432298268555e-01 -9.536058604291290652e-03 8.178666557914763047e+00 -7.532927859226105083e-01 6.573984325770942938e-01 -1.942368456631846790e-02 5.435144608729009974e+01 -8.362460661953004942e-03 1.995708364249658417e-02 9.997658646223943624e-01 1.138020523418857621e+00
6.369039764790600522e-01 7.708952204457620860e-01 -8.595570896728462612e-03 8.391067065320832796e+00 -7.708839535807151533e-01 6.366773435290151717e-01 -1.949077598768337097e-02 5.444552240085400285e+01 -9.552740807039748067e-03 1.903994040737149243e-02 9.997730871614605164e-01 1.179451415261162817e+00
6.139799392031000114e-01 7.892810285373131896e-01 -8.005763376398872949e-03 8.595565268716720553e+00 -7.892222534936818024e-01 6.137101218774914102e-01 -2.209345820530443649e-02 5.454060967004789973e+01 -1.252472939877671138e-02 1.988326673853775539e-02 9.997238553006982942e-01 1.216264582752371926e+00
5.931636648310649740e-01 8.050049640518045502e-01 -1.112989560295687443e-02 8.773459940659707357e+00 -8.047406358948391292e-01 5.924530876031832705e-01 -3.730747819170623231e-02 5.461008452864888341e+01 -2.343876412590507191e-02 3.108611975476418751e-02 9.992418513527356883e-01 1.163634573386021609e+00
5.703032690742726452e-01 8.213218116797450508e-01 -1.358907437242530027e-02 8.997826328333987433e+00 -8.208393825153826873e-01 5.691828394755763521e-01 -4.747213243878559835e-02 5.472769374047355484e+01 -3.125522988178235789e-02 3.822795973658344587e-02 9.987801227995154463e-01 1.262473811024293013e+00
5.436395372648319402e-01 8.392057268511943224e-01 -1.377684806615979592e-02 9.183177146694776027e+00 -8.386863323807474124e-01 5.425195824069983797e-01 -4.772565958335912850e-02 5.480785316581619071e+01 -3.257743698036788538e-02 3.750000966793060053e-02 9.987654679025979032e-01 1.260275761652403403e+00
5.187630080516787423e-01 8.548039832586972198e-01 -1.396752240874724049e-02 9.343459259933094785e+00 -8.542668557035185684e-01 5.176610738480234009e-01 -4.748843931880004920e-02 5.490376465602190592e+01 -3.336286443934077806e-02 3.656723707878926921e-02 9.987741268419130236e-01 1.276343137863030774e+00
4.954314407216617866e-01 8.685273236874795355e-01 -1.442135752010919626e-02 9.522642667319802356e+00 -8.679671665497119548e-01 4.943187150299603871e-01 -4.777034396771475538e-02 5.501095838443327324e+01 -3.436110207958158885e-02 3.618419516022382959e-02 9.987542333749996892e-01 1.282326486273157151e+00
4.695475620344055079e-01 8.827836257790910857e-01 -1.477014027920747936e-02 9.721620733090645672e+00 -8.822151372042905670e-01 4.684516348572036470e-01 -4.742907849861471847e-02 5.509642220731041817e+01 -3.495051752350326196e-02 3.530064951151062891e-02 9.987654006166336584e-01 1.285305287301384158e+00
4.407911158122308493e-01 8.974812962798098814e-01 -1.518272205240612724e-02 9.927054497395992883e+00 -8.968677889539152792e-01 4.396761914979373520e-01 -4.809382254286308916e-02 5.517166154611480522e+01 -3.648782479024623160e-02 3.481622405978738316e-02 9.987274248684147038e-01 1.291210825111954952e+00
4.119180257978798387e-01 9.110808347304678589e-01 -1.597662697853350494e-02 1.013237621063398208e+01 -9.104325805947334205e-01 4.107692369341827687e-01 -4.879703044370144183e-02 5.524659240823393702e+01 -3.789533235626127428e-02 3.464601817443423160e-02 9.986809286304937361e-01 1.286191829467191683e+00
3.829637178042520906e-01 9.236202213711527387e-01 -1.626276482790596847e-02 1.036736105685974074e+01 -9.229368230347702040e-01 3.818171775107096488e-01 -4.902309296893056501e-02 5.530574276424456315e+01 -3.906931701515076183e-02 3.378357044567427414e-02 9.986652386239904811e-01 1.301458055778549339e+00
3.526183970529191969e-01 9.356164742369633691e-01 -1.679521349145946668e-02 1.061638824761718247e+01 -9.349100589442281839e-01 3.514706280661987758e-01 -4.910783330235216071e-02 5.537533275080889439e+01 -4.004307361741410443e-02 3.301833949709864768e-02 9.986522625579560275e-01 1.305273956670760294e+00
3.229723463322535792e-01 9.462635109526071897e-01 -1.655993189248684827e-02 1.085847593358572460e+01 -9.455264998121957198e-01 3.218667830852725009e-01 -4.879971413067694247e-02 5.543577877596291614e+01 -4.084729682043197752e-02 3.141881261255940333e-02 9.986712955504831735e-01 1.334630679533401754e+00
2.938023825301517844e-01 9.557168801605335773e-01 -1.689393369889953880e-02 1.114418551751846032e+01 -9.549624262433802357e-01 2.927103742847967371e-01 -4.865594772903782117e-02 5.548340998787050893e+01 -4.155628090870260027e-02 3.042830528094974188e-02 9.986727160360227007e-01 1.341860231069492482e+00
2.651381574439503064e-01 9.640674990913171705e-01 -1.660164639548082632e-02 1.141334388513153364e+01 -9.632918405208072965e-01 2.640949059365947926e-01 -4.819450844626433500e-02 5.554030905854195055e+01 -4.207834898451828787e-02 2.877043368033777720e-02 9.986999923363283349e-01 1.357904503466264012e+00
2.361293880262099742e-01 9.715818994854535928e-01 -1.647800663326359771e-02 1.169786746204641048e+01 -9.707827793415387818e-01 2.351220839201606516e-01 -4.794164147125514613e-02 5.558024740059525470e+01 -4.270488782662948402e-02 2.731699553902739580e-02 9.987142105279346316e-01 1.378446211499211760e+00
2.071592517646221321e-01 9.781722164206501091e-01 -1.625298221973596122e-02 1.198237155262244436e+01 -9.773566541424552057e-01 2.061972109166235745e-01 -4.750453466429396809e-02 5.561946665234185616e+01 -4.311629635981699404e-02 2.572596417859964943e-02 9.987387845454355206e-01 1.406946689846083398e+00
1.779008909807691108e-01 9.839133248457719860e-01 -1.630466740497569372e-02 1.226688319615864309e+01 -9.830774066745820994e-01 1.769650739351021906e-01 -4.735161130439309585e-02 5.565769683597386575e+01 -4.370452464250127594e-02 2.445264398960168839e-02 9.987452041074794673e-01 1.433732354264140252e+00
1.477471505333366464e-01 9.888883957956038362e-01 -1.644749738035855904e-02 1.257137027729967649e+01 -9.880438090118410788e-01 1.468394932684490284e-01 -4.698504751554334613e-02 5.566955919497110017e+01 -4.404782608315988002e-02 2.319275484849671332e-02 9.987601739856697414e-01 1.446640687270079662e+00
1.175756565812904331e-01 9.929223917431074797e-01 -1.676570769833791302e-02 1.287637914470764855e+01 -9.920573088543892526e-01 1.166797706091909914e-01 -4.699071269063831435e-02 5.566363431799769756e+01 -4.470191190615895038e-02 2.215750675807701131e-02 9.987546164930601877e-01 1.453345234028836641e+00
8.707614219801507183e-02 9.960600684633507118e-01 -1.679540034343901186e-02 1.315537779498526305e+01 -9.951681256643769569e-01 8.620566448860367270e-02 -4.699984118834116265e-02 5.567121961551838893e+01 -4.536680638486742523e-02 2.080681193416315800e-02 9.987536880810875539e-01 1.473529183470156934e+00
5.757950317296356424e-02 9.981891302270110566e-01 -1.740865046458121845e-02 1.343960143482985536e+01 -9.972889011797284597e-01 5.670976886835510378e-02 -4.689189374111198128e-02 5.566593772203583512e+01 -4.581973808398159820e-02 2.006146583729680188e-02 9.987482611701380408e-01 1.472898998280297800e+00
2.912756906941382784e-02 9.994154324094230990e-01 -1.789911120678792933e-02 1.372514395106190577e+01 -9.984927386084281320e-01 2.825802558295043010e-02 -4.705034470006487501e-02 5.567104581307648203e+01 -4.651704705103423820e-02 1.924259473251336075e-02 9.987321397059434336e-01 1.473772073214787648e+00
2.610917571851945063e-03 9.998278957391877331e-01 -1.836741710697500918e-02 1.401171831117536648e+01 -9.988784766716478636e-01 1.739223733753236800e-03 -4.731557822676057956e-02 5.565921401396439450e+01 -4.727548996638473999e-02 1.847035469482255846e-02 9.987111063995862681e-01 1.485682047329886402e+00
-2.269174452748878856e-02 9.995655106406271528e-01 -1.881155676815493213e-02 1.433968099158003362e+01 -9.986095982845151209e-01 -2.355755176836882292e-02 -4.715837114150714382e-02 5.562997273420069178e+01 -4.758103555345020996e-02 1.771529543707797694e-02 9.987102749863137063e-01 1.486370733243885356e+00
-4.672067499380738731e-02 9.987204571166630185e-01 -1.935528519052461330e-02 1.466904853025440936e+01 -9.977392284429509317e-01 -4.759429875975174085e-02 -4.744696778122250991e-02 5.558755995678479422e+01 -4.830745857720016023e-02 1.709477295113916162e-02 9.986862160776832642e-01 1.501382075930598470e+00
-6.866060308435351089e-02 9.974480073247294909e-01 -1.957534847760834459e-02 1.498653025733960753e+01 -9.964595910225330089e-01 -6.952041256472973885e-02 -4.727785629696396041e-02 5.554331618968578965e+01 -4.851808985625327697e-02 1.625991761223624654e-02 9.986899468984073991e-01 1.512341996626312524e+00
-8.937936766069176642e-02 9.957973315615002985e-01 -1.997506174133700796e-02 1.535058989954114139e+01 -9.948120750329196849e-01 -9.023327448898799119e-02 -4.697756425882019388e-02 5.550915454094469226e+01 -4.858254836123260256e-02 1.567260763211728719e-02 9.986962027387198404e-01 1.513376739798403037e+00
-1.083282510879068905e-01 9.939107792688725018e-01 -2.015819608442611516e-02 1.568730054519602568e+01 -9.929345280118490047e-01 -1.091653184832857004e-01 -4.651834393365428255e-02 5.545505649536691806e+01 -4.843565936500065366e-02 1.497651807282144795e-02 9.987140185299754336e-01 1.531525874762206696e+00
-1.258631218469257185e-01 9.918377548498606977e-01 -2.040447532610904086e-02 1.603961938487451633e+01 -9.908749315566769411e-01 -1.266875257420729817e-01 -4.601239869755312240e-02 5.538588305487795083e+01 -4.822182671256767389e-02 1.442701894846874430e-02 9.987324549411437102e-01 1.539467102167301649e+00
-1.426838562019607792e-01 9.895449338262328753e-01 -2.102715192731377872e-02 1.641480551403830290e+01 -9.885720530232674497e-01 -1.435234249456811551e-01 -4.611206429149761893e-02 5.533675284623173241e+01 -4.864784846938227658e-02 1.420740759947311527e-02 9.987149425179351336e-01 1.556087770343516086e+00
-1.583982927746154790e-01 9.871474835442994866e-01 -2.120911545172597668e-02 1.678438246780377696e+01 -9.861878729443480651e-01 -1.592244403657614438e-01 -4.561860199209305522e-02 5.526688943088034023e+01 -4.840929769775750846e-02 1.369026378005654132e-02 9.987337566008482881e-01 1.564617475073224240e+00
-1.721753412275732753e-01 9.848285754206632658e-01 -2.164090820818870622e-02 1.715276083878865876e+01 -9.838894922104147733e-01 -1.730016857930076757e-01 -4.507642211521463438e-02 5.519818768446182844e+01 -4.813646217889570866e-02 1.353121382892176136e-02 9.987491112692995499e-01 1.570620107553404088e+00
-1.851326491993710022e-01 9.824753836118390593e-01 -2.163383454667144878e-02 1.754649608008093509e+01 -9.815631828748055954e-01 -1.859359924887158400e-01 -4.428910387349761085e-02 5.513089058811781484e+01 -4.753546281571116583e-02 1.303561636465102452e-02 9.987844875051322679e-01 1.594895883990676611e+00
-1.972815624995472028e-01 9.801003720821211962e-01 -2.198285109409044841e-02 1.794309248785186384e+01 -9.792131994036700204e-01 -1.980819502153161604e-01 -4.364689121261176169e-02 5.506096970751747932e+01 -4.713274033371898236e-02 1.291517105518697611e-02 9.988051377246962570e-01 1.605920311930591149e+00
-2.093385523668342962e-01 9.776298402538496912e-01 -2.042708834343332641e-02 1.834974480141708142e+01 -9.768218200480887070e-01 -2.100288137329657800e-01 -4.131621086042013696e-02 5.500076408012585460e+01 -4.468223775615669940e-02 1.130454984311241202e-02 9.989372877122701944e-01 1.665664691981798784e+00
-2.207636231399621174e-01 9.751156394319195897e-01 -2.032024688324294420e-02 1.875822503942313801e+01 -9.743398495735062781e-01 -2.214295288335654810e-01 -4.038342845305415568e-02 5.490786907577736997e+01 -4.387801535159126937e-02 1.088363431140577410e-02 9.989776104963419279e-01 1.677392631156100045e+00
-2.310841543145043531e-01 9.726983352843174835e-01 -2.140238677970223574e-02 1.914846110333131790e+01 -9.719047744702733471e-01 -2.317953445500064991e-01 -4.089043417269038611e-02 5.475781605403292929e+01 -4.473503086662248412e-02 1.135195049590299703e-02 9.989343873514920924e-01 1.677414883314942040e+00
-2.396649710869971361e-01 9.705874393799958089e-01 -2.281938105322005306e-02 1.954084545319710742e+01 -9.697585744784313899e-01 -2.404450872520322857e-01 -4.188636104895746004e-02 5.462279755146638394e+01 -4.614118398383247610e-02 1.209059693091289397e-02 9.988617565040841528e-01 1.664170136790599219e+00
-2.461515934167231023e-01 9.689375402081743527e-01 -2.386286306671288326e-02 1.995419160468009778e+01 -9.680351433668006322e-01 -2.469961004685372608e-01 -4.359916925990778985e-02 5.449184124059608081e+01 -4.813890594130766643e-02 1.236808508495602400e-02 9.987640743469426985e-01 1.695798922591164937e+00
-2.528708424855388159e-01 9.672154769538440222e-01 -2.346397582684399408e-02 2.039051755100673446e+01 -9.663666806901666240e-01 -2.536738707755004096e-01 -4.224932825081246374e-02 5.437068059512672136e+01 -4.681640174686736711e-02 1.199118120635052874e-02 9.988315353956103149e-01 1.712878884358661313e+00
-2.607896477077900066e-01 9.651278956475426440e-01 -2.273553807133690818e-02 2.084397265024220758e+01 -9.643854392354365146e-01 -2.615215934100136863e-01 -3.958763406623164172e-02 5.428873334011566953e+01 -4.415296410345716238e-02 1.160177672746278386e-02 9.989574137758050476e-01 1.714459256235668860e+00
-2.672120810652514056e-01 9.633827899670170947e-01 -2.216537227624239270e-02 2.126028903497049427e+01 -9.627201729326131385e-01 -2.678905553454540289e-01 -3.747691269707460748e-02 5.419312583442328446e+01 -4.204250660197934863e-02 1.132476719721378991e-02 9.990516389489341176e-01 1.714919308554650135e+00
-2.720922702295254236e-01 9.620039119150814999e-01 -2.267752061894709459e-02 2.167815794151277586e+01 -9.613437385100164212e-01 -2.727889608991169723e-01 -3.747531506425093306e-02 5.406878976404112791e+01 -4.223757697747046458e-02 1.160414889855781485e-02 9.990402048062992924e-01 1.744838541790093123e+00
-2.770419504935925925e-01 9.605684060187963391e-01 -2.358166714239891271e-02 2.213825232783468877e+01 -9.598978287621685590e-01 -2.777785918826281009e-01 -3.788419498127233026e-02 5.389892345686075004e+01 -4.294084307952644730e-02 1.214047981808962819e-02 9.990038502155064171e-01 1.758609501759022642e+00
-2.823229287008151012e-01 9.589989954751746426e-01 -2.479295479366153132e-02 2.254103294179741113e+01 -9.582945041304625766e-01 -2.831214383842832749e-01 -3.890879695603124966e-02 5.373525681393478948e+01 -4.433291421895946272e-02 1.277410681106874550e-02 9.989351404931322564e-01 1.765269737802458438e+00
-2.868070046079007618e-01 9.576489833313726052e-01 -2.549836920729764075e-02 2.299211467388347074e+01 -9.569204158090121037e-01 -2.876422230333688379e-01 -3.956348488605136715e-02 5.358351163849303589e+01 -4.522233868068591123e-02 1.305282547228062313e-02 9.988916677154933144e-01 1.782869890154082038e+00
-2.902156592783768918e-01 9.566183470282705326e-01 -2.561658131985699097e-02 2.343805496490469409e+01 -9.559362342806390078e-01 -2.910395603723654467e-01 -3.849532812708576779e-02 5.344841475905156614e+01 -4.428077572681779484e-02 1.331587125050821482e-02 9.989303781915289671e-01 1.790643306366260790e+00
-2.942840237089197064e-01 9.553662268412236314e-01 -2.592847856802224515e-02 2.389011675069076190e+01 -9.547185155476313190e-01 -2.951084874782099465e-01 -3.772978516836864027e-02 5.333600887027917992e+01 -4.369747658865451301e-02 1.365112557585013153e-02 9.989515390199348310e-01 1.802038088265820681e+00
-2.982279801528699981e-01 9.541518382434219792e-01 -2.558009833130032648e-02 2.435254107492490050e+01 -9.535645558265617439e-01 -2.990131793468708832e-01 -3.613525215310797734e-02 5.318410510285040971e+01 -4.212730379732522457e-02 1.361573184135013957e-02 9.990194703413904920e-01 1.804969177390447710e+00
-3.021436487294604234e-01 9.529283988853747278e-01 -2.523256091253924666e-02 2.480703445523947082e+01 -9.523159830532159642e-01 -3.029171254359981358e-01 -3.654426820965519379e-02 5.303198504865788721e+01 -4.246744581247952760e-02 1.298775251336172637e-02 9.990134305057243314e-01 1.842730124848973805e+00
-3.061376706642369161e-01 9.516400947009260314e-01 -2.570713437722130235e-02 2.526894747316448075e+01 -9.509912005208922547e-01 -3.069407913690518352e-01 -3.745780460161807213e-02 5.285153009083821729e+01 -4.353691688794744663e-02 1.298001353441009982e-02 9.989674950250075902e-01 1.871197628954013537e+00
-3.087645880652380992e-01 9.507732224143885524e-01 -2.635732719119839376e-02 2.572086841510263611e+01 -9.501051747919992962e-01 -3.096020654987965415e-01 -3.803574466661063802e-02 5.269857349327623552e+01 -4.432365046302690070e-02 1.329814192430285938e-02 9.989287128874575483e-01 1.877882881413899918e+00
-3.110070608762081079e-01 9.500304696608022903e-01 -2.677152967646502860e-02 2.617013778587210737e+01 -9.493631747652194752e-01 -3.118622220161877401e-01 -3.809877791779276573e-02 5.252876109531566584e+01 -4.454402861041796557e-02 1.356691546378201163e-02 9.989152958684499595e-01 1.896759130274438654e+00
-3.125183024034869916e-01 9.495250876610309421e-01 -2.710015802821393385e-02 2.660752743619499938e+01 -9.488930815920516570e-01 -3.133769645818600402e-01 -3.737375785493783631e-02 5.238145563126501258e+01 -4.397988596600239941e-02 1.403516910375934498e-02 9.989338234631192082e-01 1.890727031685035753e+00
-3.138856686378499461e-01 9.490498729158940439e-01 -2.793073114145148278e-02 2.706185496172439997e+01 -9.484266905393656799e-01 -3.147807053411590950e-01 -3.741550771363937045e-02 5.222541430620680103e+01 -4.430123809011345809e-02 1.474605924471131084e-02 9.989093822967298753e-01 1.906412948683569253e+00
-3.149116853272424521e-01 9.486769987010673644e-01 -2.902727303574774431e-02 2.752999911058768134e+01 -9.480461806987031670e-01 -3.158629869291404990e-01 -3.793432154137595796e-02 5.208043820679190361e+01 -4.515605947111274443e-02 1.557323420929888035e-02 9.988585508816069103e-01 1.920088524338919189e+00
-3.151117755454821978e-01 9.485811716352351430e-01 -2.997214926725749046e-02 2.798738914348514228e+01 -9.479536042122690409e-01 -3.161099735356165397e-01 -3.818964378311474200e-02 5.192300028548430646e+01 -4.570047235579755701e-02 1.637820046393808487e-02 9.988209155679610429e-01 1.940124181533302794e+00
-3.146442578047170535e-01 9.487179539865748801e-01 -3.054889219016854521e-02 2.845635029462425081e+01 -9.481066917717921871e-01 -3.156668828037993979e-01 -3.805417346994423994e-02 5.174307756639948508e+01 -4.574595116583551890e-02 1.699008194389128867e-02 9.988086128320444734e-01 1.951244707146796653e+00
-3.143901464165992365e-01 9.487950147047745642e-01 -3.077102382950921630e-02 2.895108412237239293e+01 -9.481751198855572493e-01 -3.154278553225229320e-01 -3.833027676189063038e-02 5.159078234436447019e+01 -4.607361355655642532e-02 1.712565788518668336e-02 9.987912364332401927e-01 1.998539718366314055e+00
-3.143177045582516982e-01 9.488056595964690088e-01 -3.118013660875257331e-02 2.944379114061526437e+01 -9.481515558899161755e-01 -3.153897634938305217e-01 -3.921637600335316914e-02 5.140963877727664055e+01 -4.704261541158445692e-02 1.723709375198160393e-02 9.987441488861014127e-01 2.013126015807675806e+00
-3.140975041133939882e-01 9.488866866696700209e-01 -3.093240648240046589e-02 2.992600152191154450e+01 -9.482102573621636887e-01 -3.151646590390295710e-01 -3.960486745328292701e-02 5.124054866836303290e+01 -4.732933279601948817e-02 1.689063509369004984e-02 9.987365221634860735e-01 2.029520870071098049e+00
-3.137303048522503968e-01 9.489916773240303360e-01 -3.143393368699329976e-02 3.041819947181609862e+01 -9.483020446868404285e-01 -3.148295645049608016e-01 -4.006965630468010964e-02 5.107666768331114326e+01 -4.792210199972967571e-02 1.723779810013412531e-02 9.987023232458140942e-01 2.054013324860129330e+00
-3.133424003323874718e-01 9.491095277872138025e-01 -3.174341534033811585e-02 3.090532098448961662e+01 -9.484387677413498308e-01 -3.144520003363742155e-01 -3.979752919117252041e-02 5.091965701971288638e+01 -4.775399458900929373e-02 1.763643240523188674e-02 9.987034155608003339e-01 2.064214776064625667e+00
-3.128903925206709680e-01 9.492425632196216378e-01 -3.222046617451591877e-02 3.138868594694142899e+01 -9.485944171082011378e-01 -3.140179801696389994e-01 -3.951379457015456731e-02 5.077095673749053617e+01 -4.762598134855275389e-02 1.820066763673261478e-02 9.986994050254383026e-01 2.083662017539517741e+00
-3.118664850938861477e-01 9.495296726325023196e-01 -3.365555326537783554e-02 3.188395465238954429e+01 -9.489033801916345601e-01 -3.130660981635704498e-01 -3.964836997316279615e-02 5.060797955033457640e+01 -4.818371650335762091e-02 1.957087047250438000e-02 9.986467395895670673e-01 2.096300252747570703e+00
-3.109311014751883206e-01 9.498088782946135789e-01 -3.442302787603446212e-02 3.236586026738855537e+01 -9.492213244045323295e-01 -3.121589870123773203e-01 -3.918729542992560599e-02 5.043506116890819158e+01 -4.796589862737901666e-02 2.049052317864318712e-02 9.986387790531336961e-01 2.100106242217696817e+00
-3.106556386972338935e-01 9.498819088411197820e-01 -3.489173830528564252e-02 3.287990207249178809e+01 -9.493109023119762346e-01 -3.119033912999253921e-01 -3.905233984318126628e-02 5.026736226707157584e+01 -4.797796262072123036e-02 2.099127799721914669e-02 9.986277992078971266e-01 2.113524769105454393e+00
-3.097043968858497198e-01 9.502270844032169039e-01 -3.393633180138342503e-02 3.338472768714753869e+01 -9.496592740677219924e-01 -3.108978196490737034e-01 -3.859804288586733689e-02 5.007961315988554674e+01 -4.722763731904568857e-02 2.027396863008141745e-02 9.986783849013891601e-01 2.154645926337647399e+00
-3.092321583161106169e-01 9.503847848392984465e-01 -3.382651340472924567e-02 3.390546739954822186e+01 -9.498133226274890761e-01 -3.104215419608391535e-01 -3.864089085391674699e-02 4.991755199965284362e+01 -4.722419319045353253e-02 2.017986701183525217e-02 9.986804536711907376e-01 2.175287151885684445e+00
-3.082857818082946899e-01 9.507080834967451821e-01 -3.337688884235642112e-02 3.443167260168928578e+01 -9.501111806986557440e-01 -3.094618980423724519e-01 -3.901381769859633281e-02 4.974801878497628138e+01 -4.741962722602879182e-02 1.968434997552100107e-02 9.986810828887195957e-01 2.209325553806963160e+00
-3.074559664261564684e-01 9.509769874663126510e-01 -3.337061609342694551e-02 3.495439890802443728e+01 -9.503984387289777791e-01 -3.086249975137236312e-01 -3.864477417679795801e-02 4.958533079380511310e+01 -4.704929723683259207e-02 1.983381504276907417e-02 9.986956410290220854e-01 2.221062858849307098e+00
-3.056946729043668043e-01 9.515169372649373569e-01 -3.415091588590307009e-02 3.543841535121703146e+01 -9.509381439467295971e-01 -3.069094903978986100e-01 -3.902833702390703929e-02 4.939684096440449679e+01 -4.761736390269578206e-02 2.054465384609690040e-02 9.986543465350272708e-01 2.228160061585486407e+00
-3.051096010313589790e-01 9.517101500289585347e-01 -3.399884836789163201e-02 3.598393413849118616e+01 -9.511731851700614415e-01 -3.062982344190501305e-01 -3.809151355897087698e-02 4.923945912960205362e+01 -4.666586731140447142e-02 2.071670638954323240e-02 9.986957068619268796e-01 2.245534088069280454e+00
-3.032326804073539606e-01 9.523650836987332946e-01 -3.241433146737367904e-02 3.649376049825968238e+01 -9.518075834228888477e-01 -3.043451084668213902e-01 -3.789959222735440891e-02 4.907090390010640846e+01 -4.595939155006956850e-02 1.935981156478305820e-02 9.987556918608891943e-01 2.294530250881733568e+00
-3.019734964600377936e-01 9.528404132360386303e-01 -3.011900296948115049e-02 3.705576934039531523e+01 -9.522849912239215175e-01 -3.029654267573727022e-01 -3.694923110674141337e-02 4.889878512583463532e+01 -4.433173722465678923e-02 1.752418596965293895e-02 9.988631537807093341e-01 2.338727373297675882e+00
-3.009527009132109132e-01 9.531640474952685071e-01 -3.009601926303521330e-02 3.757500023856028548e+01 -9.526428143429785944e-01 -3.019307278870360101e-01 -3.618706727954191377e-02 4.873744098072271669e+01 -4.357912451774224177e-02 1.778016085535214647e-02 9.988917487827321251e-01 2.332833248698350737e+00
-2.995884998770041996e-01 9.535870096469972745e-01 -3.030752008898560113e-02 3.807802580887724986e+01 -9.530492880149578072e-01 -3.005853784276517615e-01 -3.668085181246218129e-02 4.858004934681951426e+01 -4.408838118630183101e-02 1.789539907360052778e-02 9.988673432124848262e-01 2.328384628434294612e+00
-2.975927866054119963e-01 9.541904373232904524e-01 -3.097002875706513988e-02 3.859149155662525743e+01 -9.536662545825190795e-01 -2.986203311369681757e-01 -3.669567688702944641e-02 4.840178095916527923e+01 -4.426294421946500024e-02 1.861470258788032114e-02 9.988464770006396654e-01 2.334255507719793066e+00
-2.966834338221437939e-01 9.544164358840314666e-01 -3.268343632368679585e-02 3.912576248330205431e+01 -9.539470427250742457e-01 -2.977784077978298249e-01 -3.623616322784796451e-02 4.825472111508948103e+01 -4.431681138786386365e-02 2.042759809209665836e-02 9.988086570833275557e-01 2.346749744947827399e+00
-2.958213546148782402e-01 9.546590616861523326e-01 -3.340362397007638068e-02 3.965560821681251014e+01 -9.542456299685229126e-01 -2.969294345084809716e-01 -3.532971282717991407e-02 4.812412185144579979e+01 -4.364634967320549924e-02 2.142397869186619258e-02 9.988173052651895256e-01 2.379433593114158807e+00
-2.940343532660649739e-01 9.551894613962085279e-01 -3.401311419186456297e-02 4.015315537963702042e+01 -9.548612052621400226e-01 -2.951336082983775366e-01 -3.370803966584146744e-02 4.797808354050025770e+01 -4.223597737404685692e-02 2.256648156895004267e-02 9.988527800055707617e-01 2.400074266211835727e+00
-2.922033524554985551e-01 9.557564358676483574e-01 -3.386496879280460198e-02 4.067624538970050452e+01 -9.554099432981345563e-01 -2.933059958169874637e-01 -3.410913462491944881e-02 4.780715664372110041e+01 -4.253282333472755555e-02 2.238812442736915972e-02 9.988441974721590233e-01 2.427283570186139272e+00
-2.914224887152165877e-01 9.560068934647396599e-01 -3.352242113762124442e-02 4.121918531051747436e+01 -9.556555146798129119e-01 -2.925099032655387177e-01 -3.406602051381388968e-02 4.763704584027347977e+01 -4.237299060830952702e-02 2.210828214682761250e-02 9.988572237949847610e-01 2.438039423008715900e+00
-2.903343796182709102e-01 9.563427377303270749e-01 -3.338436763122920592e-02 4.173227626762800213e+01 -9.559781483387326251e-01 -2.914222524064509212e-01 -3.433439530848320098e-02 4.746653309912277052e+01 -4.256439721788793373e-02 2.194627059010507281e-02 9.988526584520179830e-01 2.463058266911778205e+00
-2.892404426346022461e-01 9.566743720358014125e-01 -3.337831982656674912e-02 4.223983370323160358e+01 -9.563209392782315854e-01 -2.903232595647897707e-01 -3.409788928477438391e-02 4.730889583623128658e+01 -4.231107943010271877e-02 2.205789757843772819e-02 9.988609621523301119e-01 2.489462082661401343e+00
-2.887539855446046300e-01 9.568057343889729838e-01 -3.382192295662899556e-02 4.274897687334573959e+01 -9.564754286911490988e-01 -2.898490188554820879e-01 -3.379793749027763805e-02 4.716112288008206832e+01 -4.214131158600232380e-02 2.259054910559565171e-02 9.988562343745566174e-01 2.510573511676625902e+00
-2.882815178551878521e-01 9.569472656011711598e-01 -3.384815093251656443e-02 4.326113330692961512e+01 -9.566209820594367974e-01 -2.893762664272565566e-01 -3.372941019733462220e-02 4.702092190174187181e+01 -4.207211840099752548e-02 2.265628581791215984e-02 9.988576623154019618e-01 2.548011140488589010e+00
-2.872523253162939660e-01 9.572444504562293011e-01 -3.419303541855042705e-02 4.376597759336139148e+01 -9.569215399887528450e-01 -2.883650527907826167e-01 -3.386388392555205601e-02 4.684865191322770528e+01 -4.227609142217599036e-02 2.299257270775334483e-02 9.988413656303699595e-01 2.578401812112450120e+00
-2.868741967113086488e-01 9.573145338774714519e-01 -3.538472111239535783e-02 4.428409927419239978e+01 -9.570320811960241203e-01 -2.880308654271763746e-01 -3.358297370512845770e-02 4.669614161295015720e+01 -4.234136066364691670e-02 2.423022468390090625e-02 9.988093438634415566e-01 2.586405928860397552e+00
-2.870124229269437333e-01 9.572486434566150892e-01 -3.604030640930004636e-02 4.478430346790121064e+01 -9.569860911362043643e-01 -2.881945607881859495e-01 -3.348905050839215414e-02 4.653337595039071317e+01 -4.244396844610830166e-02 2.487829842605070868e-02 9.987890567131630926e-01 2.601377556533996493e+00
-2.874254349730549496e-01 9.571473750726524621e-01 -3.543334195473508974e-02 4.529324128383844794e+01 -9.568687301131089118e-01 -2.885821127413890075e-01 -3.350518672448234148e-02 4.639191004401909879e+01 -4.229483020744291555e-02 2.427481405175313869e-02 9.988102325970015238e-01 2.630525432136892494e+00
-2.879084357148624651e-01 9.569835519149346714e-01 -3.593346641358820953e-02 4.579113261716445038e+01 -9.567137499280365942e-01 -2.890878231598599246e-01 -3.357128533922634078e-02 4.623710104376794305e+01 -4.251509547037474884e-02 2.471258515350317764e-02 9.987901455221590563e-01 2.651829836369728355e+00
-2.882206861438914025e-01 9.568833650078142350e-01 -3.609794800355192040e-02 4.630047063031236121e+01 -9.566186982136030137e-01 -2.894061440969368793e-01 -3.353729248247724892e-02 4.609423754718047661e+01 -4.253824522540376046e-02 2.486583057663219881e-02 9.987853564019035790e-01 2.669637491423617170e+00
-2.885821532461583239e-01 9.567563899318586307e-01 -3.657254642992180393e-02 4.679979083297325104e+01 -9.564888564407280080e-01 -2.897961908789716823e-01 -3.387086147040906103e-02 4.593075163779260350e+01 -4.300474779044631546e-02 2.520670697644834812e-02 9.987568340646704179e-01 2.714212215991371302e+00
-2.893664814822742848e-01 9.565024237364215809e-01 -3.701557484248862995e-02 4.730239898721194436e+01 -9.562312806304399393e-01 -2.906075783127779477e-01 -3.419025257367638154e-02 4.578479277120933943e+01 -4.346006601971288963e-02 2.550193744666979026e-02 9.987296300040509056e-01 2.742852605086981477e+00
-2.892941374554702794e-01 9.565197257855081459e-01 -3.713376114954673041e-02 4.781072868143650823e+01 -9.562539378878039953e-01 -2.905390756744192782e-01 -3.413871380591215754e-02 4.561397869385104542e+01 -4.344316180900501673e-02 2.563317556351868420e-02 9.987270057440954529e-01 2.761619806060940263e+00
-2.889489135823117838e-01 9.566373781021243472e-01 -3.678929406084046477e-02 4.831210103281733836e+01 -9.563747793544751241e-01 -2.901722332223790612e-01 -3.387265093576644764e-02 4.546691703429718245e+01 -4.307907559686897231e-02 2.539688730200060848e-02 9.987488129460223574e-01 2.772249442984238144e+00
-2.890184252787149077e-01 9.566192460176357049e-01 -3.671468368462685317e-02 4.881774675813090170e+01 -9.563673290449710152e-01 -2.902310264543366269e-01 -3.357801689573702841e-02 4.533438910662768961e+01 -4.277711753730292776e-02 2.540805840500957175e-02 9.987615074597575582e-01 2.786656888125581766e+00
-2.885406449531777717e-01 9.567539644521623199e-01 -3.696143551154945639e-02 4.933060410597251177e+01 -9.565156844894771027e-01 -2.897598983326024058e-01 -3.342075169571932791e-02 4.518011710276766735e+01 -4.268537847590440915e-02 2.571094753894053245e-02 9.987576811424373480e-01 2.817163070504438149e+00
-2.878296337590533494e-01 9.569702525658545511e-01 -3.690579404611313979e-02 4.983538157957362102e+01 -9.567117296147666927e-01 -2.890584739747352749e-01 -3.388015703799394235e-02 4.499709195834260100e+01 -4.309023494541520255e-02 2.555649286271825110e-02 9.987442602212573961e-01 2.846413147664505594e+00
-2.871296305818480388e-01 9.571918008320873250e-01 -3.661190601099181124e-02 5.034305388537775627e+01 -9.569103397914994202e-01 -2.883555745746682053e-01 -3.425878298817190692e-02 4.483367767085701416e+01 -4.334947337683722063e-02 2.519759971781512092e-02 9.987421609837103809e-01 2.868173451780383854e+00
-2.853694604692511572e-01 9.577044463496467985e-01 -3.696572025005011308e-02 5.086649808572204279e+01 -9.574392532780710008e-01 -2.866083064236222278e-01 -3.414315409145628200e-02 4.469330229066838456e+01 -4.329373296238507585e-02 2.564901813129666364e-02 9.987330877442091026e-01 2.882294656741472672e+00
-2.833606901073906226e-01 9.582921188689469405e-01 -3.718782348468133853e-02 5.139364683202535389e+01 -9.580429217449756285e-01 -2.846051040365202844e-01 -3.396608382949368315e-02 4.455579368381748395e+01 -4.313327481439525185e-02 2.600287811042972450e-02 9.987308801342631437e-01 2.913171191141937122e+00
-2.815033674560547539e-01 9.588321888638798862e-01 -3.737228531147589877e-02 5.193283533135777930e+01 -9.586015423311896599e-01 -2.827493027779297563e-01 -3.370333542631717694e-02 4.439165085229479502e+01 -4.288283049386692330e-02 2.633752792301282883e-02 9.987328959595447309e-01 2.942871788395459376e+00
-2.802131758526233973e-01 9.592464383872617573e-01 -3.642590451779800786e-02 5.248257674670857398e+01 -9.589731480306592504e-01 -2.814307110261886624e-01 -3.416513204220076455e-02 4.422287108382980847e+01 -4.302414943672755454e-02 2.535794417232767328e-02 9.987521700765407129e-01 2.984700216732532940e+00
-2.781339498870416538e-01 9.598789753243880396e-01 -3.569115647377323758e-02 5.300663766525069320e+01 -9.595674617729500477e-01 -2.793334192186260889e-01 -3.468612423216617391e-02 4.407215563965768723e+01 -4.326421415963217082e-02 2.460068368631477750e-02 9.987607391839725679e-01 3.001151335802324738e+00
-2.770197612646183583e-01 9.602019432125306064e-01 -3.566903586830337536e-02 5.355443394226021780e+01 -9.598913047428605516e-01 -2.782186185312773841e-01 -3.468549237933300777e-02 4.390567923972779596e+01 -4.322886706754092145e-02 2.462983056027705231e-02 9.987615513718121063e-01 3.008316282298689082e+00
-2.755969642495925687e-01 9.605959448036057724e-01 -3.607969128578072254e-02 5.407715184109606810e+01 -9.602984529394399393e-01 -2.768133861681956187e-01 -3.465877262997407726e-02 4.375576158672173221e+01 -4.328041795694339416e-02 2.509541920283010416e-02 9.987477285864065912e-01 3.025236318643886424e+00
-2.737279020239040683e-01 9.610984276176345320e-01 -3.691677240094264761e-02 5.462827423948355943e+01 -9.608419882065964979e-01 -2.749708149206659957e-01 -3.425966492918606360e-02 4.361264551292097735e+01 -4.307794508547568152e-02 2.609335878678411755e-02 9.987309083403982379e-01 3.050442784599641577e+00
-2.721589578802006137e-01 9.615091696109768771e-01 -3.781029488873732108e-02 5.516425585622237548e+01 -9.612926012692050159e-01 -2.734320390507640752e-01 -3.393309248546584611e-02 4.346880236118771279e+01 -4.296552560657086045e-02 2.711156163985316975e-02 9.987086295986430384e-01 3.092096777636038407e+00
-2.705607696563689935e-01 9.619577876154896678e-01 -3.786931170308451694e-02 5.570745404657584032e+01 -9.617462048464526791e-01 -2.718359422141418680e-01 -3.390365738374628846e-02 4.333078608991824154e+01 -4.290812727675116095e-02 2.724766717467665481e-02 9.987073932074099769e-01 3.106830609847856639e+00
-2.692187618974213326e-01 9.623176626536003031e-01 -3.828804496616554365e-02 5.626815890321076807e+01 -9.621086694873015599e-01 -2.705190927176592819e-01 -3.415155300405478545e-02 4.316491386884678150e+01 -4.322228984903259130e-02 2.764302118304171399e-02 9.986829812508472015e-01 3.139091916824357398e+00
-2.670056924091004369e-01 9.629651702830397397e-01 -3.749721380174616397e-02 5.682613112527357657e+01 -9.626911341612924833e-01 -2.683010769713070065e-01 -3.521806785276297008e-02 4.298873812141287232e+01 -4.397431555330736513e-02 2.669481069035382556e-02 9.986759467684321878e-01 3.169878002182971777e+00
-2.654146074174064118e-01 9.634275690649640733e-01 -3.691077532426817465e-02 5.739734927382978924e+01 -9.631102155750950189e-01 -2.667024276135476768e-01 -3.589606886464309643e-02 4.281773617515466412e+01 -4.442745574933217034e-02 2.602180375406239546e-02 9.986736538554655818e-01 3.169444400751334268e+00
-2.637320683303283619e-01 9.638560335972186088e-01 -3.777489420825164840e-02 5.795775011104600338e+01 -9.635902347263696210e-01 -2.650428338597121680e-01 -3.530093142670870376e-02 4.267183964564028287e+01 -4.403698075694068709e-02 2.708953151774001408e-02 9.986625564263247323e-01 3.181531914965383567e+00
-2.609175842664226419e-01 9.646148142659722868e-01 -3.795094622269418183e-02 5.850921671070206997e+01 -9.643731317098633848e-01 -2.622271786886924971e-01 -3.494809856170811441e-02 4.253100536157601397e+01 -4.366322315959435263e-02 2.748029940870647808e-02 9.986682913198572376e-01 3.204884391422326839e+00
-2.588841940055588431e-01 9.651329968818366245e-01 -3.869460458483422322e-02 5.907958985283350017e+01 -9.648869933089719853e-01 -2.602446332830214981e-01 -3.557837813275756961e-02 4.237891149046497929e+01 -4.440792989167522548e-02 2.812524092821631211e-02 9.986174976363401123e-01 3.251513069501143605e+00
-2.572040984741457148e-01 9.655305730298266997e-01 -3.995953294017155072e-02 5.965248042475344903e+01 -9.652940948684018974e-01 -2.586404239879074307e-01 -3.622763436312492064e-02 4.221531547219447589e+01 -4.531403910814776198e-02 2.925480514462846376e-02 9.985443376413764005e-01 3.284047602997854476e+00
-2.560712772195168352e-01 9.657898176179589012e-01 -4.095765091694992394e-02 6.024047797544611882e+01 -9.655317159353107304e-01 -2.575879076293232650e-01 -3.737613364382626202e-02 4.204594550047767854e+01 -4.664768489624480236e-02 2.997495669082017589e-02 9.984615643404627372e-01 3.313867355841684681e+00
-2.546700447756891084e-01 9.661758942513429815e-01 -4.058706273637211620e-02 6.081397779304328566e+01 -9.658119734875512119e-01 -2.562298412760035671e-01 -3.941446825412960042e-02 4.186614789260205782e+01 -4.848092575467465720e-02 2.916178676438943573e-02 9.983983123136166427e-01 3.372291154177912809e+00
-2.525028719381461340e-01 9.667405004141123026e-01 -4.068297582601582141e-02 6.137626254321146035e+01 -9.664285855952479132e-01 -2.540400488266583157e-01 -3.846352215434749311e-02 4.170126563507016471e+01 -4.751934982043801159e-02 2.960504097651288358e-02 9.984314963688905031e-01 3.381823519782460874e+00
-2.516508784797648612e-01 9.669600795809731864e-01 -4.074358669927449078e-02 6.197384425684560227e+01 -9.667088272097972279e-01 -2.531546084773867999e-01 -3.723959722285052204e-02 4.156519122098497832e+01 -4.632363063299019951e-02 3.001580755901339312e-02 9.984754241049493828e-01 3.375908559448378643e+00
-2.514014841503287023e-01 9.669963522883181506e-01 -4.141676506076678171e-02 6.254982445440676031e+01 -9.667957782682986556e-01 -2.529166531248825400e-01 -3.659357450021075153e-02 4.143591916512242790e+01 -4.586084266132332138e-02 3.084187467056069554e-02 9.984716129551198804e-01 3.402403106831748403e+00
-2.516829477500841517e-01 9.668654021802312037e-01 -4.274327875453971803e-02 6.313416911622660876e+01 -9.667722952563668759e-01 -2.532122312369220474e-01 -3.514107392718120865e-02 4.128550701693971803e+01 -4.479980955946802346e-02 3.247860863521247893e-02 9.984678848338368606e-01 3.445572231863521129e+00
-2.526990314494943490e-01 9.665253858599712755e-01 -4.440583286823016063e-02 6.372028445746773428e+01 -9.665025447027922878e-01 -2.542906273647609350e-01 -3.477222911266223543e-02 4.111165120454828781e+01 -4.490022925904416096e-02 3.413144184868168590e-02 9.984082401952696362e-01 3.472810842740440496e+00
-2.536948622761303618e-01 9.662427308527459235e-01 -4.487651868096536462e-02 6.430779218633337280e+01 -9.662620504552656975e-01 -2.552862520927452472e-01 -3.415522423326381590e-02 4.096351479274957796e+01 -4.445859539707044256e-02 3.469747205009541396e-02 9.984084929169284583e-01 3.499571968884213735e+00
-2.547200769461410719e-01 9.659501197164349628e-01 -4.536572076311588819e-02 6.490464743054401708e+01 -9.660127500006391310e-01 -2.563111239918911544e-01 -3.352572973428271513e-02 4.082801887472259494e+01 -4.401192152990773820e-02 3.528418821254664800e-02 9.984077207360863015e-01 3.537293883089163593e+00
-2.560108895670363260e-01 9.655649028506827491e-01 -4.629085013311085711e-02 6.551133694825381326e+01 -9.656776221329375076e-01 -2.576271807284524762e-01 -3.309026838187825031e-02 4.068399729466089099e+01 -4.387658298876796065e-02 3.623056903859803862e-02 9.983797831148070179e-01 3.570266238683275084e+00
-2.573623789267618367e-01 9.651880983953488036e-01 -4.665340961953509669e-02 6.610627000595563629e+01 -9.653039878495496273e-01 -2.590012008642594843e-01 -3.326543239802721985e-02 4.053076907896574710e+01 -4.419068855442270793e-02 3.647345153453211697e-02 9.983570856052678133e-01 3.610056541648393846e+00
-2.587360373982110495e-01 9.648049432943118786e-01 -4.697961628548534552e-02 6.673285562072942412e+01 -9.649198992333275493e-01 -2.603981839697009359e-01 -3.350184843896044512e-02 4.034175980089539593e+01 -4.455615574773962029e-02 3.666343110159884372e-02 9.983338829293741945e-01 3.635662183971339889e+00
-2.594580494575455809e-01 9.645951181858566370e-01 -4.730516402782745933e-02 6.729855709097870431e+01 -9.647112466417447907e-01 -2.611427136050865627e-01 -3.371488890539179467e-02 4.019968539519231143e+01 -4.487461615007999616e-02 3.688822444880685697e-02 9.983113380716446272e-01 3.678567263507363183e+00
-2.605350023107244617e-01 9.642639013613463206e-01 -4.813149802724099591e-02 6.790704796904113039e+01 -9.644307733865258303e-01 -2.622387072179361844e-01 -3.322865904205602600e-02 4.005819432376215161e+01 -4.466313822402524780e-02 3.776226910635973461e-02 9.982881423296183776e-01 3.706677141302539003e+00
-2.611870444665653768e-01 9.640079304580300157e-01 -4.969947501580156135e-02 6.850110790134229433e+01 -9.642699126528069264e-01 -2.629297702322346275e-01 -3.242640094386345373e-02 3.989168544657451321e+01 -4.432677921266350851e-02 3.945435260716179116e-02 9.982376924886083858e-01 3.741633043447170071e+00
-2.619098394750638548e-01 9.637511416100290607e-01 -5.086229479204081722e-02 6.908276115329924494e+01 -9.640779299113733103e-01 -2.636866937306001635e-01 -3.198550620556733087e-02 3.973038697850813605e+01 -4.423777846985452872e-02 4.065789707782393320e-02 9.981933451798109536e-01 3.765929318434411144e+00
-2.629124117624350720e-01 9.634433106393102131e-01 -5.151748174770204303e-02 6.968407461207681308e+01 -9.637929157550785275e-01 -2.647207250402647816e-01 -3.203362724513589971e-02 3.957532458363503025e+01 -4.450032900533965052e-02 4.123014574945926131e-02 9.981582017896235559e-01 3.801941824574562201e+00
-2.643961879738920828e-01 9.630369545206908244e-01 -5.152164605665453256e-02 7.031897639630430774e+01 -9.633792404029496437e-01 -2.662095630117913281e-01 -3.213888177437076998e-02 3.941334681262424766e+01 -4.466648570808073870e-02 4.113748641548224672e-02 9.981546033886262714e-01 3.852778489514086413e+00
-2.651667669986459419e-01 9.628179699680761150e-01 -5.165406456455422929e-02 7.093350223239075092e+01 -9.631591246808139939e-01 -2.669910701398734432e-01 -3.225320154114683091e-02 3.924587720895877396e+01 -4.484513600798265692e-02 4.119860643418064849e-02 9.981440720679090051e-01 3.890666426050580551e+00
-2.658751069577718340e-01 9.626132481963832754e-01 -5.182819596514353505e-02 7.150079170849713250e+01 -9.629546550066127031e-01 -2.677126278873298570e-01 -3.237717206235496414e-02 3.908282544056184804e+01 -4.504175730684479434e-02 4.129991848016111022e-02 9.981310318952333338e-01 3.931769079409413781e+00
-2.672456207893949554e-01 9.621893945051894770e-01 -5.264358717477170269e-02 7.212515912016355912e+01 -9.625569920443083349e-01 -2.691253211490298725e-01 -3.248997665503577242e-02 3.891357068819324638e+01 -4.542923327004400047e-02 4.198964894076259030e-02 9.980846928724673717e-01 3.965290032402996712e+00
-2.679384041135361993e-01 9.619521988583730199e-01 -5.345071292913745192e-02 7.273380397995575208e+01 -9.623478626781072354e-01 -2.698596731614197886e-01 -3.259368037045107941e-02 3.872794785868970280e+01 -4.577775442254428812e-02 4.270508064333113779e-02 9.980384127313316478e-01 4.015695687472987885e+00
-2.688623935131262410e-01 9.616313098259033909e-01 -5.457322893975394273e-02 7.333414108847595969e+01 -9.620986393459541874e-01 -2.708118614468200125e-01 -3.204908529697294423e-02 3.855961346657443301e+01 -4.559848158718840527e-02 4.388803552480202014e-02 9.979952999963058735e-01 4.045973144027397161e+00
-2.697268747643333242e-01 9.613121290671455821e-01 -5.591425165606655340e-02 7.394728490168643020e+01 -9.618750837353615690e-01 -2.717009425551337731e-01 -3.122372661524912274e-02 3.839507571038507194e+01 -4.520770198713384286e-02 4.536064729525200734e-02 9.979472307481985771e-01 4.077432256592885551e+00
-2.702739130094462539e-01 9.610874947202591168e-01 -5.712126958408846739e-02 7.455331462637093409e+01 -9.617515771788779366e-01 -2.722547812953508561e-01 -3.018671654488848388e-02 3.822374682632626985e+01 -4.456361453588626037e-02 4.677778911146295016e-02 9.979107789303311993e-01 4.110358648037990115e+00
-2.709057527279776778e-01 9.608478040175064683e-01 -5.815127387790401670e-02 7.515652823968731866e+01 -9.615696592748360638e-01 -2.729221593767412468e-01 -2.995472054972723314e-02 3.805325837800553757e+01 -4.465269869742934106e-02 4.780159449089376594e-02 9.978582785461894700e-01 4.147463303787477962e+00
-2.708480472228027569e-01 9.608236071596690797e-01 -5.881607977650549213e-02 7.577729449268395001e+01 -9.615738422268139685e-01 -2.728982789766838390e-01 -3.003789734195901756e-02 3.786836838672839889e+01 -4.491192782275658935e-02 4.842029797766458227e-02 9.978168135900485902e-01 4.204433493301890756e+00
-2.700660874789244659e-01 9.610922368033385510e-01 -5.801741764488890785e-02 7.639716020718020673e+01 -9.617650657902245825e-01 -2.721227606254428277e-01 -3.093802474485334020e-02 3.769158315857929153e+01 -4.552215525819457154e-02 4.744381420104683278e-02 9.978360676357140857e-01 4.265045312268811450e+00
-2.687414130579011129e-01 9.614650519241343396e-01 -5.799143761077370229e-02 7.703552176316172506e+01 -9.621068007672792799e-01 -2.708297884816190937e-01 -3.165011198008593069e-02 3.751486269049887312e+01 -4.613628534020884631e-02 4.728826069462766651e-02 9.978152452109978476e-01 4.309995992312825486e+00
-2.673084577160158570e-01 9.618410488283870574e-01 -5.837795150734303301e-02 7.766383183466501805e+01 -9.625051440376100054e-01 -2.694128642435467125e-01 -3.163157095732170576e-02 3.735101964717543410e+01 -4.615231450994399659e-02 4.773369217645943852e-02 9.977932944736490617e-01 4.351948388351847719e+00
-2.659070160097216640e-01 9.622122926007141697e-01 -5.865972046373037901e-02 7.827382213084216289e+01 -9.628590951059368130e-01 -2.680584192271096011e-01 -3.235810336282769761e-02 3.718445096570578556e+01 -4.685959676076902752e-02 4.787679865593098827e-02 9.977534717262964703e-01 4.406868370827675463e+00
-2.641886878602568434e-01 9.626374899302748700e-01 -5.944241067971289816e-02 7.888385553898470448e+01 -9.633093783311287295e-01 -2.663928564213702277e-01 -3.270913736186693843e-02 3.697900458371260157e+01 -4.732207546135304421e-02 4.862004759770534312e-02 9.976957011762789262e-01 4.431623361174411357e+00
-2.629478442094861368e-01 9.629327969051053593e-01 -6.015696027971049326e-02 7.951440191589151141e+01 -9.636198923569632147e-01 -2.652085264167132195e-01 -3.318343818578643051e-02 3.680617371556385109e+01 -4.790755973265777706e-02 4.924293005484545876e-02 9.976372083879366803e-01 4.470199841471750091e+00
-2.612093796681662639e-01 9.633554861784856538e-01 -6.095791354029468645e-02 8.013304897064131183e+01 -9.640474037821959996e-01 -2.635476757432178019e-01 -3.398861384575517508e-02 3.663960727959747032e+01 -4.880843404761095461e-02 4.988817355007010845e-02 9.975614802635766054e-01 4.530960483717776377e+00
-2.595990789171884749e-01 9.637490311536494048e-01 -6.161268680839535050e-02 8.075025170550659936e+01 -9.644423987684802579e-01 -2.620045705638665012e-01 -3.470539527715498646e-02 3.648060774066725997e+01 -4.959009662268218377e-02 5.041239881265353190e-02 9.974965726070977867e-01 4.587521865579545555e+00
-2.578206621713248214e-01 9.641635353062484315e-01 -6.258740562842006472e-02 8.137968141741193051e+01 -9.647960515690529038e-01 -2.603890699622206650e-01 -3.696094047741574351e-02 3.630792218602640276e+01 -5.193346738188153733e-02 5.085478767988815818e-02 9.973548543701628022e-01 4.645326895998080907e+00
-2.565300480413070794e-01 9.644511926458702034e-01 -6.345259219199153589e-02 8.199498977170711100e+01 -9.651573497071851415e-01 -2.591169562629718204e-01 -3.646495966288151869e-02 3.614174448426133779e+01 -5.161031639243408159e-02 5.188737785793005874e-02 9.973184422544792982e-01 4.695368019654835301e+00
-2.554004535095515394e-01 9.646909887755490409e-01 -6.435762986910906203e-02 8.262322654758452245e+01 -9.655220494944911636e-01 -2.579561814428974476e-01 -3.501114673010280454e-02 3.595617730671597201e+01 -5.037638620497943143e-02 5.319684793907235310e-02 9.973125463375430710e-01 4.733505742043827347e+00
-2.552307614758213550e-01 9.646588805292279911e-01 -6.550192831183841713e-02 8.325270915583092801e+01 -9.655964155975376162e-01 -2.577961501055412441e-01 -3.412780649190357007e-02 3.580232829865511945e+01 -4.980783654867890209e-02 5.453796115421001567e-02 9.972686650103280703e-01 4.781215071628527546e+00
-2.551211506814325958e-01 9.646358327531922017e-01 -6.626393169392913451e-02 8.387933304024085146e+01 -9.656119272526858532e-01 -2.577285634558879046e-01 -3.419932055346159433e-02 3.564326213566668855e+01 -5.006799798609720686e-02 5.526027277819294675e-02 9.972158732341477316e-01 4.839097622925723208e+00
-2.544397466695804688e-01 9.647752305628817249e-01 -6.685184969062600568e-02 8.449842153479765727e+01 -9.657818284227067673e-01 -2.570805174354355849e-01 -3.427925675422150570e-02 3.548097465766824143e+01 -5.025808594856037703e-02 5.584229622308712476e-02 9.971738879199154582e-01 4.887176324812510408e+00
-2.533066628479394566e-01 9.650741367213484523e-01 -6.684044575243748565e-02 8.515149052722667022e+01 -9.660793511238849884e-01 -2.559499542013243811e-01 -3.435561491799238309e-02 3.530465548096459116e+01 -5.026352443764505601e-02 5.587066829638050180e-02 9.971720245450240716e-01 4.945514212205557314e+00
-2.510907468382275187e-01 9.656428499413122202e-01 -6.698748546886332256e-02 8.577167020587756951e+01 -9.665100763826467434e-01 -2.539036872616118323e-01 -3.729865742580858179e-02 3.513088660199516511e+01 -5.302555141657053911e-02 5.537873194808305699e-02 9.970564111146325015e-01 5.003016079050095044e+00
-2.490239455036666882e-01 9.661450561418603034e-01 -6.745965504231969667e-02 8.639281069715268302e+01 -9.670705163166428697e-01 -2.518326472440899355e-01 -3.680943157800681959e-02 3.498847895645178596e+01 -5.255179384996384179e-02 5.607181354901621256e-02 9.970427577032368038e-01 5.057246591222299692e+00
-2.466100525688330602e-01 9.667234096086377848e-01 -6.803918934443184408e-02 8.702180328314057078e+01 -9.676571839652733376e-01 -2.494806991557390052e-01 -3.740260778556687288e-02 3.481929030027972516e+01 -5.313244105435634829e-02 5.661475128810285889e-02 9.969813005489077673e-01 5.116445192065735448e+00
-2.447583585082271362e-01 9.671410755430607242e-01 -6.878579750043030405e-02 8.764551893585297648e+01 -9.681875678846607602e-01 -2.475963247721322258e-01 -3.617863116424712561e-02 3.466195656830106486e+01 -5.202095091349230593e-02 5.774253161011267538e-02 9.969752357552875699e-01 5.169026563550234599e+00
-2.428193093327297714e-01 9.675840039079119936e-01 -6.942606424614823635e-02 8.826982172410171756e+01 -9.687068825440499076e-01 -2.456507533242293650e-01 -3.553425253227453229e-02 3.450368894835177258e+01 -5.143693932345567987e-02 5.862510360564747447e-02 9.969540302843769020e-01 5.211276254190202017e+00
-2.405723236385786112e-01 9.681157568932403645e-01 -6.983436370558222805e-02 8.891197301996447777e+01 -9.693094688740391263e-01 -2.433755520462099753e-01 -3.474901750166158737e-02 3.434153675091580737e+01 -5.063704819855944367e-02 5.933145810808201220e-02 9.969531921953536102e-01 5.261502642502086324e+00
-2.389583343742591737e-01 9.685025542181501246e-01 -7.001226254021000739e-02 8.953623159889876604e+01 -9.697131809121818380e-01 -2.417666551653501195e-01 -3.471644013053881705e-02 3.418887290092176556e+01 -5.054959147469323399e-02 5.959603110172857765e-02 9.969418497980027105e-01 5.331069626638071490e+00
-2.385302702341944858e-01 9.686165049875435917e-01 -6.989546800557522310e-02 9.016894874074610300e+01 -9.698469483145538694e-01 -2.413018594060043487e-01 -3.420978649673633853e-02 3.403543666488140929e+01 -5.000207022663698264e-02 5.962783672850405225e-02 9.969675591814055604e-01 5.391212277533157682e+00
-2.393689962335809884e-01 9.683506787503203261e-01 -7.070676492332163277e-02 9.078204040872500968e+01 -9.696699111963583695e-01 -2.421309477080486605e-01 -3.335966850028085351e-02 3.388047704590891840e+01 -4.942415363538672779e-02 6.057695210058183788e-02 9.969391585807177991e-01 5.435881585967759833e+00
-2.408604741802931049e-01 9.679665408983926245e-01 -7.090139405431736264e-02 9.139853037088204246e+01 -9.693845648474297416e-01 -2.435198998056884445e-01 -3.149005929158616574e-02 3.373228871960090203e+01 -4.774722414135291332e-02 6.114600640948358173e-02 9.969861425751949113e-01 5.477234756010957106e+00
-2.435707689406132470e-01 9.672550019392031073e-01 -7.135153636237467900e-02 9.202369623136432608e+01 -9.687215944371646570e-01 -2.462192035806030077e-01 -3.089621755573979112e-02 3.356709932453324541e+01 -4.745263942918743344e-02 6.159435860309291078e-02 9.969726084499398455e-01 5.529089859818919983e+00
-2.472387468258625542e-01 9.663337452794795723e-01 -7.121864083307927196e-02 9.265065089930128295e+01 -9.677974536355729018e-01 -2.498665629615410833e-01 -3.057432665305357886e-02 3.339756530059239736e+01 -4.734016058779744879e-02 6.136606104289502039e-02 9.969920339439033441e-01 5.586737596691870422e+00
-2.516301312583999472e-01 9.652445510530838213e-01 -7.060618744282860793e-02 9.326134653361880567e+01 -9.666171102851459640e-01 -2.542881989277614441e-01 -3.144636688187997520e-02 3.325455188210825952e+01 -4.830775452114358104e-02 6.033629544815108381e-02 9.970084715310689738e-01 5.662589796591254832e+00
-2.551655183091132706e-01 9.642787577433538093e-01 -7.111283731490869453e-02 9.388336896264398490e+01 -9.655959665469091568e-01 -2.579465958143705162e-01 -3.298458876686068825e-02 3.306681584796127993e+01 -5.014965258486561023e-02 6.024973919207340239e-02 9.969227559208909684e-01 5.703133204536814382e+00
-2.595191675043593271e-01 9.631007045221038343e-01 -7.132204881291423493e-02 9.448402322087413552e+01 -9.642560181869308522e-01 -2.625030848033866882e-01 -3.608963644858889652e-02 3.290624112567287796e+01 -5.348021211747026188e-02 5.940676239060183050e-02 9.968002324910126832e-01 5.760103182507796404e+00
-2.638918247304653519e-01 9.618995962788920995e-01 -7.148616312916801496e-02 9.512046567284578202e+01 -9.629277430982199348e-01 -2.670224650329104943e-01 -3.832968483456165865e-02 3.274982142281591280e+01 -5.595771986235721640e-02 5.872111925238480967e-02 9.967048528734838708e-01 5.813745475645525573e+00
-2.665394271147683014e-01 9.611095469101043065e-01 -7.228535558179044473e-02 9.571676021852704253e+01 -9.620856844992438095e-01 -2.698117355580780252e-01 -3.990943543524528431e-02 3.255266903043175830e+01 -5.786077665356231109e-02 5.890726774679398009e-02 9.965852017422565101e-01 5.859103066484710354e+00
-2.705965724620482682e-01 9.599375214598655504e-01 -7.278358238835065663e-02 9.632526886954551060e+01 -9.608588519003908868e-01 -2.739726011128800209e-01 -4.110085843513997667e-02 3.240289179973617451e+01 -5.939496356135111343e-02 5.881299799307137394e-02 9.965005115756904175e-01 5.914055813731406985e+00
-2.732550459928584363e-01 9.591415897810431357e-01 -7.334228379137239240e-02 9.691048978177872186e+01 -9.600314342153111191e-01 -2.767211243021079348e-01 -4.201267289128721161e-02 3.222322430437517227e+01 -6.059146109753296705e-02 5.893072303366600484e-02 9.964215196014162279e-01 5.956372962982809938e+00
-2.762026438932356776e-01 9.582236618948306583e-01 -7.429342697202757917e-02 9.750836901225689246e+01 -9.591090406355348152e-01 -2.797782002425137637e-01 -4.282530607297458519e-02 3.204308352912633495e+01 -6.182190289509514186e-02 5.942703470577490737e-02 9.963164556848933540e-01 6.001749618646030626e+00
-2.784475186029771177e-01 9.575031703758111190e-01 -7.519746075576899669e-02 9.810471745354600159e+01 -9.584412350385168589e-01 -2.820746669589435651e-01 -4.271160542339647037e-02 3.185250151783512607e+01 -6.210779630358456010e-02 6.017940661282543402e-02 9.962535122437665702e-01 6.046866611579276629e+00
-2.798468333996559920e-01 9.571053746674331730e-01 -7.506698088305809036e-02 9.869441554468014033e+01 -9.579865813553762877e-01 -2.835090826393449337e-01 -4.340863973952448218e-02 3.168987403469067132e+01 -6.282881328836224799e-02 5.976539001553782260e-02 9.962332248911731636e-01 6.115050159598212964e+00
-2.798486326575286842e-01 9.571059190538779848e-01 -7.505333111690214165e-02 9.928026044138294992e+01 -9.579247763825164963e-01 -2.835679751093449497e-01 -4.437709189313464309e-02 3.150626066538851688e+01 -6.375629845134815621e-02 5.947657693931023004e-02 9.961915835838831557e-01 6.162984333127565328e+00
-2.797887631472117942e-01 9.570861988057213221e-01 -7.552652561960630784e-02 9.988651715855222335e+01 -9.578501371121779240e-01 -2.836156413870536408e-01 -4.566489674566702461e-02 3.132827144496679139e+01 -6.512574645050657474e-02 5.956656794063101834e-02 9.960976162671199008e-01 6.203458554798253921e+00
-2.803638238557955020e-01 9.568899280972305021e-01 -7.588011451647604100e-02 1.004930613034705544e+02 -9.577487080646629458e-01 -2.841437702145621635e-01 -4.449415746728195564e-02 3.116230621868653117e+01 -6.413687296263849424e-02 6.019952951918453032e-02 9.961237263373677875e-01 6.261915343905823939e+00
-2.799213968006373232e-01 9.570378514098900613e-01 -7.564762112533210403e-02 1.010810421316790979e+02 -9.579229097634129886e-01 -2.836496851035683608e-01 -4.389254026646205453e-02 3.099323166563153364e+01 -6.346424634057140635e-02 6.017812816454208569e-02 9.961680994325381455e-01 6.311830323478833549e+00
-2.797046967524257077e-01 9.571257157559114326e-01 -7.533688906085965475e-02 1.016834804920084423e+02 -9.580344775552025460e-01 -2.833734905091753742e-01 -4.323661286660752251e-02 3.081828432332845580e+01 -6.273135125409125268e-02 6.008185346159845147e-02 9.962203312794086774e-01 6.366151607574631832e+00
-2.801761425148625584e-01 9.570339500347190276e-01 -7.474856283858861972e-02 1.022840876681670750e+02 -9.580473164713684264e-01 -2.836706256500669543e-01 -4.094283264881973250e-02 3.067489724612765656e+01 -6.038765244237618429e-02 6.014145512242341507e-02 9.963615492421695752e-01 6.403932897541463554e+00
-2.799412360815329848e-01 9.571570272947399483e-01 -7.404950669275281450e-02 1.028742517923077173e+02 -9.582773114634296485e-01 -2.832430801938692344e-01 -3.844413943256744237e-02 3.050830019801621873e+01 -5.777108857867258029e-02 6.019786227588067029e-02 9.965132807453442876e-01 6.473721280426616431e+00
-2.807778367591944324e-01 9.569064949928058894e-01 -7.411994485569267654e-02 1.034548344529220998e+02 -9.581054664280945765e-01 -2.840030762993008828e-01 -3.709673642165087909e-02 3.034866453225377469e+01 -5.654840037906513905e-02 6.059878293429091928e-02 9.965591131094290178e-01 6.523833435707470763e+00
-2.808653250807686685e-01 9.568435634112519850e-01 -7.459935874880123385e-02 1.040462251778080400e+02 -9.580916045396896674e-01 -2.840961145103828578e-01 -3.674064548517064210e-02 3.016702784052455399e+01 -5.634843811356073096e-02 6.115384598340117828e-02 9.965365325183019873e-01 6.581692044490316640e+00
-2.811179083996189210e-01 9.567335663802923884e-01 -7.505734166802176255e-02 1.046098103507180923e+02 -9.580753253282981996e-01 -2.843016199913979136e-01 -3.555643215147538672e-02 2.997240152944064207e+01 -5.535695596850637862e-02 6.191503720029145619e-02 9.965450996289065833e-01 6.641814512617473021e+00
-2.815940453692304946e-01 9.565332573378172443e-01 -7.582164083754361350e-02 1.051682144749090781e+02 -9.580135099013634692e-01 -2.847149721894883800e-01 -3.387476136608946059e-02 2.980573240022433623e+01 -5.398989219346939095e-02 6.309922517626125049e-02 9.965458239956118680e-01 6.706278953415986344e+00
-2.818813969577742551e-01 9.563207582482867730e-01 -7.741760389314414348e-02 1.057268537471172749e+02 -9.579406313956665420e-01 -2.850436357914252206e-01 -3.316432444777354938e-02 2.965460157209697201e+01 -5.378312719064920477e-02 6.481306225003882759e-02 9.964470092239562371e-01 6.741117289256997047e+00
-2.813554171220971067e-01 9.563021556906992071e-01 -7.953185699688337940e-02 1.062769361238686230e+02 -9.581303818059585531e-01 -2.845477696604925555e-01 -3.191767913880428492e-02 2.947441075216842776e+01 -5.315355789050298096e-02 6.722167658249322830e-02 9.963212059777808438e-01 6.770637483547866431e+00
-2.808630704135897105e-01 9.562949411782052378e-01 -8.133831295782192883e-02 1.068486816868729932e+02 -9.582087019469317513e-01 -2.842015839149907297e-01 -3.264265941045629837e-02 2.928462626140695946e+01 -5.433248743640867184e-02 6.877096172938201857e-02 9.961518637395546660e-01 6.806149322581449113e+00
-2.808745435525146217e-01 9.562573745800341252e-01 -8.173936839410310407e-02 1.074264728092462491e+02 -9.581748516943003890e-01 -2.842652742626827767e-01 -3.307880634133186781e-02 2.909775100004666371e+01 -5.486751648081157617e-02 6.902961255622190595e-02 9.961046472261665397e-01 6.848186574925201775e+00
-2.805378734620458392e-01 9.564395361181368127e-01 -8.075837605794775054e-02 1.079947654767117200e+02 -9.582144700869947851e-01 -2.839678918163830446e-01 -3.445672261343447201e-02 2.890300703842799379e+01 -5.588855758823465386e-02 6.771742883100814736e-02 9.961379517733595090e-01 6.902326074236406761e+00
-2.798876476004548142e-01 9.565686097114766140e-01 -8.148251122379966682e-02 1.085770103018550117e+02 -9.582455404377075991e-01 -2.835350570458663455e-01 -3.705881348941706538e-02 2.871784807745063972e+01 -5.855244616520906970e-02 6.770794887345452095e-02 9.959855645075484931e-01 6.945527128528506289e+00
-2.797953150773608844e-01 9.565799459037530594e-01 -8.166632571343578062e-02 1.091450759499827967e+02 -9.581711062954277880e-01 -2.835656984835190908e-01 -3.871208731326391400e-02 2.854516015337420498e+01 -6.018897508145636122e-02 6.741885298880852251e-02 9.959076189789478617e-01 6.965874404030357958e+00
-2.800354728178224839e-01 9.567895493110738503e-01 -7.831916938279437357e-02 1.097458997708851030e+02 -9.580995793702766772e-01 -2.836693928748377225e-01 -3.970984206113056109e-02 2.837401371674149786e+01 -6.021071311816188903e-02 6.391739884517499970e-02 9.961371572984661915e-01 6.995615747185557787e+00
-2.799903992990762092e-01 9.570233858211097955e-01 -7.557522935355637239e-02 1.103064131078015464e+02 -9.581510085282393119e-01 -2.834703627183208230e-01 -3.988982723278206022e-02 2.821093584481243255e+01 -5.959883519550912556e-02 6.124371356998521698e-02 9.963419023565636135e-01 7.049542607097855296e+00
-2.787135576868717823e-01 9.573190798486950204e-01 -7.654366152186956040e-02 1.108904370279470442e+02 -9.584621909926129835e-01 -2.823006582462592728e-01 -4.070094337196946549e-02 2.802682403970510805e+01 -6.057211569003032037e-02 6.202030080043455934e-02 9.962351635479733680e-01 7.087134290996193187e+00
-2.779345973418774207e-01 9.574742289325626210e-01 -7.743035922946073235e-02 1.114367041051418425e+02 -9.586289230471443101e-01 -2.816228479171893895e-01 -4.146274747871811495e-02 2.785039499049732115e+01 -6.150567045306293279e-02 6.270304985410599108e-02 9.961352217651541219e-01 7.144631309342309500e+00
-2.776700789983259643e-01 9.574454658019990738e-01 -7.872424813395274834e-02 1.119835630160705762e+02 -9.586870691062154837e-01 -2.814341579209369559e-01 -4.139949617890308076e-02 2.768483850948260283e+01 -6.179345238451584843e-02 6.397651733664271034e-02 9.960364323014880839e-01 7.195088743870548420e+00
-2.772204730016218921e-01 9.574136768318723956e-01 -8.067131314185724267e-02 1.125374447354369210e+02 -9.588144850526199026e-01 -2.810725172024162166e-01 -4.090260782366367948e-02 2.751834995229835457e+01 -6.183520519927215853e-02 6.600978328075260415e-02 9.959011577004979188e-01 7.262392544434570496e+00
-2.766242594879080308e-01 9.574294651822010671e-01 -8.250962527906273436e-02 1.131205394117753400e+02 -9.590163290191620060e-01 -2.805236060941411758e-01 -3.992727261596671490e-02 2.735323667743660181e+01 -6.137344488764791967e-02 6.808322572310977761e-02 9.957901257984831389e-01 7.297402736536292345e+00
-2.769269121286286328e-01 9.573141659857208330e-01 -8.283159386349117637e-02 1.136815020486180430e+02 -9.589746205417627456e-01 -2.807873886105838324e-01 -3.906558017015541312e-02 2.719220171793873675e+01 -6.065610023472280815e-02 6.861508580707634253e-02 9.957975735580012477e-01 7.358653022966606727e+00
-2.771044759281280356e-01 9.573233197764314806e-01 -8.212898899189080559e-02 1.142559884688598117e+02 -9.589500275569999843e-01 -2.809056004990539979e-01 -3.881865861534822271e-02 2.701616043086036356e+01 -6.023250010606039789e-02 6.800077220516326237e-02 9.958654230921338835e-01 7.404238154554482421e+00
-2.767741732423507628e-01 9.574648442607757159e-01 -8.159123133463729027e-02 1.148233324829134148e+02 -9.590712375320461502e-01 -2.805254922658662053e-01 -3.857213408334272259e-02 2.685415958002740666e+01 -5.981988268764075467e-02 6.757603268676377894e-02 9.959192042738981288e-01 7.452083198433454569e+00
-2.763444626238145130e-01 9.575964270359497155e-01 -8.150350241025258735e-02 1.153850425128849935e+02 -9.592439653549652556e-01 -2.800381059389687177e-01 -3.781103214932066137e-02 2.669006798367523459e+01 -5.903179573109021416e-02 6.773287348177287059e-02 9.959555737796064179e-01 7.506096996089610229e+00
-2.763198037228984383e-01 9.575959240728237898e-01 -8.159296703548471474e-02 1.159562825384811049e+02 -9.592679593132429350e-01 -2.799975954799036604e-01 -3.750105012501667168e-02 2.652853419442183025e+01 -5.875668732617337492e-02 6.790723617249494470e-02 9.959599685579071382e-01 7.552130332986232375e+00
-2.758085136184194042e-01 9.577116324548216042e-01 -8.196397303888729169e-02 1.165191388303045699e+02 -9.594471802979098740e-01 -2.794649811363574265e-01 -3.688404176396314904e-02 2.636252834678883517e+01 -5.823033602847049045e-02 6.846717008301592133e-02 9.959525463529046441e-01 7.597540690755095305e+00
-2.752717430604725291e-01 9.579139622860330938e-01 -8.140213959056336046e-02 1.170932727012403660e+02 -9.596755148014575187e-01 -2.788205926802853618e-01 -3.580479560019596275e-02 2.620861965333946131e+01 -5.699450642830944380e-02 6.826359172272412901e-02 9.960380054406089423e-01 7.656818853929616253e+00
-2.748406091967228182e-01 9.580193601087001465e-01 -8.161828957587208278e-02 1.176515214038673633e+02 -9.598456478162509242e-01 -2.783424676438281953e-01 -3.495429979481962102e-02 2.602995313775605979e+01 -5.620473204789754734e-02 6.873409898195419199e-02 9.960505266965943294e-01 7.714287654331295485e+00
-2.743414507368524546e-01 9.581166869983414047e-01 -8.215340834634818346e-02 1.182069169290197408e+02 -9.600027054656928849e-01 -2.778467776441286841e-01 -3.458285198367339053e-02 2.586904960832207223e+01 -5.596046735106624537e-02 6.937998449190330152e-02 9.960194997316836885e-01 7.765508987848464884e+00
-2.743113190731596429e-01 9.580797396533238253e-01 -8.268320684493751793e-02 1.187573152101722371e+02 -9.600209376299491115e-01 -2.778237802218082031e-01 -3.425998329505986623e-02 2.570566102960209776e+01 -5.579515696238041000e-02 6.997970855243565436e-02 9.959868176087771641e-01 7.806921779909043124e+00
-2.742230639040073026e-01 9.580388442358669376e-01 -8.344629505438352912e-02 1.193281347830095882e+02 -9.600561758761712028e-01 -2.777502798442161858e-01 -3.386622518796733594e-02 2.553696870820802189e+01 -5.562239104102988801e-02 7.082623088703864089e-02 9.959366418769893814e-01 7.843813734672831828e+00
-2.739324985513280630e-01 9.581206520567104867e-01 -8.346138232650124333e-02 1.198885672607761705e+02 -9.601690592328322449e-01 -2.774228687986008968e-01 -3.334560779910725192e-02 2.537463151788952231e+01 -5.510321160662279977e-02 7.100259129058633656e-02 9.959529447221177056e-01 7.897899874937781561e+00
-2.738714420735439692e-01 9.581469686389120222e-01 -8.335958076083049839e-02 1.204433320570955743e+02 -9.602104787805768593e-01 -2.773274437996837705e-01 -3.294427652125239692e-02 2.521549765833880841e+01 -5.468335813145447366e-02 7.102024643436022355e-02 9.959748264589169953e-01 7.958423294607868570e+00
-2.734552464230184388e-01 9.582577102860669882e-01 -8.345291415541086777e-02 1.210076413276994458e+02 -9.603588338722595097e-01 -2.768769238601618277e-01 -3.240492612625614499e-02 2.504926063738445663e+01 -5.415845647025167159e-02 7.128344626235706694e-02 9.959847046424565864e-01 8.010653649043810276e+00
-2.729509145836768180e-01 9.583717777119874492e-01 -8.379340017626259185e-02 1.215599747746195902e+02 -9.605309864118142249e-01 -2.763476013086929584e-01 -3.181552126995280255e-02 2.488738301707799039e+01 -5.364720282252779388e-02 7.180208169751534086e-02 9.959751195151522740e-01 8.056212587255005886e+00
-2.726164809094202557e-01 9.585930965935351988e-01 -8.233789832016495669e-02 1.221291026958806469e+02 -9.606607280495265133e-01 -2.759197292176089888e-01 -3.161121022415500081e-02 2.473035769573273868e+01 -5.302093850468884983e-02 7.048104845772051874e-02 9.961030076695795987e-01 8.082299210884910323e+00
-2.726845060029308154e-01 9.586781422614424342e-01 -8.111337581488720083e-02 1.226904982514621310e+02 -9.606975879562270615e-01 -2.758727487264263090e-01 -3.089289570780295868e-02 2.457401243856394757e+01 -5.199331381076560676e-02 6.950141049126679071e-02 9.962260031030607532e-01 8.186601159226606583e+00
-2.719266918651981335e-01 9.588899551239570274e-01 -8.115373197595478205e-02 1.232305017960493814e+02 -9.609160787622325062e-01 -2.751136404147180858e-01 -3.086704446454233489e-02 2.439517260128633680e+01 -5.192459751855942052e-02 6.958835261835670527e-02 9.962235177671719955e-01 8.231118926116259615e+00
-2.721558920978572882e-01 9.588653728588982794e-01 -8.067445152330338098e-02 1.237862316118994244e+02 -9.609032250817823861e-01 -2.752566390892403625e-01 -2.997957078955050883e-02 2.424157840146987297e+01 -5.095255070994440111e-02 6.936122381750513266e-02 9.962895453665507883e-01 8.278117048923043342e+00
-2.734869819840808347e-01 9.584431162264381854e-01 -8.118906110673908272e-02 1.243053656421144524e+02 -9.605168853468075696e-01 -2.766110253659246343e-01 -2.989403970158656387e-02 2.410744117931269415e+01 -5.110952600941727486e-02 6.980783340117745206e-02 9.962503112907549196e-01 8.327363051926219839e+00
-2.733767372297217779e-01 9.583062129004511487e-01 -8.315264191850747777e-02 1.248566816872936869e+02 -9.605239804192262643e-01 -2.765957733786863493e-01 -2.980706608596024251e-02 2.394612680707052021e+01 -5.156396591844054911e-02 7.172154812496889242e-02 9.960909481334120352e-01 8.333910905459552154e+00
-2.741402529759631168e-01 9.579709632916896256e-01 -8.449115449718666571e-02 1.253923991707461028e+02 -9.603304061311092044e-01 -2.773637987361048385e-01 -2.889349772417110565e-02 2.378921926472517967e+01 -5.111391941862925697e-02 7.321855393730486439e-02 9.960052261916078065e-01 8.393506090938608111e+00
-2.751030635805231661e-01 9.578158100335101288e-01 -8.310943663905658030e-02 1.259354512958786074e+02 -9.601596444577613632e-01 -2.781311205376566509e-01 -2.713921412297787619e-02 2.363692868407276748e+01 -4.910968909854711295e-02 7.233224618604239264e-02 9.961708109547908752e-01 8.491823730793257141e+00
-2.760969109090911644e-01 9.576089748008115299e-01 -8.219213567852202973e-02 1.264713537652185806e+02 -9.598876450876073774e-01 -2.790762928483565553e-01 -2.705793004252835671e-02 2.346574643065930488e+01 -4.884879317470870730e-02 7.142460466084124548e-02 9.962491260997005105e-01 8.572305448857736820e+00
-2.776666960958231734e-01 9.571314017712091449e-01 -8.246626960588408772e-02 1.270242808882619130e+02 -9.593159918197216030e-01 -2.808182410835338150e-01 -2.922230849358516472e-02 2.329797325965831689e+01 -5.112762187090073851e-02 7.099714936693454770e-02 9.961653331970529157e-01 8.622582624193917411e+00
-2.782828478635126501e-01 9.569387258020153331e-01 -8.262524823193025114e-02 1.275550909896556817e+02 -9.590747324106415617e-01 -2.815233241391226215e-01 -3.033604484956147970e-02 2.314005066181886860e+01 -5.229067064428532391e-02 7.080178688475012583e-02 9.961188647633861803e-01 8.661207380171671133e+00
-2.800697769254285596e-01 9.564692769815370532e-01 -8.202098660316443912e-02 1.280731115130203648e+02 -9.585469596282183424e-01 -2.832953591352194156e-01 -3.051992267267621475e-02 2.297351759855895637e+01 -5.242753322863551169e-02 7.007325939945233118e-02 9.961631854654624529e-01 8.706123277367938229e+00
-2.810089008253806586e-01 9.561980988555234262e-01 -8.197068623595768488e-02 1.286140010859635083e+02 -9.582811151374979186e-01 -2.842177880541443269e-01 -3.029114267311485906e-02 2.281058820076108162e+01 -5.226186016345802515e-02 7.003887990746268666e-02 9.961743086797426594e-01 8.765909384272443816e+00
-2.818624629054107267e-01 9.559337397510333512e-01 -8.212330491705586988e-02 1.291373383954428107e+02 -9.579571689630744791e-01 -2.851702850187844973e-01 -3.155900781959009027e-02 2.265895185666219902e+01 -5.358744663769422767e-02 6.977530901335338154e-02 9.961223779310167670e-01 8.821471660127210512e+00
-2.830150250209684248e-01 9.556265395122652828e-01 -8.173379100588680501e-02 1.296736756691568928e+02 -9.576112977235823331e-01 -2.863140573262215050e-01 -3.169957491125173499e-02 2.249137502277422840e+01 -5.369448839999817896e-02 6.929774568635334309e-02 9.961499507394717678e-01 8.881984934506521157e+00
-2.844571055767324275e-01 9.551895679549928797e-01 -8.183547126315099396e-02 1.301806394124170936e+02 -9.570609822854685422e-01 -2.879098822665666635e-01 -3.379609267394965977e-02 2.233599116574398735e+01 -5.584291605639965517e-02 6.870799781107078674e-02 9.960726779523227936e-01 8.935820442698386046e+00
-2.852142217040578576e-01 9.549777640632020059e-01 -8.167201407211875652e-02 1.306999031183916884e+02 -9.567803331084012708e-01 -2.887259244337931907e-01 -3.476686262561897584e-02 2.217831692945737032e+01 -5.678240849704833948e-02 6.822617316469800630e-02 9.960526830346750904e-01 9.000548010343443650e+00
-2.864933896426409277e-01 9.545610918633478104e-01 -8.206497177068723670e-02 1.312387483154447523e+02 -9.564025694364524099e-01 -2.900098194017708408e-01 -3.447361057250286631e-02 2.202027588396530078e+01 -5.670681499098858408e-02 6.861068831607847196e-02 9.960305771322343071e-01 9.042790724763728250e+00
-2.876766994641253294e-01 9.541889182340278497e-01 -8.225341880313299936e-02 1.317336678585561742e+02 -9.560891945496347022e-01 -2.911449046963743292e-01 -3.358714835722560049e-02 2.186009727069112074e+01 -5.599614853593601338e-02 6.897936494862261236e-02 9.960453195314087349e-01 9.069949172352458788e+00
-2.884987237940681570e-01 9.539329371566769300e-01 -8.234341368215158941e-02 1.322605037472766867e+02 -9.558257299611487845e-01 -2.919867922927965598e-01 -3.377701986263223488e-02 2.169877376480827635e+01 -5.626420099345038478e-02 6.896132636629909163e-02 9.960314629329584113e-01 9.107686737279413691e+00
-2.895256996836086394e-01 9.536338216133092294e-01 -8.220342753141088310e-02 1.328003635571628536e+02 -9.555390715285797532e-01 -2.929761312005758622e-01 -3.331770293766590785e-02 2.152657201343800963e+01 -5.585653054940298290e-02 6.890225556495291337e-02 9.960584958590763538e-01 9.171056943646577864e+00
-2.906557319920028970e-01 9.532956344471965604e-01 -8.213816898440104430e-02 1.332969334406697897e+02 -9.551820898536156346e-01 -2.941172793139079644e-01 -3.349927210946326839e-02 2.138324026389011223e+01 -5.609296464862812553e-02 6.872015245109429349e-02 9.960577894700819446e-01 9.222200119135830931e+00
-2.916746367277613938e-01 9.529990257109068885e-01 -8.196806258409465584e-02 1.338202534866790643e+02 -9.549992941244247469e-01 -2.949668637486615452e-01 -3.115922836221450554e-02 2.123116470649449994e+01 -5.387257661907852296e-02 6.919108529529079121e-02 9.961477496857989999e-01 9.243450641961887371e+00
-2.928088137309283745e-01 9.526098297715110963e-01 -8.244701828555765777e-02 1.343345910255953868e+02 -9.546651091344957596e-01 -2.960962542818170729e-01 -3.068448470316597829e-02 2.106010568105044811e+01 -5.364259504076758500e-02 6.972460414351681901e-02 9.961229600678432883e-01 9.320841184808825730e+00
-2.945352766331887917e-01 9.521025854831002277e-01 -8.215617770446249912e-02 1.348467182500975809e+02 -9.541214258278722937e-01 -2.978239209976638602e-01 -3.087421023711696411e-02 2.090383953410957574e+01 -5.386349036963171411e-02 6.929342535892933641e-02 9.961411273545667244e-01 9.383316066779695319e+00
-2.952760521626649481e-01 9.518574765794690640e-01 -8.233709552198406612e-02 1.353383517048836211e+02 -9.538692745668305717e-01 -2.985979300836505423e-01 -3.118786922999824615e-02 2.073116259359750302e+01 -5.427209279712086332e-02 6.932979467389543959e-02 9.961164186549161803e-01 9.426602910925485190e+00
-2.959488279099371510e-01 9.516623977554884428e-01 -8.217646838973695356e-02 1.358502034531037452e+02 -9.536690747163411030e-01 -2.992526876094669941e-01 -3.103425346595525477e-02 2.057941185715342769e+01 -5.412566108984571273e-02 6.918460563438773303e-02 9.961344804567310307e-01 9.467549868503361665e+00
-2.985645199417714668e-01 9.509086704742563123e-01 -8.143664929761010307e-02 1.363720797529404933e+02 -9.529347865581131449e-01 -3.017315757885659089e-01 -2.955247433959378583e-02 2.042323302107033456e+01 -5.267371260299641422e-02 6.878049570213365382e-02 9.962402940112318195e-01 9.505269917162067372e+00
-2.989870781635382002e-01 9.507645203940373602e-01 -8.156931930037418510e-02 1.368564861660981364e+02 -9.528170628606682513e-01 -3.021375606420568793e-01 -2.919827342218804175e-02 2.028055055438515097e+01 -5.240583758322868435e-02 6.899073277740645771e-02 9.962398842538059407e-01 9.541194864242692475e+00
-2.992555677151269578e-01 9.506570840970538505e-01 -8.183650559245729539e-02 1.373546617560218408e+02 -9.527075923263550461e-01 -3.024465067643786753e-01 -2.956947868570800747e-02 2.009945177902389801e+01 -5.286159962786739219e-02 6.911742907626036714e-02 9.962070228033284014e-01 9.612684782792516813e+00
-3.010350346586694315e-01 9.501530271809899286e-01 -8.116115355793539210e-02 1.378457168469349767e+02 -9.521150355651919472e-01 -3.042402501582426311e-01 -3.024614412356491436e-02 1.993889358421835922e+01 -5.343095506115551341e-02 6.816960556179718633e-02 9.962419575177516862e-01 9.675446860010019634e+00
-3.029004537322874668e-01 9.495510876270701894e-01 -8.126528850021264017e-02 1.383180534827346264e+02 -9.514906305790379326e-01 -3.061445783301608436e-01 -3.067697963217998897e-02 1.977797059009838065e+01 -5.400828685562644726e-02 6.803108954953129839e-02 9.962202948171774430e-01 9.731060807927869760e+00
-3.040144587899176187e-01 9.491787512004373761e-01 -8.145493917652738003e-02 1.387868053786005476e+02 -9.511501550262789761e-01 -3.072424167711080845e-01 -3.025689888495421490e-02 1.961682762994529838e+01 -5.374561786935862923e-02 6.827734328623952242e-02 9.962176534039205444e-01 9.749795698521847243e+00
-3.049050741636594175e-01 9.488691142979690518e-01 -8.173310027547882328e-02 1.392493856364951625e+02 -9.508396996107326693e-01 -3.081712557644318284e-01 -3.056702086800542131e-02 1.946438412454069322e+01 -5.419189416716636842e-02 6.839503674946885436e-02 9.961854032029446859e-01 9.780310835461071051e+00
-3.060858611114491978e-01 9.484853216940155596e-01 -8.177432456867243793e-02 1.396935018685649368e+02 -9.504919066382101489e-01 -3.093094817784154404e-01 -2.987942263880032090e-02 1.931896365803173055e+01 -5.363376774870997482e-02 6.858016486541917978e-02 9.962028809153833375e-01 9.827521572489693824e+00
-3.067635454282020557e-01 9.482667454616717784e-01 -8.176983947549738840e-02 1.401245214355395206e+02 -9.502873421481508043e-01 -3.099670594364147824e-01 -2.957007638382991299e-02 1.917088717351053617e+01 -5.338627678835501655e-02 6.863382195296494070e-02 9.962124793109178311e-01 9.868999778218157104e+00
-3.079000268671401308e-01 9.478917736173756436e-01 -8.184594653200703840e-02 1.405594327608676224e+02 -9.499218037426192529e-01 -3.110997110406814592e-01 -2.942000280036087892e-02 1.902391786457475931e+01 -5.334922895022069234e-02 6.868882950604364435e-02 9.962106727351933699e-01 9.929891179677040824e+00
-3.093538621058511406e-01 9.473768687664498866e-01 -8.232409444671409671e-02 1.409856876791656077e+02 -9.494544062834862075e-01 -3.125572232171198728e-01 -2.905705772573704410e-02 1.889674272630433904e+01 -5.325897472790358522e-02 6.917406118684116256e-02 9.961819265926539213e-01 9.960158621804868773e+00
-3.101991187659975946e-01 9.471304879636069929e-01 -8.197771335319790909e-02 1.414111452810639662e+02 -9.492330791133870571e-01 -3.133180168536751076e-01 -2.807813796887437263e-02 1.876143147713580817e+01 -5.227875508959244077e-02 6.910614361039574272e-02 9.962385621333786911e-01 1.000488048461395074e+01
-3.112334368232347881e-01 9.468284949285453722e-01 -8.154476681273577221e-02 1.418217779822562079e+02 -9.489790665452201290e-01 -3.142231351846240806e-01 -2.650570832308501296e-02 1.862597453263727232e+01 -5.071961220435851347e-02 6.913481399476967271e-02 9.963171675885887923e-01 1.004363258800582059e+01
-3.117892232715453460e-01 9.466731710508213826e-01 -8.122430340919660485e-02 1.422014781929352409e+02 -9.488442196298274567e-01 -3.147029652861790261e-01 -2.562597344785116915e-02 1.849864253316722085e+01 -4.982095068131987825e-02 6.907930842639273261e-02 9.963663593380402972e-01 1.008756637715668880e+01
-3.123706713816045699e-01 9.464861835288405079e-01 -8.116937876820398690e-02 1.425749022246128845e+02 -9.486758264780152938e-01 -3.152493272479433006e-01 -2.514036447576483563e-02 1.837779519775522274e+01 -4.938359967500046549e-02 6.915031495756007729e-02 9.963832064142839062e-01 1.011664526381270512e+01
-3.130849002127482628e-01 9.462104926336687427e-01 -8.163056344729760494e-02 1.429605108740034041e+02 -9.484200426645446047e-01 -3.160020886740111390e-01 -2.533974399723873394e-02 1.825196708325606210e+01 -4.977216019982075301e-02 6.948657124662473150e-02 9.963404781927868159e-01 1.014853861656324163e+01
-3.131676222808761345e-01 9.461627335115551096e-01 -8.186648929131146168e-02 1.433085482541895033e+02 -9.483634111912518927e-01 -3.161316619084855173e-01 -2.583820142098829792e-02 1.812640331345557954e+01 -5.032773259977996183e-02 6.954749494353495987e-02 9.963083183826400013e-01 1.018477658146464648e+01
-3.132973980945370496e-01 9.460685994122859377e-01 -8.245571874205395724e-02 1.436423104879421260e+02 -9.482823147074843639e-01 -3.163298997554886416e-01 -2.638268624871721243e-02 1.800313533270606570e+01 -5.104304027199835225e-02 6.992567287311660107e-02 9.962454558556506079e-01 1.022040248429301101e+01
-3.116568806238306788e-01 9.465519524058277900e-01 -8.312274151240904574e-02 1.439786174498037781e+02 -9.488151366509215423e-01 -3.147236039456355883e-01 -2.643651984591863582e-02 1.788442140396201907e+01 -5.118422825359657258e-02 7.062899203716661856e-02 9.961885967335188941e-01 1.024632486560885170e+01
-3.095777777163939426e-01 9.472570099527201082e-01 -8.285986145059372199e-02 1.443203703612948061e+02 -9.495597810995107801e-01 -3.125540034534541878e-01 -2.542079942620842012e-02 1.777551497805467662e+01 -4.997821187705960011e-02 7.081067730682177874e-02 9.962369328211642117e-01 1.028308474176627563e+01
-3.070753810153208363e-01 9.480826122831509384e-01 -8.272889858236917582e-02 1.446627026929359374e+02 -9.504196697528692894e-01 -3.099876577986317994e-01 -2.470027043101598666e-02 1.767719479500938107e+01 -4.906283441814709295e-02 7.104232751588822337e-02 9.962659413931517216e-01 1.031652687081512809e+01
-3.040724401078918060e-01 9.490376858099053292e-01 -8.286991057924392168e-02 1.450004513898837786e+02 -9.514150135780948814e-01 -3.069534386485759381e-01 -2.427052615846159167e-02 1.757562089224067847e+01 -4.847084799161408691e-02 7.146367898726101175e-02 9.962647838203353423e-01 1.034853410391891515e+01
-3.006254710355267257e-01 9.501107070866192661e-01 -8.315028829794915421e-02 1.453242965408273903e+02 -9.525507216979320901e-01 -3.034632787444468960e-01 -2.360425907371020010e-02 1.745204654126282762e+01 -4.765971839422020184e-02 7.210882562512385685e-02 9.962574308428264747e-01 1.038230591953324122e+01
-2.974670955190266142e-01 9.510511124790438364e-01 -8.375624475731649476e-02 1.456554618642863943e+02 -9.535373943371147076e-01 -3.003367415538389373e-01 -2.375456321653683645e-02 1.736484570135471728e+01 -4.774688140873937364e-02 7.279851046000686277e-02 9.962030978623506172e-01 1.041962852089574909e+01
-2.933913943234740529e-01 9.522755793241974853e-01 -8.421823294092629919e-02 1.459688028657288044e+02 -9.548062753902104571e-01 -2.962751454162959597e-01 -2.379106311257641812e-02 1.726770946745450530e+01 -4.760741761954366547e-02 7.343200413523438830e-02 9.961632770566687389e-01 1.045069328650290963e+01
-2.894520804764260102e-01 9.534560628622348322e-01 -8.449277660909296217e-02 1.462903536979699481e+02 -9.560197391905784770e-01 -2.923371938208068066e-01 -2.377442716352971483e-02 1.716875243688140174e+01 -4.736825293217458016e-02 7.389520485269393535e-02 9.961404254993027063e-01 1.047967784609808284e+01
-2.849498384575588350e-01 9.547782840190578435e-01 -8.486470366786599828e-02 1.466132064668255168e+02 -9.573718338243132342e-01 -2.878584070533580785e-01 -2.401477229904543445e-02 1.706730408331013393e+01 -4.735780149967818570e-02 7.440407149025374256e-02 9.961030432554607295e-01 1.051472947897470078e+01
-2.796949481478645527e-01 9.563317543997602588e-01 -8.485464929654676358e-02 1.469218355787042185e+02 -9.589541642337937599e-01 -2.825669411427917943e-01 -2.372413690468346686e-02 1.696054057098554324e+01 -4.666526416114560871e-02 7.473619805611339539e-02 9.961108642218936549e-01 1.054952933931107850e+01
-2.750293114273441031e-01 9.576607293356983464e-01 -8.511642229334803744e-02 1.472476459886819669e+02 -9.603218810952020013e-01 -2.778924543570298056e-01 -2.361500584796273963e-02 1.688544604189350906e+01 -4.626837522081463788e-02 7.524434397112368667e-02 9.960911234193291497e-01 1.058472321849039588e+01
-2.696450225227853270e-01 9.591810829330172927e-01 -8.522447988771282568e-02 1.475503863761308594e+02 -9.618676710100412253e-01 -2.724961608874076902e-01 -2.358867879605144879e-02 1.679285018343869140e+01 -4.584915805558355262e-02 7.561410215739239327e-02 9.960825077575278241e-01 1.061190423648893244e+01
-2.642312292096449244e-01 9.606555912525100993e-01 -8.557273225537774530e-02 1.478727167423955962e+02 -9.633970186820124404e-01 -2.670625101572239313e-01 -2.331952107426848303e-02 1.669988782277983219e+01 -4.525529698245996102e-02 7.627876941727079751e-02 9.960589879275304481e-01 1.064491123515696991e+01
-2.585319444987606019e-01 9.621040681011288065e-01 -8.670061024554025220e-02 1.481875584210718557e+02 -9.649400167519226468e-01 -2.614140450082138578e-01 -2.352575489211086723e-02 1.661787881474404571e+01 -4.529898171581712985e-02 7.757872914467484060e-02 9.959565969658553675e-01 1.067081528557816306e+01
-2.530439113223421632e-01 9.634654849376174113e-01 -8.776695435420503455e-02 1.485096712743822991e+02 -9.664452659437658966e-01 -2.558808183022707183e-01 -2.255115872509666844e-02 1.653521626827366475e+01 -4.418514317703243349e-02 7.911552413327460620e-02 9.958857399137425181e-01 1.069702907621405430e+01
-2.475893122746324337e-01 9.648392071470450748e-01 -8.823172218219034468e-02 1.488555666396471224e+02 -9.678960137310226308e-01 -2.503859454399306461e-01 -2.200420254741013854e-02 1.644916472771864235e+01 -4.332250051612725195e-02 7.995112680890009704e-02 9.958569065237321549e-01 1.074166829417363722e+01
-2.415275716642051318e-01 9.663170640449197935e-01 -8.885811083744167560e-02 1.492132619551487949e+02 -9.694636583255363815e-01 -2.442909125639756152e-01 -2.149802839165025278e-02 1.637278874390632666e+01 -4.248114066336329542e-02 8.095234261135876574e-02 9.958122669025888385e-01 1.076714125591485605e+01
-2.358526737305997045e-01 9.677051830371645735e-01 -8.899547750945083213e-02 1.495648866547492446e+02 -9.708981121948765391e-01 -2.385663802209025963e-01 -2.104609143571498781e-02 1.629871233570974809e+01 -4.159774069047591366e-02 8.144176417111537170e-02 9.958096540093113180e-01 1.082364270710229093e+01
-2.298373941400617682e-01 9.690723447445668270e-01 -8.985300721830932758e-02 1.499332224857433289e+02 -9.723515127725581575e-01 -2.325691477128961626e-01 -2.107432421253541133e-02 1.621916585223210561e+01 -4.131958208675176603e-02 8.252503973561471640e-02 9.957320472661363997e-01 1.085106924600530576e+01
-2.234070029944719149e-01 9.705175544059825299e-01 -9.047092131099007672e-02 1.503004831400348280e+02 -9.738923026383732306e-01 -2.260888462508787722e-01 -2.043566643577693354e-02 1.612439891374580014e+01 -4.028763923036240285e-02 8.354346288476353910e-02 9.956894073627912123e-01 1.088787482799611439e+01
-2.182440073429219307e-01 9.716060838516709097e-01 -9.138474205972499376e-02 1.506676152995116524e+02 -9.751066265473000705e-01 -2.208710820569759203e-01 -1.957120268468561658e-02 1.604651048232694421e+01 -3.919974645896379117e-02 8.483856984532725520e-02 9.956233208117176714e-01 1.090844780540583514e+01
-2.141978382183102880e-01 9.725855786754631360e-01 -9.053495598450911341e-02 1.510573851494639541e+02 -9.761154685318749191e-01 -2.165731503478058873e-01 -1.716574033430909307e-02 1.597964993640527354e+01 -3.630259213060182955e-02 8.469570650830593461e-02 9.957453284367735469e-01 1.095727738985520539e+01
-2.112191961312659405e-01 9.733429687590787749e-01 -8.938633202523151022e-02 1.514263597423858982e+02 -9.768544000343798439e-01 -2.133700258792949889e-01 -1.512326650366609126e-02 1.590983797667922772e+01 -3.379248909349198693e-02 8.412310754799814938e-02 9.958822071195639891e-01 1.101843898778328423e+01
-2.099360179121767533e-01 9.736691750159345293e-01 -8.885497176280036935e-02 1.518068064422180043e+02 -9.771859555669506481e-01 -2.119437428107722177e-01 -1.369153483240831415e-02 1.584482237443812735e+01 -3.216328070772631054e-02 8.395348418708481475e-02 9.959504685811262359e-01 1.107158197117300702e+01
-2.086884298975373309e-01 9.739270095514821479e-01 -8.896808019176112581e-02 1.521985414457414265e+02 -9.774643532084855702e-01 -2.106730364336759642e-01 -1.342795317730614835e-02 1.573586997602246385e+01 -3.182102188204422033e-02 8.416086849553079674e-02 9.959439596586047161e-01 1.111293941667461027e+01
-2.081065037191065503e-01 9.740461373223445740e-01 -8.902699296971583465e-02 1.525890502656441754e+02 -9.775846524906151025e-01 -2.101040765040591562e-01 -1.358397037614133412e-02 1.564411844251655559e+01 -3.193634801621712815e-02 8.420450940298138121e-02 9.959365794424814844e-01 1.114854019887485670e+01
-2.073700456949332249e-01 9.741327383320350641e-01 -8.979461152102594101e-02 1.529497277172158078e+02 -9.776825162728766117e-01 -2.095326541176574242e-01 -1.526316588215394926e-02 1.554019986120467678e+01 -3.368325285386327556e-02 8.462549833319049641e-02 9.958433428552112554e-01 1.119223750240639959e+01
-2.072312623503049789e-01 9.740540294954271872e-01 -9.096126388975145360e-02 1.533131873475133204e+02 -9.776661188964608229e-01 -2.095269004875650598e-01 -1.635352971091092594e-02 1.544616659644393408e+01 -3.498805319863704244e-02 8.554078323113478710e-02 9.957201466966375536e-01 1.122979393049097752e+01
-2.075754262454188037e-01 9.738900751482201246e-01 -9.192694896941942806e-02 1.536814915089752844e+02 -9.775941707608436504e-01 -2.098831403245302596e-01 -1.608429985829383513e-02 1.537399919302279194e+01 -3.495825672785489446e-02 8.652854404938951915e-02 9.956358427413318779e-01 1.125123031840137422e+01
-2.085277869675243867e-01 9.736146140599981624e-01 -9.268627380161519047e-02 1.540424387097668273e+02 -9.774262022033601838e-01 -2.107559716220057666e-01 -1.483036317764264284e-02 1.531745599223179610e+01 -3.397324401265279514e-02 8.750144978493504255e-02 9.955849109828810439e-01 1.128202670921317008e+01
-2.094120203285558812e-01 9.733932073382969286e-01 -9.301757710011525349e-02 1.544171643457509902e+02 -9.772591047189989055e-01 -2.115841904079820424e-01 -1.402756619017301448e-02 1.525076606489209574e+01 -3.333538638944270882e-02 8.796473314381239583e-02 9.955656471258961249e-01 1.132544925361956523e+01
-2.114787004136275961e-01 9.729109580067416552e-01 -9.338643938906741881e-02 1.547890784013314089e+02 -9.768122742769098643e-01 -2.136519607154949707e-01 -1.380653846538183738e-02 1.516526989175459583e+01 -3.338472844482452684e-02 8.830123143438801947e-02 9.955342045524282479e-01 1.136935826428053886e+01
-2.149241319534862527e-01 9.720958216388330131e-01 -9.400707982041571487e-02 1.551560120154155413e+02 -9.760560808577630754e-01 -2.171018645707600836e-01 -1.346504439215886334e-02 1.507799319708152019e+01 -3.349842570366358407e-02 8.886221892469797767e-02 9.954804676753609138e-01 1.139554910948178978e+01
-2.185310565188705034e-01 9.712415313774160897e-01 -9.452018337052665864e-02 1.555199532672159819e+02 -9.752239167441290046e-01 -2.207817131331570870e-01 -1.391931593968524089e-02 1.497926692108706348e+01 -3.438734573919098592e-02 8.913654061965892161e-02 9.954256313654844535e-01 1.144814118292589100e+01
-2.222496306581747127e-01 9.703938653997780106e-01 -9.455605568540961792e-02 1.558872990203344671e+02 -9.743618781406745422e-01 -2.245395764871831457e-01 -1.417423779726412897e-02 1.486993409550180267e+01 -3.498617010308317093e-02 8.898159689190682231e-02 9.954186271695363297e-01 1.149959490739738577e+01
-2.270459514135576562e-01 9.692716358378510311e-01 -9.467117780469892774e-02 1.562631416600746377e+02 -9.731941308422917825e-01 -2.294689730276642248e-01 -1.540045816674139034e-02 1.476122236454187231e+01 -3.665132522609347576e-02 8.863682292278754482e-02 9.953894684902616641e-01 1.154099492024898588e+01
-2.335357425300150780e-01 9.676849226837169748e-01 -9.511544234015888166e-02 1.566284414722262568e+02 -9.716214106017049268e-01 -2.360234804454697244e-01 -1.564452424207733727e-02 1.467911949790832793e+01 -3.758844797685280403e-02 8.876264467114791668e-02 9.953433083563052453e-01 1.157085219077639238e+01
-2.398393574380146553e-01 9.661264766901209722e-01 -9.527178838487838919e-02 1.570053193922649939e+02 -9.700642567034249986e-01 -2.423501436539339249e-01 -1.554817472724288885e-02 1.459729393850253487e+01 -3.811063486943604139e-02 8.869069234846714556e-02 9.953298652208714126e-01 1.161601293583260386e+01
-2.471545362234912613e-01 9.642820486453639317e-01 -9.526156562040713482e-02 1.573850949022118186e+02 -9.682073337926789813e-01 -2.496774298517450141e-01 -1.535382078503323700e-02 1.447726632046196293e+01 -3.859007662888223195e-02 8.843818000686722025e-02 9.953338607235513447e-01 1.165591120221225019e+01
-2.552804287670327188e-01 9.621413124800120009e-01 -9.547773304682136142e-02 1.577543047270575869e+02 -9.660767060324793043e-01 -2.578170174799498948e-01 -1.503940022667905191e-02 1.435928376026966369e+01 -3.908581264288748386e-02 8.839954930305593539e-02 9.953179486641752227e-01 1.168406662813375618e+01
-2.635144603792700657e-01 9.599286289289739038e-01 -9.537901516351586506e-02 1.581155908504804302e+02 -9.638323725017401422e-01 -2.660830346224325460e-01 -1.506573608504188644e-02 1.426302014622164904e+01 -3.984076917792735151e-02 8.795934315726464114e-02 9.953270151375646080e-01 1.174403353402681027e+01
-2.717729915593098955e-01 9.576154202269466786e-01 -9.545757173986532673e-02 1.584948448148934688e+02 -9.614685047825486386e-01 -2.744536479275441199e-01 -1.592198010531383628e-02 1.414867212234696936e+01 -4.144581245570646416e-02 8.745228460613224675e-02 9.953061551839486043e-01 1.179717276243331625e+01
-2.805316105544111149e-01 9.550718415880850021e-01 -9.560226401760969772e-02 1.588638103427988142e+02 -9.589284832784847890e-01 -2.832212453629867621e-01 -1.555281750244743438e-02 1.405105036260844464e+01 -4.193065032853431073e-02 8.731267708977530351e-02 9.952981045809555782e-01 1.183472189698303723e+01
-2.908425313303104609e-01 9.519601870481392281e-01 -9.582496670831228136e-02 1.592125592835484440e+02 -9.558175444365416551e-01 -2.935618001421738121e-01 -1.530657520760338175e-02 1.394791032241268702e+01 -4.270179992315255996e-02 8.713938129547527112e-02 9.952805054409359364e-01 1.187570295958921385e+01
-3.009826113479432408e-01 9.487072511690195498e-01 -9.676786266884149224e-02 1.595732892924004602e+02 -9.526007304724988245e-01 -3.038183945075347836e-01 -1.569176414956648113e-02 1.382154491263489327e+01 -4.428674710830082101e-02 8.745818851420830708e-02 9.951832742225819040e-01 1.190388290264318627e+01
-3.117864921271398249e-01 9.451349611156775188e-01 -9.751455585665251558e-02 1.599352770524262155e+02 -9.490525690465129172e-01 -3.147173652494277274e-01 -1.588084370153465541e-02 1.368083448836286209e+01 -4.569906468700792035e-02 8.759500720546486985e-02 9.951073862651242941e-01 1.194508988608701294e+01
-3.227938101608651689e-01 9.413800475003039070e-01 -9.801919347840487573e-02 1.602730958148714819e+02 -9.452907345208095835e-01 -3.258249821851368910e-01 -1.623293606109427190e-02 1.353164315732622391e+01 -4.721846408916507282e-02 8.741674411908037512e-02 9.950521240099331477e-01 1.198062091297027543e+01
-3.336909017155471613e-01 9.375423655175624260e-01 -9.830918050720799384e-02 1.606096661530588392e+02 -9.414233456576600600e-01 -3.368165201310113765e-01 -1.663478336420770587e-02 1.341487659605028249e+01 -4.870797022052072989e-02 8.699968176131331332e-02 9.950168787565500939e-01 1.202617903923446718e+01
-3.437232050809257977e-01 9.338449555850727446e-01 -9.893410542987712830e-02 1.609527003312590523e+02 -9.377311651180180174e-01 -3.469484682286960719e-01 -1.694173427269419357e-02 1.327701100550272528e+01 -5.014598942389036917e-02 8.695032675082767226e-02 9.949497577378585422e-01 1.205999973718435214e+01
-3.542322569133107280e-01 9.298400699281595960e-01 -9.958389688146401797e-02 1.612914782356392038e+02 -9.337484595844772750e-01 -3.575308413305218203e-01 -1.689709209022474679e-02 1.315042637723259666e+01 -5.131590772575886361e-02 8.700081524609408479e-02 9.948856897959666989e-01 1.208988718468386914e+01
-3.645801476665355700e-01 9.257824632644668927e-01 -1.000407249045275337e-01 1.616257379079150667e+02 -9.296934729871271230e-01 -3.679463359200663142e-01 -1.689793384210389049e-02 1.302296367806438404e+01 -5.245342898783114660e-02 8.684655776122637838e-02 9.948398429860177972e-01 1.212311601058703125e+01
-3.746844807655607124e-01 9.217114879603323097e-01 -1.002969233595563670e-01 1.619514237169687192e+02 -9.256104170171624013e-01 -3.781025769283707927e-01 -1.684628236260048151e-02 1.288391976821974616e+01 -5.344993716326795763e-02 8.652383649651636255e-02 9.948149224529991841e-01 1.215807147294095358e+01
-3.839248254198854848e-01 9.178413014005625259e-01 -1.008418259931474215e-01 1.622713925365140994e+02 -9.217416858036019400e-01 -3.874294716024901941e-01 -1.704902301451634988e-02 1.274336073586635720e+01 -5.471739283120718306e-02 8.640457150600938663e-02 9.947563807006307712e-01 1.219731409292895918e+01
-3.929764705663081337e-01 9.139197803878441606e-01 -1.015880337297766639e-01 1.626003441117279635e+02 -9.178518408986885424e-01 -3.965583703153932049e-01 -1.701343856155182466e-02 1.259437844951362884e+01 -5.583450313324096748e-02 8.655688273403822075e-02 9.946810616027783603e-01 1.223346596029716515e+01
-4.014038874949532598e-01 9.102187455992754028e-01 -1.018663549147626746e-01 1.629111963907822940e+02 -9.141405828440836157e-01 -4.050394262835557146e-01 -1.703108785037425743e-02 1.243542418802539906e+01 -5.676190537163125494e-02 8.628382418257514452e-02 9.946522949166771710e-01 1.227532062580783112e+01
-4.091711565189897204e-01 9.067356127946659683e-01 -1.020269237152356262e-01 1.632403368491145557e+02 -9.106148464972356749e-01 -4.128868770811666700e-01 -1.746505290510169672e-02 1.228033236456100319e+01 -5.796176335938067747e-02 8.576103558168864105e-02 9.946283118654061228e-01 1.231811630546950731e+01
-4.162091644711882754e-01 9.035013234607705002e-01 -1.022511120469217771e-01 1.635443669003567493e+02 -9.073786596351305356e-01 -4.199566759381716530e-01 -1.733085034602235841e-02 1.212353074874869741e+01 -5.859948335053852264e-02 8.556721825324424546e-02 9.946076370667237265e-01 1.234066306005600033e+01
-4.231179421148680841e-01 9.002631351728074272e-01 -1.024572813874485150e-01 1.638644816540254681e+02 -9.041242636243929098e-01 -4.269145682354396065e-01 -1.741457303518880589e-02 1.196926623512768906e+01 -5.941820416445441067e-02 8.526569578192591536e-02 9.945849577269381125e-01 1.237904802305831353e+01
-4.293643315766948465e-01 8.972776080826125877e-01 -1.026604344586722894e-01 1.641754956816452875e+02 -9.011394618717027960e-01 -4.331859795174297645e-01 -1.725043208452219090e-02 1.181724169206345110e+01 -5.994948729785648522e-02 8.510464842222312254e-02 9.945668694409913746e-01 1.240898482120108248e+01
-4.353611995261874590e-01 8.943841505910555822e-01 -1.026528962993039917e-01 1.644914048421505584e+02 -8.982343144276442315e-01 -4.391876426369925035e-01 -1.700973073454917911e-02 1.166732588136716409e+01 -6.029711711035328631e-02 8.480097715520656942e-02 9.945717932566268127e-01 1.244298339871864734e+01
-4.404090890557594840e-01 8.920415277802568044e-01 -1.014975221005027795e-01 1.647928484346510913e+02 -8.957862712703167363e-01 -4.441679367646640397e-01 -1.678690423646701790e-02 1.150322766779545702e+01 -6.005656067990509245e-02 8.352698166273722635e-02 9.946941504068542717e-01 1.248930662167062877e+01
-4.446197799251456750e-01 8.899073551018009676e-01 -1.018732086224457822e-01 1.651005570550242965e+02 -8.936593076249857992e-01 -4.484280459367888660e-01 -1.689169951615996507e-02 1.135285972714722647e+01 -6.071485151547447584e-02 8.352955736163389378e-02 9.946539699073358998e-01 1.252533699275882739e+01
-4.486684109554037736e-01 8.878109433218642765e-01 -1.024128211148108425e-01 1.653964340305583391e+02 -8.915327473197206531e-01 -4.526054028544010954e-01 -1.782441481664942540e-02 1.117343635858943252e+01 -6.217730669065443805e-02 8.330713189725437451e-02 9.945822762887692736e-01 1.255734799344582342e+01
-4.527088619077443976e-01 8.857048291126018436e-01 -1.028671086247266303e-01 1.656871166050538307e+02 -8.893672603704309010e-01 -4.567956069213583437e-01 -1.906960090148000081e-02 1.099831958446638502e+01 -6.387928092416818304e-02 8.285366125865675779e-02 9.945122966985611157e-01 1.261298182208119378e+01
-4.566416554054941734e-01 8.835840260215033215e-01 -1.037191761833936715e-01 1.659688698498251824e+02 -8.871991272085388847e-01 -4.609270236687499356e-01 -2.059095753662598324e-02 1.084004034236962255e+01 -6.600081233543610149e-02 8.261687364878639306e-02 9.943934558109094324e-01 1.263862258959512985e+01
-4.603294117544705077e-01 8.816106264353130717e-01 -1.042090976360433435e-01 1.662555676767248087e+02 -8.853118489509318456e-01 -4.645830018427883346e-01 -1.963579654168310512e-02 1.069406058921209990e+01 -6.572490228875081664e-02 8.321861423431026195e-02 9.943615536936528665e-01 1.266345203226219240e+01
-4.639299284067739393e-01 8.797016659947709538e-01 -1.043743281392048583e-01 1.665534105471556643e+02 -8.834779742468492625e-01 -4.681095569188105099e-01 -1.844211869495239464e-02 1.055732177497121249e+01 -6.508218303936463833e-02 8.365656918198212388e-02 9.943670790425087613e-01 1.268498311209564022e+01
-4.676811504318050261e-01 8.777412369366174305e-01 -1.041377093648569313e-01 1.668420353089226467e+02 -8.815549350744712465e-01 -4.717646722100861112e-01 -1.729134177424809099e-02 1.043925670772227043e+01 -6.430581604044331712e-02 8.371627700445075093e-02 9.944125637721431543e-01 1.274517388410617613e+01
-4.708129496863233676e-01 8.761070718259373891e-01 -1.037861508306609781e-01 1.671137899781801650e+02 -8.799492214007416102e-01 -4.747926483267828068e-01 -1.616505029587506775e-02 1.029849117569134798e+01 -6.343921629317059163e-02 8.371582760399134959e-02 9.944682629650315464e-01 1.280986994872906770e+01
-4.730630677479168433e-01 8.748696646663872700e-01 -1.039923255796002532e-01 1.673986163121768129e+02 -8.787231471797426474e-01 -4.770602511400736656e-01 -1.609805555645549280e-02 1.014456937174052165e+01 -6.369430542410145502e-02 8.376506806953355755e-02 9.944478110126482306e-01 1.284203553874595194e+01
-4.750342641943228195e-01 8.737567265760385338e-01 -1.043629752569586733e-01 1.676707558277776400e+02 -8.776075710426333165e-01 -4.790963661027405340e-01 -1.648099620163862022e-02 9.977881300754225080e+00 -6.440030349313499713e-02 8.376069931820710746e-02 9.944027082423483321e-01 1.287150215257176988e+01
-4.775505730849320951e-01 8.723383197859222449e-01 -1.047440021162438228e-01 1.679331513409071874e+02 -8.761938548196219756e-01 -4.816687613627084197e-01 -1.671924351297704447e-02 9.799682160517193097e+00 -6.503675055370611302e-02 8.379176666229755377e-02 9.943586681459694043e-01 1.290453381484224060e+01
-4.804902913225801431e-01 8.706503948038362140e-01 -1.053421566737005183e-01 1.682002740977351891e+02 -8.744988833800755312e-01 -4.847162646461298241e-01 -1.737370871472784795e-02 9.654466821159298107e+00 -6.618748304432812979e-02 8.377370002230684343e-02 9.942842572789882816e-01 1.291696339885189992e+01
-4.829589364644164551e-01 8.692838116703656137e-01 -1.053390737428427232e-01 1.684712443673392102e+02 -8.731803608440400488e-01 -4.871190342524072125e-01 -1.646523322866040584e-02 9.495057895912839996e+00 -6.562562857170813058e-02 8.402797889299995493e-02 9.943000430643286203e-01 1.292186302452560653e+01
-4.857695668338877226e-01 8.678399021697051907e-01 -1.043160205342120173e-01 1.687545132472264697e+02 -8.716828866263237607e-01 -4.898164851875099757e-01 -1.577200055015343799e-02 9.363475487635051664e+00 -6.478327794128149741e-02 8.326893202528090621e-02 9.944191328904286031e-01 1.297926261259734027e+01
-4.878688866423572801e-01 8.666217843907189078e-01 -1.046452687214930177e-01 1.690136798191626042e+02 -8.705002358026219245e-01 -4.919238761234299151e-01 -1.549966345700722059e-02 9.215091835016558264e+00 -6.490985221002196215e-02 8.353192754358704231e-02 9.943888214209399834e-01 1.301707469930835082e+01
-4.905895390528662858e-01 8.651233528678745621e-01 -1.043239593503958035e-01 1.692695481669372555e+02 -8.689815051355487263e-01 -4.946109172850492453e-01 -1.520474382547323117e-02 9.092257766304042477e+00 -6.475374818689798306e-02 8.319630295325092240e-02 9.944271352244259399e-01 1.307106081433332889e+01
-4.938386115110313668e-01 8.632684320711103698e-01 -1.043601455074838757e-01 1.695103559289412942e+02 -8.671235171370079708e-01 -4.978652639574006056e-01 -1.506602046237892623e-02 8.953466812715056733e+00 -6.496331125182530641e-02 8.305295379524134380e-02 9.944254497231473922e-01 1.310948868262642009e+01
-4.972923823241455210e-01 8.612679651634658207e-01 -1.044881747642250613e-01 1.697791422065903930e+02 -8.651487941092106393e-01 -5.013030372822233627e-01 -1.458865528404585526e-02 8.823856719002799665e+00 -6.494498082034319553e-02 8.314299125483287645e-02 9.944191231424726052e-01 1.313883925076830295e+01
-4.995052842654028602e-01 8.599369044558123898e-01 -1.048951445296444074e-01 1.700183712089322512e+02 -8.638556921146666179e-01 -5.035343661178355301e-01 -1.436959774665608897e-02 8.670844261419116350e+00 -6.517525751410785384e-02 8.343657766990100755e-02 9.943794664587077836e-01 1.316319226451188129e+01
-5.019081835285632565e-01 8.585248097514120991e-01 -1.049920299278002817e-01 1.702464990816223747e+02 -8.624314286889250836e-01 -5.059660202554694397e-01 -1.450576286934646131e-02 8.501357468299822528e+00 -6.557595684881699361e-02 8.326786527913340730e-02 9.943672643923965326e-01 1.318829563429436291e+01
-5.054513023384035186e-01 8.564367083917997503e-01 -1.050483007165348703e-01 1.704949240618687725e+02 -8.603378527008521681e-01 -5.095206185886009820e-01 -1.440550044866676510e-02 8.348451306119246240e+00 -6.586167454976296631e-02 8.309575050572190480e-02 9.943627789058638866e-01 1.322132377771776568e+01
-5.099875819303762992e-01 8.537794028415494063e-01 -1.047539858923539069e-01 1.707392030593775019e+02 -8.576297140529113294e-01 -5.140638663777983286e-01 -1.447808199421456860e-02 8.212702140578427290e+00 -6.621132720562025731e-02 8.245648893954296565e-02 9.943927732950563758e-01 1.326712045383512439e+01
-5.140541963312488249e-01 8.513098363233878585e-01 -1.049754533844991095e-01 1.709744324279060947e+02 -8.551728448788912251e-01 -5.181464769643870927e-01 -1.427003122415142211e-02 8.058936729324072346e+00 -6.654087928467940227e-02 8.243658768072054110e-02 9.943724253998501572e-01 1.329418375878341330e+01
-5.191163769380764403e-01 8.481923549405279150e-01 -1.052991748074375844e-01 1.712201324341238831e+02 -8.520753447038007522e-01 -5.232317125171987993e-01 -1.400649721449106350e-02 7.911754035610290003e+00 -6.697607141797051744e-02 8.245182858349325850e-02 9.943419441121112978e-01 1.332491003286364339e+01
-5.252354022542471412e-01 8.444053883664520699e-01 -1.053912345336223133e-01 1.714613587729911615e+02 -8.482763091937156608e-01 -5.293725671565785440e-01 -1.385598797422911421e-02 7.780012728111405096e+00 -6.749129928744448947e-02 8.212323203427614182e-02 9.943342995596284872e-01 1.336234501666721641e+01
-5.301180026480545315e-01 8.412892021198169479e-01 -1.058649217873396109e-01 1.716737839053026562e+02 -8.452093495270186496e-01 -5.342685151020476475e-01 -1.335324839757819765e-02 7.630574946503147160e+00 -6.779423825482261412e-02 8.239922431221852195e-02 9.942908573914340797e-01 1.339144067956051032e+01
-5.351790772286912912e-01 8.379849528811176285e-01 -1.066047561860048870e-01 1.719090753319433986e+02 -8.419819823585914520e-01 -5.393547795672701817e-01 -1.275786586534837647e-02 7.490669161761860373e+00 -6.818868439956281280e-02 8.293154106112213264e-02 9.942196250412099756e-01 1.340722650350120304e+01
-5.406328012161285557e-01 8.344126519039871681e-01 -1.071060250021315247e-01 1.721320048096928019e+02 -8.384625505408203061e-01 -5.448226679623926483e-01 -1.219884481919636388e-02 7.342385878188388837e+00 -6.853266075225887544e-02 8.320929525537307248e-02 9.941727654654999302e-01 1.343481360942096359e+01
-5.452840364895579217e-01 8.312753230562868190e-01 -1.079196776650164502e-01 1.723401434950345674e+02 -8.354050772176007111e-01 -5.495104501298548882e-01 -1.168854811939124688e-02 7.196283288042002901e+00 -6.901939226557793350e-02 8.378306795379755756e-02 9.940909017869239417e-01 1.344069702009399769e+01
-5.501782173664393483e-01 8.279776310029280939e-01 -1.084295702023478358e-01 1.725572558080377803e+02 -8.321419573058987940e-01 -5.544445080762194777e-01 -1.144772270918863188e-02 7.015393926785270295e+00 -6.959663804088908612e-02 8.393050710497239331e-02 9.940382175502648909e-01 1.346096948913475977e+01
-5.569471881076297759e-01 8.233870167565202625e-01 -1.088285362200630269e-01 1.727988391866570339e+02 -8.275805638686952737e-01 -5.612389750638833164e-01 -1.101013969092159983e-02 6.848989103615819474e+00 -7.014442220003139217e-02 8.393231502847349479e-02 9.939995606277625129e-01 1.349845096380726517e+01
-5.640190998381218179e-01 8.183839433914372741e-01 -1.101370792098440576e-01 1.730031535226165715e+02 -8.227133525253360613e-01 -5.683661830766610912e-01 -1.013022760798208688e-02 6.680229549196677219e+00 -7.088860694298412812e-02 8.489760381746994100e-02 9.938647806778018179e-01 1.350107124540098091e+01
-5.710622750784015711e-01 8.133203148306717978e-01 -1.113460527635222186e-01 1.732327233252129588e+02 -8.177991400630422181e-01 -5.754339641703760666e-01 -8.962108642232721745e-03 6.524550071542004837e+00 -7.136136555888483723e-02 8.594078404868937815e-02 9.937412828008443944e-01 1.351079226628184138e+01
-5.789778436520245375e-01 8.074141476066770684e-01 -1.134330234307259488e-01 1.734814966331818482e+02 -8.121496390659564968e-01 -5.834031651855029477e-01 -7.328752729759011042e-03 6.368150970163775959e+00 -7.209452354436529653e-02 8.788140358528949425e-02 9.935186151143774458e-01 1.350133302282659642e+01
-5.875627368991158672e-01 8.010378703582226034e-01 -1.144917484344745717e-01 1.737379503153985354e+02 -8.058783208021691458e-01 -5.920452745306714615e-01 -6.521117003810535107e-03 6.188146622003998232e+00 -7.300796031047429580e-02 8.843485261968048183e-02 9.934027957346605042e-01 1.352272839736853705e+01
-5.958934322141529183e-01 7.947725933785059205e-01 -1.150979680899761326e-01 1.739886612602524849e+02 -7.996524176264023787e-01 -6.004323993217863809e-01 -6.078225804698307588e-03 6.005659184653343807e+00 -7.393935642326698865e-02 8.841639361050160351e-02 9.933355490027656609e-01 1.354991910825359547e+01
-6.045368435608222679e-01 7.881456367537830188e-01 -1.155926470130857336e-01 1.742404184654407402e+02 -7.930238603999432145e-01 -6.091608744676957343e-01 -6.015467905624356793e-03 5.784264177821878405e+00 -7.515558271937723689e-02 8.803115518795764927e-02 9.932784876873074209e-01 1.357285970644399775e+01
-6.132573498358440123e-01 7.813579830017652883e-01 -1.157373114934414082e-01 1.744955978835358223e+02 -7.861967411408915529e-01 -6.179469492055120750e-01 -6.020978910611596291e-03 5.547322260185709730e+00 -7.622405848391181071e-02 8.729988755441271675e-02 9.932616083093255277e-01 1.361993774120628053e+01
-6.223702988929635804e-01 7.741512152037500760e-01 -1.155210242961873801e-01 1.747532658534139784e+02 -7.788929426207268358e-01 -6.271250849267775429e-01 -6.317577954183195565e-03 5.315648618833980876e+00 -7.733689282295019840e-02 8.604663766899327271e-02 9.932849445926140719e-01 1.366914301329794235e+01
-6.317638256066977487e-01 7.665059457624026074e-01 -1.155123533033386302e-01 1.750020812381906694e+02 -7.711976463445917584e-01 -6.365655615940437606e-01 -6.202907787665877526e-03 5.062138626130907149e+00 -7.828575175185110979e-02 8.516408223743829331e-02 9.932866757232285959e-01 1.370429456004380597e+01
-6.417544425500023575e-01 7.582088468420986604e-01 -1.151980036186020934e-01 1.753011491398465580e+02 -7.628249445600085998e-01 -6.465769873085773778e-01 -6.025233604117788411e-03 4.824495942511046742e+00 -7.905276354661071314e-02 8.400919029093963097e-02 9.933242756131073214e-01 1.375657781302161453e+01
-6.527101221711777423e-01 7.489907160539009956e-01 -1.139403514140215901e-01 1.755710505083581552e+02 -7.534241951430259432e-01 -6.575062026239031354e-01 -6.129900829381508542e-03 4.576260899695141937e+00 -7.950772659540428222e-02 8.184436923917995377e-02 9.934686812554642810e-01 1.382508456869829416e+01
-6.620560783088935697e-01 7.407603740813122339e-01 -1.138236239326545496e-01 1.758253630608516858e+02 -7.451302408550226630e-01 -6.668915226448746125e-01 -6.051544243953835278e-03 4.351695784514114429e+00 -8.039075405532644658e-02 8.080696266606557376e-02 9.934825420947773766e-01 1.386681909365534082e+01
-6.706976109646360928e-01 7.329228609686354590e-01 -1.139683926177779277e-01 1.760728788164255434e+02 -7.372457940771880436e-01 -6.755973632712293231e-01 -6.069749291277681813e-03 4.089845496100467770e+00 -8.144540356475658827e-02 7.995175176638019687e-02 9.934658341521670488e-01 1.390009930131314952e+01
-6.808884631385450081e-01 7.233808381754039951e-01 -1.145035533312426385e-01 1.763290576661561317e+02 -7.277091294019298884e-01 -6.858623103607579541e-01 -5.684559058465439574e-03 3.828552486600016458e+00 -8.264577272865263058e-02 7.945473042716719170e-02 9.934065744008492294e-01 1.392688427904416137e+01
-6.912217289186470826e-01 7.134521008345768855e-01 -1.148852526891341458e-01 1.765452735997330649e+02 -7.177588125964411425e-01 -6.962705454624251722e-01 -5.441917089118085415e-03 3.575563794419898134e+00 -8.387376473525080811e-02 7.869833121602284876e-02 9.933638629691282640e-01 1.396139973936121415e+01
-7.019869231331943293e-01 7.027618240284935203e-01 -1.154996902079665627e-01 1.767982316279302495e+02 -7.070831290414526515e-01 -7.071132657672807298e-01 -4.927271139287182911e-03 3.318742597898339142e+00 -8.513406119139281525e-02 7.820900244905620857e-02 9.932952952475833097e-01 1.398031251726197510e+01
-7.131088117990938002e-01 6.914602086797601022e-01 -1.155794200843200531e-01 1.770558687036811705e+02 -6.957400780696958442e-01 -7.182793680483676724e-01 -4.526941971323104885e-03 3.060968605064719128e+00 -8.614851305773442436e-02 7.718503254246131262e-02 9.932879262577193336e-01 1.401749688996811827e+01
-7.243631428743104728e-01 6.796825957111578553e-01 -1.154539143233993259e-01 1.773059445828545222e+02 -6.838894206044663360e-01 -7.295731368118927307e-01 -4.277666156151806176e-03 2.784475549871188615e+00 -8.713952966673293998e-02 7.585912687211004979e-02 9.933036269135745444e-01 1.404072920121000934e+01
-7.367795092565034842e-01 6.663208851705970659e-01 -1.147712190630447854e-01 1.775573458269010985e+02 -6.703919705184950839e-01 -7.419955527431021380e-01 -4.147960195941331751e-03 2.488623002609013479e+00 -8.792360663709565538e-02 7.388557162890330154e-02 9.933832904277157816e-01 1.411574990824322917e+01
-7.497678528582172319e-01 6.516373482407031847e-01 -1.149649215987363360e-01 1.777672555651960238e+02 -6.556076377925170728e-01 -7.550896493615946170e-01 -4.271615045872520500e-03 2.173318555084134740e+00 -8.959236624007049787e-02 7.216916103716874975e-02 9.933603676947738714e-01 1.413077915927912365e+01
-7.631198311273696966e-01 6.359412140672014990e-01 -1.150082414041213030e-01 1.779664470709543025e+02 -6.398191179236575321e-01 -7.685146011767445273e-01 -4.099282564362115300e-03 1.865990698762824751e+00 -9.099241550551198654e-02 7.045622775087656553e-02 9.933560793046917192e-01 1.416765444119447537e+01
-7.779369524376120726e-01 6.177162204193639150e-01 -1.150685407176807867e-01 1.782086154288637374e+02 -6.215081226555808636e-01 -7.833990461893181045e-01 -3.686177261400816474e-03 1.565634065728222613e+00 -9.242159653033614475e-02 6.864841921328407315e-02 9.933507150217897319e-01 1.419261100519981511e+01
-7.929961604198558778e-01 5.981312006727199648e-01 -1.157417657597113458e-01 1.784165727605197560e+02 -6.018855206062738716e-01 -7.985763074637646231e-01 -3.114681693692493425e-03 1.279465074474218866e+00 -9.429162022088793949e-02 6.719336231614511656e-02 9.932744547287879477e-01 1.420939318336743895e+01
-8.080714500087458063e-01 5.775620360030930822e-01 -1.159423401899636746e-01 1.786284208049252129e+02 -5.812240561757102686e-01 -8.137390562405264482e-01 -2.710142327023511155e-03 9.577199182426207047e-01 -9.591208580475292511e-02 6.519848860778679200e-02 9.932522483638493993e-01 1.422567252201587706e+01
-8.230984113413901682e-01 5.560028204480373937e-01 -1.156281492591988425e-01 1.788337833140186603e+02 -5.595214848773590877e-01 -8.288122909188890830e-01 -2.427834924023000718e-03 6.536431517514875722e-01 -9.718391434756684655e-02 6.269808669816535895e-02 9.932896036486409397e-01 1.425834477099500219e+01
-8.375295508133531186e-01 5.338534737825491039e-01 -1.163817857084501473e-01 1.790222305280499597e+02 -5.373645546003478213e-01 -8.433488604411132350e-01 -1.426552433312435614e-03 3.494565858345275999e-01 -9.891201632538010324e-02 6.134466662213058918e-02 9.932035264252072615e-01 1.428893289317344006e+01
-8.517598663533962888e-01 5.103899226761846597e-01 -1.183522576896757078e-01 1.791834324154605724e+02 -5.140967249932238969e-01 -8.577317202848611100e-01 9.237794190015378992e-04 5.549970104202692212e-02 -1.010429978815286373e-01 6.163134630828513705e-02 9.929712431542726536e-01 1.432293184170060840e+01
-8.657429634939710628e-01 4.857730478761527748e-01 -1.204726820394954601e-01 1.793551399024091495e+02 -4.896102010209318345e-01 -8.719375600843040086e-01 2.596607493053047083e-03 -2.849661997157334481e-01 -1.037832944982914063e-01 6.123264873695458133e-02 9.927132468702820622e-01 1.427536107954378508e+01
-8.802618819182357335e-01 4.589430598975758335e-01 -1.204586527137690433e-01 1.795181163063816143e+02 -4.626323403645164478e-01 -8.865450871282365419e-01 3.020949790762620518e-03 -6.314974357683643680e-01 -1.054055828247087989e-01 5.838729537012467274e-02 9.927137486953352408e-01 1.429880476531761069e+01
-8.919677508057808346e-01 4.360219142176838258e-01 -1.194923505686623921e-01 1.796954197908228252e+02 -4.394379388641974082e-01 -8.982694607083308025e-01 2.504764570025255765e-03 -1.011065622238284334e+00 -1.062441970615960740e-01 5.474364146375453044e-02 9.928319617689715937e-01 1.433048540330328890e+01
-9.031104435057251134e-01 4.127937708460567845e-01 -1.182912912330651989e-01 1.798377922316220747e+02 -4.159676898963494129e-01 -9.093763151899345587e-01 2.366079853226787932e-03 -1.361136140165067676e+00 -1.065945955158478509e-01 5.134218657469201419e-02 9.929761185872207907e-01 1.438831863622317364e+01
-9.135575354514986479e-01 3.891318018427492031e-01 -1.182753998699619252e-01 1.799913794433528551e+02 -3.921768176559519148e-01 -9.198858944532259940e-01 2.699051544287851823e-03 -1.689588540755369461e+00 -1.077495852104976976e-01 4.885060880484302231e-02 9.929771623287022564e-01 1.443006985735303438e+01
-9.230169155896252864e-01 3.661680301281380334e-01 -1.181556060772984140e-01 1.801222691076431772e+02 -3.691035686025377904e-01 -9.293827462805546169e-01 3.204147450783841750e-03 -2.067207554594874264e+00 -1.086385253042693455e-01 4.656913815064341045e-02 9.929899225025498044e-01 1.446567855585832518e+01
-9.304554615224580605e-01 3.464836520008748311e-01 -1.191709403301242781e-01 1.802434961353066285e+02 -3.492807071425659826e-01 -9.370140421291355270e-01 2.769922527319567535e-03 -2.448772884373927816e+00 -1.107051116300346166e-01 4.420139985288892848e-02 9.928698880064933396e-01 1.446909794609075206e+01
-9.371737886217408331e-01 3.279530300878315541e-01 -1.189625990661887789e-01 1.803482668717901447e+02 -3.306087078952217317e-01 -9.437639003101219171e-01 2.753676683765807903e-03 -2.853996477880657245e+00 -1.113695298734123651e-01 4.191074477549412702e-02 9.928949175457282283e-01 1.449754666527481284e+01
-9.435258189703017440e-01 3.089664168272850953e-01 -1.195775154840203747e-01 1.804537427935258620e+02 -3.116378381102482553e-01 -9.501931500853413315e-01 3.851673515237168804e-03 -3.249618405877421345e+00 -1.124316983523485358e-01 4.089903181990520165e-02 9.928173963029661708e-01 1.449559047138996526e+01
-9.491447013917229114e-01 2.909916186655412407e-01 -1.202007224871219082e-01 1.805998729725912142e+02 -2.936429828664953723e-01 -9.559042290273500608e-01 4.572039030369262624e-03 -3.630642740412287406e+00 -1.135699539195335062e-01 3.963562531405743355e-02 9.927390809133478378e-01 1.449283637155433802e+01
-9.539666328045504073e-01 2.746628032831282540e-01 -1.204491925593609986e-01 1.807144376851578329e+02 -2.774204739506839767e-01 -9.607271213026442602e-01 6.424875602888131809e-03 -4.009348955150782601e+00 -1.139541316869481097e-01 3.954418903187042339e-02 9.926987020165208842e-01 1.452074228801723521e+01
-9.580945739309236764e-01 2.597616990196464082e-01 -1.207420685865103344e-01 1.808261173418808880e+02 -2.625218879736584965e-01 -9.648986954374885183e-01 7.264012512368685920e-03 -4.422122613748264541e+00 -1.146169522316346640e-01 3.865704677624241803e-02 9.926573361415663710e-01 1.452431980847381965e+01
-9.623506878552614552e-01 2.435391133369020356e-01 -1.207056496589186262e-01 1.809173409200367928e+02 -2.462780114325802683e-01 -9.691654897197103935e-01 8.086694081553647689e-03 -4.861387387466500343e+00 -1.150143237571732563e-01 3.750938297853440018e-02 9.926554042160097291e-01 1.455324741860395932e+01
-9.660979306148611556e-01 2.280557915128653412e-01 -1.210179508136005194e-01 1.810275547516649226e+02 -2.306877922357022104e-01 -9.729948153113878728e-01 8.014480056467406313e-03 -5.315083896697855970e+00 -1.159220901084001137e-01 3.566013649158554510e-02 9.926179646219895902e-01 1.455480264658511658e+01
-9.696793306801301249e-01 2.120773465682133652e-01 -1.214297933965187565e-01 1.811120018118579367e+02 -2.147309014440283437e-01 -9.766313368248222826e-01 9.048309057260492394e-03 -5.765072951394458300e+00 -1.166732000794111351e-01 3.484868726862790089e-02 9.925587808179840987e-01 1.457007610705047185e+01
-9.729573422485751077e-01 1.959661690467741635e-01 -1.222753889943571509e-01 1.811780592547513038e+02 -1.986919179013997283e-01 -9.800069129793580469e-01 1.039097075991640522e-02 -6.182722070793295721e+00 -1.177944477692122044e-01 3.440510284537943997e-02 9.924418154093191946e-01 1.457082545423838305e+01
-9.760947044942682727e-01 1.793241702064524434e-01 -1.228086716727099931e-01 1.812511074059280816e+02 -1.820753236931589580e-01 -9.832177380465989547e-01 1.146543032607070731e-02 -6.670988112146587490e+00 -1.186916355952667562e-01 3.355177447316115558e-02 9.923641338084637775e-01 1.459300752851761018e+01
-9.789906970920041474e-01 1.624886080148891521e-01 -1.231854994416792526e-01 1.813182334900274668e+02 -1.652172376506441942e-01 -9.861817423468728361e-01 1.219981330911050488e-02 -7.132270029727048488e+00 -1.195009597886260710e-01 3.229587167224761551e-02 9.923086703654900864e-01 1.461115628580778214e+01
-9.815927536501349859e-01 1.460129201079114758e-01 -1.231092731808060975e-01 1.814033702437651527e+02 -1.488305949731656697e-01 -9.887641542613623269e-01 1.396070369810793917e-02 -7.606909896559658435e+00 -1.196875932646287027e-01 3.202615196013275378e-02 9.922949186653871045e-01 1.463316998300123473e+01
-9.839144689514891517e-01 1.306685863674938164e-01 -1.218114868336765272e-01 1.814737439473995551e+02 -1.336613635852228199e-01 -9.908864329821653882e-01 1.669481405768569876e-02 -8.092365143758598833e+00 -1.185198619322897079e-01 3.270775853834428232e-02 9.924128399305142123e-01 1.467991687115302746e+01
-9.857460302544318598e-01 1.171438804444514675e-01 -1.207562632414766884e-01 1.815187229614129194e+02 -1.202421023849940401e-01 -9.925689816455196546e-01 1.867226524053849229e-02 -8.579544390981526547e+00 -1.176715796259460572e-01 3.292609830502955803e-02 9.925065598769320374e-01 1.470805803683708213e+01
-9.869086861510010245e-01 1.059343583409415868e-01 -1.216106776668828687e-01 1.815497065649201716e+02 -1.091123109625295184e-01 -9.938330406108308868e-01 1.975831436755897536e-02 -9.091365152823367879e+00 -1.187676252019958661e-01 3.276887415099893203e-02 9.923812030116019312e-01 1.473995175173527983e+01
-9.876540347398674591e-01 9.602184039516971359e-02 -1.237712156730523955e-01 1.815727564400810365e+02 -9.937276866513521101e-02 -9.948249213360802479e-01 2.117613601409066085e-02 -9.620151603719563127e+00 -1.210973183430839456e-01 3.321418455699765016e-02 9.920848035497406014e-01 1.472795915892508134e+01
-9.885490683452515803e-01 8.620563991022388295e-02 -1.238520372113627172e-01 1.816053032061297756e+02 -8.959807851144928337e-02 -9.957332946354806591e-01 2.207691738961508471e-02 -1.014421970328025679e+01 -1.214204422689693780e-01 3.292102067130567994e-02 9.920550804250575228e-01 1.473951402064400185e+01
-9.892940941215273565e-01 7.761289054668422949e-02 -1.235857376773544652e-01 1.816871463990443942e+02 -8.096089411063499275e-02 -9.964678886839040128e-01 2.229530099932471726e-02 -1.069184936625842219e+01 -1.214188163386301783e-01 3.206222142697472827e-02 9.920834062699031008e-01 1.475310303585633065e+01
-9.900767681611242210e-01 6.895476964122776442e-02 -1.224468574172027230e-01 1.817460370982242921e+02 -7.226037199130258548e-02 -9.971261136925415602e-01 2.275855953454695643e-02 -1.123740038876563929e+01 -1.205256478402092352e-01 3.138077653809984158e-02 9.922140973986227630e-01 1.479433392611285747e+01
-9.904976603213848652e-01 6.247052270104028193e-02 -1.225227272440560788e-01 1.817838656452707937e+02 -6.578036827083305615e-02 -9.975654591396836413e-01 2.315378762936863913e-02 -1.178978942487443327e+01 -1.207780114425474893e-01 3.099336259412869762e-02 9.921955872846304203e-01 1.482035966442054331e+01
-9.908061732138693234e-01 5.683238651495673560e-02 -1.227729895551231964e-01 1.817995841979645206e+02 -6.021980331973238870e-02 -9.978952352626098143e-01 2.405565896651529201e-02 -1.235145103040651904e+01 -1.211474407877466131e-01 3.122786068873600190e-02 9.921431944570220374e-01 1.483397709746546766e+01
-9.909027805846106762e-01 5.339162448620655976e-02 -1.235354761370676679e-01 1.818097630268627256e+02 -5.678379834742024179e-02 -9.980955670621585174e-01 2.410060696557292381e-02 -1.292645234414616517e+01 -1.220134405503247033e-01 3.089617202168282867e-02 9.920474519293313032e-01 1.483054975859932689e+01
-9.910641825422799034e-01 5.079901698493217987e-02 -1.233338799972191757e-01 1.818365515860080848e+02 -5.416380349658719839e-02 -9.982416266697489160e-01 2.408188477918584217e-02 -1.350007843169454169e+01 -1.218936769179885526e-01 3.054692549340221400e-02 9.920729896889207700e-01 1.486511792814481581e+01
-9.911781152732408451e-01 4.917820478787232608e-02 -1.230749689304412031e-01 1.818738557847653681e+02 -5.255584368764328052e-02 -9.983211333278660948e-01 2.434744432678507403e-02 -1.409305456423479974e+01 -1.216709788637659606e-01 3.060096280851280076e-02 9.920986614130294923e-01 1.488923240599649844e+01
-9.911448806707050529e-01 4.914813176814374768e-02 -1.233543135198593294e-01 1.819026212665445996e+02 -5.256058054538879226e-02 -9.983156335193186237e-01 2.456178421153629512e-02 -1.469062992869091921e+01 -1.219393738420296719e-01 3.082786101278444865e-02 9.920586837946584469e-01 1.490956541253017242e+01
-9.911097576154817013e-01 4.988747989730489552e-02 -1.233397247802911628e-01 1.819525475204805502e+02 -5.334296769849124209e-02 -9.982664464740726995e-01 2.487226650600597028e-02 -1.532069697328594593e+01 -1.218850940701925595e-01 3.123045298301110190e-02 9.920527620293067006e-01 1.494904989748643587e+01
-9.911198402491665504e-01 5.100757198872162002e-02 -1.227993886966959047e-01 1.819691982215435360e+02 -5.451170622251690079e-02 -9.981914247802801121e-01 2.534469135390291644e-02 -1.590650935127766630e+01 -1.212845255965361579e-01 3.181363064678363606e-02 9.921078352456920157e-01 1.498522262893636636e+01
-9.909564378463360246e-01 5.326510016134278214e-02 -1.231591141398142991e-01 1.820048863375739643e+02 -5.683217303735028925e-02 -9.980546787469062320e-01 2.563127658278586615e-02 -1.654138894296428930e+01 -1.215542775831206929e-01 3.239887862585237588e-02 9.920558806161238197e-01 1.501487978188591477e+01
-9.907675965229609805e-01 5.625729914441576079e-02 -1.233478251656345281e-01 1.820248607463575468e+02 -5.983673494950598332e-02 -9.978822563829576886e-01 2.550622564474203449e-02 -1.718621719837953066e+01 -1.216516947300726736e-01 3.265147299944744230e-02 9.920356578673307224e-01 1.505187223082865522e+01
-9.905536299556974011e-01 5.861734634245156783e-02 -1.239657730559582810e-01 1.820782778247419742e+02 -6.228054654357771669e-02 -9.977230646264501068e-01 2.588087777951905699e-02 -1.784318450485109508e+01 -1.221664426257289410e-01 3.335705352956453568e-02 9.919489237233942713e-01 1.506936220696495887e+01
-9.903023881387871263e-01 6.094500538795658701e-02 -1.248474523764008665e-01 1.820998954360989046e+02 -6.458952984798312091e-02 -9.975898473241140429e-01 2.535131455897053979e-02 -1.848260132660745825e+01 -1.230015149525900547e-01 3.316930560191631155e-02 9.918520174326684868e-01 1.510162632460473731e+01
-9.900236983318195794e-01 6.398887208258119408e-02 -1.255328681699988957e-01 1.821276257498682298e+02 -6.762592295376795848e-02 -9.973993780168828316e-01 2.492419058239472851e-02 -1.917517728159612389e+01 -1.236115337904934441e-01 3.316481540933938210e-02 9.917763274714849198e-01 1.515442359148976514e+01
-9.898274214244908720e-01 6.629123564468564211e-02 -1.258854553665527676e-01 1.821763298256214227e+02 -7.005758715755397437e-02 -9.972111583989524686e-01 2.572625208383474971e-02 -1.981832613975979740e+01 -1.238289557325156359e-01 3.428378102426922480e-02 9.917111535527241006e-01 1.518343729286107191e+01
-9.896211691790570697e-01 6.903452652729892558e-02 -1.260324389188284822e-01 1.822219187839695280e+02 -7.297914709531704014e-02 -9.969693146079943169e-01 2.694865153039592912e-02 -2.049281305613903470e+01 -1.237900868483282624e-01 3.586669593394814504e-02 9.916600196240973331e-01 1.520351614444679811e+01
-9.893613098512923365e-01 7.237714862084443368e-02 -1.261972540384761476e-01 1.822482092244618457e+02 -7.642380223193134814e-02 -9.966956060651801508e-01 2.751856287632663961e-02 -2.116928701596609486e+01 -1.237885334825085254e-01 3.687027539739696352e-02 9.916234072319843884e-01 1.523888183114165962e+01
-9.890350352540266954e-01 7.540489343554991619e-02 -1.269795301851457947e-01 1.822799563623105712e+02 -7.958795938769534783e-02 -9.964291439694139552e-01 2.819073906239880078e-02 -2.185928689108888534e+01 -1.244003848891535591e-01 3.798767029386067307e-02 9.915046551303101641e-01 1.526727687066777861e+01
-9.885582146722629027e-01 7.848124998373678940e-02 -1.288151761438828258e-01 1.823409655804766771e+02 -8.279170693260687330e-02 -9.961607643637715448e-01 2.844757995634353970e-02 -2.254849355180414250e+01 -1.260880226951580085e-01 3.878691716516587812e-02 9.912605033943640009e-01 1.532712288273437728e+01
-9.882886191511111029e-01 8.153545517678029153e-02 -1.289867233691345261e-01 1.823746627101385513e+02 -8.591281162639799462e-02 -9.958881854375620790e-01 2.873518582378309372e-02 -2.323232706102010070e+01 -1.261134174258926044e-01 3.948026918595592960e-02 9.912298998164689179e-01 1.537106361171732694e+01
-9.878788023794418116e-01 8.465163464791222725e-02 -1.301136909045204348e-01 1.824472294762692286e+02 -8.897037404177080000e-02 -9.956480496317325901e-01 2.773506458249532999e-02 -2.393765016229504994e+01 -1.271996240254981980e-01 3.897514613140248135e-02 9.911110904594941928e-01 1.540405905403618547e+01
-9.872139666468946473e-01 8.863611639560564637e-02 -1.324848026288636127e-01 1.825156099037957347e+02 -9.288815202585182229e-02 -9.953303550089451779e-01 2.625405894314113489e-02 -2.464915877102457387e+01 -1.295390878095354636e-01 3.822464215754459160e-02 9.908372729471782714e-01 1.541829250455876377e+01
-9.868250032403809158e-01 9.173703066284549790e-02 -1.332693895265771311e-01 1.825629419503606243e+02 -9.599763084252688206e-02 -9.950447920513452171e-01 2.589047477581787882e-02 -2.535666262860261000e+01 -1.302338967098978229e-01 3.834291351292273831e-02 9.907416177445541594e-01 1.544716863217851355e+01
-9.863126395248857925e-01 9.541832320537901868e-02 -1.344720071618170643e-01 1.826114091547571263e+02 -9.982356515318757673e-02 -9.946550871635411184e-01 2.639154068630068795e-02 -2.605326920210818997e+01 -1.312350294455000843e-01 3.945378532363118251e-02 9.905658816404265821e-01 1.548859002695417253e+01
-9.859207385669530588e-01 9.883448059944580089e-02 -1.348778807226468923e-01 1.826700088985759578e+02 -1.032145318179073235e-01 -9.943228920163589279e-01 2.586013986496574560e-02 -2.675282680948660285e+01 -1.315562909373967915e-01 3.941740550649126817e-02 9.905247147133340313e-01 1.555164389113061318e+01
-9.852046320720795336e-01 1.024257337687525388e-01 -1.374074306784450195e-01 1.827542583650643451e+02 -1.067568163553426347e-01 -9.939830164818734826e-01 2.451010214723624986e-02 -2.748119053416192870e+01 -1.340701872356069302e-01 3.881664601081519922e-02 9.902113172889311921e-01 1.558920720573027552e+01
-9.846330910052016883e-01 1.054651812640093611e-01 -1.391932887695784271e-01 1.828218607338473305e+02 -1.097446579074221329e-01 -9.936839864618336460e-01 2.341463452845080062e-02 -2.819542690267277152e+01 -1.358447133985142830e-01 3.833054382953204886e-02 9.899883753112497242e-01 1.559726845866555323e+01
-9.843170315195697295e-01 1.084958378717909983e-01 -1.390993696067678032e-01 1.828829776137865792e+02 -1.128184633239715101e-01 -9.933364132346915731e-01 2.355343871403288783e-02 -2.889676212273480971e+01 -1.356170188203525140e-01 3.887702800544366039e-02 9.899982832812106448e-01 1.562535316084218628e+01
-9.836231797160779333e-01 1.121496758721543668e-01 -1.410953242563462995e-01 1.829544282606263437e+02 -1.164173170822681153e-01 -9.929491443075240120e-01 2.233842210906446593e-02 -2.961919759627726734e+01 -1.375952346871047172e-01 3.839852888753442217e-02 9.897439589968073381e-01 1.568667050527747087e+01
-9.831967762369009378e-01 1.144700567008717917e-01 -1.421995264277111648e-01 1.830268549340319453e+02 -1.187359278643994043e-01 -9.926852749287746747e-01 2.185690677484351807e-02 -3.033650208682482230e+01 -1.386574146288119258e-01 3.837383299180908286e-02 9.895966705228804727e-01 1.572918972803213933e+01
-9.829302891712559109e-01 1.159661158353360727e-01 -1.428282416323108928e-01 1.831127557992072070e+02 -1.202475347904072983e-01 -9.925069920750988484e-01 2.168873114939356625e-02 -3.105279748383986416e+01 -1.392428705770681896e-01 3.849325473516503060e-02 9.895098242732871530e-01 1.578329404209136833e+01
-9.827400304746509718e-01 1.169512631808129477e-01 -1.433332987937407377e-01 1.831911164251953608e+02 -1.209724944291715731e-01 -9.924615748228000633e-01 1.963868864850365492e-02 -3.177711472052742891e+01 -1.399560220007255995e-01 3.663911217075323246e-02 9.894796043199027835e-01 1.583126374464813502e+01
-9.823565657275759033e-01 1.178237855772282933e-01 -1.452347524670839496e-01 1.832669630168623769e+02 -1.216866288472460839e-01 -9.924057887566279934e-01 1.797539435251516854e-02 -3.250642524870756489e+01 -1.420138800671131296e-01 3.533137408291935067e-02 9.892339217160400766e-01 1.585696268872677805e+01
-9.821443777579039747e-01 1.181376178582334985e-01 -1.464101242582669660e-01 1.833401969851350373e+02 -1.220287382459441655e-01 -9.923659615811477597e-01 1.785456068421654302e-02 -3.322575417657025554e+01 -1.431831284776318436e-01 3.540199912300881491e-02 9.890628342918625915e-01 1.587147483624487165e+01
-9.820870552477021231e-01 1.189678484735187947e-01 -1.461220960172658900e-01 1.834126784570779023e+02 -1.227005429077168974e-01 -9.923020299654401466e-01 1.677075122403699423e-02 -3.395296275084661630e+01 -1.430020723103295754e-01 3.439959819603834179e-02 9.891243981213396763e-01 1.591851007008505547e+01
-9.821304467741900357e-01 1.189691693233832642e-01 -1.458290858149871305e-01 1.835191695111822980e+02 -1.224494815941214870e-01 -9.923599649005681034e-01 1.509385702446701394e-02 -3.467955668107598655e+01 -1.429192428487557620e-01 3.268083250237535653e-02 9.891946487979451641e-01 1.595331935605129559e+01
-9.821533095975512051e-01 1.196788944339765848e-01 -1.450925176349132095e-01 1.836030149681567991e+02 -1.228905911512873095e-01 -9.923304844788187751e-01 1.334586754467518253e-02 -3.540007266427779342e+01 -1.423825096458959383e-01 3.093819324223633788e-02 9.893280796307372116e-01 1.599452546464631908e+01
-9.818864194190755068e-01 1.205159454348968678e-01 -1.462017997711394790e-01 1.836717398396910710e+02 -1.234473367534214966e-01 -9.922889062305890739e-01 1.111222840787089855e-02 -3.614157131641947984e+01 -1.437352232713844657e-01 2.895916897347544650e-02 9.891923736682824986e-01 1.602386462682529000e+01
-9.817589606385457301e-01 1.205515155021911616e-01 -1.470261041993820572e-01 1.837530451962907989e+02 -1.234479322563641485e-01 -9.922933284230806006e-01 1.070319525528464280e-02 -3.682754860986279510e+01 -1.446027358923430151e-01 2.865802640046211450e-02 9.890747020803229983e-01 1.604208782266926647e+01
-9.819304673711994891e-01 1.205646891957984496e-01 -1.458653933162290806e-01 1.838515371031705854e+02 -1.235842471388995806e-01 -9.922640934618456310e-01 1.178569834389987282e-02 -3.757567180358081771e+01 -1.433160532085958339e-01 2.959940109972721695e-02 9.892342413944477109e-01 1.608999724319986413e+01
-9.819553577531838773e-01 1.211932011451281599e-01 -1.451753538863053139e-01 1.839374474388335159e+02 -1.240387525358562226e-01 -9.922199172495995700e-01 1.067818723132754784e-02 -3.828335493376186349e+01 -1.427517539267594837e-01 2.849287295790248892e-02 9.893483172985330087e-01 1.613003222514580060e+01
-9.817235034128961590e-01 1.221758576871171675e-01 -1.459178626663891476e-01 1.840224690219636159e+02 -1.245128079581433178e-01 -9.921936156622128689e-01 6.956270087052421336e-03 -3.903254260624392913e+01 -1.439288834844779930e-01 2.499777665239027308e-02 9.892722515371331626e-01 1.618422937005319184e+01
-9.816096332708885708e-01 1.227248170882741518e-01 -1.462229364376283203e-01 1.841113856067575796e+02 -1.245693304152324654e-01 -9.922047683787234007e-01 3.489917825045853184e-03 -3.974213525160866567e+01 -1.446547952530218561e-01 2.164063023977324737e-02 9.892455071078826156e-01 1.619852866157538074e+01
-9.816869066731559457e-01 1.228101649131469880e-01 -1.456313175814078764e-01 1.841890922099109673e+02 -1.247026182279184631e-01 -9.921864878590787029e-01 3.902603870362715208e-03 -4.046159616452015229e+01 -1.440141460884772073e-01 2.199174171985011222e-02 9.893312332189528879e-01 1.621850557877826304e+01
-9.817042082836902051e-01 1.231816498348616146e-01 -1.452003050343046442e-01 1.842941527953861680e+02 -1.251778598934725206e-01 -9.921233861144085342e-01 4.657265009781539136e-03 -4.116563793898006196e+01 -1.434829287078561721e-01 2.274792009926857039e-02 9.893913185896536788e-01 1.624202600389105910e+01
-9.819063410163844097e-01 1.232413350757109866e-01 -1.437759047983111493e-01 1.843889971402214769e+02 -1.253516840895489426e-01 -9.920961220331887542e-01 5.678022774053942054e-03 -4.189935170777508944e+01 -1.419397504849526648e-01 2.359783836424596271e-02 9.895939820233368156e-01 1.627353891802865959e+01
-9.818102237746475502e-01 1.238124327756284226e-01 -1.439415366798513785e-01 1.844729905071050098e+02 -1.257871065827450285e-01 -9.920462928201836394e-01 4.664409852405865947e-03 -4.258897356534726697e+01 -1.422191559147981121e-01 2.268555469699984339e-02 9.895752004264111168e-01 1.632416994259312659e+01
-9.818995136613477559e-01 1.236925347822974697e-01 -1.434346607718646749e-01 1.845617844191444590e+02 -1.257694585033591606e-01 -9.920444196293485284e-01 5.469258637281733740e-03 -4.331480046404779927e+01 -1.416170483359315835e-01 2.340996201192548781e-02 9.896446762849879786e-01 1.634238046143977385e+01
-9.819146420342512727e-01 1.237439463626601871e-01 -1.432866759239782573e-01 1.846403435415125216e+02 -1.260925984508843023e-01 -9.919909286055075270e-01 7.392846561848307255e-03 -4.402320928540687817e+01 -1.412242626982068705e-01 2.532653357603560640e-02 9.896536133023361437e-01 1.635383906532884879e+01
-9.820213037903640085e-01 1.231683900119837777e-01 -1.430514124492653916e-01 1.847280677935054882e+02 -1.259419481392931583e-01 -9.919824312889238271e-01 1.046335094487706174e-02 -4.473207450249279304e+01 -1.406157338307260085e-01 2.829140710484232685e-02 9.896599474987731737e-01 1.638650719150861335e+01
-9.819495199190084733e-01 1.234894328863422736e-01 -1.432672338542137769e-01 1.848160023945608259e+02 -1.266228921913291894e-01 -9.918666725836200460e-01 1.292853398497447251e-02 -4.543526691633872616e+01 -1.405054572033821170e-01 3.083607924667433262e-02 9.895995921142860530e-01 1.641903713345778826e+01
-9.819960262650915261e-01 1.234679423186156172e-01 -1.429666801012641486e-01 1.849080522675262159e+02 -1.267868431704423093e-01 -9.918268088875283883e-01 1.430655691829042959e-02 -4.614064193495772770e+01 -1.400317849577154272e-01 3.217527609189432813e-02 9.896240957100663760e-01 1.646098213255621445e+01
-9.820829867290992166e-01 1.238273102886783272e-01 -1.420556384094754931e-01 1.849958597554841617e+02 -1.269816959757413266e-01 -9.918155713255203398e-01 1.332371432282583763e-02 -4.684813691853789663e+01 -1.392431544614551875e-01 3.112345904463793139e-02 9.897690004403654207e-01 1.648125936714656348e+01
-9.820999935390277713e-01 1.254061635141487663e-01 -1.405449993536054265e-01 1.850925730414099348e+02 -1.279091432666600581e-01 -9.917461062110093373e-01 8.883236127171328239e-03 -4.755674265099939646e+01 -1.382709432940681382e-01 2.670121660083357371e-02 9.900344394376409118e-01 1.651082259816097064e+01
-9.821859754605608561e-01 1.266291974981924306e-01 -1.388371562282608440e-01 1.851895190818166270e+02 -1.288690350525348582e-01 -9.916352868103401885e-01 7.227015788210449862e-03 -4.826241541564835558e+01 -1.367606720267755815e-01 2.499008390418635400e-02 9.902888539679958191e-01 1.655326353808359841e+01
-9.822474592728414056e-01 1.285232122232921326e-01 -1.366444754531035977e-01 1.852568445428422592e+02 -1.305928438536124447e-01 -9.914163635315742518e-01 6.253259634385714694e-03 -4.896774974085131760e+01 -1.346678799353179801e-01 2.398703903435472906e-02 9.906004159458500213e-01 1.662281057932944250e+01
-9.820497314334750705e-01 1.308036547711161623e-01 -1.358997015815653353e-01 1.853533531941681076e+02 -1.329851009512618698e-01 -9.910928935674638840e-01 7.059691569369306793e-03 -4.964014187039409620e+01 -1.337657950165980769e-01 2.500560374377312073e-02 9.906974471880841682e-01 1.666157802284318379e+01
-9.820803496543921707e-01 1.328463435959724159e-01 -1.336788532861017398e-01 1.854505050847554912e+02 -1.352187097685527695e-01 -9.907768159898378002e-01 8.786434178132530512e-03 -5.033444029003903353e+01 -1.312786629701649943e-01 2.670486641456203819e-02 9.909857530552829141e-01 1.670366960332748008e+01
-9.824239210979393011e-01 1.349049612517023988e-01 -1.290112037159039937e-01 1.855521053758133974e+02 -1.373821569699031075e-01 -9.904629120205241666e-01 1.045766982268196872e-02 -5.099065192833797511e+01 -1.263700209735153235e-01 2.799770243252128199e-02 9.915879922919867973e-01 1.669694461083739156e+01
-9.822501130703356065e-01 1.377135744259419814e-01 -1.273565341556665842e-01 1.856520831459019121e+02 -1.401293088542033549e-01 -9.900810438516052248e-01 1.016382830232074111e-02 -5.169698008805974609e+01 -1.246935931528008468e-01 2.782980460848232321e-02 9.918049252761842460e-01 1.672142595571361312e+01
-9.817225955305670659e-01 1.405877909598205744e-01 -1.282802340883631709e-01 1.857262297341526107e+02 -1.425767337358288811e-01 -9.897629987878309166e-01 6.409463920165675219e-03 -5.236468018629096832e+01 -1.260659368027303995e-01 2.458209233485091766e-02 9.917172481682926533e-01 1.676445901608706990e+01
-9.812368105979525357e-01 1.431098897144115201e-01 -1.292048025171140258e-01 1.858255611009145127e+02 -1.446391278844815220e-01 -9.894813606427232955e-01 2.481859271056024302e-03 -5.306447431529843328e+01 -1.274905651896408587e-01 2.112336163004601211e-02 9.916148241031254029e-01 1.679269209149141417e+01
-9.806845233649978955e-01 1.456341522759921070e-01 -1.305701318189567417e-01 1.859172617986094451e+02 -1.467436256952317775e-01 -9.891739070000347134e-01 -1.135794041371313359e-03 -5.372489552403229141e+01 -1.293219778312422463e-01 1.804647891251503350e-02 9.914384250414525201e-01 1.685255228595187660e+01
-9.801328801467055207e-01 1.488962148835470400e-01 -1.310322649147036556e-01 1.860114514676016313e+02 -1.495450468055138371e-01 -9.887426217255208538e-01 -4.930208847593445243e-03 -5.439929880023045428e+01 -1.302912745783890713e-01 1.476296639218531437e-02 9.913658449795625938e-01 1.689344271398500297e+01
-9.793938696458219795e-01 1.512820899586981571e-01 -1.337960289317724205e-01 1.860956716652921159e+02 -1.515177747517848783e-01 -9.884181702743883857e-01 -8.478478973137052940e-03 -5.506345115866282924e+01 -1.335290681254486522e-01 1.196870624415615099e-02 9.909726222436169296e-01 1.693462159732013816e+01
-9.785625325051894308e-01 1.542304672343892402e-01 -1.364856510908448173e-01 1.861831839793660777e+02 -1.543976046194388274e-01 -9.879638374402148759e-01 -9.425263825684305347e-03 -5.572771011218650727e+01 -1.362965504508800163e-01 1.184984755455975591e-02 9.905972094893688018e-01 1.691932831035149931e+01
-9.782562215036763043e-01 1.561963791742284613e-01 -1.364457995770168575e-01 1.862809923104137511e+02 -1.565836598988057937e-01 -9.876326458133961594e-01 -7.957033135933462911e-03 -5.637917707904843212e+01 -1.360011858111756511e-01 1.358116550565040791e-02 9.906155810411333418e-01 1.692785104157517040e+01
-9.780465421606994170e-01 1.577439182437765097e-01 -1.361683429604708673e-01 1.863892048212196357e+02 -1.582387642912999881e-01 -9.873742507932026236e-01 -7.251368569064499739e-03 -5.702282293653629353e+01 -1.355929749030607701e-01 1.445493437075253719e-02 9.906591745041657404e-01 1.693985835858089573e+01
-9.777009251830235392e-01 1.596263209383302351e-01 -1.364563613759102179e-01 1.864949534651048566e+02 -1.600869480209463069e-01 -9.870731702456001511e-01 -7.663266577603805238e-03 -5.765670962322819548e+01 -1.359156722736515333e-01 1.435249960786541719e-02 9.906164423152926668e-01 1.696500834638312583e+01
-9.775154836027670768e-01 1.612753999857805542e-01 -1.358444871029916012e-01 1.865928537829460936e+02 -1.616913232187056071e-01 -9.868086313879469440e-01 -8.039963559061754153e-03 -5.831243479597746671e+01 -1.353491607385595430e-01 1.410568600506422431e-02 9.906975493609005978e-01 1.699509393067974727e+01
-9.773811962857223978e-01 1.622514932422196021e-01 -1.356482586978554894e-01 1.867020755205236640e+02 -1.625924953643727577e-01 -9.866555107563841354e-01 -8.636176540873849797e-03 -5.894985990598421211e+01 -1.352393345084069443e-01 1.361455231466232769e-02 9.907194185878231973e-01 1.700378716106412469e+01
-9.771977611965334543e-01 1.637575959009843207e-01 -1.351591110403352614e-01 1.868148773635168425e+02 -1.639867832622209365e-01 -9.864166699263736682e-01 -9.512528931554022418e-03 -5.959066870355873391e+01 -1.348809490913862874e-01 1.286868587285406977e-02 9.907782428455484958e-01 1.702321547226559062e+01
-9.771078374158748137e-01 1.645807029408961619e-01 -1.348089992543279048e-01 1.869068182486740284e+02 -1.648463845601360611e-01 -9.862757194113369597e-01 -9.266865548930268426e-03 -6.022521609516211072e+01 -1.344839899687863272e-01 1.316804917710710787e-02 9.908282691379696194e-01 1.705194917198475935e+01
-9.769252661470313459e-01 1.656957473575578488e-01 -1.347662556843252646e-01 1.870124776282568178e+02 -1.659403934622431243e-01 -9.860900749756131844e-01 -9.494727599368524978e-03 -6.086248063028624955e+01 -1.344649031574727260e-01 1.308752620668353350e-02 9.908319264520298875e-01 1.707149399425394165e+01
-9.768694428914630468e-01 1.666418280484031900e-01 -1.340022115101468514e-01 1.871320802953896703e+02 -1.668881969224043915e-01 -9.859303288202003746e-01 -9.471876291499871717e-03 -6.150888846198251514e+01 -1.336952552370969105e-01 1.311060094652873563e-02 9.909357652592363230e-01 1.708081471136203788e+01
-9.769303511553453223e-01 1.678452281502393062e-01 -1.320419190207727800e-01 1.872413527402144666e+02 -1.679975851779396956e-01 -9.857360119180398339e-01 -1.006609071583279384e-02 -6.212445964719955782e+01 -1.318480199543212716e-01 1.234885399997080226e-02 9.911930212824403563e-01 1.711184390415394674e+01
-9.768404027720727356e-01 1.694166214489952194e-01 -1.306936719543173031e-01 1.873500110220961972e+02 -1.694223822632768273e-01 -9.854803809750232180e-01 -1.115684102060704973e-02 -6.274082597103361536e+01 -1.306862039403201559e-01 1.124398017300187562e-02 9.913600198765019078e-01 1.715227508061814277e+01
-9.765646137243042535e-01 1.706205257147075660e-01 -1.311876191808422909e-01 1.874503776096946979e+02 -1.705829035800028037e-01 -9.852749433364902387e-01 -1.160857611819053094e-02 -6.336588342398614770e+01 -1.312365354149382657e-01 1.104184034086583104e-02 9.912895891383962654e-01 1.718035724026531241e+01
-9.764696590764854189e-01 1.710644237771207221e-01 -1.313162892441519791e-01 1.875369371443028399e+02 -1.709972115658891512e-01 -9.851999761040435288e-01 -1.187268803947909984e-02 -6.397327796397820521e+01 -1.314037995635692069e-01 1.086139965169812677e-02 9.912694242524902055e-01 1.719603600837524127e+01
-9.764387329301460472e-01 1.713055687563065088e-01 -1.312318671163730799e-01 1.876529323320450828e+02 -1.712876519394849473e-01 -9.851538291754018406e-01 -1.150969826281206775e-02 -6.459240273101761431e+01 -1.312552518066569252e-01 1.123988318984953626e-02 9.912848853377366209e-01 1.720587583634479500e+01
-9.763298623783918107e-01 1.721954299573921765e-01 -1.308767883544684762e-01 1.877613450426740087e+02 -1.722577621343797660e-01 -9.849912586636928591e-01 -1.093086184025274243e-02 -6.520281846554358651e+01 -1.307947369455167430e-01 1.187241584110441950e-02 9.913383794292688345e-01 1.721614194025608668e+01
-9.760934582342573052e-01 1.732204940111541913e-01 -1.312867900697554935e-01 1.878633127607501194e+02 -1.733777937927162838e-01 -9.848013222298266367e-01 -1.031970706733066796e-02 -6.581644613586331616e+01 -1.310789892082583064e-01 1.268921545710640329e-02 9.912907153803188764e-01 1.723428215235569638e+01
-9.758784596364176167e-01 1.745185586921392251e-01 -1.311659433300861877e-01 1.879624880509849447e+02 -1.746822006417114159e-01 -9.845704952067180216e-01 -1.034740292862191061e-02 -6.641880528266442241e+01 -1.309479316240691471e-01 1.281454799892455670e-02 9.913064241509591534e-01 1.726255021082906183e+01
-9.756448545170037789e-01 1.758754949332959061e-01 -1.310912969516370430e-01 1.880618304138010615e+02 -1.760757509719189096e-01 -9.843242475073075148e-01 -1.015409714584509376e-02 -6.701236616696510850e+01 -1.308221990878034313e-01 1.317520592403275542e-02 9.913182971047647118e-01 1.727533518714724181e+01
-9.753770050831689353e-01 1.770309079211919989e-01 -1.315285352902072213e-01 1.881594473285052516e+02 -1.772731391288422109e-01 -9.841112947116448240e-01 -9.959606637676435281e-03 -6.762669269753983770e+01 -1.312018753615778188e-01 1.360210504185044300e-02 9.912623520743817362e-01 1.729657600528235761e+01
-9.751318537253244045e-01 1.777787486614975376e-01 -1.323351214703200884e-01 1.882605735742986042e+02 -1.781258587842607100e-01 -9.839636980855970272e-01 -9.306948054312870824e-03 -6.823061122037347559e+01 -1.318675330874961305e-01 1.449680565049281562e-02 9.911613371915543036e-01 1.731105432935401822e+01
-9.750181477073056602e-01 1.786332084997437342e-01 -1.320219241736059479e-01 1.883739321086690950e+02 -1.789998472749831926e-01 -9.838062440975776646e-01 -9.183068667393275153e-03 -6.883225083167626224e+01 -1.315243943797003989e-01 1.467824566167409001e-02 9.912042588625962214e-01 1.732636352568845339e+01
-9.749555766812998403e-01 1.795623863588873825e-01 -1.312210840647815013e-01 1.884915245809479529e+02 -1.799498509151730707e-01 -9.836346348031477227e-01 -8.997575856076224510e-03 -6.941715429800487414e+01 -1.306892292946966183e-01 1.484097775689028828e-02 9.913122972734564886e-01 1.733675414630759448e+01
-9.748184149251197805e-01 1.804244379663912379e-01 -1.310575450227450811e-01 1.886131903326134420e+02 -1.808357832035639712e-01 -9.834734354585696892e-01 -8.855577929879236004e-03 -7.001707512711017500e+01 -1.304893767171513286e-01 1.506731335807370148e-02 9.913352100234001929e-01 1.735866173306068916e+01
-9.743883095296728136e-01 1.820681186758593695e-01 -1.319796287831553616e-01 1.887138710878441543e+02 -1.825011956666313107e-01 -9.831652531257546457e-01 -8.910590688662123338e-03 -7.062926440202315348e+01 -1.313801196230094115e-01 1.540406465852767193e-02 9.912123783326354243e-01 1.740121663302656785e+01
-9.741154938577121225e-01 1.830802380307838262e-01 -1.325919721134622142e-01 1.888006763815058378e+02 -1.836179991435205605e-01 -9.829629243971169661e-01 -8.265570228235348885e-03 -7.121607462431899194e+01 -1.318462552250752873e-01 1.629465259707432029e-02 9.911362415328505149e-01 1.743150401500714253e+01
-9.740112387985702114e-01 1.832245702673310495e-01 -1.331572887393945859e-01 1.889248893560887836e+02 -1.837824492335610460e-01 -9.829327791250810353e-01 -8.195308118551802162e-03 -7.183837950092964775e+01 -1.323862456896039985e-01 1.648965044493979487e-02 9.910610341348384811e-01 1.744778658691737760e+01
-9.740746789529100003e-01 1.832590247679979911e-01 -1.326448252434613839e-01 1.890376989122053146e+02 -1.839131343654515915e-01 -9.829145728626906831e-01 -7.409552080267212820e-03 -7.245086331386984568e+01 -1.317363990348205394e-01 1.717766850411140897e-02 9.911359386451998876e-01 1.745283548116812611e+01
-9.740562381805266678e-01 1.832306938923168593e-01 -1.328192669658334601e-01 1.891389774011165628e+02 -1.838397300924503874e-01 -9.829255283069204818e-01 -7.769133934755320138e-03 -7.306719097173466082e+01 -1.319749919535373461e-01 1.684988481566749782e-02 9.911098238240616531e-01 1.747152317160814761e+01
-9.741505856032748323e-01 1.829125218661504515e-01 -1.325656287027742186e-01 1.892612696330684514e+02 -1.832939224198118222e-01 -9.830129692251063922e-01 -9.425515328089689726e-03 -7.369244962698590484e+01 -1.320377770668559880e-01 1.511660278650865663e-02 9.911294132187976613e-01 1.750781031346238592e+01
-9.742657890402766085e-01 1.829524961918849169e-01 -1.316607627309133444e-01 1.893690116077801520e+02 -1.831147761199243829e-01 -9.830302445596250660e-01 -1.097802566923285206e-02 -7.429740742107482276e+01 -1.314349689857211845e-01 1.341351625051012339e-02 9.912340422470971024e-01 1.753528731862951773e+01
-9.741600912300512061e-01 1.834803363079366978e-01 -1.317083248810988205e-01 1.894900887568798566e+02 -1.834653116931160843e-01 -9.829485510912976398e-01 -1.235416176299870480e-02 -7.491178485010360077e+01 -1.317292528636156701e-01 1.212897752677536550e-02 9.912115272958383905e-01 1.757329005832203705e+01
-9.741434890679065983e-01 1.833830219866715017e-01 -1.319663970624392890e-01 1.895928884149212479e+02 -1.834544886104766959e-01 -9.829583166525461824e-01 -1.172170347096243050e-02 -7.552831906095178738e+01 -1.318670289165335685e-01 1.279120676983418366e-02 9.911848827106360948e-01 1.758369041156061030e+01
-9.743143919669674524e-01 1.830585181124777527e-01 -1.311527527446602615e-01 1.897177625018802303e+02 -1.831541883224090950e-01 -9.830176691993859350e-01 -1.143701629648839757e-02 -7.613130528667521446e+01 -1.310191165670027136e-01 1.287792639636846717e-02 9.912961969591792544e-01 1.760191801806250211e+01
-9.744017768721198181e-01 1.826026961398809489e-01 -1.311389819653252520e-01 1.898309306045895539e+02 -1.827180653404897881e-01 -9.831009185957717555e-01 -1.125577426826829264e-02 -7.673855370234953455e+01 -1.309781883623533094e-01 1.299381462835350401e-02 9.913000932889696193e-01 1.761747466469356738e+01
-9.745522889903708297e-01 1.821482850288700661e-01 -1.306515912060399465e-01 1.899569491088172981e+02 -1.824000207124928108e-01 -9.831721214784285845e-01 -1.013962482976262652e-02 -7.732943549402780548e+01 -1.302999173741521133e-01 1.394925835475306630e-02 9.913764924203324336e-01 1.761394257070845981e+01
-9.748628280715974093e-01 1.815043879753672207e-01 -1.292231542330349592e-01 1.900726734686199109e+02 -1.817501818491160659e-01 -9.832940105511271955e-01 -9.988003408759681123e-03 -7.792633911819005732e+01 -1.288772200276705748e-01 1.374939853111825649e-02 9.915652354726701700e-01 1.762585646067637413e+01
-9.750348666419146326e-01 1.809600232533537800e-01 -1.286875239358086787e-01 1.901852209047715974e+02 -1.811979555714548218e-01 -9.833962572348040609e-01 -9.955006444208214234e-03 -7.853283384867673078e+01 -1.283522875889197001e-01 1.361143786397322683e-02 9.916352247827657784e-01 1.765049306774516324e+01
-9.751003219718010762e-01 1.809501101338630846e-01 -1.282046010603074826e-01 1.902814008454888324e+02 -1.811927244460477815e-01 -9.833981144397381247e-01 -9.866363270534049545e-03 -7.915230182121460700e+01 -1.278614824656290894e-01 1.360904695084727556e-02 9.916986614606179140e-01 1.768651438497904849e+01
-9.751063308290188747e-01 1.809242475020571006e-01 -1.281953986810074053e-01 1.904050476377407506e+02 -1.811627270058152606e-01 -9.834033458731217259e-01 -9.895739960500863491e-03 -7.971908535211048275e+01 -1.278581632942711044e-01 1.357482933092690053e-02 9.916995583782679535e-01 1.772426121139345057e+01
-9.750636715318639069e-01 1.811483034479260956e-01 -1.282034656970684749e-01 1.905000142900666447e+02 -1.813796333441101138e-01 -9.833626445501981728e-01 -9.966840582472026588e-03 -8.033813789895759783e+01 -1.278759753306206171e-01 1.353519342966051989e-02 9.916978035026920990e-01 1.774792072295445777e+01
-9.751700124842663797e-01 1.804247576884927540e-01 -1.284147715976812487e-01 1.906026657915450642e+02 -1.808248320486082750e-01 -9.834774200390821175e-01 -8.633909187817428652e-03 -8.093395328054445770e+01 -1.278507992389119885e-01 1.480105017623916351e-02 9.916829644839382230e-01 1.775406996387103575e+01
-9.752623528280914833e-01 1.797318057235225974e-01 -1.286849686932299008e-01 1.907122630915200432e+02 -1.802618752481913167e-01 -9.835891942136814059e-01 -7.612710298356020408e-03 -8.150095980701431131e+01 -1.279413908327603766e-01 1.577260401592307792e-02 9.916563041065870054e-01 1.778377996216446277e+01
-9.755007633338401707e-01 1.786682485849987456e-01 -1.283585512642817505e-01 1.908234594001764606e+02 -1.792666205903797327e-01 -9.837758305501558276e-01 -6.970937344199578528e-03 -8.208946157315135395e+01 -1.275215255445174001e-01 1.621024900860574408e-02 9.917033267816932618e-01 1.778238475381058237e+01
-9.757554225087414768e-01 1.776780580067350845e-01 -1.277961781421595722e-01 1.909689733504848732e+02 -1.783087193396603043e-01 -9.839525827542525693e-01 -6.581451107938296637e-03 -8.266769449683786775e+01 -1.269147590008251891e-01 1.636528625448460325e-02 9.917786150918819210e-01 1.777884351455005074e+01
-9.759596821050320337e-01 1.768104249404880701e-01 -1.274392896159137478e-01 1.910686071191940130e+02 -1.773704918568378697e-01 -9.841190326189919180e-01 -7.031234281624688769e-03 -8.324566637841611794e+01 -1.266586259356547728e-01 1.574176830676019684e-02 9.918214502654538745e-01 1.780580377533338776e+01
-9.760473505692934815e-01 1.762952880019038882e-01 -1.274815315055044529e-01 1.911450817071812196e+02 -1.768221104510654673e-01 -9.842160283116756503e-01 -7.262979417716548119e-03 -8.385058002708854019e+01 -1.267497956696355677e-01 1.545254162643573681e-02 9.918143517085185046e-01 1.784914629610922887e+01
-9.761005481328568489e-01 1.754876839622329932e-01 -1.281865543351127512e-01 1.912349231376915100e+02 -1.759288047328848303e-01 -9.843706866916965836e-01 -7.962841664680950921e-03 -8.443337702776827314e+01 -1.275804671569902016e-01 1.477917317341315498e-02 9.917181053304988669e-01 1.787430732665125888e+01
-9.763693778584996430e-01 1.737791517539133135e-01 -1.284665107952159824e-01 1.913263535403456501e+02 -1.742168187538940816e-01 -9.846755499969090941e-01 -7.909570251146091219e-03 -8.501339699725180310e+01 -1.278723505824452822e-01 1.465836464191571514e-02 9.916823051272745104e-01 1.787326803956817045e+01
-9.768152270359120593e-01 1.713357081566537210e-01 -1.283592121401420094e-01 1.914467068213226355e+02 -1.714919390550190270e-01 -9.851356064766856324e-01 -9.917242104683667708e-03 -8.560820551003210710e+01 -1.281504079975152588e-01 1.232525708743080484e-02 9.916781539228335385e-01 1.788995388164891054e+01
-9.772472038163766417e-01 1.698591074105864906e-01 -1.270267147601347735e-01 1.915881178077160598e+02 -1.696250459323237203e-01 -9.854263507327332139e-01 -1.273778136198483110e-02 -8.618905109443599599e+01 -1.273391001441853687e-01 9.098951106996013699e-03 9.918175047170832981e-01 1.792556360137342253e+01
-9.773021398701331464e-01 1.692180518402968958e-01 -1.274589280381508982e-01 1.916623819518657683e+02 -1.687099044873856812e-01 -9.855538554043015154e-01 -1.485147216862794939e-02 -8.675923584816760581e+01 -1.281307751210346013e-01 6.989208044759187034e-03 9.917326532074004497e-01 1.791805220829029821e+01
-9.773940048697722371e-01 1.681019032981020400e-01 -1.282291283296588258e-01 1.917146332848365944e+02 -1.676069376890077511e-01 -9.857440133833779150e-01 -1.471918874614536535e-02 -8.731691184616319390e+01 -1.288754192355610617e-01 7.105644684835807356e-03 9.916353342486698974e-01 1.795693312357776961e+01
-9.773991158773869259e-01 1.665502382081372745e-01 -1.301997942967478283e-01 1.917507473034870600e+02 -1.660898190571325761e-01 -9.860045415776774735e-01 -1.446430066624040250e-02 -8.787858853915919610e+01 -1.307866212105491810e-01 7.487465593054659641e-03 9.913822661170216266e-01 1.796595056394300371e+01
-9.776092414396799768e-01 1.644825418906490644e-01 -1.312465788694107127e-01 1.918194730777977099e+02 -1.639604167933413070e-01 -9.863551418670108983e-01 -1.484977567045594679e-02 -8.841071235799103079e+01 -1.318982667690799526e-01 7.001965845384872100e-03 9.912385281543553139e-01 1.800186970121676566e+01
-9.780726942974597993e-01 1.617868120949653710e-01 -1.311443178405280741e-01 1.919280088371393731e+02 -1.613571876401862504e-01 -9.867972311041752764e-01 -1.396720021993611352e-02 -8.894483040732578161e+01 -1.316725585175544666e-01 7.500141150833326831e-03 9.912648915482474843e-01 1.801115250998671868e+01
-9.787078063501475356e-01 1.588452805635919285e-01 -1.299969485486315857e-01 1.920472689880511155e+02 -1.584404141981415881e-01 -9.872760030307632384e-01 -1.351772866725346918e-02 -8.949220859904662007e+01 -1.304900951720211477e-01 7.366863801775534390e-03 9.914222432342957303e-01 1.802652554275150365e+01
-9.789585433958127858e-01 1.574906918318397242e-01 -1.297568969214242529e-01 1.921323276368319739e+02 -1.569641101308891784e-01 -9.875001916885750575e-01 -1.434013758112317322e-02 -9.002535370390030778e+01 -1.303933987714359921e-01 6.328775660104976782e-03 9.914421355558161730e-01 1.805707872977502859e+01
-9.792155707979952606e-01 1.564530046529834795e-01 -1.290710007779063417e-01 1.922282879125854436e+02 -1.557167745642628331e-01 -9.876747457690111531e-01 -1.583927679606188244e-02 -9.057113665049280371e+01 -1.299582703257446403e-01 4.588453462033860106e-03 9.915088471964168537e-01 1.803507586062963952e+01
-9.793796525345606074e-01 1.546862241060683318e-01 -1.299525616257386773e-01 1.922842569419980521e+02 -1.539011286856704352e-01 -9.879546859384202850e-01 -1.612393009148045328e-02 -9.110561321086635189e+01 -1.308813920714511359e-01 4.208396859309656950e-03 9.913891015163085463e-01 1.802853661716684996e+01
-9.798472632718469022e-01 1.520667256330717754e-01 -1.295185377230178014e-01 1.923733101494214850e+02 -1.512803752965874993e-01 -9.883622621100682792e-01 -1.594637534969371370e-02 -9.160259753763433821e+01 -1.304361480142538499e-01 3.968600749100332191e-03 9.914487689736156684e-01 1.803901204711366901e+01
-9.803724811822998042e-01 1.488657329029959286e-01 -1.292624914958558358e-01 1.924638596320726549e+02 -1.480607097244148185e-01 -9.888509365240132354e-01 -1.586983211901092303e-02 -9.208022299303991076e+01 -1.301838099625483580e-01 3.580349541161260800e-03 9.914834122267494054e-01 1.804224307578336450e+01
-9.809049147373933852e-01 1.455654725904545754e-01 -1.289815546252468803e-01 1.925288378460268177e+02 -1.448041907398513739e-01 -9.893418575268981829e-01 -1.531127980948837272e-02 -9.254367664573567254e+01 -1.298356445210816223e-01 3.658160021830245655e-03 9.915287808616802812e-01 1.808536692080278740e+01
-9.815539284308323342e-01 1.416763104684455044e-01 -1.283733174536232646e-01 1.926114599210986569e+02 -1.412368903725983726e-01 -9.898960677285884024e-01 -1.256645906196921653e-02 -9.299795034480131051e+01 -1.288566117041680392e-01 5.796390905223045183e-03 9.916462955472556962e-01 1.810203891089294359e+01
-9.821494522118399129e-01 1.371822740776721672e-01 -1.286991732640961894e-01 1.926559168622092955e+02 -1.372493641333798753e-01 -9.905009940910880495e-01 -8.390038709667676023e-03 -9.342400462210066792e+01 -1.286276236465803136e-01 9.423607772252642553e-03 9.916481886493759834e-01 1.812503032421706806e+01
-9.827858102729429834e-01 1.325551114903713856e-01 -1.286903008929979053e-01 1.927115139406472224e+02 -1.328049950252222777e-01 -9.911197032758414238e-01 -6.675857604762508619e-03 -9.385536782305835857e+01 -1.284324118846399687e-01 1.052977664452563536e-02 9.916623615834728733e-01 1.810930918709906834e+01
-9.833556847027455916e-01 1.276635375162171737e-01 -1.292811608535491541e-01 1.927589616298500630e+02 -1.279737469023191077e-01 -9.917597712811723198e-01 -5.939374722917637947e-03 -9.427441523289428460e+01 -1.289740961068423231e-01 1.070407666094924833e-02 9.915901901875893154e-01 1.812695324259168927e+01
-9.841175357409794877e-01 1.216334129637151873e-01 -1.292980614622692148e-01 1.928157843661226707e+02 -1.220280911573419225e-01 -9.925145747841224164e-01 -4.895284423650210145e-03 -9.468751360237531856e+01 -1.289256406445121461e-01 1.096046038683153902e-02 9.915936907284711443e-01 1.813814017133211465e+01
-9.849010640060398281e-01 1.151403907284100359e-01 -1.292771617211647683e-01 1.928618777181584107e+02 -1.156062099150710343e-01 -9.932873877467849333e-01 -3.920404601708620158e-03 -9.510117862404619871e+01 -1.288607711789885868e-01 1.108403203160456679e-02 9.916007492358397402e-01 1.814872346965717398e+01
-9.857503090014423375e-01 1.078109406344715526e-01 -1.291244724406344635e-01 1.929037154739371829e+02 -1.081882110713620337e-01 -9.941219349921486259e-01 -4.109665758364286492e-03 -9.552362365067622818e+01 -1.288085373286264046e-01 9.918641387685387875e-03 9.916198774047857434e-01 1.816630409118421952e+01
-9.864518495322507352e-01 1.005797018886851746e-01 -1.296012041702791218e-01 1.929316262533045290e+02 -1.008357330870502944e-01 -9.948924459358985395e-01 -4.601733638931265746e-03 -9.594218884764818256e+01 -1.294021000107815345e-01 8.529043772296050069e-03 9.915555213527530443e-01 1.819456748249644562e+01
-9.871590570226951300e-01 9.327216589823363047e-02 -1.296815299366744501e-01 1.929749831403791234e+02 -9.326634382111244348e-02 -9.956223152517995612e-01 -6.131433999381212703e-03 -9.637231858123287509e+01 -1.296857172101316957e-01 6.042221553295716065e-03 9.915367397683227946e-01 1.818698187214915052e+01
-9.879534370097529106e-01 8.389958968761089542e-02 -1.300340922637873431e-01 1.929793475254966495e+02 -8.376400896363796200e-02 -9.964642804466430359e-01 -6.521395272031068821e-03 -9.677679271172944198e+01 -1.301214705686813689e-01 4.449341996860161144e-03 9.914880767073493972e-01 1.817005412940792297e+01
-9.889010276248306752e-01 7.246352454768018037e-02 -1.297065733595752779e-01 1.930056690083677040e+02 -7.227685423212956706e-02 -9.973656337836502850e-01 -6.152145125590304138e-03 -9.719130746016820410e+01 -1.298106848640073474e-01 3.290920458865695571e-03 9.915333357672201364e-01 1.816064398241979561e+01
-9.897516197028590756e-01 6.016229082574119785e-02 -1.295076447865791125e-01 1.930324544853651219e+02 -5.990826083565237853e-02 -9.981866869790601005e-01 -5.859882372192247793e-03 -9.759161074544635994e+01 -1.296253508354567874e-01 1.958749694939889135e-03 9.915611084146137566e-01 1.816301692195182227e+01
-9.904972644791927294e-01 4.617600821919567999e-02 -1.295490074225892074e-01 1.930528232649687936e+02 -4.579641283095599313e-02 -9.989333160386841826e-01 -5.909202972986148800e-03 -9.796579740334979647e+01 -1.296836829792165913e-01 7.983044577038536649e-05 9.915554124687363524e-01 1.817661198549507162e+01
-9.910904066605192853e-01 3.041825717286265884e-02 -1.296708735840575166e-01 1.930454388841008040e+02 -2.988619134937831739e-02 -9.995350130388209742e-01 -6.047584320450289513e-03 -9.835727289734656154e+01 -1.297945352937302232e-01 -2.118334263094667509e-03 9.915386483984547361e-01 1.818047560799208284e+01
-9.914771030628839465e-01 1.244164468101819666e-02 -1.296856182452894579e-01 1.930270203633587016e+02 -1.180217097305800468e-02 -9.999141151043611231e-01 -5.698348478742172422e-03 -9.872922898584205598e+01 -1.297453770365417092e-01 -4.119210202668443545e-03 9.915387885730703177e-01 1.818274355735965386e+01
-9.915126549713302317e-01 -7.356585976709721468e-03 -1.298019093637366173e-01 1.930194407133361949e+02 8.202501426701695741e-03 -9.999484566773346739e-01 -5.983557383533348768e-03 -9.910622187747496525e+01 -1.297512003877011322e-01 -6.997473214265108842e-03 9.915218915215973094e-01 1.818531419429051610e+01
-9.911023694272034223e-01 -2.836917146296094247e-02 -1.300433905521074518e-01 1.929945818495008325e+02 2.943215756198098651e-02 -9.995471833106361892e-01 -6.259108324685735969e-03 -9.946763561408806709e+01 -1.298069390172557624e-01 -1.003087465172142548e-02 9.914885476578596535e-01 1.817713570097574660e+01
-9.901832050815451147e-01 -5.117593647563533493e-02 -1.300701499202671085e-01 1.929582332291907107e+02 5.246761353981952564e-02 -9.986013347204181212e-01 -6.521029369317454458e-03 -9.985490026791477192e+01 -1.295545055329037076e-01 -1.328148412042460570e-02 9.914833494697143923e-01 1.817187662982166430e+01
-9.887177858983646761e-01 -7.442382500763103370e-02 -1.299932079743752467e-01 1.929166875454388901e+02 7.590570733141854820e-02 -9.970939730262413647e-01 -6.475534669986579908e-03 -1.002068045345709919e+02 -1.291335101464863855e-01 -1.626970270099237920e-02 9.914937384226228945e-01 1.816984489171351314e+01
-9.866636950959750685e-01 -9.785708364903354661e-02 -1.300720721725564244e-01 1.928591207856509584e+02 9.951195492322136016e-02 -9.950166188239528697e-01 -6.268898747564085466e-03 -1.005366633396423026e+02 -1.288104173074345604e-01 -1.912902098525953720e-02 9.914847235077453025e-01 1.816494390283849825e+01
-9.839167925771026280e-01 -1.223258612780047522e-01 -1.301696160683479819e-01 1.928088891808426411e+02 1.241800561660094809e-01 -9.922403721951211786e-01 -6.193338089781371195e-03 -1.008875582091684038e+02 -1.284019428801352336e-01 -2.225819958311862912e-02 9.914723967997921550e-01 1.816576439227518946e+01
-9.804708619783391033e-01 -1.475072471710274502e-01 -1.300711376266012465e-01 1.927274775651927712e+02 1.495510675004156076e-01 -9.887355934536730118e-01 -6.033609806679374882e-03 -1.012316416214780901e+02 -1.277159622793445914e-01 -2.536805609104758261e-02 9.914863058606621093e-01 1.815778379143445775e+01
-9.761572306678072408e-01 -1.738119757500186935e-01 -1.300248364768535059e-01 1.926591715951358594e+02 1.760706379012566269e-01 -9.843592934892326785e-01 -5.992644693597585712e-03 -1.015671579728035141e+02 -1.269495627562464424e-01 -2.874331934996452592e-02 9.914926273597518547e-01 1.815082656490689317e+01
-9.708630129848354606e-01 -2.012547433408143627e-01 -1.300828132415326743e-01 1.925895496645026128e+02 2.037349632035020675e-01 -9.790082461255238400e-01 -5.909212019778568165e-03 -1.018950484081921104e+02 -1.261628898942799004e-01 -3.223945255506011076e-02 9.914855232994952416e-01 1.813858779861669035e+01
-9.645055025854900599e-01 -2.296766107678080426e-01 -1.302988486078208719e-01 1.924958261293437261e+02 2.323888290410923152e-01 -9.726056808476366555e-01 -5.798423907832923885e-03 -1.022111874429859171e+02 -1.253976380129266932e-01 -3.587260861880217644e-02 9.914578096579104161e-01 1.813347684530445036e+01
-9.570865637737113740e-01 -2.588027881317983003e-01 -1.304086895073983676e-01 1.923753414558348425e+02 2.617063426257479342e-01 -9.651327675591621080e-01 -5.341461695719133818e-03 -1.025183827270706161e+02 -1.244793142384875567e-01 -3.924102239748270687e-02 9.914459352319299201e-01 1.812199027413956642e+01
-9.485652081490874021e-01 -2.885011727481928689e-01 -1.303499873877890514e-01 1.922604147891369166e+02 2.916497694455739698e-01 -9.565103382840063340e-01 -5.327732928746765212e-03 -1.028014006017698421e+02 -1.231440533335774051e-01 -4.307024586340156558e-02 9.914537286479098155e-01 1.811122069970048898e+01
-9.390792771034355280e-01 -3.179348153556832979e-01 -1.305663222260508849e-01 1.921397271178994970e+02 3.213113701430475033e-01 -9.469598919417381300e-01 -5.095730613911796103e-03 -1.030882933132992605e+02 -1.220209602145749389e-01 -4.673773891021718030e-02 9.914264819087058589e-01 1.810160011156491677e+01
-9.289951243021645766e-01 -3.462956563718106451e-01 -1.305656057345223886e-01 1.920244315691721795e+02 3.498669767588298840e-01 -9.367873822327996702e-01 -4.743317726516951133e-03 -1.033613261642306469e+02 -1.206696216801988186e-01 -5.008711278797296773e-02 9.914283249615791771e-01 1.809602380297830493e+01
-9.182141709889477532e-01 -3.739067866523976269e-01 -1.306768957787043939e-01 1.918968603661115253e+02 3.776369409177962044e-01 -9.259447099060065245e-01 -4.090849707666217860e-03 -1.036474631532810662e+02 -1.194699838843584772e-01 -5.310469934346871007e-02 9.914165692877595637e-01 1.808546164658270428e+01
-9.068461932163756067e-01 -4.007377054182515996e-01 -1.305345674719287918e-01 1.917482663684206727e+02 4.046198115629794367e-01 -9.144781452418768719e-01 -3.539769161498999839e-03 -1.039600721317726908e+02 -1.179524901801906195e-01 -5.602689828191693283e-02 9.914374396446806736e-01 1.807207226713958548e+01
-8.955770964815188417e-01 -4.253189552212883751e-01 -1.305582268078293584e-01 1.915743607207647017e+02 4.295150695256995110e-01 -9.030487597641176922e-01 -4.443257681362101225e-03 -1.042639061466273063e+02 -1.160106430809967476e-01 -6.005600567771034182e-02 9.914306868732540856e-01 1.804789430937481143e+01
-8.837184950905248026e-01 -4.493090722897673528e-01 -1.310075531908249935e-01 1.913870067524931642e+02 4.538993389828631653e-01 -8.910335942224825168e-01 -5.875715946529330713e-03 -1.046068977116223948e+02 -1.140921185089405487e-01 -6.465672064892404036e-02 9.913639578727223567e-01 1.803601524061513217e+01
-8.711517077497072936e-01 -4.731432265427188977e-01 -1.312638155072212987e-01 1.911978313116443644e+02 4.780943313804338901e-01 -8.782792489815363091e-01 -7.167364252242479361e-03 -1.049357425149124481e+02 -1.118950954540203074e-01 -6.900034771777482923e-02 9.913215621725182114e-01 1.801574079000928919e+01
-8.579907334752208126e-01 -4.966671085538829078e-01 -1.310484053751855282e-01 1.910018065674760521e+02 5.017313189750955971e-01 -8.649983565104963912e-01 -6.597483887940985836e-03 -1.052417640673854606e+02 -1.100799020265022660e-01 -7.141166931858025646e-02 9.913540178235872302e-01 1.799404895809308513e+01
-8.444087754741398388e-01 -5.194660137649874665e-01 -1.308773488628903192e-01 1.908054372078097742e+02 5.246942056222615447e-01 -8.512658458854232002e-01 -6.515382981838853393e-03 -1.055262799761563599e+02 -1.080268970612818097e-01 -7.417223316100138297e-02 9.913771579672497891e-01 1.797126083924645457e+01
-8.304514397937081682e-01 -5.415491210572239700e-01 -1.306711736639153965e-01 1.905958430350283663e+02 5.469079464832772297e-01 -8.371696870834974824e-01 -6.213944155174747075e-03 -1.058303780267128502e+02 -1.060287895715198436e-01 -7.662548212355424493e-02 9.914062897073687708e-01 1.794842163024166837e+01
-8.157364334805521366e-01 -5.635386763784125952e-01 -1.303772653421447769e-01 1.903844132315185504e+02 5.690299421644194888e-01 -8.222948439137016674e-01 -6.009541854336108990e-03 -1.061453985372192932e+02 -1.038219437921809180e-01 -7.909076999630403060e-02 9.914462436706313886e-01 1.791312295480694772e+01
-8.003929614795066705e-01 -5.851867791393418061e-01 -1.301058827824055353e-01 1.901612583543970061e+02 5.907966892347776833e-01 -8.068003909105028182e-01 -5.692206592003742904e-03 -1.064422804049504947e+02 -1.016384730468303937e-01 -8.142212688934027942e-02 9.914837659031664474e-01 1.789563253257502851e+01
-7.840472975162187108e-01 -6.069808842160465678e-01 -1.297845963657478785e-01 1.899187679043652111e+02 6.127076438683008996e-01 -7.902912404451576389e-01 -5.394295228226986261e-03 -1.067369713747442859e+02 -9.929339556520938581e-02 -8.374939684535184781e-02 9.915275387628780246e-01 1.787106790899292008e+01
-7.665299160494996045e-01 -6.289594283203833180e-01 -1.297764436561730517e-01 1.896556227863361528e+02 6.348302429160809224e-01 -7.726348873791080152e-01 -5.088564019746603939e-03 -1.070231392118367495e+02 -9.706930761191691348e-02 -8.628654780190228579e-02 9.915302220246103859e-01 1.783802753926521589e+01
-7.474580701182267362e-01 -6.515886268766714062e-01 -1.293781076539250730e-01 1.893660968177567554e+02 6.575672859131286296e-01 -7.533810966604022052e-01 -4.710381259751518501e-03 -1.073149770911774112e+02 -9.440178977105448399e-02 -8.859562359250300334e-02 9.915841454804917854e-01 1.780844212506962521e+01
-7.265216502089857364e-01 -6.748831792341865032e-01 -1.292245571258405501e-01 1.890699324116608580e+02 6.810228549046541957e-01 -7.322476233783423716e-01 -4.614017152563987256e-03 -1.076151388234189312e+02 -9.151045227255209802e-02 -9.135706017340285146e-02 9.916046211476357009e-01 1.777117761868693790e+01
-7.035898785337153516e-01 -6.987940798436137468e-01 -1.290275815491774281e-01 1.887680521583779409e+02 7.051095602698612685e-01 -7.090828720058315326e-01 -4.689205050476701053e-03 -1.079148019910697940e+02 -8.821445936441141278e-02 -9.427785850070871665e-02 9.916299181426330156e-01 1.773231195885734124e+01
-6.792555320247977146e-01 -7.225445428609559295e-01 -1.286130078785227560e-01 1.884524325828827216e+02 7.289711203415859542e-01 -6.845309188678656565e-01 -4.304279480716405315e-03 -1.082021731950121648e+02 -8.492954681170523934e-02 -9.667887409236540497e-02 9.916855183890661563e-01 1.769587725526595179e+01
-6.534892464377493049e-01 -7.460123650190537692e-01 -1.281302307377177041e-01 1.881288322050133388e+02 7.525704674954754037e-01 -6.584977734434831476e-01 -4.286469831567989164e-03 -1.084898793155141590e+02 -8.117571215495597570e-02 -9.922818958669685219e-02 9.917480880483119376e-01 1.766053236571168483e+01
-6.257263454989683282e-01 -7.694937117811649907e-01 -1.278513514897353376e-01 1.877898318316003952e+02 7.761936105578327583e-01 -6.304808074947869656e-01 -4.174962265418691310e-03 -1.087698035328271686e+02 -7.739521611638477960e-02 -1.018497860084527223e-01 9.917845540299216056e-01 1.761916154864411510e+01
-5.959602287923164710e-01 -7.928454689546402534e-01 -1.273870796270426264e-01 1.874080172711601904e+02 7.997051999946378498e-01 -6.003751346532573141e-01 -4.614194579728628232e-03 -1.090463855053552606e+02 -7.282169181875802755e-02 -1.046219864473043049e-01 9.918423469243858870e-01 1.756310971240984742e+01
-5.646402712161371351e-01 -8.154205707105620649e-01 -1.275564854604774867e-01 1.870171000072514573e+02 8.224547403997192196e-01 -5.688130511905604703e-01 -4.462374851559688937e-03 -1.092887799682626735e+02 -6.891708144573525929e-02 -1.074290726821502812e-01 9.918212692958622290e-01 1.752232485026072695e+01
-5.324064197549480681e-01 -8.367729182241444574e-01 -1.278846649538870894e-01 1.865920519793799883e+02 8.439942349532244537e-01 -5.363345129158252345e-01 -4.361378344805919016e-03 -1.095130152914549768e+02 -6.493947620238366136e-02 -1.102559457897602235e-01 9.917794567586916132e-01 1.748141086485973972e+01
-4.991316401868419739e-01 -8.569608615194868051e-01 -1.283966027127362020e-01 1.861603424856751587e+02 8.643711721933695635e-01 -5.028378541794813472e-01 -4.070514124199099693e-03 -1.097329703037610074e+02 -6.107440090130671767e-02 -1.130140443836693542e-01 9.917145473000749112e-01 1.742762606334023801e+01
-4.651879363061521833e-01 -8.758502876670257731e-01 -1.283996008903910968e-01 1.857160498809120668e+02 8.834017976639390035e-01 -4.685984376027929610e-01 -4.094894423827627472e-03 -1.099535909112412781e+02 -5.658133790698392784e-02 -1.153333337323157182e-01 9.917140587542591090e-01 1.737995727763302511e+01
-4.301702623023644367e-01 -8.935676429135043231e-01 -1.284150028957612433e-01 1.852785454386943513e+02 9.012491583715481758e-01 -4.332820300693644988e-01 -4.078842182008796113e-03 -1.101686888145178500e+02 -5.199519175164502016e-02 -1.174885098934094485e-01 9.917121306496839983e-01 1.731060944467796503e+01
-3.950383425863353004e-01 -9.096997452849167054e-01 -1.280276583992642769e-01 1.848272743667058933e+02 9.174574308018037527e-01 -3.978114474548775092e-01 -4.232604447438087503e-03 -1.103646824821463213e+02 -4.708046891434371217e-02 -1.191319675922994648e-01 9.917615659746009671e-01 1.726245947287569038e+01
-3.609464817714049811e-01 -9.237799399883875884e-01 -1.278603135139928515e-01 1.843397703778489358e+02 9.316218912855379619e-01 -3.634024627031824384e-01 -4.393378975232994921e-03 -1.105364345736122829e+02 -4.240623744689897556e-02 -1.207032417804666385e-01 9.917824552033996932e-01 1.721641779093664582e+01
-3.291396915028279579e-01 -9.355589919544836652e-01 -1.280485691077165034e-01 1.838719023693421377e+02 9.434808927187422478e-01 -3.314050033305311338e-01 -3.811671829498354536e-03 -1.106765097682511652e+02 -3.886989261714575428e-02 -1.220659507831770296e-01 9.917605734789675109e-01 1.715936172345512034e+01
-3.006980576634592506e-01 -9.450875549939116160e-01 -1.280241833133614060e-01 1.833684510344675687e+02 9.530160108951165610e-01 -3.029113213494754042e-01 -2.283500793543821739e-03 -1.108068593670713966e+02 -3.662186635034077320e-02 -1.226957407326964289e-01 9.917684175809757807e-01 1.712627791944838052e+01
-2.781095151310588598e-01 -9.520078572933974304e-01 -1.278128993693555815e-01 1.828685754350232173e+02 9.599293815269949182e-01 -2.802386189747076983e-01 -1.378011737676806958e-03 -1.109001374968815838e+02 -3.450623240471067943e-02 -1.230745956190077706e-01 9.917973401045446780e-01 1.707485278836071885e+01
-2.603681997674387461e-01 -9.570609535400992351e-01 -1.274469762637739090e-01 1.823235691310535742e+02 9.649615782412809262e-01 -2.623894568300388919e-01 -9.620096325344204558e-04 -1.110200986372029490e+02 -3.252004102025436022e-02 -1.232319120737522811e-01 9.918449187139529721e-01 1.699595021847682119e+01
-2.425395648430430651e-01 -9.617542970280922310e-01 -1.272919150368472530e-01 1.817483884816995783e+02 9.696656598351497403e-01 -2.444338932469571901e-01 -7.615566948164648187e-04 -1.111911034131366307e+02 -3.038202794764718190e-02 -1.236153064152483855e-01 9.918650051280429869e-01 1.692329959964517982e+01
-2.237531854701206857e-01 -9.663485947187248071e-01 -1.269051042201202739e-01 1.811727919084562757e+02 9.742721755661082339e-01 -2.253684464492964334e-01 -1.670707249362635149e-03 -1.113404207612189794e+02 -2.698592058196657567e-02 -1.240139380480131948e-01 9.919134555293457334e-01 1.686193028184804277e+01
-2.074586080682623290e-01 -9.699943282516229059e-01 -1.267751122975716016e-01 1.805881886763184525e+02 9.779269386677224007e-01 -2.089406818325048043e-01 -1.641372396638064723e-03 -1.114415148487281328e+02 -2.489635648755929992e-02 -1.243173143011491455e-01 9.919301269739686511e-01 1.680454852610149530e+01
-1.957971802063107614e-01 -9.724327846918709994e-01 -1.266410023636528603e-01 1.800073868566923636e+02 9.803389154819144302e-01 -1.973203807563319589e-01 -5.273802424562018532e-04 -1.115227224850390684e+02 -2.447600896799635023e-02 -1.242543624770954397e-01 9.919484756732120934e-01 1.674905253520591586e+01
-1.877307724031653802e-01 -9.740890142074631886e-01 -1.261259271254055458e-01 1.793896364963942176e+02 9.819225363450962973e-01 -1.892829236469697474e-01 3.277701451670500532e-04 -1.116014630773441212e+02 -2.419276153157383369e-02 -1.237843577193320915e-01 9.920141849154622271e-01 1.668469405540099615e+01
-1.800573509573695219e-01 -9.756619743487783269e-01 -1.251521560983202552e-01 1.787425096479255160e+02 9.833954239637937578e-01 -1.814757156845825392e-01 -6.887553208459462617e-05 -1.117108355095805905e+02 -2.264487785979326512e-02 -1.230864591521434875e-01 9.921375575393276414e-01 1.659904081742868698e+01
-1.716955187159319163e-01 -9.772208805620199445e-01 -1.247397268173100343e-01 1.781101843636394335e+02 9.849259406580210818e-01 -1.729756001242819252e-01 -5.772179457079196219e-04 -1.118566270233958164e+02 -2.101285967638229224e-02 -1.229584985075641290e-01 9.921893304067455066e-01 1.651586928642270991e+01
-1.642994482097057674e-01 -9.785616750454985135e-01 -1.241883225192077361e-01 1.774595188328577251e+02 9.862200786452576251e-01 -1.654344071130633420e-01 -1.188873454728948953e-03 -1.119907765768993073e+02 -1.938163550705430949e-02 -1.226723484543187914e-01 9.922579539261824344e-01 1.642793730688739018e+01
-1.570639449257700271e-01 -9.798447946164976496e-01 -1.234305297214118441e-01 1.767845838193841530e+02 9.874273122105905465e-01 -1.580645245145853028e-01 -1.705634939525940696e-03 -1.120989815333531965e+02 -1.783873047398783218e-02 -1.221465699597482912e-01 9.923517497047832370e-01 1.636564384113739834e+01
-1.517135567475895730e-01 -9.807832085735437300e-01 -1.226674140885846420e-01 1.760962112025685542e+02 9.882764460345905277e-01 -1.526661022110549215e-01 -1.651498992663945342e-03 -1.121910209549765227e+02 -1.710739349623275479e-02 -1.214798708258619797e-01 9.924464610606946735e-01 1.629504460928369625e+01
-1.487629530182175142e-01 -9.813160617535469088e-01 -1.220179116105854777e-01 1.754082049245250232e+02 9.887421437669553503e-01 -1.496130248809863783e-01 -2.217188554690288638e-03 -1.122764863284176613e+02 -1.607970610506679471e-02 -1.209740870206110624e-01 9.925254220024313234e-01 1.621568872234515979e+01
-1.466005118152040598e-01 -9.817115429458025400e-01 -1.214526096158159568e-01 1.746969124624123708e+02 9.890758121771701106e-01 -1.473858165336043857e-01 -2.541426920807166034e-03 -1.124017494279956679e+02 -1.540544389465454966e-02 -1.204984129841312340e-01 9.925939778009508219e-01 1.612721317472454530e+01
-1.461037267830060937e-01 -9.818782615966242799e-01 -1.207012030764733901e-01 1.739697965894756067e+02 9.891585615759875827e-01 -1.468212761527118992e-01 -2.975387338260797321e-03 -1.125047142737378323e+02 -1.480003652158732447e-02 -1.198273435943584264e-01 9.926844245005959078e-01 1.604199649499688007e+01
-1.458675784697276434e-01 -9.820117312475354909e-01 -1.198983287773278950e-01 1.732367062276463230e+02 9.892033283728153270e-01 -1.465075895841660980e-01 -3.507325246108784766e-03 -1.126158781877421688e+02 -1.412178060735667234e-02 -1.191154309334264694e-01 9.927799803712914484e-01 1.597749302464638355e+01
-1.461703811462617963e-01 -9.820508003763845917e-01 -1.192075717211753122e-01 1.724947029185610745e+02 9.891656795662855384e-01 -1.467504378193351666e-01 -3.945550405491077273e-03 -1.127088144395720519e+02 -1.361903240782437463e-02 -1.184927612976255096e-01 9.928615147523538464e-01 1.590983266323703482e+01
-1.468516287176850899e-01 -9.820222500217911099e-01 -1.186039611695237084e-01 1.717305722821953111e+02 9.890687284419584779e-01 -1.473945902604147928e-01 -4.229087392301045245e-03 -1.128216737418299829e+02 -1.332852434331783381e-02 -1.179285174336690695e-01 9.929326337746817721e-01 1.582613926830990181e+01
-1.479947288567926567e-01 -9.819468363926990850e-01 -1.178047992612132749e-01 1.709485075125768390e+02 9.889055294619437664e-01 -1.484684354657666017e-01 -4.793482026722507838e-03 -1.129350103092040314e+02 -1.278334972522555957e-02 -1.172072274593927987e-01 9.930252019969506572e-01 1.573504451480869015e+01
-1.484300801826445859e-01 -9.819703284594669679e-01 -1.170588968091700877e-01 1.701748033065056802e+02 9.888474473461241754e-01 -1.488375414863660762e-01 -5.302086508930596576e-03 -1.130597896680511951e+02 -1.221626677948801226e-02 -1.165403804245571107e-01 9.931108208837883256e-01 1.565270613759443741e+01
-1.494550341512794756e-01 -9.819269207764587115e-01 -1.161150938564933510e-01 1.693952361750861826e+02 9.886964025773954390e-01 -1.498284335020709790e-01 -5.555541812678643776e-03 -1.131687332378856041e+02 -1.194220655309593399e-02 -1.156328792721943582e-01 9.932202278114684590e-01 1.558553650795187551e+01
-1.502424493404312944e-01 -9.819310792399088550e-01 -1.150589502773933237e-01 1.685793218474811681e+02 9.885772056249658712e-01 -1.506149570573283025e-01 -5.499384452176417359e-03 -1.132732876804563062e+02 -1.192958234481012597e-02 -1.145708965373270632e-01 9.933434424868931023e-01 1.549084166948360064e+01
-1.500278039148612574e-01 -9.820631801589323473e-01 -1.142084420198816869e-01 1.677514044802964293e+02 9.886195133092814391e-01 -1.503104875943135355e-01 -6.181846267863472244e-03 -1.133961601947288074e+02 -1.109576300232366364e-02 -1.138361431852135397e-01 9.934375755668354291e-01 1.542449377828019053e+01
-1.508703225477798782e-01 -9.820539228335845028e-01 -1.131734881564478434e-01 1.669358847281515921e+02 9.884989646222559490e-01 -1.510732963606977730e-01 -6.830524682720988394e-03 -1.135181330851457062e+02 -1.038954835675517246e-02 -1.129023993273905180e-01 9.935517628745172969e-01 1.534853874558320008e+01
-1.520375832607778754e-01 -9.819711654680772783e-01 -1.123263257900301015e-01 1.661235153116806487e+02 9.883238580393026718e-01 -1.521976361819374901e-01 -7.199386844645438988e-03 -1.136325167541601786e+02 -1.002621097575275705e-02 -1.121093650410014964e-01 9.936452915218655368e-01 1.526282796098181116e+01
-1.537138745443453747e-01 -9.818298783926514561e-01 -1.112750406337226772e-01 1.652885915471625253e+02 9.880696520387469706e-01 -1.538126494474214567e-01 -7.748005549452555152e-03 -1.137497026835104776e+02 -9.508285470837755937e-03 -1.111384666325572201e-01 9.937594446051665198e-01 1.517538866103653206e+01
-1.564263431348125177e-01 -9.815201657376646516e-01 -1.102223363197190331e-01 1.644326836162975951e+02 9.876505629928260532e-01 -1.564356166661842185e-01 -8.617613255670182604e-03 -1.138914036495385602e+02 -8.784337961594307354e-03 -1.102091742486897008e-01 9.938695957307469575e-01 1.508801123306648861e+01
-1.596417912007082052e-01 -9.811105108329486457e-01 -1.092550412353592848e-01 1.635653468948597720e+02 9.871404082943914249e-01 -1.595821304843991761e-01 -9.346547086611339816e-03 -1.140353670942346156e+02 -8.265156659830068253e-03 -1.093421655317415447e-01 9.939698073997105254e-01 1.500485909432337195e+01
-1.631065162721549999e-01 -9.806407743788798648e-01 -1.083509851138982766e-01 1.626965293860344275e+02 9.865830816156284655e-01 -1.629035486664585086e-01 -1.078224937965135966e-02 -1.141875441699635729e+02 -7.077246595353151037e-03 -1.086559039236513896e-01 9.940542274560089098e-01 1.492067346744393852e+01
-1.666185594608899923e-01 -9.801817456759591707e-01 -1.071540997200170486e-01 1.618033894093348692e+02 9.860031948723990691e-01 -1.662895760873956963e-01 -1.206136750523487122e-02 -1.143468132740005103e+02 -5.996277561947753465e-03 -1.076639323464630565e-01 9.941692624131447387e-01 1.483104032452678744e+01
-1.694175263079362725e-01 -9.798093256414459606e-01 -1.061667893729218576e-01 1.609159484415272914e+02 9.855331924022396883e-01 -1.689427611999163581e-01 -1.351555073231803378e-02 -1.145078734926187849e+02 -4.693447895686084226e-03 -1.069206660295506095e-01 9.942564773350223151e-01 1.475479210877614378e+01
-1.727149355029691247e-01 -9.793449233747000271e-01 -1.051335917507250500e-01 1.600338579991064023e+02 9.849643097327365204e-01 -1.721446693566890396e-01 -1.454377409031987894e-02 -1.146643036049097759e+02 -3.854816068146416086e-03 -1.060647626324555670e-01 9.943517519071415345e-01 1.468440231709143262e+01
-1.758877552471505012e-01 -9.789133815503543445e-01 -1.038849795483866578e-01 1.591281139162501859e+02 9.844078014494268558e-01 -1.751395123686732003e-01 -1.635333766449884041e-02 -1.148341146255663290e+02 -2.185863587744703296e-03 -1.051415361734533704e-01 9.944548654270147781e-01 1.460033492549646006e+01
-1.791891919382169185e-01 -9.784217554726007959e-01 -1.028693438806882465e-01 1.582419268273535806e+02 9.838139971335492229e-01 -1.783257804795770340e-01 -1.760497260601932151e-02 -1.149912394640562212e+02 -1.119167832717239686e-03 -1.043589212011325484e-01 9.945390706398105074e-01 1.451480389201759635e+01
-1.818442567838176593e-01 -9.780368147883703456e-01 -1.018658686379306788e-01 1.573522712331412094e+02 9.833268935043558701e-01 -1.809650163752154484e-01 -1.788528331873863453e-02 -1.151396916429411021e+02 -9.416930574919421537e-04 -1.034197842143231849e-01 9.946373517253653818e-01 1.445116331599610149e+01
-1.843887103042181064e-01 -9.777037237565238126e-01 -1.004800082851011883e-01 1.564600558214295063e+02 9.828533623400275143e-01 -1.834504385909969670e-01 -1.857968561825529275e-02 -1.153101752304068413e+02 -2.676737743350920962e-04 -1.021829982599734565e-01 9.947655820430021389e-01 1.436865359645555706e+01
-1.870769161685552628e-01 -9.773223693110802968e-01 -9.921297234253148578e-02 1.555594211022237232e+02 9.823452415106362912e-01 -1.860964815864887267e-01 -1.912919294010503174e-02 -1.154715472341668629e+02 2.322030865495525176e-04 -1.010400217008403101e-01 9.948823347996588184e-01 1.430419884147864273e+01
-1.902489660240551661e-01 -9.768196568783246159e-01 -9.812588273686759233e-02 1.546715801086689908e+02 9.817357495949757817e-01 -1.892454428527141630e-01 -1.952127881750329030e-02 -1.156111281968796760e+02 4.988927424876346550e-04 -1.000475901538447204e-01 9.949825278920428895e-01 1.422348954706990476e+01
-1.930922128229255463e-01 -9.763375396177418342e-01 -9.736737687912172534e-02 1.537676040625807445e+02 9.811793409137106181e-01 -1.919790072284410787e-01 -2.076443468334489978e-02 -1.157865545096446027e+02 1.580604720599017299e-03 -9.954430931377766800e-02 9.950318749527374829e-01 1.415866519349849817e+01
-1.958283037187631415e-01 -9.758819795160603716e-01 -9.646573235324164275e-02 1.528686950037801466e+02 9.806368796939172183e-01 -1.947169477269663496e-01 -2.089546486852247170e-02 -1.159564708365609107e+02 1.607994654732325390e-03 -9.868977821288921204e-02 9.951169489208195884e-01 1.409738542711670739e+01
-1.986857287124859095e-01 -9.753991882334261954e-01 -9.550081046547159724e-02 1.519760017386240634e+02 9.800603778994178006e-01 -1.975035566853291513e-01 -2.177155870156129158e-02 -1.161381838499809049e+02 2.374210950817148835e-03 -9.792225840031712480e-02 9.951912351061692474e-01 1.402763370382854191e+01
-2.012571067711874662e-01 -9.749266551084982968e-01 -9.493995014242531671e-02 1.510995057815839857e+02 9.795314235135199610e-01 -1.999409855388747381e-01 -2.327643983346032452e-02 -1.163287083052657209e+02 3.710434431181540427e-03 -9.768121344812832896e-02 9.952108385742355345e-01 1.396806220098089213e+01
-2.045623808948553446e-01 -9.743295451805399354e-01 -9.400090271327526947e-02 1.502270012531213297e+02 9.788436595423005704e-01 -2.031836491463088201e-01 -2.411420522071909545e-02 -1.164955202663554985e+02 4.395736168763028640e-03 -9.694504684547956830e-02 9.952800286329784862e-01 1.391134852578334247e+01
-2.079108646822322992e-01 -9.737213604599745942e-01 -9.295044126341259205e-02 1.493480309688760315e+02 9.781357031106117095e-01 -2.064953110715430640e-01 -2.470289063604051705e-02 -1.166730095495341573e+02 4.859901994493764921e-03 -9.605414457191947808e-02 9.953642462250493761e-01 1.386823210085152880e+01
-2.107080610486815608e-01 -9.732183884589904466e-01 -9.191344501426443325e-02 1.484991987014211929e+02 9.775349767244034815e-01 -2.092673560017268564e-01 -2.515040740159256438e-02 -1.168451149252203010e+02 5.242355341319754336e-03 -9.514800091085272304e-02 9.954493335339291704e-01 1.382605634697886288e+01
-2.134948608059092923e-01 -9.727791829174305960e-01 -9.011440335463352658e-02 1.476225055332168665e+02 9.769306841912603900e-01 -2.120967610664603598e-01 -2.492794076358519073e-02 -1.170161894523358654e+02 5.136408770860169393e-03 -9.335751296822891732e-02 9.956194012158087192e-01 1.376632819947763586e+01
-2.156489937744598961e-01 -9.724080047684355854e-01 -8.898417694361981933e-02 1.467677851547842636e+02 9.764547810243275894e-01 -2.142237769125288072e-01 -2.538176550329063197e-02 -1.172084698391499984e+02 5.618905480240153627e-03 -9.236257720311621955e-02 9.957095872962168359e-01 1.371611767153789074e+01
-2.181818386003395727e-01 -9.719569890951172964e-01 -8.772853956455338442e-02 1.458861715378732242e+02 9.758894620055728053e-01 -2.167382588894464224e-01 -2.577372848551581080e-02 -1.173773552900353252e+02 6.036824616401786914e-03 -9.123671674674238563e-02 9.958109350001261850e-01 1.365112968712714725e+01
-2.205626933358488806e-01 -9.714956400617942300e-01 -8.688106611547441460e-02 1.450143261792698297e+02 9.753547516982838950e-01 -2.191400083537471399e-01 -2.570535116077973109e-02 -1.175704334920467318e+02 5.933519024627374738e-03 -9.040950215350609942e-02 9.958869992485791522e-01 1.360472973183722978e+01
-2.227194802474226076e-01 -9.711485944064354170e-01 -8.524342027818250511e-02 1.441324903064987950e+02 9.748643395498396425e-01 -2.213274732114896004e-01 -2.556695280772132428e-02 -1.177645663589620426e+02 5.962599464399045979e-03 -8.879502905130587376e-02 9.960320728889230368e-01 1.355172849028037874e+01
-2.241812880044162792e-01 -9.709379171413213827e-01 -8.379923129691269068e-02 1.432476725911620861e+02 9.745290249010339911e-01 -2.228178527399451436e-01 -2.540441154209140129e-02 -1.179650483398285701e+02 5.994141650043076364e-03 -8.735997686373683790e-02 9.961587748487921168e-01 1.350303981927916652e+01
-2.242274606884311350e-01 -9.710400190008392496e-01 -8.248228520154007870e-02 1.423551507004397081e+02 9.745143484508391740e-01 -2.228427558700583067e-01 -2.574666618562852435e-02 -1.181624022627058110e+02 6.620463477329675828e-03 -8.615328000191128932e-02 9.962598967178482035e-01 1.345318991728411184e+01
-2.242896046938982479e-01 -9.712008727837806443e-01 -8.039302165161679725e-02 1.414528002525762531e+02 9.744961420451423439e-01 -2.229119102227659077e-01 -2.583697776387993209e-02 -1.183385708438105297e+02 7.172333329433233651e-03 -8.413765497599784426e-02 9.964283279040954122e-01 1.338871764610544091e+01
-2.240796481206672741e-01 -9.713684361886930629e-01 -7.894094295390170768e-02 1.405466638260679417e+02 9.745453628787211775e-01 -2.227518664522769587e-01 -2.535629475315384976e-02 -1.185263706348025465e+02 7.046061999426311839e-03 -8.261335950292919561e-02 9.965567649872936196e-01 1.334617863738823296e+01
-2.234393319597174354e-01 -9.715985607066881524e-01 -7.791727514541971211e-02 1.396421291802900839e+02 9.746918902342267543e-01 -2.221350678548130730e-01 -2.513425433083975660e-02 -1.187336838065455566e+02 7.112246130789791343e-03 -8.156131719037797156e-02 9.966429488503621981e-01 1.328555134386852288e+01
-2.227090338566493077e-01 -9.718343739600263653e-01 -7.706254491230871140e-02 1.387167610779067957e+02 9.748582891841546250e-01 -2.214213445871271446e-01 -2.497807378826526550e-02 -1.189384955857654802e+02 7.211258390956841458e-03 -8.068790337437499460e-02 9.967133288972643834e-01 1.322881120023056489e+01
-2.223406540543659826e-01 -9.720185706910176027e-01 -7.579268953182508040e-02 1.377550924220095965e+02 9.749434913525600876e-01 -2.210991888208915235e-01 -2.450178303765226592e-02 -1.191388140257481751e+02 7.058485953599959173e-03 -7.934133181724795092e-02 9.968225172223529329e-01 1.316125002462070270e+01
-2.223879691320578278e-01 -9.720985117311879975e-01 -7.461953280025704349e-02 1.368192538736701920e+02 9.749311368643620579e-01 -2.211586968758652016e-01 -2.445627053604446446e-02 -1.193296983836592489e+02 7.271145554993412030e-03 -7.818768628229724738e-02 9.969121406403571584e-01 1.312324105995590884e+01
-2.208785120128766710e-01 -9.725810519272404253e-01 -7.279272191009421300e-02 1.358676149204774504e+02 9.752714326574696280e-01 -2.196713035279773685e-01 -2.429302468953017588e-02 -1.195385724684215063e+02 7.636463397697745847e-03 -7.635846933000985104e-02 9.970511865437770016e-01 1.306285219936231279e+01
-2.184958892600428193e-01 -9.732020633850676505e-01 -7.167489239273247548e-02 1.349244056318712239e+02 9.758051147508234324e-01 -2.172966126063058390e-01 -2.421900443777758039e-02 -1.197524567894006111e+02 7.995273766115001957e-03 -7.523247950766838443e-02 9.971339677418140646e-01 1.298989670025460619e+01
-2.154652273487525083e-01 -9.739193449163606742e-01 -7.110446822272928347e-02 1.339711861052080053e+02 9.764685751408456182e-01 -2.142009906114228368e-01 -2.504111386284449056e-02 -1.199569949925521399e+02 9.157377679070453913e-03 -7.482676806311978901e-02 9.971545001730027780e-01 1.292761157416909157e+01
-2.122227593991399264e-01 -9.746472644769788030e-01 -7.088166364129004637e-02 1.330290588904141487e+02 9.771747932074696941e-01 -2.109459151895098916e-01 -2.512457730587415103e-02 -1.201590654914952410e+02 9.535403135343688968e-03 -7.459578213546864955e-02 9.971682633210124935e-01 1.287335208224125083e+01
-2.088058201363065525e-01 -9.753695690949693020e-01 -7.109383349277836883e-02 1.320574519691335524e+02 9.779042575027765416e-01 -2.074862366114025303e-01 -2.554847891325252168e-02 -1.203536106429671548e+02 1.016821691095675523e-02 -7.485763354749824794e-02 9.971423880592581446e-01 1.281894948016324776e+01
-2.043905639090504156e-01 -9.762993250118993105e-01 -7.116266834689646825e-02 1.310881495340040317e+02 9.788302849067446187e-01 -2.030383722339066388e-01 -2.582039407110547913e-02 -1.205486777294470357e+02 1.075968095818633646e-02 -7.493361983726398723e-02 9.971304738517233757e-01 1.276545217471770677e+01
-2.005241894892115795e-01 -9.770759085279892009e-01 -7.150327547671879447e-02 1.301045039021224454e+02 9.796324295911087443e-01 -1.991952905082781111e-01 -2.532862279604546074e-02 -1.207392814935162590e+02 1.050487139933042532e-02 -7.512592903603534933e-02 9.971187203454542347e-01 1.270314123523082728e+01
-1.960210363867083139e-01 -9.779703025191858190e-01 -7.176239045916274484e-02 1.291547469448109950e+02 9.805346423355080221e-01 -1.946395382174597177e-01 -2.583147968026387048e-02 -1.209380168704467735e+02 1.129462145707340465e-02 -7.542902328034370441e-02 9.970872047986147901e-01 1.266230279972882933e+01
-1.920273639807164034e-01 -9.787958739559009524e-01 -7.130307573675886967e-02 1.281732439692013941e+02 9.813190853836867289e-01 -1.906353279556320945e-01 -2.590413860705558305e-02 -1.211327670562347123e+02 1.176197875964548473e-02 -7.494537251994394522e-02 9.971182713166499845e-01 1.259936157357759967e+01
-1.871556029484298111e-01 -9.797495741721974349e-01 -7.115864103822774900e-02 1.271995239948840037e+02 9.822540312693656128e-01 -1.857468931513124311e-01 -2.598287396949818320e-02 -1.213220351035629392e+02 1.223921321366542789e-02 -7.475870246354343607e-02 9.971265406486168326e-01 1.251990069114656734e+01
-1.825160271869730177e-01 -9.806784771484607921e-01 -7.041039893126659066e-02 1.262172129087303745e+02 9.831057106455652894e-01 -1.810226349085177766e-01 -2.709183173680957887e-02 -1.214957035847535280e+02 1.382250035131899965e-02 -7.416555877598102198e-02 9.971501433462687247e-01 1.244792730444898687e+01
-1.772544300215077584e-01 -9.816568917483824430e-01 -7.021833037502045460e-02 1.252358173755190194e+02 9.840541023365735329e-01 -1.757114084959117140e-01 -2.762289990106092316e-02 -1.216900674354425149e+02 1.477804832552607334e-02 -7.399491744226739665e-02 9.971491169731839799e-01 1.238445084126078122e+01
-1.721219625312031543e-01 -9.825625240577745556e-01 -7.032009905867799004e-02 1.242576833130747076e+02 9.849495892743661551e-01 -1.705188898278757748e-01 -2.824207499682265463e-02 -1.218398807302498739e+02 1.575869926943499963e-02 -7.412283405998416896e-02 9.971246004729055201e-01 1.234836401767866221e+01
-1.665646522504349303e-01 -9.834789333933398048e-01 -7.089008528835451239e-02 1.232845905629565948e+02 9.858832041490179776e-01 -1.648660156898287266e-01 -2.921480185499896604e-02 -1.220139921947115056e+02 1.704477625424899098e-02 -7.475549773802336873e-02 9.970562126381756762e-01 1.232517005668447574e+01
-1.613683273680079910e-01 -9.843381415979445270e-01 -7.098370177693573424e-02 1.222783876037795920e+02 9.867283109950794051e-01 -1.596043714263750690e-01 -2.989456309080399873e-02 -1.221709075024024713e+02 1.809704957305943718e-02 -7.486566380589461389e-02 9.970294023646709691e-01 1.226746011366308409e+01
-1.564724804535946312e-01 -9.851136954879283758e-01 -7.118546075440874976e-02 1.213036745624389710e+02 9.875156730143289652e-01 -1.547153048165086364e-01 -2.959679047789702186e-02 -1.223214889082754553e+02 1.814272338314111208e-02 -7.492784140526689840e-02 9.970239015041665320e-01 1.218705004245795820e+01
-1.521682169192137835e-01 -9.858052625228088672e-01 -7.094235788274336207e-02 1.203150178866325604e+02 9.881871869914220508e-01 -1.504288942379921057e-01 -2.927851164789125119e-02 -1.224712662029427861e+02 1.819113041038958323e-02 -7.455958798619492789e-02 9.970506259030786911e-01 1.210515391071342428e+01
-1.487610240529599892e-01 -9.863502921134607027e-01 -7.059220190931708716e-02 1.193185913223238401e+02 9.887004807020208785e-01 -1.470215014377009854e-01 -2.925811980626026251e-02 -1.226138947299265141e+02 1.848018350309431346e-02 -7.414701182579935823e-02 9.970760770648329219e-01 1.203417205377986043e+01
-1.459549558660009350e-01 -9.867261085222760464e-01 -7.119506737576034028e-02 1.183464461879994758e+02 9.891116072710239848e-01 -1.441787293995246966e-01 -2.950800485410536717e-02 -1.227638833541200256e+02 1.885150444619714330e-02 -7.472670706798184570e-02 9.970258472230753011e-01 1.201544003215949452e+01
-1.441238940466729179e-01 -9.869494038281309001e-01 -7.182741432155725914e-02 1.173239226361177430e+02 9.894050624455504872e-01 -1.424383072531780758e-01 -2.808827217836473017e-02 -1.228970016107261927e+02 1.749072817066405286e-02 -7.511459851551152700e-02 9.970215000279148976e-01 1.198740148151958884e+01
-1.419158146359722483e-01 -9.872793666955310687e-01 -7.168928548590719485e-02 1.163279073022273451e+02 9.897321772524136918e-01 -1.402760234539774942e-01 -2.743819518729859186e-02 -1.230391691100551270e+02 1.703287607556451533e-02 -7.484710643178306422e-02 9.970495432983176309e-01 1.192480041108767352e+01
-1.400315408742887069e-01 -9.875903654760048722e-01 -7.110863224210686728e-02 1.153153942713366575e+02 9.900073150673339706e-01 -1.384437877280284557e-01 -2.681107518703287895e-02 -1.231646171127225671e+02 1.663381115500975338e-02 -7.415246225505531252e-02 9.971081830312957806e-01 1.184577133179274355e+01
-1.379510752369685900e-01 -9.879440681332083418e-01 -7.025680807844111864e-02 1.143260300776331064e+02 9.903015652888373932e-01 -1.364026100769519800e-01 -2.640336627541241959e-02 -1.233001421495904992e+02 1.650183709296725726e-02 -7.321779977984632648e-02 9.971794438153824824e-01 1.180815817698996639e+01
-1.361550863476257422e-01 -9.882684964637284963e-01 -6.918938761827846118e-02 1.133105381925518884e+02 9.905548078792092426e-01 -1.346612477742121783e-01 -2.583642651907286716e-02 -1.234235708225702552e+02 1.621619712058875937e-02 -7.205364144312240149e-02 9.972689244660800645e-01 1.174172007723335831e+01
-1.332953878497300515e-01 -9.887141942340338385e-01 -6.838553720001759595e-02 1.123030489968090535e+02 9.909400214849990451e-01 -1.318149278487190657e-01 -2.574293331278626820e-02 -1.235686846234988110e+02 1.643816891565572438e-02 -7.119737998256622791e-02 9.973267868087763999e-01 1.168513602404873986e+01
-1.312790977288065264e-01 -9.889931493779384741e-01 -6.825209874441491575e-02 1.112866445887132443e+02 9.911967186553931608e-01 -1.297553956820411969e-01 -2.631733683673958407e-02 -1.237136051931522900e+02 1.717158776269581133e-02 -7.110617255136020276e-02 9.973209357066581404e-01 1.163778952634180364e+01
-1.297733761612802628e-01 -9.892104600561011374e-01 -6.798188402287767829e-02 1.102706216035188049e+02 9.913929955261240323e-01 -1.282530772323624557e-01 -2.628833585772382200e-02 -1.238297470268965981e+02 1.728581098594066112e-02 -7.080828974086871008e-02 9.973401560363102103e-01 1.157330322117448596e+01
-1.277667869130063583e-01 -9.894597764199710710e-01 -6.815422957431073459e-02 1.092410868159263799e+02 9.916179766074311175e-01 -1.261091154327826924e-01 -2.811190982032428162e-02 -1.239873516069508241e+02 1.922073440093733862e-02 -7.117472761944734772e-02 9.972786579073003033e-01 1.149180512733527770e+01
-1.262828385907468487e-01 -9.896096371869004260e-01 -6.874162250249038486e-02 1.082093814320403027e+02 9.917985010328093098e-01 -1.245777399899292703e-01 -2.856781489848920705e-02 -1.241096861055093115e+02 1.970730896231531054e-02 -7.178546291424943437e-02 9.972253854007381291e-01 1.143776891792442107e+01
-1.253624386430141069e-01 -9.897022410501019607e-01 -6.909220678110178371e-02 1.071947019313007985e+02 9.919050732686742755e-01 -1.236132165286754070e-01 -2.905337025718307889e-02 -1.242398501046896655e+02 2.021347573631613118e-02 -7.217511177574204018e-02 9.971871281955140276e-01 1.137794562181283275e+01
-1.244500275308479953e-01 -9.898251838957297100e-01 -6.898040282106240872e-02 1.061534638974183764e+02 9.920090206603080496e-01 -1.226683806176886993e-01 -2.950544568736936102e-02 -1.243809326695661497e+02 2.074351889501027668e-02 -7.210113537537872486e-02 9.971815946463480351e-01 1.133793478835671209e+01
-1.240992757971217664e-01 -9.899037729306482403e-01 -6.848277217152783092e-02 1.051246447994873989e+02 9.920346790930344438e-01 -1.222716551913762828e-01 -3.027932980667515789e-02 -1.244899376127597890e+02 2.160012091193254033e-02 -7.169492781521361047e-02 9.971926955720048502e-01 1.127498369473214446e+01
-1.233547080098635895e-01 -9.900122290920708723e-01 -6.825981438555892011e-02 1.040750863420020949e+02 9.921095439395998250e-01 -1.214777226253533904e-01 -3.101315414009906540e-02 -1.246274771541609852e+02 2.241135506302843056e-02 -7.154683189287538991e-02 9.971854301033140633e-01 1.123197629962431421e+01
-1.228391685153757962e-01 -9.901037104041250370e-01 -6.786148629698493528e-02 1.030253373278399351e+02 9.921677041357648275e-01 -1.209579095404960114e-01 -3.118382576847606932e-02 -1.247447170261765450e+02 2.266683807716960569e-02 -7.116057028704814158e-02 9.972072942412752994e-01 1.116002290375288908e+01
-1.220205506463352130e-01 -9.902367148685111697e-01 -6.739609592835493768e-02 1.019661821671263908e+02 9.922646549334965815e-01 -1.201438126299996245e-01 -3.124610145980455389e-02 -1.248843635923106348e+02 2.284381294079528696e-02 -7.068743037589056422e-02 9.972369063553452317e-01 1.111755239658466365e+01
-1.214823357371022094e-01 -9.903149710542568096e-01 -6.721830263897182745e-02 1.009125956083939286e+02 9.923485198608309465e-01 -1.196687734713368645e-01 -3.039407484829791464e-02 -1.249922916858855757e+02 2.205577552198217245e-02 -7.039632633648063020e-02 9.972752378378055838e-01 1.106404563634406735e+01
-1.213474052922525193e-01 -9.903858692631855032e-01 -6.641262826181795753e-02 9.981808656320853856e+01 9.923769411236011972e-01 -1.195969564782082273e-01 -2.974180100993286183e-02 -1.251280518177382532e+02 2.151311123484297982e-02 -6.951545126771556393e-02 9.973488798209195760e-01 1.102400467973456166e+01
-1.204338391499277794e-01 -9.905525961886281205e-01 -6.558387432576673337e-02 9.876257856737700536e+01 9.925099958410785739e-01 -1.187819473083489008e-01 -2.854395118372302434e-02 -1.252377909827410036e+02 2.048410464607771514e-02 -6.853030845987245767e-02 9.974387190595938035e-01 1.096338305131113344e+01
-1.198606331065628083e-01 -9.906292863715883135e-01 -6.547553447060883158e-02 9.768717155763097537e+01 9.925831255014591070e-01 -1.182260166630899612e-01 -2.830808989906933443e-02 -1.253642882071730895e+02 2.030191126591090328e-02 -6.838293622605537414e-02 9.974525584868958461e-01 1.090404033090851676e+01
-1.190009428077731801e-01 -9.907352772324511392e-01 -6.543994237466724262e-02 9.661525251549863924e+01 9.926850550673842477e-01 -1.173646737932021455e-01 -2.831810006480112163e-02 -1.254993930103407109e+02 2.037540322854828126e-02 -6.833113340603917674e-02 9.974546100704132501e-01 1.084202784663042252e+01
-1.188753576296575076e-01 -9.907430065984210721e-01 -6.555108103412832232e-02 9.551275416290705778e+01 9.927044322237346119e-01 -1.172508799328566553e-01 -2.810945389587679241e-02 -1.256252479024608846e+02 2.016332293483915142e-02 -6.841437006428305323e-02 9.974532141293308563e-01 1.079187904041533663e+01
-1.182173264447403671e-01 -9.908217040371154472e-01 -6.555161735033535053e-02 9.442404738544611575e+01 9.927732536120619233e-01 -1.165619397743555830e-01 -2.854086734071949183e-02 -1.257608865041058124e+02 2.063808713952756252e-02 -6.845191746785915521e-02 9.974409277517113370e-01 1.072873764184069678e+01
-1.177077104229375948e-01 -9.909415974484715450e-01 -6.465017674578768525e-02 9.331493084256013049e+01 9.928203195782699941e-01 -1.160361536755183387e-01 -2.904176428342165536e-02 -1.258815603519591377e+02 2.127693444771217371e-02 -6.760444871798874933e-02 9.974853034376218730e-01 1.066985471185176593e+01
-1.172181233614835172e-01 -9.911048781091374993e-01 -6.301612606217711632e-02 9.222502225635939510e+01 9.928633745951257472e-01 -1.155502043606388973e-01 -2.950372281245453726e-02 -1.260109339045078514e+02 2.195975735730319386e-02 -6.602477459625830103e-02 9.975763119663185741e-01 1.060298530038777898e+01
-1.165777366580771357e-01 -9.912492316456374963e-01 -6.192408317943068341e-02 9.113541676342305209e+01 9.929372389403366972e-01 -1.149393876886342092e-01 -2.940368485925236308e-02 -1.261381933349353517e+02 2.202886382046054595e-02 -6.491454320639467035e-02 9.976476488415561006e-01 1.055795799554053893e+01
-1.159223875948616200e-01 -9.913547947306249331e-01 -6.146276123724857265e-02 9.000877623310907438e+01 9.930121727508689489e-01 -1.142941532384933456e-01 -2.938828515061880572e-02 -1.262637761900487021e+02 2.210938314166576921e-02 -6.444003026144644319e-02 9.976766298139888578e-01 1.050504133526804829e+01
-1.157581536391760757e-01 -9.913372078771236495e-01 -6.205312356712959498e-02 8.890634141926689438e+01 9.930439166637787807e-01 -1.141503058418948946e-01 -2.887017930778587940e-02 -1.263895734872237711e+02 2.153669991225962491e-02 -6.496343552022505741e-02 9.976552122864386085e-01 1.046143936264406449e+01
-1.170235774292027742e-01 -9.911610102583214843e-01 -6.249267212542194971e-02 8.778552002326500769e+01 9.929058426295285233e-01 -1.154311188932826138e-01 -2.852445377551532379e-02 -1.265178996422392714e+02 2.105872735513806757e-02 -6.538737289988763579e-02 9.976377205516203661e-01 1.040664615190537745e+01
-1.188478230034479832e-01 -9.909293311944371574e-01 -6.272364423314595594e-02 8.665039745476428834e+01 9.927163614327449981e-01 -1.173315134712669128e-01 -2.734120864689877639e-02 -1.266287958567152998e+02 1.973374549021064336e-02 -6.551623100489761820e-02 9.976563550460851859e-01 1.036345831971125797e+01
-1.196308393426901429e-01 -9.908888554102995849e-01 -6.186871989809802908e-02 8.553642536051791012e+01 9.926231805646562600e-01 -1.181389858724868347e-01 -2.724704429338697942e-02 -1.267648978334026708e+02 1.968968470719770214e-02 -6.467191230113926437e-02 9.977123132824636809e-01 1.029357597132965729e+01
-1.209050408082781303e-01 -9.907449690088879768e-01 -6.169584662459974556e-02 8.439395535034945794e+01 9.924743479845706817e-01 -1.194331254847706969e-01 -2.702586038482501785e-02 -1.269015142834545173e+02 1.940720741759701176e-02 -6.449910790481180878e-02 9.977290340466863361e-01 1.022075313144182118e+01
-1.218325162802298411e-01 -9.906151632433394250e-01 -6.195511544012943794e-02 8.327859331870331516e+01 9.923632503148070994e-01 -1.203589984407558156e-01 -2.699797990535106329e-02 -1.270395754311478669e+02 1.928775262852435932e-02 -6.477121155814793974e-02 9.977137228442989336e-01 1.015231962897673945e+01
-1.225734443056993861e-01 -9.903864801516125693e-01 -6.411217266586236030e-02 8.216853288068256234e+01 9.923458792891176605e-01 -1.213261932717593083e-01 -2.301327191191291505e-02 -1.271828389761533629e+02 1.501354751368057933e-02 -6.644226636022768084e-02 9.976773118759246772e-01 1.014632346221818970e+01
-1.235140924751170211e-01 -9.902911062937084230e-01 -6.377925803606798727e-02 8.101609861166166127e+01 9.922456333978005860e-01 -1.223471723867599614e-01 -2.190370772180300768e-02 -1.273098823165300502e+02 1.388783507411990234e-02 -6.599010686873874043e-02 9.977236259768565985e-01 1.010601996522948198e+01
-1.246191970553669481e-01 -9.901938105256998801e-01 -6.313694102401619379e-02 7.987196852435226901e+01 9.921122000333156832e-01 -1.234864401892858954e-01 -2.155183598750782387e-02 -1.274526142582581940e+02 1.354393850879864400e-02 -6.532470195854259143e-02 9.977721408436384110e-01 1.004518558910003989e+01
-1.251136420379015401e-01 -9.902013154696633901e-01 -6.203169688280586735e-02 7.874448552932497591e+01 9.920247776317381305e-01 -1.238912634607252095e-01 -2.319041618440943059e-02 -1.276129510653778993e+02 1.527799531066765734e-02 -6.443841773549102703e-02 9.978047269776955108e-01 9.974548380726030672e+00
-1.262444292106981170e-01 -9.900137372379548273e-01 -6.273072750576738632e-02 7.760102761814526673e+01 9.918540731340724781e-01 -1.248918104990737188e-01 -2.505061431608899755e-02 -1.277531496542730878e+02 1.696589816705856152e-02 -6.538222809297097871e-02 9.977160530676970618e-01 9.898634399957979113e+00
-1.270110609915759969e-01 -9.898880011924076072e-01 -6.316593608183643238e-02 7.645501639774803948e+01 9.917082199066489245e-01 -1.254721428318337217e-01 -2.777675183987389843e-02 -1.278957676261692882e+02 1.957030800422365074e-02 -6.617013275253726123e-02 9.976164175554307345e-01 9.832662134990988179e+00
-1.276242951495258904e-01 -9.897890082201140638e-01 -6.348037881290191642e-02 7.531548320461666890e+01 9.916436071259492335e-01 -1.261237799533554416e-01 -2.712468574036203464e-02 -1.280432282252925802e+02 1.884133046848111143e-02 -6.641168072651384979e-02 9.976144009231507903e-01 9.794049714595507439e+00
-1.283196235525623230e-01 -9.896557324421217938e-01 -6.415298477683037404e-02 7.416925966908613077e+01 9.915535616359918425e-01 -1.267976896157270161e-01 -2.727416937494630753e-02 -1.281847019333594062e+02 1.885758781785797089e-02 -6.711093169194765062e-02 9.975672980952866586e-01 9.797632653740686592e+00
-1.289024796082203217e-01 -9.895376354414734399e-01 -6.480292274080129422e-02 7.302219777652496191e+01 9.915056259562876617e-01 -1.274644840497674014e-01 -2.587274633580947947e-02 -1.283138219352885585e+02 1.734198511944080173e-02 -6.758752363287545695e-02 9.975626206916999861e-01 9.757475180663778502e+00
-1.289587548902817460e-01 -9.895158252022792089e-01 -6.502362041136644510e-02 7.190494261327252445e+01 9.915059364410304665e-01 -1.275450353214344634e-01 -2.546059636085070896e-02 -1.284679854398603140e+02 1.690022305605407352e-02 -6.775467245221729329e-02 9.975588638378931616e-01 9.702099975892426897e+00
-1.290792158104139276e-01 -9.895232688685868805e-01 -6.467036735163264605e-02 7.077755191848115146e+01 9.914688551783794601e-01 -1.275917470673206822e-01 -2.664310964550913388e-02 -1.286076602733185155e+02 1.811257179536814726e-02 -6.755772678188165514e-02 9.975509452128358268e-01 9.622149721790425048e+00
-1.295685392132077673e-01 -9.894638561823377865e-01 -6.460085877860886894e-02 6.964014964822720799e+01 9.913869543490479996e-01 -1.280159604006223528e-01 -2.763730502825918409e-02 -1.287561009865373478e+02 1.907617342850025446e-02 -6.762537387315938064e-02 9.975283998041565292e-01 9.539086988240443432e+00
-1.304507817704256833e-01 -9.892892026148764062e-01 -6.549402358312225725e-02 6.852340306958178928e+01 9.912516114747552676e-01 -1.288018972623665714e-01 -2.881516979501427822e-02 -1.289093034503747219e+02 2.007078185286962843e-02 -6.868001784534273624e-02 9.974368244979617826e-01 9.475474578930809244e+00
-1.307522830088772015e-01 -9.892059167859869051e-01 -6.614752212715083179e-02 6.739548801354139584e+01 9.912128459283348070e-01 -1.290867865800919834e-01 -2.887378736981232458e-02 -1.290502913767878397e+02 2.002335023460942443e-02 -6.934158727647651843e-02 9.973920040382121543e-01 9.437146645170646053e+00
-1.309726700523685672e-01 -9.891671149051648460e-01 -6.629161703824637542e-02 6.627619540157347444e+01 9.911769919952442276e-01 -1.292790631161981896e-01 -2.924199683772120070e-02 -1.291789186109809293e+02 2.035510350287232303e-02 -6.953662797396900630e-02 9.973717096105128022e-01 9.404802261215227333e+00
-1.304898454329073143e-01 -9.892139598089905173e-01 -6.654428568940598532e-02 6.515694613428350124e+01 9.912264743611830520e-01 -1.287422732639942335e-01 -2.992496617071129308e-02 -1.293391504029408452e+02 2.103513167049660473e-02 -6.986536190299430515e-02 9.973346251092300996e-01 9.379853370758343800e+00
-1.291645428660175288e-01 -9.894035080607801458e-01 -6.631153069590797755e-02 6.404218561298311840e+01 9.913778678088749352e-01 -1.273561909866167685e-01 -3.082732288261571738e-02 -1.294820612476543431e+02 2.205547743625939708e-02 -6.972158098036819462e-02 9.973226444138609814e-01 9.319899633473349709e+00
-1.271555852767844996e-01 -9.896764416044523394e-01 -6.612108639509435559e-02 6.293588095337339183e+01 9.916282227564185980e-01 -1.253299855726248691e-01 -3.107832925548919406e-02 -1.296272953007906210e+02 2.247053550464063812e-02 -6.951931853459736299e-02 9.973274985603374221e-01 9.241164916523917583e+00
-1.255618877669151257e-01 -9.898486717352422692e-01 -6.658693118312160319e-02 6.184487182243717029e+01 9.918106196355723769e-01 -1.236633007607186308e-01 -3.192307665414539225e-02 -1.297628306083296650e+02 2.336465532617650401e-02 -7.004994724438545761e-02 9.972698219501819894e-01 9.163417522856025954e+00
-1.253282522488567974e-01 -9.898334919052045322e-01 -6.724944230993579186e-02 6.073869077843340136e+01 9.918530717237354910e-01 -1.234484829640385417e-01 -3.143177001170584239e-02 -1.298783523770139539e+02 2.281037703410890988e-02 -7.064085472747304306e-02 9.972409720538631950e-01 9.101730010258252790e+00
-1.248868730038319441e-01 -9.899065416122557748e-01 -6.699483431271725797e-02 5.963020049405237444e+01 9.919393173446101608e-01 -1.231136428254369086e-01 -2.999035938697592815e-02 -1.299919467328652729e+02 2.143967483974479685e-02 -7.020021241787254007e-02 9.973024969984040089e-01 9.072773805547308612e+00
-1.233982305045850936e-01 -9.901024095745346587e-01 -6.685877102548264117e-02 5.854201574570848976e+01 9.921646451933555655e-01 -1.217666685418674621e-01 -2.796775394196439335e-02 -1.301334843357113868e+02 1.954977075775008941e-02 -6.978608018018780945e-02 9.973703973331090600e-01 9.065091080415420777e+00
-1.220527269950282268e-01 -9.902985342494808885e-01 -6.642247282665267316e-02 5.746426895736384211e+01 9.923398961467321255e-01 -1.204689682050950061e-01 -2.736344669615266983e-02 -1.302754198060420094e+02 1.909613438815598724e-02 -6.925345307585817345e-02 9.974163107190995303e-01 9.007132663617952062e+00
-1.214427678373699582e-01 -9.903988084737750386e-01 -6.604433597005360257e-02 5.638525849723627914e+01 9.924042207355995293e-01 -1.198337737668184744e-01 -2.781599056245271165e-02 -1.304068171692673275e+02 1.963458189435577511e-02 -6.892072865640359869e-02 9.974289029075226187e-01 8.937491105889305842e+00
-1.205689779177965271e-01 -9.905407636918601710e-01 -6.551425057652884854e-02 5.530567519752353434e+01 9.925009294400382043e-01 -1.189434592208828967e-01 -2.818436746195478529e-02 -1.305253758187467668e+02 2.012527327810064576e-02 -6.842111496691992423e-02 9.974535199206854275e-01 8.858538635223069946e+00
-1.194660866787378151e-01 -9.907198242086444617e-01 -6.482348381305350071e-02 5.422653687682306867e+01 9.926223141768603098e-01 -1.178234860838780484e-01 -2.861061909880628293e-02 -1.306624199468889742e+02 2.070737868111405255e-02 -6.776323521670973848e-02 9.974865154081642427e-01 8.798694709415928017e+00
-1.183577849514858560e-01 -9.908627991749953123e-01 -6.467107508362003598e-02 5.316231119522456794e+01 9.927407123061177119e-01 -1.166764706176026678e-01 -2.919724874302817574e-02 -1.307869344288938294e+02 2.138487482592275890e-02 -6.765733083201772025e-02 9.974794096688746059e-01 8.761178967837292220e+00
-1.175162844937061024e-01 -9.909586790816898860e-01 -6.473653706730576884e-02 5.208905304373369205e+01 9.928377456825677738e-01 -1.158261127867732387e-01 -2.928348245449129139e-02 -1.309058527911240901e+02 2.152053964823164370e-02 -6.771416358028829741e-02 9.974726354260906591e-01 8.721616897382242328e+00
-1.172064397230272448e-01 -9.909902331684411481e-01 -6.481518535197694497e-02 5.102792442625560909e+01 9.928729433328024045e-01 -1.155103109548283324e-01 -2.933745832168765597e-02 -1.310166347249318335e+02 2.158631244817698150e-02 -6.779178289348618269e-02 9.974659419183253828e-01 8.703816243706004485e+00
-1.162389075888003998e-01 -9.911292679665033578e-01 -6.443050940933302273e-02 4.996311613273376651e+01 9.929816412646594870e-01 -1.145411618505385309e-01 -2.945814578808829062e-02 -1.311513165960768390e+02 2.181688506423143381e-02 -6.740249566679656912e-02 9.974873067382770131e-01 8.654991775557107303e+00
-1.157527333734951203e-01 -9.912150105285107982e-01 -6.398521406957412283e-02 4.889803038469039365e+01 9.930196324833328037e-01 -1.140128954084054236e-01 -3.021703465363749161e-02 -1.312652702084624821e+02 2.265643880294689050e-02 -6.703627811533600933e-02 9.974932697503334778e-01 8.593600347509070758e+00
-1.152119075278437155e-01 -9.912854331951289621e-01 -6.387023014630034690e-02 4.785355712425811703e+01 9.930757427770410262e-01 -1.134571493045917201e-01 -3.046382082904163999e-02 -1.313862963426814190e+02 2.295180758946790620e-02 -6.693777115217811047e-02 9.974931324683667944e-01 8.525907826451746274e+00
-1.157344789806467045e-01 -9.912398554944453766e-01 -6.363237583517747376e-02 4.682021579811803491e+01 9.930134505268314316e-01 -1.139811691908034774e-01 -3.053817516967139920e-02 -1.314960554302963942e+02 2.301776374616697207e-02 -6.672212488559138566e-02 9.975060604341595694e-01 8.462066980118695625e+00
-1.168920019534236410e-01 -9.911340957655229156e-01 -6.316220460355001509e-02 4.576113775474973266e+01 9.928968117153632589e-01 -1.152055798879920712e-01 -2.972533680445813356e-02 -1.316093560851354596e+02 2.218515640665626176e-02 -6.618820569959112110e-02 9.975604945372891219e-01 8.424975245981851657e+00
-1.182780400551473043e-01 -9.910025328599800787e-01 -6.264411469417306699e-02 4.471232049728294555e+01 9.927453794784064645e-01 -1.166416462728785408e-01 -2.917769488885233950e-02 -1.317262432430366630e+02 2.160825687063297820e-02 -6.564073597893621548e-02 9.976093308581052144e-01 8.401615650568025728e+00
-1.190918936457023847e-01 -9.909116863006908194e-01 -6.253919427528428776e-02 4.368663275320049877e+01 9.926686446272581232e-01 -1.175202345711239271e-01 -2.824812277355986945e-02 -1.318483090391853523e+02 2.064177419125665450e-02 -6.544481965036677562e-02 9.976426678621800326e-01 8.368555785640465317e+00
-1.204449638453308769e-01 -9.907622039698059657e-01 -6.231585568047404156e-02 4.264364138209254662e+01 9.925047023691165871e-01 -1.188740548793183471e-01 -2.834386797422104240e-02 -1.319534988502092574e+02 2.067429465515607453e-02 -6.526265594841759721e-02 9.976539276117095678e-01 8.306262898817394102e+00
-1.216231362928128501e-01 -9.906290646722731852e-01 -6.214393731360600553e-02 4.160661607199129719e+01 9.923593893890775286e-01 -1.200490091045451901e-01 -2.847942598358525410e-02 -1.320852942736136981e+02 2.075222902816892950e-02 -6.513287679470580738e-02 9.976607907253888241e-01 8.243448030901884493e+00
-1.227929136659355880e-01 -9.905159950661339696e-01 -6.164384698878486168e-02 4.057090039258571323e+01 9.922176550375292337e-01 -1.212374693989379804e-01 -2.838311197822529150e-02 -1.322087604251907749e+02 2.064038239124971197e-02 -6.464935832541715555e-02 9.976945600146643889e-01 8.190239737765745431e+00
-1.237654423771272771e-01 -9.904284393649754881e-01 -6.110336954909383056e-02 3.954569892597124436e+01 9.921100918178659134e-01 -1.222649225908474246e-01 -2.772822419484908749e-02 -1.323304207735984903e+02 1.999202306770664003e-02 -6.405306550754012729e-02 9.977462221490728256e-01 8.156969198802620724e+00
-1.244490511908067365e-01 -9.904005076532088614e-01 -6.016035320686455301e-02 3.850466799049826250e+01 9.920220757953918111e-01 -1.229653656901443792e-01 -2.777984836696304957e-02 -1.324532390136869822e+02 2.011553609303902077e-02 -6.313757424035074117e-02 9.978020905604145785e-01 8.128194022376693084e+00
-1.247383504364165674e-01 -9.904153295245712307e-01 -5.931120444853858753e-02 3.749274726117302947e+01 9.920032359004176126e-01 -1.233330961304430762e-01 -2.680536069481422728e-02 -1.325779729127587814e+02 1.923340566571543619e-02 -6.218056321402581216e-02 9.978795787392807926e-01 8.094576501689049408e+00
-1.256042998065083349e-01 -9.903784339518322266e-01 -5.808715377114684331e-02 3.644631265458633607e+01 9.919013561732474837e-01 -1.242537892494266494e-01 -2.631910862532076470e-02 -1.327095693654653985e+02 1.884832862057421107e-02 -6.092251981225937918e-02 9.979645219585392413e-01 8.046923201114665858e+00
-1.265862562127586521e-01 -9.902845157026650691e-01 -5.755430216392498632e-02 3.539532214993256787e+01 9.917667443188279419e-01 -1.252167960431351812e-01 -2.682310295109425688e-02 -1.328358085742084427e+02 1.935573820010194970e-02 -6.047587906124635149e-02 9.979819755138359394e-01 7.991213947184838240e+00
-1.271558533573051708e-01 -9.902395333606448524e-01 -5.707061876892549623e-02 3.436484874059625128e+01 9.916945428884904601e-01 -1.258002961609587800e-01 -2.676226991499518898e-02 -1.329734593964854810e+02 1.932155692907645828e-02 -5.999960046123261476e-02 9.980113853971450677e-01 7.937002785518751935e+00
-1.282079984497357383e-01 -9.901052214051455636e-01 -5.704699536154673317e-02 3.330332247057571493e+01 9.915469698097203466e-01 -1.268137553015824537e-01 -2.743862473725621962e-02 -1.330937770293938343e+02 1.993278191006408323e-02 -6.008262654526784485e-02 9.979943698201647617e-01 7.884178135464611437e+00
-1.286835758179871725e-01 -9.899816081362885489e-01 -5.811155536195118654e-02 3.225097223111503553e+01 9.915045220974564311e-01 -1.273188821484756428e-01 -2.662113650386955729e-02 -1.332306034854028383e+02 1.895573725792356820e-02 -6.104357296514795195e-02 9.979550902844562810e-01 7.837145765326622993e+00
-1.295284379817494003e-01 -9.898182715264636222e-01 -5.900994074197903061e-02 3.116764145374678563e+01 9.914200603248963795e-01 -1.282241711082749980e-01 -2.539342294718398979e-02 -1.333637862779028751e+02 1.756837327093340936e-02 -6.179280941954006651e-02 9.979343670626107388e-01 7.810945203796680225e+00
-1.304107160269143417e-01 -9.897605972474704528e-01 -5.802590181701762495e-02 3.010868399034012555e+01 9.913180060720440112e-01 -1.291778522951043673e-01 -2.452943769781883859e-02 -1.335038635958775046e+02 1.678260953172886968e-02 -6.072102282368824905e-02 9.980136779646613387e-01 7.781713794723735589e+00
-1.306302904370091333e-01 -9.897931310628413915e-01 -5.696740226795878742e-02 2.905443618670268080e+01 9.912918614648782434e-01 -1.294329988365163775e-01 -2.423931116354263726e-02 -1.336288368814452099e+02 1.661844197990127586e-02 -5.963771049431000615e-02 9.980817455865814702e-01 7.736255448109327304e+00
-1.302472440526187825e-01 -9.898847795224421375e-01 -5.624747715679659366e-02 2.799499570998648679e+01 9.913288465262557470e-01 -1.290218377412615247e-01 -2.490950482830460444e-02 -1.337786932737471375e+02 1.740038682389997635e-02 -5.900414100446114973e-02 9.981060754662824941e-01 7.677718876437388928e+00
-1.296373728874296027e-01 -9.899626752700682042e-01 -5.628546102658304323e-02 2.693151648527334530e+01 9.913868075223487564e-01 -1.283401427927191030e-01 -2.609608435359094675e-02 -1.339269702321442139e+02 1.861046537544856078e-02 -5.918369133531604237e-02 9.980736151499223219e-01 7.620055783225328838e+00
-1.293978503899009258e-01 -9.899838307842128149e-01 -5.646424621198976868e-02 2.585478489486699161e+01 9.913891392600289176e-01 -1.280074492157137200e-01 -2.759832427060890381e-02 -1.340512990634293260e+02 2.009405065515748948e-02 -5.954920428605109395e-02 9.980231066449143373e-01 7.559766969896398514e+00
-1.286444192233464623e-01 -9.900753237635006032e-01 -5.658150472802134928e-02 2.478143144322357827e+01 9.914788536114776951e-01 -1.272279056268399433e-01 -2.797754226299804456e-02 -1.341978370872787423e+02 2.050112787038351619e-02 -5.969852011907102185e-02 9.980059070224158724e-01 7.525260126031835917e+00
-1.285860096448876444e-01 -9.900865644900781470e-01 -5.651754541590836567e-02 2.370606617474770061e+01 9.914595618523710518e-01 -1.270955067805619176e-01 -2.923472879464504570e-02 -1.343307967610480773e+02 2.176178611946098448e-02 -5.979403793378189336e-02 9.979734954859594831e-01 7.483962682563132240e+00
-1.278514263742234203e-01 -9.901957014207946051e-01 -5.627153509419978439e-02 2.263648594760560329e+01 9.915616256202407497e-01 -1.263893034524183889e-01 -2.883204068668874381e-02 -1.344704663834427549e+02 2.143724262639442810e-02 -5.948291234122394383e-02 9.979991121078131133e-01 7.461963082037319062e+00
-1.277197313906055509e-01 -9.902022301702652074e-01 -5.645541231223905054e-02 2.155445061108701665e+01 9.915663912148936499e-01 -1.262189902631836169e-01 -2.940847343904885031e-02 -1.346035715424831665e+02 2.199459084830666586e-02 -5.973533177923882193e-02 9.979719074756763231e-01 7.427073437407608836e+00
-1.265555755371345903e-01 -9.903759386574362278e-01 -5.602844303447183927e-02 2.046294109602896327e+01 9.917090337667244793e-01 -1.250523879940832472e-01 -2.958196414113573036e-02 -1.347429153561469661e+02 2.229077490655675953e-02 -5.930767560257033111e-02 9.979908421266627805e-01 7.382778180689665959e+00
-1.254622635061117819e-01 -9.905635018023625227e-01 -5.516492846876649980e-02 1.938842313968429210e+01 9.918323779483831926e-01 -1.239470042400310223e-01 -3.009442129660403614e-02 -1.348715858665196947e+02 2.297290772146047544e-02 -5.849007639730761238e-02 9.980236252082704818e-01 7.323155794063124446e+00
-1.240941335713483529e-01 -9.907562402760416997e-01 -5.479706531611904657e-02 1.829269986654936986e+01 9.920000800966910504e-01 -1.225819332455828636e-01 -3.015809559528583039e-02 -1.350081797390408269e+02 2.316219120323648878e-02 -5.810113592571258812e-02 9.980419685077409619e-01 7.275090261432106686e+00
-1.230683326314858661e-01 -9.908860860522386016e-01 -5.476266950562866387e-02 1.719563271706437746e+01 9.921246167163155771e-01 -1.215512971608365689e-01 -3.023288051150795075e-02 -1.351465838048446528e+02 2.330086712573377697e-02 -5.805210268883227720e-02 9.980415938048845526e-01 7.227796755728275180e+00
-1.219892874876629119e-01 -9.910389215438919486e-01 -5.441019870733967284e-02 1.611333107971706724e+01 9.922625089069525561e-01 -1.204968457139503624e-01 -2.992697095712418959e-02 -1.352626881187026981e+02 2.310253570352004820e-02 -5.763997014319423989e-02 9.980700910687381189e-01 7.186577002303137895e+00
-1.205887295149827843e-01 -9.912151049600556041e-01 -5.432286823233704876e-02 1.499611823345744810e+01 9.924350497036559249e-01 -1.191053015804666160e-01 -2.977581661563429016e-02 -1.354002789198129904e+02 2.304409758840885239e-02 -5.750254633015502992e-02 9.980793689541349600e-01 7.154186400938107759e+00
-1.196024108562936394e-01 -9.913544547075818780e-01 -5.395932216767950623e-02 1.389153287632222522e+01 9.925465667151773808e-01 -1.181126989706737795e-01 -3.001171844091869712e-02 -1.355286222705895796e+02 2.337896959398170355e-02 -5.714661383928261451e-02 9.980920239674433425e-01 7.115462331958190667e+00
-1.182503245875130560e-01 -9.915528490025455888e-01 -5.328985241003172252e-02 1.278947370202358869e+01 9.927050360932279105e-01 -1.167751750967458424e-01 -3.000449626752077839e-02 -1.356455584405071875e+02 2.352811191088526738e-02 -5.644914628282247937e-02 9.981282091163686809e-01 7.068820237977061716e+00
-1.173237414501526743e-01 -9.916925957209937748e-01 -5.273457389886959668e-02 1.167560511886213348e+01 9.928263451609501411e-01 -1.158945374690572017e-01 -2.939905677370213688e-02 -1.357758359092728995e+02 2.304317787302423426e-02 -5.580548160343092035e-02 9.981757160823545583e-01 7.031368650951788091e+00
-1.168957655055873346e-01 -9.917663163680030536e-01 -5.229678503221132924e-02 1.057220518153930122e+01 9.928885046281106241e-01 -1.155087320957703945e-01 -2.881232699700480432e-02 -1.359067729917292695e+02 2.253436008005403959e-02 -5.529291570780222459e-02 9.982158564600706052e-01 6.993934553645409835e+00
-1.166419646818981359e-01 -9.918051358080802737e-01 -5.212700509201333848e-02 9.458939940959604442e+00 9.929306195224566478e-01 -1.152907140464571878e-01 -2.822828491794934086e-02 -1.360236494136497640e+02 2.198719831851441570e-02 -5.505110207229304414e-02 9.982414233394285574e-01 6.935437448404186966e+00
-1.172022359271258640e-01 -9.917554590948198801e-01 -5.181452739633995996e-02 8.326820491692764392e+00 9.928865097416230689e-01 -1.159144684827548843e-01 -2.720688827225109518e-02 -1.361503454941170901e+02 2.097652656615596814e-02 -5.463465339859099879e-02 9.982860511803394177e-01 6.891816805335229112e+00
-1.173208681861610536e-01 -9.917550513052072469e-01 -5.155319678401870664e-02 7.191722739134565501e+00 9.928795854053463765e-01 -1.160585550654003040e-01 -2.684288884303466516e-02 -1.362853661105432082e+02 2.063838107394837251e-02 -5.433534767292615142e-02 9.983094346042757916e-01 6.845630880905077653e+00
-1.175490813393775813e-01 -9.917192932285476825e-01 -5.172095237462628892e-02 6.070074983283725523e+00 9.928447283739505469e-01 -1.162612057096827911e-01 -2.725210793658753086e-02 -1.364160863315748884e+02 2.101330093833354840e-02 -5.455433516413529804e-02 9.982896702352850316e-01 6.815750748549296745e+00
-1.179635872820177234e-01 -9.916449607570801961e-01 -5.220022874132569657e-02 4.946121979382463785e+00 9.928048789400486518e-01 -1.166863826727992937e-01 -2.688420449952437855e-02 -1.365549572671879730e+02 2.056853004939818153e-02 -5.499599898016196975e-02 9.982746995029879722e-01 6.770207465654581647e+00
-1.182732666570587288e-01 -9.916073836224799098e-01 -5.221332339210557616e-02 3.806804158460918242e+00 9.927594900663898603e-01 -1.169724776596052784e-01 -2.731362944200505655e-02 -1.366730572065461047e+02 2.097687482420375338e-02 -5.506574448378457470e-02 9.982623575528911664e-01 6.720301662125884867e+00
-1.188094823633238928e-01 -9.915484867928981982e-01 -5.211434772952396044e-02 2.679217426243516442e+00 9.926864920997388042e-01 -1.174871087784257195e-01 -2.775441719082583775e-02 -1.368064898422462079e+02 2.139708632676687317e-02 -5.503069697542484900e-02 9.982553716795736776e-01 6.672916560638072703e+00
-1.192352192604062555e-01 -9.914630564346228470e-01 -5.276334156627285332e-02 1.551565588515129601e+00 9.926269830554036444e-01 -1.178719785380131224e-01 -2.824657830360997185e-02 -1.369450180304537525e+02 2.178611939402348707e-02 -5.574230351223834895e-02 9.982074737252265573e-01 6.637334184160962103e+00
-1.202211612575760924e-01 -9.913209237171169974e-01 -5.319491128408587732e-02 4.375365304583922477e-01 9.924884730046310555e-01 -1.187940622150487346e-01 -2.923357205992212562e-02 -1.370727474228739879e+02 2.266061205738720274e-02 -5.630983025271009412e-02 9.981561499475397614e-01 6.608695008556344952e+00
-1.210173997757642006e-01 -9.912022710359221778e-01 -5.359894443683890786e-02 -7.037187361985549616e-01 9.923845144220394543e-01 -1.195588526341531121e-01 -2.964213710477280050e-02 -1.372031806122291755e+02 2.297312531733879115e-02 -5.677797680470254849e-02 9.981224859019650619e-01 6.567362990071069717e+00
-1.216747158729749589e-01 -9.911210784241325511e-01 -5.361223200553685148e-02 -1.814248183722255492e+00 9.922865414508791337e-01 -1.201715513051773154e-01 -3.043382842102011071e-02 -1.373364007408405882e+02 2.372094375617802425e-02 -5.690172370229077542e-02 9.980979464296199088e-01 6.530676477213595454e+00
-1.225323831094020655e-01 -9.910194015739954843e-01 -5.353840484597197774e-02 -2.935675510795170418e+00 9.921744454566909788e-01 -1.210140536847987836e-01 -3.074847302681747371e-02 -1.374868699934009442e+02 2.399343394012185687e-02 -5.688712081563915279e-02 9.980922655812276556e-01 6.485685015923880137e+00
-1.234267428549911116e-01 -9.909039990972180467e-01 -5.361999367166658814e-02 -4.048139829693123914e+00 9.920470606883146081e-01 -1.218652383353944213e-01 -3.148798286861095169e-02 -1.376192086614852030e+02 2.466715483967130140e-02 -5.708001628064924421e-02 9.980648291636753378e-01 6.434693304971392358e+00
-1.244464066921204815e-01 -9.907591967160288560e-01 -5.393798275824540633e-02 -5.183248096223678658e+00 9.918936767068954330e-01 -1.228132191859951927e-01 -3.261667214860646674e-02 -1.377483862897215374e+02 2.569097059856459767e-02 -5.755977167937819522e-02 9.980114461838208717e-01 6.396149522751447769e+00
-1.253261209977780677e-01 -9.906322735513576339e-01 -5.423155902349154761e-02 -6.277437865684332152e+00 9.917749728970942646e-01 -1.236635065237741138e-01 -3.301121459765297972e-02 -1.378915998952344353e+02 2.599550981646874676e-02 -5.792267045563957717e-02 9.979825638339926419e-01 6.358190279682867541e+00
-1.261515838775750797e-01 -9.905002730626302210e-01 -5.472647392290179436e-02 -7.393790619759443850e+00 9.916665492837211104e-01 -1.244621248009014636e-01 -3.326611672199964592e-02 -1.380266720520917829e+02 2.613872446956849727e-02 -5.846698686352611724e-02 9.979470820290042843e-01 6.326429329139005020e+00
-1.274998024857743051e-01 -9.903468103921994059e-01 -5.437826323160543235e-02 -8.513430006921808513e+00 9.915001885633348833e-01 -1.258325370270279020e-01 -3.306884794203397010e-02 -1.381639882806026094e+02 2.590707326118153048e-02 -5.813232982892487660e-02 9.979726728641926670e-01 6.286986392029887405e+00
-1.282248191444919083e-01 -9.902557040512240949e-01 -5.433264533755866044e-02 -9.608964468799340963e+00 9.914208861451732080e-01 -1.265895976604978213e-01 -3.255303794230460235e-02 -1.383001284829516635e+02 2.535788379345099708e-02 -5.804062678992960578e-02 9.979921158863680475e-01 6.240515040988339202e+00
-1.291834921467647224e-01 -9.901557525016574379e-01 -5.388145455204121359e-02 -1.070171044025157059e+01 9.912934102071168097e-01 -1.275541173124772332e-01 -3.266989495820080830e-02 -1.384371326256978136e+02 2.547548305158946202e-02 -5.763274194858106908e-02 9.980127588456855214e-01 6.208588317490492337e+00
-1.302460731322341303e-01 -9.900157497752828384e-01 -5.389597044787033248e-02 -1.178275183145851912e+01 9.911475823709456900e-01 -1.285985746211524283e-01 -3.299812972939401845e-02 -1.385788315720125183e+02 2.573772316780819497e-02 -5.771673762690419929e-02 9.980011762537378539e-01 6.166221335335732689e+00
-1.308481294710988063e-01 -9.899066759043255725e-01 -5.443840568902752475e-02 -1.287193877593803926e+01 9.910647959876344171e-01 -1.291732826807781009e-01 -3.323903120520532023e-02 -1.387161707569443081e+02 2.587155132386531262e-02 -5.830125248672073796e-02 9.979637402183388906e-01 6.134814432272688300e+00
-1.313905793784568843e-01 -9.898186120115316511e-01 -5.473235757902424753e-02 -1.396218588034983021e+01 9.909833246330655987e-01 -1.296827664445432404e-01 -3.368130618734826998e-02 -1.388580436740988091e+02 2.624054019621665373e-02 -5.866426001284612279e-02 9.979328327334239246e-01 6.076501005816868251e+00
-1.322358847459812470e-01 -9.897060197531001302e-01 -5.473267077280299236e-02 -1.503928311129838669e+01 9.908822398876410142e-01 -1.305516917055320469e-01 -3.329628309699731586e-02 -1.389867253424910416e+02 2.580808905555028593e-02 -5.863659486447194563e-02 9.979457361409991289e-01 6.034812344733113676e+00
-1.329927606444865074e-01 -9.896452259248141869e-01 -5.399307752278356687e-02 -1.610372678805659774e+01 9.908046385134533507e-01 -1.313857934237607772e-01 -3.231008490601052635e-02 -1.391335589279400722e+02 2.488159794673717659e-02 -5.779359904549854349e-02 9.980184397058929902e-01 5.976005124217794062e+00
-1.341612542034869016e-01 -9.895016768189905942e-01 -5.373257338852800713e-02 -1.715802551704195267e+01 9.906578524597215996e-01 -1.325852909883962205e-01 -3.190861910855852940e-02 -1.392536882823889641e+02 2.444948323462381445e-02 -5.751149611971908410e-02 9.980454150907319688e-01 5.948375810082310089e+00
-1.350222432517036442e-01 -9.893592759890338373e-01 -5.419609618535496665e-02 -1.822806094609732597e+01 9.905815220352914841e-01 -1.335291275947017020e-01 -3.030214985843257547e-02 -1.394037631507926562e+02 2.274295560218106763e-02 -5.777711569689485127e-02 9.980704197962310120e-01 5.927466526587165774e+00
-1.358538846625425567e-01 -9.892535686243391080e-01 -5.404719221298198706e-02 -1.929605752352433257e+01 9.904914346947906179e-01 -1.344247641575571084e-01 -2.926944784994707852e-02 -1.395448711504403718e+02 2.168962467061588337e-02 -5.750964914860465238e-02 9.981093128693130367e-01 5.920907136718289721e+00
-1.368386042100135924e-01 -9.891183998423650481e-01 -5.403690860083273928e-02 -2.035335476143499278e+01 9.903661380741225484e-01 -1.354352049720954909e-01 -2.884818556364771372e-02 -1.396933263603303885e+02 2.121577135065867356e-02 -5.746386993099207585e-02 9.981221341592173557e-01 5.871818503343283702e+00
-1.374975443017143473e-01 -9.890262877228536142e-01 -5.405023130523878283e-02 -2.140674495229472285e+01 9.902728725445578695e-01 -1.360869654652758776e-01 -2.898233484043340191e-02 -1.398318724723068271e+02 2.130875907574837635e-02 -5.750947768502619184e-02 9.981175265283378506e-01 5.825703373102090410e+00
-1.386938563119559653e-01 -9.888574895834953971e-01 -5.408215524501866489e-02 -2.248568418725585616e+01 9.901121690453722479e-01 -1.372964988111322615e-01 -2.876741424726310392e-02 -1.399710588150888100e+02 2.102158247105589961e-02 -5.753726365437038248e-02 9.981220147665214038e-01 5.767862297819603690e+00
-1.391155294476462689e-01 -9.888369572729511781e-01 -5.336985476533505357e-02 -2.353390954192250462e+01 9.900398746043699294e-01 -1.377029565613050455e-01 -2.930771993245367274e-02 -1.401198297183873649e+02 2.163136981018123559e-02 -5.691544329483236991e-02 9.981446368912112455e-01 5.725138731597605890e+00
-1.398666292749013440e-01 -9.887379086769061409e-01 -5.324165625237045618e-02 -2.459551120807476821e+01 9.899429109239901159e-01 -1.384797874732350831e-01 -2.892026232082013648e-02 -1.402592372438733435e+02 2.122166644292394419e-02 -5.675117978144510189e-02 9.981627845531004795e-01 5.695491009939789961e+00
-1.408420795925915403e-01 -9.886031566566007012e-01 -5.317242955365380358e-02 -2.568241513851621960e+01 9.898136963035171210e-01 -1.394797818870852080e-01 -2.853483931441545135e-02 -1.404103861311402000e+02 2.079315334436993706e-02 -5.664970514782317196e-02 9.981775672096935281e-01 5.655066528020629590e+00
-1.416066021459576607e-01 -9.885230505897151243e-01 -5.262840185185013731e-02 -2.674072881327671425e+01 9.897117273913245139e-01 -1.402778007076279643e-01 -2.815733106513321204e-02 -1.405565298356832216e+02 2.045157433443524353e-02 -5.607421048427171928e-02 9.982171186800037344e-01 5.601790739723620405e+00
-1.418952753336992778e-01 -9.885217792128855319e-01 -5.186928628548038989e-02 -2.781074535576786744e+01 9.896595055349561854e-01 -1.405584208914563149e-01 -2.859009305347630717e-02 -1.407061185131526315e+02 2.097126468003036523e-02 -5.538973134337871196e-02 9.982445510592223847e-01 5.578073186710093445e+00
-1.418016834904731738e-01 -9.885444407575041392e-01 -5.169304795329070917e-02 -2.888332942118136870e+01 9.896832628115808106e-01 -1.404976441784870911e-01 -2.806156251741861660e-02 -1.408544979053472730e+02 2.047735016772041922e-02 -5.513892116943136523e-02 9.982686900340909109e-01 5.540339148979520623e+00
-1.405797273726190344e-01 -9.887179240203497477e-01 -5.171273511166953052e-02 -2.996860566520832236e+01 9.898514806559922663e-01 -1.392612226165388378e-01 -2.829060123939377419e-02 -1.410102244237053242e+02 2.076984581020463114e-02 -5.516501242849867342e-02 9.982612057516729864e-01 5.526439730701373954e+00
-1.388718824540760011e-01 -9.889740220649007041e-01 -5.142940738949457191e-02 -3.103927795066071837e+01 9.901090689188235539e-01 -1.376092792204257620e-01 -2.734443119055740556e-02 -1.411501855997266546e+02 1.996576841400049193e-02 -5.471809529952799400e-02 9.983022078200720628e-01 5.487561141450429503e+00
-1.383069130487313281e-01 -9.890907521048784012e-01 -5.070189250448853269e-02 -3.211408833732687640e+01 9.901711095959722098e-01 -1.370202769052972780e-01 -2.804670102306024496e-02 -1.413000266600650150e+02 2.079354525837167830e-02 -5.408260179948527757e-02 9.983199390266560558e-01 5.423913051431782151e+00
-1.376933993954065905e-01 -9.891560157127828878e-01 -5.109700913116006771e-02 -3.318271234171060513e+01 9.902598011945943357e-01 -1.364051085463438007e-01 -2.791366153879611123e-02 -1.414391022864022602e+02 2.064107315474129900e-02 -5.444284105071059421e-02 9.983035225608229979e-01 5.364682317835648639e+00
-1.370495221481444759e-01 -9.892456702722820516e-01 -5.109239010370343614e-02 -3.424298785709886772e+01 9.903498965222856665e-01 -1.357646461598793763e-01 -2.783959969865246534e-02 -1.415928995809754269e+02 2.060366320011366992e-02 -5.441474708777488400e-02 9.983058270700966297e-01 5.324786724553940864e+00
-1.361255400778262903e-01 -9.893727252826269858e-01 -5.110232680953083473e-02 -3.532155873275588220e+01 9.904657303447201855e-01 -1.348119208253941714e-01 -2.834401199668370314e-02 -1.417318422673911869e+02 2.115358955876255054e-02 -5.447344738673747661e-02 9.982911244614888213e-01 5.313422400911691490e+00
-1.352947724646040850e-01 -9.895018471348938638e-01 -5.080766733854512329e-02 -3.637450958400648915e+01 9.905798848154997449e-01 -1.339920211645588832e-01 -2.824234521330716216e-02 -1.418813928068755956e+02 2.113803071864056582e-02 -5.415009492946144809e-02 9.983090457751387925e-01 5.295945863129011499e+00
-1.352360638817318161e-01 -9.895270804654963115e-01 -5.047141816125029490e-02 -3.742876355111778253e+01 9.905817728223518248e-01 -1.339275101572667825e-01 -2.848110558250921409e-02 -1.420206452932083607e+02 2.142331388704738979e-02 -5.384773949300812601e-02 9.983193189423863467e-01 5.267705433592809072e+00
-1.351407551924566075e-01 -9.895490296372454475e-01 -5.029606575069567320e-02 -3.849666693268312656e+01 9.905892801200991693e-01 -1.338237246693942950e-01 -2.870694736041518383e-02 -1.421609860048448297e+02 2.167612504937148354e-02 -5.370222211041142391e-02 9.983217001263910984e-01 5.216042868879907424e+00
-1.357611976256940522e-01 -9.894477937714093452e-01 -5.061581393327449496e-02 -3.954555435004024133e+01 9.905214374441370095e-01 -1.344768250755721262e-01 -2.798688051917570807e-02 -1.422933416779037543e+02 2.088490322787978082e-02 -5.393558119168252729e-02 9.983259857875470544e-01 5.176064895614470807e+00
-1.361866918987337804e-01 -9.893914708725793927e-01 -5.057373146479936243e-02 -4.059356979576725166e+01 9.904709720011682927e-01 -1.349233967951870561e-01 -2.762119874860016061e-02 -1.424360155195441848e+02 2.050459881930299932e-02 -5.385345264551518601e-02 9.983383029141057463e-01 5.134791374835828925e+00
-1.364676280728123192e-01 -9.893408522890324575e-01 -5.080614608678395150e-02 -4.164679725917800113e+01 9.904406370031103579e-01 -1.352195062095060685e-01 -2.725857137361491905e-02 -1.425677420426011679e+02 2.009803624869065108e-02 -5.404038427387806293e-02 9.983364692359374404e-01 5.113931096494559903e+00
-1.364918024525618723e-01 -9.893429166834467603e-01 -5.070089813348058888e-02 -4.269208137664860203e+01 9.904363885779524646e-01 -1.352440756749690998e-01 -2.729102738056346858e-02 -1.427120902327014846e+02 2.014318852402111754e-02 -5.394101596293848777e-02 9.983409331250381324e-01 5.081464935046433595e+00
-1.367197478688044754e-01 -9.892659306390406693e-01 -5.158128555555599459e-02 -4.374097802743784769e+01 9.904090427178268152e-01 -1.354584429120195832e-01 -2.722018270712839999e-02 -1.428417384691298366e+02 1.994087875317623881e-02 -5.480810816589445217e-02 9.982977675192040712e-01 5.059314995471748233e+00
-1.368233028449825639e-01 -9.892343982597113783e-01 -5.191039489675257357e-02 -4.479578040766170943e+01 9.903972102600229199e-01 -1.355595801567219816e-01 -2.714712023212296349e-02 -1.429945248599477452e+02 1.981791380933478619e-02 -5.512626894212879075e-02 9.982826978189924816e-01 5.029725933334522558e+00
-1.369997128376228002e-01 -9.892113221103868703e-01 -5.188486186769135367e-02 -4.581527772063486026e+01 9.903687667118337146e-01 -1.357251260191760789e-01 -2.735682892369348598e-02 -1.431268533573550030e+02 2.001960549287455648e-02 -5.513302436561332009e-02 9.982783003853236137e-01 4.995550801595088686e+00
-1.368837362650736633e-01 -9.892882314433167901e-01 -5.071131899160163242e-02 -4.682562202292075426e+01 9.903759932561472246e-01 -1.356182242879631072e-01 -2.762406962920695846e-02 -1.432807257427900254e+02 2.045078795580371894e-02 -5.400455877732920212e-02 9.983312440784635200e-01 4.948769023803180289e+00
-1.376293696835300118e-01 -9.892055253217088007e-01 -5.030492295508097456e-02 -4.785988723390990174e+01 9.902753841479084995e-01 -1.363810007729455709e-01 -2.747519206270063186e-02 -1.434091744072102586e+02 2.031797606127876479e-02 -5.359712026939715546e-02 9.983559127623781171e-01 4.904511611827003570e+00
-1.378549871247605196e-01 -9.892212343612242220e-01 -4.936954540694167559e-02 -4.887430302659798542e+01 9.902181263460297922e-01 -1.365669261426245562e-01 -2.859260288454194832e-02 -1.435493986201193479e+02 2.154216285776212533e-02 -5.282825165392894540e-02 9.983712290759378938e-01 4.867526147240229584e+00
-1.383864994691144101e-01 -9.891818180339255751e-01 -4.866731588841186062e-02 -4.989242806090184246e+01 9.901197490757895903e-01 -1.370604484744886165e-01 -2.961951981493586572e-02 -1.437026660921227972e+02 2.262872631811480018e-02 -5.228541225877159082e-02 9.983757691421352165e-01 4.839201983667507534e+00
-1.389245695494674138e-01 -9.891322712485927093e-01 -4.813848720198542902e-02 -5.091703351433775993e+01 9.900390101298254253e-01 -1.376010978162220955e-01 -2.981100972670979246e-02 -1.438421010126523640e+02 2.286312307298899588e-02 -5.180046191271907297e-02 9.983957079980754212e-01 4.810301284304573599e+00
-1.396366726774334044e-01 -9.890444445916363181e-01 -4.788200357125445283e-02 -5.193022638796551860e+01 9.899343222742261750e-01 -1.383095227273500871e-01 -3.000855721959348743e-02 -1.439743689072643917e+02 2.305725974707971415e-02 -5.159033383643624182e-02 9.984021235091603552e-01 4.793103508406256985e+00
-1.399007989892273596e-01 -9.890432238248991759e-01 -4.713032832716540499e-02 -5.295103718862412023e+01 9.898804454736507275e-01 -1.385598922720649995e-01 -3.062449872962307029e-02 -1.441138427361431411e+02 2.375857973580882895e-02 -5.093778224073275407e-02 9.984191866292098094e-01 4.748526131000332384e+00
-1.401313471200360539e-01 -9.890407789385814441e-01 -4.649239885065390571e-02 -5.397832230260623021e+01 9.898303583533337724e-01 -1.387732701506225741e-01 -3.127045208841022772e-02 -1.442494678360874900e+02 2.447585006563055693e-02 -5.040155839125033677e-02 9.984290739332954967e-01 4.696694612817713832e+00
-1.406057026848936964e-01 -9.890055143758015310e-01 -4.580533709889555299e-02 -5.499526424545535264e+01 9.897603426823907702e-01 -1.392629161804568305e-01 -3.130981044578890621e-02 -1.444034858306193030e+02 2.458659036392523561e-02 -4.973864404234627085e-02 9.984595970108681717e-01 4.669251018627543992e+00
-1.416786626605572863e-01 -9.888747568643732055e-01 -4.531966221346853813e-02 -5.603259322023894384e+01 9.895920018558170828e-01 -1.403190050297240532e-01 -3.190997791388915095e-02 -1.445335426110630124e+02 2.519576174106757244e-02 -4.936893824962348964e-02 9.984627592085706382e-01 4.655202892582384067e+00
-1.416421722164467045e-01 -9.889026241986550447e-01 -4.482292831598143346e-02 -5.705574726805409114e+01 9.896089275743481517e-01 -1.403214804561170315e-01 -3.136961248966475130e-02 -1.446789179744791909e+02 2.473187245144745430e-02 -4.880043007614456169e-02 9.985023047091221571e-01 4.632264612969610340e+00
-1.419293515125170657e-01 -9.888517479512253239e-01 -4.503642695688623437e-02 -5.808766315236438516e+01 9.895608827238155936e-01 -1.405877820103367259e-01 -3.169124377926806763e-02 -1.448215881138620773e+02 2.500637043033845236e-02 -4.906420409239959507e-02 9.984825413169126085e-01 4.618960752645115519e+00
-1.422641369347044105e-01 -9.888317068419921751e-01 -4.441588551606438090e-02 -5.911753235025599906e+01 9.895124772372031474e-01 -1.409412143178072618e-01 -3.163275989406057198e-02 -1.449646872145340524e+02 2.501944711853201081e-02 -4.845028019087613269e-02 9.985121920213636537e-01 4.590259432382200799e+00
-1.425676688827772765e-01 -9.887912149589811461e-01 -4.434403014243093466e-02 -6.014845052894345656e+01 9.894759262819378121e-01 -1.412604001341259963e-01 -3.135108710153407252e-02 -1.451159380356200188e+02 2.473562406393117405e-02 -4.834700170526264051e-02 9.985242692735510905e-01 4.564148812732421234e+00
-1.432460480206039222e-01 -9.886568793625052365e-01 -4.514581504051477095e-02 -6.115609235449424119e+01 9.893708126780345058e-01 -1.418980231162201289e-01 -3.178594117711505684e-02 -1.452563176179640436e+02 2.501928750554716779e-02 -4.921916217188342102e-02 9.984745912279453517e-01 4.517917564330774738e+00
-1.436641474553241871e-01 -9.885927619964440805e-01 -4.522127446431868647e-02 -6.219649381984466174e+01 9.893034131892626259e-01 -1.422996740221313949e-01 -3.208674843717814612e-02 -1.454030522986970198e+02 2.528575464585715304e-02 -4.934727653515955798e-02 9.984615550488421531e-01 4.478757050733609191e+00
-1.441218542337345809e-01 -9.885599097092906407e-01 -4.447691589791165356e-02 -6.321913417304716631e+01 9.892290423062094495e-01 -1.427658032711833780e-01 -3.230831586873540023e-02 -1.455418405878780561e+02 2.558892319286608374e-02 -4.865419130859629376e-02 9.984878450326454269e-01 4.427618657629059484e+00
-1.443835318721875538e-01 -9.885093060032944523e-01 -4.475206887953272344e-02 -6.425295558809051499e+01 9.891786057605324034e-01 -1.429947390482506631e-01 -3.283581139810735905e-02 -1.456904073338629644e+02 2.605919472590004921e-02 -4.900873952070325390e-02 9.984583425565782822e-01 4.407155656483591422e+00
-1.447591621165407183e-01 -9.884428487707124233e-01 -4.500577404462745290e-02 -6.528285027757091541e+01 9.891433093047508063e-01 -1.433988382683462071e-01 -3.212922098238714386e-02 -1.458429025312686917e+02 2.530412300324722322e-02 -4.916815938519218665e-02 9.984699261678885440e-01 4.382836552268090990e+00
-1.456099915860440408e-01 -9.883177473488570230e-01 -4.500845060200107939e-02 -6.631922603989785614e+01 9.890548954256449532e-01 -1.443209611083091648e-01 -3.068996610197489983e-02 -1.459878939203772461e+02 2.383577531523996262e-02 -4.898459410931703395e-02 9.985150801841036206e-01 4.396784959707826346e+00
-1.455562401201804246e-01 -9.883761995521277433e-01 -4.388472537192050771e-02 -6.732235818525312254e+01 9.890786431887416130e-01 -1.443343054210208809e-01 -2.985039139691909177e-02 -1.461336163797114409e+02 2.316934504888201740e-02 -4.775035536542101416e-02 9.985905492305051645e-01 4.366542986154178685e+00
-1.461891313175258666e-01 -9.882856015934824434e-01 -4.382131407929262812e-02 -6.836011669909929367e+01 9.889944598425093325e-01 -1.449871015144030828e-01 -2.947369666797065163e-02 -1.462761230347390438e+02 2.277490472978025218e-02 -4.764777096004583351e-02 9.986045231407117972e-01 4.319639654092378045e+00
-1.464142302722317712e-01 -9.882337204803108843e-01 -4.423784442570978526e-02 -6.936952881583248143e+01 9.889713583453072498e-01 -1.452211240041576534e-01 -2.909428664888345090e-02 -1.464247791990528356e+02 2.232768564872410211e-02 -4.800977867697851093e-02 9.985972839963862535e-01 4.270290675911572187e+00
-1.471617154860247467e-01 -9.881385024909000725e-01 -4.388313332309331377e-02 -7.039676998022525822e+01 9.888449574240344431e-01 -1.459453208002916558e-01 -2.975925929118670293e-02 -1.465628772543900595e+02 2.300173194067080956e-02 -4.777303875139186223e-02 9.985933392007917409e-01 4.229920825626654945e+00
-1.478062392856935858e-01 -9.880409317813273473e-01 -4.391392436240294100e-02 -7.141911092875865563e+01 9.887518002519061211e-01 -1.465940759608925781e-01 -2.966571070759871365e-02 -1.467141684143678049e+02 2.287341528576814637e-02 -4.780474890487942941e-02 9.985947690906988861e-01 4.201018274834338762e+00
-1.485869488204836220e-01 -9.878944912915040844e-01 -4.456896584081213725e-02 -7.243350984701014283e+01 9.886262932065711384e-01 -1.473359353323744347e-01 -3.016909909773927284e-02 -1.468571139935282872e+02 2.323727653693141021e-02 -4.854478587484827717e-02 9.985506660873605389e-01 4.192438633424165673e+00
-1.489012796259590043e-01 -9.878417027239548842e-01 -4.468981187238722785e-02 -7.343595895311345600e+01 9.885952181113112358e-01 -1.476805041081754588e-01 -2.949514254591855539e-02 -1.470085791074030226e+02 2.253671788883227986e-02 -4.857199878317346869e-02 9.985653996013513778e-01 4.189115449897045096e+00
-1.495010661422209175e-01 -9.877578251510323870e-01 -4.454110545599547499e-02 -7.443690633918096466e+01 9.885100431878766081e-01 -1.482952982040792733e-01 -2.926429645943568608e-02 -1.471643200686309854e+02 2.230080130941106478e-02 -4.840437359852949734e-02 9.985788355845982567e-01 4.171645894008801037e+00
-1.499424512889129257e-01 -9.876776374857368923e-01 -4.483464856631774048e-02 -7.544615766521667410e+01 9.884514817320771973e-01 -1.487455082598065914e-01 -2.895586355460103012e-02 -1.473050076135519930e+02 2.193010631832095075e-02 -4.865858796887789772e-02 9.985746903731047563e-01 4.136413454238184961e+00
-1.502745546363521978e-01 -9.876395913281521555e-01 -4.456002547134420289e-02 -7.645860462420310455e+01 9.883890468389200379e-01 -1.490589351811042462e-01 -2.947076401328470319e-02 -1.474488773494720419e+02 2.246442337780747700e-02 -4.847134703962927005e-02 9.985719193921219761e-01 4.081326054156511951e+00
-1.504301563146779319e-01 -9.876489429830200839e-01 -4.382160991639411779e-02 -7.744850928765811204e+01 9.883611780047599771e-01 -1.492273917045954246e-01 -2.955278968365697770e-02 -1.475976413846105402e+02 2.264839694514358265e-02 -4.775720877067968217e-02 9.986021726024076894e-01 4.041768599296386988e+00
-1.505263194186685638e-01 -9.876677369446954513e-01 -4.306121875670888138e-02 -7.842099675362121047e+01 9.883441548771435547e-01 -1.493411793864540815e-01 -2.954731222375683170e-02 -1.477420235206547829e+02 2.275211380189124527e-02 -4.700695201783557792e-02 9.986354128407116670e-01 4.002280662671846123e+00
-1.505226302542082006e-01 -9.876892852125096489e-01 -4.257714947898948166e-02 -7.940830225915570395e+01 9.883178988247425245e-01 -1.492983667336273967e-01 -3.062235381738269771e-02 -1.478946555271224099e+02 2.388867187602863873e-02 -4.668911615218931943e-02 9.986237819063427112e-01 3.998748572511763300e+00
-1.507481966684784958e-01 -9.876690840813018291e-01 -4.224643832565863621e-02 -8.039798259582497053e+01 9.882798857883683397e-01 -1.495267923191594406e-01 -3.073443874340801851e-02 -1.480367302851450688e+02 2.403848055370973527e-02 -4.638446645963384407e-02 9.986343839083070550e-01 4.003779321874913144e+00
-1.504159088917946807e-01 -9.877254897394844857e-01 -4.211188990238431268e-02 -8.138276914170383236e+01 9.883219628493624676e-01 -1.491828746845016429e-01 -3.105104910387549919e-02 -1.481918664289991057e+02 2.438753988901527087e-02 -4.629067746062390243e-02 9.986302724624355198e-01 4.005056644551499900e+00
-1.492291086654105037e-01 -9.879252217501945932e-01 -4.164648072474348706e-02 -8.234390576601002465e+01 9.884822891607427664e-01 -1.479763439750505505e-01 -3.171380833825639123e-02 -1.483472724062391990e+02 2.516817717804015198e-02 -4.589943195298684664e-02 9.986289626302292666e-01 3.966278234345764986e+00
-1.482105040698031839e-01 -9.881045781855295473e-01 -4.102424956256851135e-02 -8.333523495831366290e+01 9.885842609636494860e-01 -1.468902583147195795e-01 -3.353223802835705869e-02 -1.484953384664366070e+02 2.710729529721330605e-02 -4.552575733617152121e-02 9.985953134081081428e-01 3.910981445548337820e+00
-1.468060250544662715e-01 -9.883215093207660118e-01 -4.084831969163856685e-02 -8.431298109227229531e+01 9.887559585881360302e-01 -1.454321835308014510e-01 -3.480135557588865530e-02 -1.486351596880200248e+02 2.845426794285169786e-02 -4.549806817202402959e-02 9.985591021208760631e-01 3.878667920517631096e+00
-1.449364277159876924e-01 -9.885855905236641261e-01 -4.113346727309910578e-02 -8.524796123100372824e+01 9.890156438873493050e-01 -1.435300601090099271e-01 -3.531540727779297617e-02 -1.487732396876615155e+02 2.900841372810077090e-02 -4.580013159460180616e-02 9.985293485315774875e-01 3.867061055975988815e+00
-1.434895939764264661e-01 -9.887992591634114925e-01 -4.107020207363234338e-02 -8.618248995537791757e+01 9.892205881553911562e-01 -1.420785283984917768e-01 -3.544460096574789804e-02 -1.488960456604873173e+02 2.921240130462388757e-02 -4.571342085217097034e-02 9.985273750699126261e-01 3.847455543784973120e+00
-1.419515675553151279e-01 -9.890037860971745420e-01 -4.148811340665158054e-02 -8.711235779082143438e+01 9.894456466474712553e-01 -1.405331983689266373e-01 -3.532325702094225861e-02 -1.490186842237528708e+02 2.910437765966599963e-02 -4.606442490311003779e-02 9.985143984737472334e-01 3.828290248191125400e+00
-1.407607760993552226e-01 -9.891619801459688999e-01 -4.177296907825350791e-02 -8.802463149335603987e+01 9.895920402514520875e-01 -1.392970253276493153e-01 -3.611000700410283565e-02 -1.491462312432195745e+02 2.989979569955857064e-02 -4.642107030836038067e-02 9.984743794652675142e-01 3.831951309228135205e+00
-1.391819579380992877e-01 -9.893880121176792386e-01 -4.171023929857485546e-02 -8.890772501206802758e+01 9.898064030267359481e-01 -1.377095161822672331e-01 -3.632318378282570898e-02 -1.492700158589400132e+02 3.019382572302171941e-02 -4.634059376694587423e-02 9.984692695609287405e-01 3.836054670486120255e+00
-1.369683372583809788e-01 -9.897096522963491072e-01 -4.140626450326374136e-02 -8.978265365471659720e+01 9.900999508153651707e-01 -1.354879628079415088e-01 -3.667559583108967458e-02 -1.493898882474081233e+02 3.068814077271520696e-02 -4.601973582707419297e-02 9.984690390444364017e-01 3.801095282676032028e+00
-1.343182806661737949e-01 -9.900657979685284493e-01 -4.157301013666819117e-02 -9.062625990322139558e+01 9.904454319963899023e-01 -1.328103372766598067e-01 -3.713839724522435826e-02 -1.495074541322212269e+02 3.124813140600835731e-02 -4.616416364887854229e-02 9.984450031314856533e-01 3.768510589904533248e+00
-1.329132441912868057e-01 -9.902534686388039242e-01 -4.161895442421382346e-02 -9.146529197764643015e+01 9.906129900913785979e-01 -1.313739612853064287e-01 -3.777282301371039791e-02 -1.496085001920913271e+02 3.193702210234476008e-02 -4.624878533566281064e-02 9.984192889133353122e-01 3.748678916804547789e+00
-1.313318339780173982e-01 -9.904793880209145085e-01 -4.126174123428040519e-02 -9.225054535603428008e+01 9.908053868746430348e-01 -1.297826730373705661e-01 -3.822490182412005555e-02 -1.497107437420937117e+02 3.250591829435275915e-02 -4.590250194694396602e-02 9.984169097079894639e-01 3.722677537100076872e+00
-1.299497041391732832e-01 -9.906726233084862665e-01 -4.099790020504748972e-02 -9.301625515993141846e+01 9.909878293163848495e-01 -1.284135204736545077e-01 -3.811941639587127645e-02 -1.497920181032602898e+02 3.249917754252861640e-02 -4.558202701333121526e-02 9.984318115286667794e-01 3.710182956656636666e+00
-1.285673626475078990e-01 -9.908649030484377729e-01 -4.070844100029873819e-02 -9.375828475855797706e+01 9.911709356631428491e-01 -1.270487002084512707e-01 -3.793157091386677171e-02 -1.498862971095146577e+02 3.241310781944315572e-02 -4.522578558912669633e-02 9.984508093838831977e-01 3.720379351558524395e+00
-1.274488000723725811e-01 -9.910024888832547063e-01 -4.087628147602084816e-02 -9.446273553549777091e+01 9.913002767166285700e-01 -1.259046968360670871e-01 -3.836363768144968739e-02 -1.499778726065652847e+02 3.287194459790790391e-02 -4.541006872723828830e-02 9.984274439920707289e-01 3.720690821517971258e+00
-1.272444484496968453e-01 -9.910419596593892377e-01 -4.055471037019441755e-02 -9.514139949930731177e+01 9.913170770156908285e-01 -1.257002410713419227e-01 -3.859925143929555241e-02 -1.500563769965075949e+02 3.315574091767308634e-02 -4.511411740336335879e-02 9.984314764945643184e-01 3.707293922206618131e+00
-1.275133928273195494e-01 -9.910130272201798096e-01 -4.041676050305425399e-02 -9.578989478877049635e+01 9.912913712308208947e-01 -1.259861315332102549e-01 -3.832638757587340100e-02 -1.501267231877640143e+02 3.288999806909612827e-02 -4.495191365439476366e-02 9.984475817416870180e-01 3.702923679141999269e+00
-1.278775437416712624e-01 -9.909742000292152131e-01 -4.021776576407098958e-02 -9.643673057169353058e+01 9.912511783464541537e-01 -1.263665006593877038e-01 -3.811310716626262196e-02 -1.502128031949426941e+02 3.268692756077026806e-02 -4.473971823288180882e-02 9.984637812054473205e-01 3.668022451006571760e+00
-1.289621543527985637e-01 -9.908441975010618963e-01 -3.995671436895414236e-02 -9.702578000426028382e+01 9.911189803401129206e-01 -1.274706328932579957e-01 -3.787353375865229466e-02 -1.502840152625727228e+02 3.243346349467549766e-02 -4.448611050956818858e-02 9.984833781377985273e-01 3.658959258054799157e+00
-1.302831141684732685e-01 -9.906813918643375683e-01 -3.970755565762813105e-02 -9.758601291229179253e+01 9.909280986482702502e-01 -1.287742947761438828e-01 -3.845366450978394274e-02 -1.503553318044830007e+02 3.298201740174149660e-02 -4.435719579330815038e-02 9.984711441546346711e-01 3.649649631474970235e+00
-1.313667041439552374e-01 -9.905445551015462646e-01 -3.955089633667754206e-02 -9.813957279827459956e+01 9.907964569709016844e-01 -1.298774690244095531e-01 -3.813428763884267603e-02 -1.504289555711051491e+02 3.263694066947734479e-02 -4.419646364239585012e-02 9.984896107147251954e-01 3.651442871609664742e+00
-1.331160067110779277e-01 -9.903220759109416793e-01 -3.927231493990268607e-02 -9.866278974003493829e+01 9.905835714492943200e-01 -1.316625080668556436e-01 -3.753893904075538551e-02 -1.504852342985166729e+02 3.200494855575614084e-02 -4.389954365352623927e-02 9.985231661483651155e-01 3.643170812083639909e+00
-1.355809881863743183e-01 -9.900136811636971457e-01 -3.860967173017105375e-02 -9.915988203998537642e+01 9.902506435297736553e-01 -1.341504108872064727e-01 -3.751440053716339346e-02 -1.505551330543767676e+02 3.196026644562390689e-02 -4.331949177332326123e-02 9.985499301493269142e-01 3.616427413750919140e+00
-1.378787448711809027e-01 -9.897051993572603124e-01 -3.838059507033906442e-02 -9.963788742598092085e+01 9.899360746600067706e-01 -1.364567275931549695e-01 -3.749839438302303429e-02 -1.506221380698499104e+02 3.187506548205053941e-02 -4.316456717926242526e-02 9.985593624520987532e-01 3.618564235693968456e+00
-1.402036032277140798e-01 -9.893829058931051801e-01 -3.826767785587321252e-02 -1.000859244537591195e+02 9.896182846969692193e-01 -1.387939448177026858e-01 -3.730806180129128680e-02 -1.506848066719337851e+02 3.160063662957144498e-02 -4.310111841304871405e-02 9.985708254080679636e-01 3.616713437450109314e+00
-1.422303023576150238e-01 -9.891025924048023610e-01 -3.803423180979589868e-02 -1.005077967459097437e+02 9.893310833721075115e-01 -1.408288806092419243e-01 -3.729924744710568646e-02 -1.507440586385493475e+02 3.153646405407446729e-02 -4.293353100372458014e-02 9.985800735797396577e-01 3.608037325449804378e+00
-1.445658431084495543e-01 -9.887756051906682053e-01 -3.772955852074902361e-02 -1.008973909426003956e+02 9.889900119411105806e-01 -1.431687003551536108e-01 -3.743633955581116002e-02 -1.508128565024342151e+02 3.161444744203117940e-02 -4.272617252274844846e-02 9.985865014581818411e-01 3.607029410942417247e+00
-1.473661303337117090e-01 -9.883851959929884634e-01 -3.712045221127081851e-02 -1.012809964411083570e+02 9.885711047337452095e-01 -1.459801122137454055e-01 -3.764276455794655918e-02 -1.508712657839646170e+02 3.178670344609764442e-02 -4.224347499867976696e-02 9.986015693478884625e-01 3.588743829945382657e+00
-1.502989479605572054e-01 -9.879591899095797602e-01 -3.669966369269023893e-02 -1.016531061113662844e+02 9.881220300366463372e-01 -1.489144107623947555e-01 -3.793879312189152309e-02 -1.509125255494636804e+02 3.201687052487605517e-02 -4.196590688279680514e-02 9.986059196005688809e-01 3.578068179590631726e+00
-1.518567358506657250e-01 -9.877316742193689159e-01 -3.640977232259611646e-02 -1.019831541844744009e+02 9.878782665167835653e-01 -1.504735600305704413e-01 -3.813447620619140471e-02 -1.509718919577333907e+02 3.218792196733654548e-02 -4.175939984636414110e-02 9.986090777696225995e-01 3.570179207518815900e+00
-1.539981002573806990e-01 -9.874051224900773915e-01 -3.627270595740887671e-02 -1.023121784478740324e+02 9.875560211147992318e-01 -1.526288107321323029e-01 -3.791505366475020344e-02 -1.510181113433083055e+02 3.190125823574488373e-02 -4.166017540589396495e-02 9.986224208919637357e-01 3.566227927227630268e+00
-1.562587597940727768e-01 -9.870541102219207996e-01 -3.615775824951667633e-02 -1.026243351295909463e+02 9.872092553465923181e-01 -1.549012223966472757e-01 -3.772926527314366535e-02 -1.510677653609494655e+02 3.163994541153705015e-02 -4.159080179603046740e-02 9.986336260412616017e-01 3.568678633658749266e+00
-1.577789944711296410e-01 -9.868149525298505198e-01 -3.608376874979204313e-02 -1.029269369442073696e+02 9.869764018196899302e-01 -1.564336648302269150e-01 -3.749787672445444725e-02 -1.511221938464230448e+02 3.135874925339631608e-02 -4.153020552915031444e-02 9.986450174481266151e-01 3.569532249616197195e+00
-1.595676206343012993e-01 -9.865396740386563890e-01 -3.574417424992781811e-02 -1.032007320424262957e+02 9.866727281713353337e-01 -1.582113282407453525e-01 -3.802766228988339187e-02 -1.511600285995083368e+02 3.186066427496393738e-02 -4.133578551328930678e-02 9.986371968377492081e-01 3.562029536149159625e+00
-1.616181837866239590e-01 -9.862126663162035234e-01 -3.555473902305416462e-02 -1.034803288503492098e+02 9.863333015867071785e-01 -1.602586291846528344e-01 -3.825950800679136371e-02 -1.512132429560293190e+02 3.203405766647109826e-02 -4.125225532429017267e-02 9.986351038192482488e-01 3.548273072365463854e+00
-1.630135712827145422e-01 -9.859899259458758669e-01 -3.536158241513048806e-02 -1.037284675148532784e+02 9.860821796393607341e-01 -1.616319434397683885e-01 -3.894932422483822487e-02 -1.512600860957813325e+02 3.268808001922707263e-02 -4.121869470434796900e-02 9.986152956126429503e-01 3.554031062272230646e+00
-1.650452108416249342e-01 -9.856658932034513265e-01 -3.496891982440997193e-02 -1.039862293036826628e+02 9.857221077007766175e-01 -1.636483855855463965e-01 -3.963751108713536170e-02 -1.512992154301296921e+02 3.334673549512787161e-02 -4.101161872795037328e-02 9.986020440401327525e-01 3.542101609123870620e+00
-1.661493998873162514e-01 -9.854823644685986039e-01 -3.491255130271658097e-02 -1.041979031880619004e+02 9.855518248516543789e-01 -1.647718339507777685e-01 -3.921534480367676323e-02 -1.513392912969810311e+02 3.289342561452952146e-02 -4.092373465212441330e-02 9.986206839904048227e-01 3.545909154795301443e+00
-1.677426751826112117e-01 -9.852182061560641468e-01 -3.474882992574405277e-02 -1.044283772123516201e+02 9.852881782195448412e-01 -1.663768087984969224e-01 -3.906358092698224149e-02 -1.513711364840447970e+02 3.270475169438667035e-02 -4.079024089970158251e-02 9.986323424884419042e-01 3.539634665171767836e+00
-1.688093748680274953e-01 -9.850396393217735191e-01 -3.464540260259198895e-02 -1.046415874000317814e+02 9.851261498278054418e-01 -1.674711809637390303e-01 -3.846911062208537013e-02 -1.513992233213661507e+02 3.209149236338808969e-02 -4.062403859096892778e-02 9.986590126797284528e-01 3.540790700756067277e+00
-1.697837599836811151e-01 -9.848843178868724735e-01 -3.429803531274232264e-02 -1.048309118865438450e+02 9.849426400270859805e-01 -1.684375421436186127e-01 -3.894599148938511501e-02 -1.514412229116964284e+02 3.258021949401765371e-02 -4.039399432003487611e-02 9.986525194083248902e-01 3.538193609615887691e+00
-1.716087750684460733e-01 -9.845756370892592146e-01 -3.407701820562514944e-02 -1.050222567674737064e+02 9.846225182684614774e-01 -1.702636758751627788e-01 -3.909958051118139766e-02 -1.514691752755182961e+02 3.269441600916462437e-02 -4.026283059791678498e-02 9.986540840721892520e-01 3.534457573757747717e+00
-1.726050797565421568e-01 -9.844037955343714064e-01 -3.400961304927747203e-02 -1.052278290183450622e+02 9.844646945667656635e-01 -1.712812808324415403e-01 -3.862626034142421089e-02 -1.515092212708957788e+02 3.219862720370079284e-02 -4.014835206981930832e-02 9.986748010399956188e-01 3.529727703037933484e+00
-1.733355399672256159e-01 -9.842845673412418117e-01 -3.374434883258601442e-02 -1.054091814917482708e+02 9.843328728980506037e-01 -1.720166852542071023e-01 -3.871763585790942430e-02 -1.515454173035239194e+02 3.230458042663501145e-02 -3.992681414813850638e-02 9.986802609421291388e-01 3.516668411291849150e+00
-1.742220146030053485e-01 -9.841262183452501588e-01 -3.379757377605476648e-02 -1.055777975740993497e+02 9.841738109750435282e-01 -1.728964952396976340e-01 -3.884213851848360849e-02 -1.515779542355070646e+02 3.238208483915266250e-02 -4.002984260906920083e-02 9.986736265077610364e-01 3.524880220472694781e+00
-1.755083187010608725e-01 -9.838981589619765211e-01 -3.378228615650905736e-02 -1.057413106729830616e+02 9.839385019552721046e-01 -1.741730230417679604e-01 -3.909964724274469366e-02 -1.516075797373721343e+02 3.258610803305796860e-02 -4.010200538283852784e-02 9.986640950427388974e-01 3.522472685826379735e+00
-1.761662311363754174e-01 -9.837845484787789418e-01 -3.366632117725703449e-02 -1.059100543666749701e+02 9.838215258212515968e-01 -1.748352224523661569e-01 -3.908772596066534266e-02 -1.516397695306595494e+02 3.256784208309686929e-02 -4.000758883557919976e-02 9.986684777730864271e-01 3.517964784083347229e+00
-1.772280921874134219e-01 -9.835953199379591227e-01 -3.362216435261302511e-02 -1.060768702700316339e+02 9.836251125962790498e-01 -1.758901583801337765e-01 -3.929745608775681021e-02 -1.516599577188080445e+02 3.273898608032106000e-02 -4.003621836732136618e-02 9.986617345274008128e-01 3.521113980819342348e+00
-1.776902827986455158e-01 -9.835125315243111732e-01 -3.360451954095140803e-02 -1.062271875362466460e+02 9.835493514679327642e-01 -1.763616583883462763e-01 -3.907990119640925020e-02 -1.516831673123130599e+02 3.250902376181463715e-02 -3.999582209622731810e-02 9.986708654951843567e-01 3.522384619670179795e+00
-1.782769130762233978e-01 -9.834064186728650458e-01 -3.360294595749916541e-02 -1.063717709163801288e+02 9.834341939791633180e-01 -1.769363692036449720e-01 -3.937902189726099483e-02 -1.517184290954993457e+02 3.277999964255957216e-02 -4.006665653684326339e-02 9.986591684140252445e-01 3.517745908863832760e+00
-1.791708839873598080e-01 -9.832517570447558697e-01 -3.337329171041076431e-02 -1.065045431168453405e+02 9.832702872174665654e-01 -1.778363453932794158e-01 -3.941797220105046351e-02 -1.517451842714961856e+02 3.282280619430093943e-02 -3.987751904973928230e-02 9.986653327656713763e-01 3.507532513916717498e+00
-1.802487225863347309e-01 -9.830581458681707518e-01 -3.327280944297833498e-02 -1.066283120542443328e+02 9.830694567120218386e-01 -1.789118380777792172e-01 -3.956004898329352343e-02 -1.517655553091491072e+02 3.293692890851560029e-02 -3.984013099708284128e-02 9.986630676440431120e-01 3.511901236055290809e+00
-1.807939319804490186e-01 -9.829590725816773622e-01 -3.324177775658038181e-02 -1.067541681385064578e+02 9.829811501836595022e-01 -1.794717614808778450e-01 -3.921664461120176470e-02 -1.517858144529345736e+02 3.258239620806277492e-02 -3.976617231165201216e-02 9.986776451873852212e-01 3.508663803287906724e+00
-1.810226867602477974e-01 -9.829179989614287294e-01 -3.321135642762047119e-02 -1.068769163498534596e+02 9.829348601757303960e-01 -1.796962594908690924e-01 -3.934863372860641223e-02 -1.518109470335416802e+02 3.270852380372656770e-02 -3.976759538432670521e-02 9.986734655671639649e-01 3.506020613009007025e+00
-1.816830748831865794e-01 -9.828002704750972152e-01 -3.308910175671634507e-02 -1.069695050816219180e+02 9.828073944469647438e-01 -1.803536778093048909e-01 -3.952437628889243770e-02 -1.518283385141867541e+02 3.287682650985288696e-02 -3.970112409911495666e-02 9.986705838382883282e-01 3.506796992428085957e+00
-1.825593074459306298e-01 -9.826344582096478986e-01 -3.319067344743169279e-02 -1.070736279082401268e+02 9.826535105152888194e-01 -1.812347314277849009e-01 -3.931984735827175059e-02 -1.518512852871596408e+02 3.262173411762882280e-02 -3.979313588209112962e-02 9.986752869676049915e-01 3.508651047125125988e+00
-1.828418169521546233e-01 -9.825848055561726690e-01 -3.310543556235839846e-02 -1.071813727286756972e+02 9.825935601791581098e-01 -1.815111824097350723e-01 -3.954220725588467739e-02 -1.518731129806638762e+02 3.284456527467234654e-02 -3.975915681146407338e-02 9.986693366583151432e-01 3.508232986396960573e+00
-1.830761841247221522e-01 -9.825422311156513100e-01 -3.307377935176163131e-02 -1.072671428563005946e+02 9.825399430680903379e-01 -1.817344175954347385e-01 -3.984798284734385188e-02 -1.518842587164792235e+02 3.314168194411511170e-02 -3.979152592608554972e-02 9.986582315198672122e-01 3.511777759980155622e+00
-1.835814950767657994e-01 -9.824469757072367138e-01 -3.310248614656629423e-02 -1.073466895196661426e+02 9.824588002675704868e-01 -1.822536161371119956e-01 -3.947562769294776786e-02 -1.519035362723688252e+02 3.274966323774101268e-02 -3.976882357639452414e-02 9.986720684134328119e-01 3.503339739176658085e+00
-1.844020967710657821e-01 -9.822999576485299533e-01 -3.290379780710557533e-02 -1.074227418519992625e+02 9.823005304240123303e-01 -1.830753435451466515e-01 -3.961169668836258401e-02 -1.519152665418892241e+02 3.288669389188909886e-02 -3.962589796487778898e-02 9.986732466504438799e-01 3.498744055979095879e+00
-1.846340253126399489e-01 -9.822630442526730787e-01 -3.270456531315697052e-02 -1.074804777936808051e+02 9.822552230029190090e-01 -1.833128419420761990e-01 -3.963683719225403329e-02 -1.519274954648885796e+02 3.293863355297597245e-02 -3.944253889635616211e-02 9.986787934792007437e-01 3.496460698322415794e+00
-1.851491036603456486e-01 -9.821706459774207643e-01 -3.256733937654650302e-02 -1.075432722468437703e+02 9.821694032217934689e-01 -1.838459798565399428e-01 -3.929273553133195984e-02 -1.519363285564490980e+02 3.260479702002659630e-02 -3.926165904397339868e-02 9.986968756036025407e-01 3.492927956999430261e+00
-1.855433966041482030e-01 -9.820957291066008121e-01 -3.258261572020068608e-02 -1.076009799852689355e+02 9.820896894137072231e-01 -1.842326521342305679e-01 -3.947368534702778292e-02 -1.519336303091916704e+02 3.276415608381075262e-02 -3.932313260870897581e-02 9.986892416152051144e-01 3.498629903966874899e+00
-1.857015174717850936e-01 -9.820686124195772138e-01 -3.249902935414956950e-02 -1.076328258094755341e+02 9.820605054439541792e-01 -1.843947197904305391e-01 -3.944300902027308292e-02 -1.519413205650400300e+02 3.274309172697306702e-02 -3.924063982269206802e-02 9.986931771722808993e-01 3.493585124334694481e+00
-1.859059829341058734e-01 -9.820284481882834982e-01 -3.254370074554952669e-02 -1.076738260345231311e+02 9.820208575610360757e-01 -1.845959073682017504e-01 -3.948906554981924943e-02 -1.519519496119025632e+02 3.277195179405046482e-02 -3.929984646054274222e-02 9.986899024440900607e-01 3.494031451074500971e+00
-1.860535155656919404e-01 -9.820036787832450154e-01 -3.244786898734682012e-02 -1.077057062656556923e+02 9.819951706303692296e-01 -1.847497548168595127e-01 -3.940828534384788195e-02 -1.519592971957349334e+02 3.270434534245655889e-02 -3.919570067346034303e-02 9.986962114899794463e-01 3.490127825084897495e+00
-1.862276553013808567e-01 -9.819720816594814661e-01 -3.240511136063482095e-02 -1.077233760207860058e+02 9.819577806754196114e-01 -1.849200952538680998e-01 -3.954080604015415557e-02 -1.519603175616883561e+02 3.283561133822317929e-02 -3.918404283181337044e-02 9.986923617488019378e-01 3.492078293269330835e+00
-1.860887242243840500e-01 -9.819989931755902512e-01 -3.238771555185192275e-02 -1.077317063703608113e+02 9.819827421684360624e-01 -1.847804469041396391e-01 -3.957373529583552846e-02 -1.519715318125314525e+02 3.287675166283245132e-02 -3.916840364417437798e-02 9.986916217512127325e-01 3.492395091460913203e+00
-1.865015161334941940e-01 -9.819176801381562791e-01 -3.247851462135434991e-02 -1.077487554562073200e+02 9.819010623257707904e-01 -1.851848985987711860e-01 -3.970966046802112265e-02 -1.519572057876045506e+02 3.297708724903893746e-02 -3.929659989190312924e-02 9.986832775978102816e-01 3.497442096556746538e+00
-1.863539425565750030e-01 -9.819468252341969627e-01 -3.244442180256076197e-02 -1.077437746440501058e+02 9.819262554624073047e-01 -1.850355824935385751e-01 -3.978268523934076761e-02 -1.519625249075037345e+02 3.306110898315912233e-02 -3.927168985106978261e-02 9.986814794763368974e-01 3.498789262047156789e+00
-1.864003275821153327e-01 -9.819377350986397968e-01 -3.245307792234682770e-02 -1.077370276060964187e+02 9.819234213264587119e-01 -1.850886512896050551e-01 -3.960537607872469806e-02 -1.519572303191235108e+02 3.288331686162914574e-02 -3.924889238117210827e-02 9.986882456097242455e-01 3.498659906897689353e+00
-1.865210882998622477e-01 -9.819184791211100771e-01 -3.234167558926845376e-02 -1.077381266780002846e+02 9.819075503946627093e-01 -1.852221374487035277e-01 -3.937413207788934694e-02 -1.519597968059713651e+02 3.267179360531796695e-02 -3.910064141954786715e-02 9.987010031752203698e-01 3.498894102336859824e+00
-1.864773890387443345e-01 -9.819339371003351635e-01 -3.212361355650557304e-02 -1.077373970083724686e+02 9.819179773224199215e-01 -1.851897799725694682e-01 -3.926615851797543577e-02 -1.519626332842561851e+02 3.260780870190836678e-02 -3.886500436570454464e-02 9.987122920277458071e-01 3.492157167442879739e+00
-1.863242246634151389e-01 -9.819623137549997605e-01 -3.214494779128767438e-02 -1.077391536992207079e+02 9.819445872578094203e-01 -1.850330681938525679e-01 -3.933943606432624418e-02 -1.519607186627188753e+02 3.268196534278951931e-02 -3.889444741472139477e-02 9.987087218511893072e-01 3.490306885791452540e+00
-1.863237124656658139e-01 -9.819623487235277226e-01 -3.214684840517344905e-02 -1.077387512593246583e+02 9.819458137377684581e-01 -1.850338252761536406e-01 -3.930524629799291708e-02 -1.519667275918405949e+02 3.264801764095200814e-02 -3.888996262594212466e-02 9.987100068343507386e-01 3.492164702527380538e+00
-1.863564407501343556e-01 -9.819541553441942794e-01 -3.220735619717552539e-02 -1.077390963687964387e+02 9.819361888864376331e-01 -1.850600112119915597e-01 -3.942224252114504002e-02 -1.519641725979033140e+02 3.275054115766704715e-02 -3.897215740099171932e-02 9.987034459745256498e-01 3.493633674914865317e+00
-1.864868228101388414e-01 -9.819304044393137865e-01 -3.217678908508012081e-02 -1.077385837875103789e+02 9.819177701755108512e-01 -1.851989644427955994e-01 -3.922800253478456178e-02 -1.519602379960974190e+02 3.256006037667634467e-02 -3.891046654772963020e-02 9.987120796612530826e-01 3.490467085218270871e+00
-1.863667243365463300e-01 -9.819548362073605707e-01 -3.212699346409116780e-02 -1.077396793482230635e+02 9.819359697446142787e-01 -1.850755629205973474e-01 -3.935463544905829641e-02 -1.519662800683329635e+02 3.269855320606739751e-02 -3.888104497824116518e-02 9.987087007529422689e-01 3.489430201233582718e+00
-1.863889090764776491e-01 -9.819496234941071933e-01 -3.215760396954148170e-02 -1.077398663414075628e+02 9.819308805327222611e-01 -1.850954405401143976e-01 -3.938811683101950400e-02 -1.519670240339795839e+02 3.272492061890469595e-02 -3.891805250834499963e-02 9.987063956736454973e-01 3.490828673873137777e+00
-1.863777835518660719e-01 -9.819521083783353532e-01 -3.214620739116623438e-02 -1.077382261141202235e+02 9.819369095190004781e-01 -1.850894539924066162e-01 -3.926575792044598168e-02 -1.519698602805677012e+02 3.260716980309763535e-02 -3.888381246913547029e-02 9.987115807906189469e-01 3.489938117705230436e+00
-1.864273031553365101e-01 -9.819430382291910453e-01 -3.213612159944636421e-02 -1.077426140488203856e+02 9.819216429039697713e-01 -1.851323204517612009e-01 -3.944503924343355228e-02 -1.519642309512952352e+02 3.278334691574134180e-02 -3.890878560649983775e-02 9.987048405648335514e-01 3.490825802230724140e+00
-1.863907177318371300e-01 -9.819479110436369895e-01 -3.219938416256795666e-02 -1.077384309715901196e+02 9.819296693529800946e-01 -1.850945373681969208e-01 -3.942254026316574511e-02 -1.519655389108001202e+02 3.275095094433791432e-02 -3.896552621858362375e-02 9.987036912812280454e-01 3.493157863169312094e+00
-1.864099975854354163e-01 -9.819468729074977142e-01 -3.211933354515220801e-02 -1.077388985316379291e+02 9.819277584218367716e-01 -1.851190777258377995e-01 -3.935485106822587953e-02 -1.519630322535700770e+02 3.269847153713755644e-02 -3.887500288259776449e-02 9.987089386352827614e-01 3.488806967717540175e+00
-1.865827572540728063e-01 -9.819110010426669310e-01 -3.221274168486134432e-02 -1.077444196261736238e+02 9.818960531840156269e-01 -1.852891384573476241e-01 -3.934559583214618933e-02 -1.519614707366648645e+02 3.266520223602579348e-02 -3.897077367876777138e-02 9.987062948443640176e-01 3.491300982688479326e+00
-1.864232543189707769e-01 -9.819439836967651658e-01 -3.213071942629106004e-02 -1.077366558586335117e+02 9.819272101050506851e-01 -1.851341998605950945e-01 -3.929735483831793552e-02 -1.519625851754732366e+02 3.263930612675158827e-02 -3.887596846001271922e-02 9.987108364145551587e-01 3.490567878069316787e+00
-1.864164306585560649e-01 -9.819447153626768010e-01 -3.214794475290109338e-02 -1.077377264097789151e+02 9.819275244838416850e-01 -1.851255289933362302e-01 -3.933033404348698636e-02 -1.519634640439152520e+02 3.266880838902146839e-02 -3.889877229745500320e-02 9.987089838747782444e-01 3.491586361357359447e+00
-1.864116482730369118e-01 -9.819445951132950157e-01 -3.217933367732661587e-02 -1.077378532889617730e+02 9.819292578460578902e-01 -1.851204808529269830e-01 -3.931081472917185432e-02 -1.519611670669928856e+02 3.264398832893691815e-02 -3.892582300437887749e-02 9.987087414904367577e-01 3.492979528307882386e+00
-1.864382822090482339e-01 -9.819388910885257227e-01 -3.219908530961558546e-02 -1.077427600881039780e+02 9.819243794367497058e-01 -1.851464943590113155e-01 -3.931016019202510786e-02 -1.519636747896659870e+02 3.263862734082736972e-02 -3.894598560063890907e-02 9.987081306422319615e-01 3.494188800343152934e+00
-1.865284381997132090e-01 -9.819197151521826816e-01 -3.226166050023078491e-02 -1.077448884255926487e+02 9.819027970212809153e-01 -1.852286793235935480e-01 -3.946179871499156527e-02 -1.519590567481866401e+02 3.277253338637339808e-02 -3.903856236458640855e-02 9.987001310222930472e-01 3.495198747090498159e+00
-1.864303654053656167e-01 -9.819415271160517600e-01 -3.216451740377962443e-02 -1.077388709233543267e+02 9.819231798321511606e-01 -1.851367551331162264e-01 -3.938592143263257295e-02 -1.519621163921432299e+02 3.271983745587365988e-02 -3.892581693139855747e-02 9.987062596244625778e-01 3.493373767098022942e+00
-1.864363992033013506e-01 -9.819407419511696489e-01 -3.215351222639892259e-02 -1.077400464136353690e+02 9.819238326742230072e-01 -1.851453611994531290e-01 -3.932915016483391063e-02 -1.519621852104629056e+02 3.266582125817832361e-02 -3.890468509974068928e-02 9.987088512668839124e-01 3.490129316033130369e+00
-1.864112049458741538e-01 -9.819438178534938277e-01 -3.220560898247548653e-02 -1.077407287502908559e+02 9.819274279654723880e-01 -1.851167040233157035e-01 -3.937425682671895355e-02 -1.519628520545775530e+02 3.270151188767285444e-02 -3.896337345314085376e-02 9.987053953240723203e-01 3.493142645487566256e+00
-1.864134152990544191e-01 -9.819457219682155014e-01 -3.213468071823079308e-02 -1.077419029822528245e+02 9.819282279473151576e-01 -1.851232056177976038e-01 -3.932370661619355445e-02 -1.519618617552933699e+02 3.266487037764116697e-02 -3.888441654584777474e-02 9.987096717230192766e-01 3.492001870711535894e+00
-1.864304898666440113e-01 -9.819411458780836766e-01 -3.217543285986129709e-02 -1.077339852380555243e+02 9.819228656640538455e-01 -1.851360958594474582e-01 -3.939685134645067727e-02 -1.519611261387335048e+02 3.272855533285980167e-02 -3.893856753345849991e-02 9.987054769171270774e-01 3.494093578930409727e+00
-1.864395192840022641e-01 -9.819401507361938952e-01 -3.215347603807817284e-02 -1.077389093392874742e+02 9.819248579991374237e-01 -1.851504056985400215e-01 -3.927977231400810870e-02 -1.519605363406206777e+02 3.261715641383203940e-02 -3.889559926067730905e-02 9.987107957089621513e-01 3.489859328473608358e+00
-1.863601538202583896e-01 -9.819559996918821865e-01 -3.212954617179434452e-02 -1.077376495626644584e+02 9.819377120935578462e-01 -1.850694896452134142e-01 -3.933972001589592510e-02 -1.519653758354857587e+02 3.268367538326153593e-02 -3.888056933194434378e-02 9.987092062717082275e-01 3.490065182178025083e+00
-1.864344846510710418e-01 -9.819419983567608812e-01 -3.212623221015522418e-02 -1.077410509465307200e+02 9.819225701247958904e-01 -1.851426082219216340e-01 -3.937360664581722458e-02 -1.519619903646851924e+02 3.271466356857555963e-02 -3.888607056408853457e-02 9.987079774907576812e-01 3.490926044387184124e+00
-1.864559212069833993e-01 -9.819369081370236119e-01 -3.215739238740101397e-02 -1.077423627469997314e+02 9.819173757450773143e-01 -1.851614245257993119e-01 -3.941464293225543231e-02 -1.519617369550164483e+02 3.274838403273742232e-02 -3.892499590081954092e-02 9.987053559670967529e-01 3.491867240979030562e+00
-1.864444943815093403e-01 -9.819382419284429231e-01 -3.218290778196138818e-02 -1.077395776306802730e+02 9.819240985205442973e-01 -1.851544164792346958e-01 -3.927985237817108871e-02 -1.519642368849677609e+02 3.261158167645600986e-02 -3.892468492760067095e-02 9.987098445714084338e-01 3.490619573087020644e+00
-1.864648216749589249e-01 -9.819361615542742117e-01 -3.212856843657605627e-02 -1.077399252972964092e+02 9.819190102672733511e-01 -1.851754216089631644e-01 -3.930802090771008672e-02 -1.519622653203170444e+02 3.264854596247660640e-02 -3.887721522949884323e-02 9.987104858679192176e-01 3.490257332885512209e+00
-1.864543899231716484e-01 -9.819350211124107108e-01 -3.222382335085949290e-02 -1.077429134574684610e+02 9.819194196697136334e-01 -1.851593175742454189e-01 -3.937360017743696261e-02 -1.519602335106584121e+02 3.269577578022500597e-02 -3.898257852437821136e-02 9.987048336809629667e-01 3.493335055638310926e+00
-1.864005314496302024e-01 -9.819465938948704897e-01 -3.218273781948501749e-02 -1.077381166785542916e+02 9.819311201027057789e-01 -1.851089495310564992e-01 -3.931859836457135549e-02 -1.519608038790981936e+02 3.265145095001299042e-02 -3.893023942606929633e-02 9.987083253928985549e-01 3.491892748476808972e+00
-1.864404026490120714e-01 -9.819394271538677277e-01 -3.217044700977188254e-02 -1.077405773247500917e+02 9.819211587383762652e-01 -1.851464013325232472e-01 -3.939096464293308231e-02 -1.519629111309050415e+02 3.272329876340206167e-02 -3.893290991372817811e-02 9.987058697352743097e-01 3.492237909925421491e+00
-1.864142616195421098e-01 -9.819446814109515920e-01 -3.216155645465591101e-02 -1.077367233292663542e+02 9.819258955799821109e-01 -1.851203893926178790e-01 -3.939513955522749855e-02 -1.519646588285799567e+02 3.273008790533927376e-02 -3.892408097657069910e-02 9.987059914037955677e-01 3.494293745354693392e+00
-1.864436200725481108e-01 -9.819398038799919126e-01 -3.214028765221078193e-02 -1.077403081271345542e+02 9.819225144139281936e-01 -1.851531631174310188e-01 -3.932533375115192936e-02 -1.519610615282865069e+02 3.266423458881041048e-02 -3.889122965057164455e-02 9.987094272284574581e-01 3.488575594413239944e+00
-1.864583099777799013e-01 -9.819354998598401885e-01 -3.218653064926135093e-02 -1.077393316011591651e+02 9.819198314081578616e-01 -1.851661043197418977e-01 -3.933139329372078996e-02 -1.519629242370225768e+02 3.266103684216199038e-02 -3.893825787135477001e-02 9.987076993526878832e-01 3.492885783452504000e+00
-1.864824519503596179e-01 -9.819326072026146601e-01 -3.213487244190565278e-02 -1.077411641955275172e+02 9.819175956447905307e-01 -1.851950760988252398e-01 -3.925072167367132242e-02 -1.519603440687437228e+02 3.259034332030748965e-02 -3.887336750303539007e-02 9.987125366296542017e-01 3.490645331511643246e+00
-1.863967772668315703e-01 -9.819489273048508382e-01 -3.213324741436083404e-02 -1.077411570907708551e+02 9.819300537649185978e-01 -1.851050658570017049e-01 -3.936348698095337717e-02 -1.519618157253630955e+02 3.270490693709104252e-02 -3.888982847645934549e-02 9.987081507143654724e-01 3.490005946151065519e+00
-1.863516338348638612e-01 -9.819554965754180298e-01 -3.219427452826750108e-02 -1.077373137127935081e+02 9.819393382850181151e-01 -1.850584006184448072e-01 -3.935129335770710252e-02 -1.519627927657666078e+02 3.268339785667990355e-02 -3.894600243757693342e-02 9.987066658427159460e-01 3.492221982697784721e+00
-1.864900365013772987e-01 -9.819291674139348780e-01 -3.219590762024468478e-02 -1.077367927935123788e+02 9.819111372361347678e-01 -1.851942252137670497e-01 -3.941595513383584076e-02 -1.519602104791653403e+02 3.274117984060720410e-02 -3.896420317738970990e-02 9.987040632807078211e-01 3.492456847970136113e+00
-1.863864375039077093e-01 -9.819491033621303711e-01 -3.218779770208332613e-02 -1.077348102327791253e+02 9.819322593753243567e-01 -1.850928447612534278e-01 -3.936593471845282327e-02 -1.519634897318950664e+02 3.269761325651857065e-02 -3.894351325310636130e-02 9.987062975984642987e-01 3.493276673437949231e+00
-1.864436715938369016e-01 -9.819372822295706627e-01 -3.221693793974991088e-02 -1.077341721042905363e+02 9.819239969493529507e-01 -1.851519256514795320e-01 -3.929412987401324775e-02 -1.519606855042858626e+02 3.261934299792543929e-02 -3.896072631706459788e-02 9.987081857415761599e-01 3.492461663463901189e+00
-1.864305788743310099e-01 -9.819414148933389708e-01 -3.216670604600182365e-02 -1.077394010946556335e+02 9.819268983558280262e-01 -1.851413592762187754e-01 -3.927140652762369649e-02 -1.519605212061665043e+02 3.260683280979097959e-02 -3.890674495022828500e-02 9.987106986767950723e-01 3.491752770495415437e+00
-1.864975262266941325e-01 -9.819277290567824945e-01 -3.219639142379100705e-02 -1.077393055902965529e+02 9.819121744629271120e-01 -1.852046136923166664e-01 -3.934123420237763818e-02 -1.519565015646301163e+02 3.266732852270186338e-02 -3.895107157024258610e-02 9.987069939029763477e-01 3.493456709004974847e+00
-1.864274073983431812e-01 -9.819407708262476442e-01 -3.220472573841429847e-02 -1.077399760884721474e+02 9.819281310752269176e-01 -1.851374254924305074e-01 -3.925912741193447048e-02 -1.519620449936278987e+02 3.258783782094096942e-02 -3.894170349623957833e-02 9.987099561709430473e-01 3.493037143455864246e+00
-1.863896843590171493e-01 -9.819474145227850004e-01 -3.222050087388683703e-02 -1.077425710593043675e+02 9.819297847091735809e-01 -1.850925616405618701e-01 -3.942894274934396343e-02 -1.519646209298808515e+02 3.275337334599554007e-02 -3.898741767997741109e-02 9.987027574794739015e-01 3.493234957656199846e+00
-1.864257173517254174e-01 -9.819406653079530978e-01 -3.221772376300117285e-02 -1.077367091711895171e+02 9.819237081028800995e-01 -1.851295581708198856e-01 -3.940657504741081063e-02 -1.519616971846943159e+02 3.273046555404842545e-02 -3.898174580558855240e-02 9.987037299011973790e-01 3.495269519493144017e+00
-1.864385149397136399e-01 -9.819388889537892240e-01 -3.219780283299232548e-02 -1.077409062717891430e+02 9.819256247102821078e-01 -1.851483174297996470e-01 -3.927044805240294950e-02 -1.519605160887847717e+02 3.259981110982908270e-02 -3.893737167699164864e-02 9.987097343084682111e-01 3.490658612763294144e+00
-1.864051242126181229e-01 -9.819438227037512457e-01 -3.224063772977632525e-02 -1.077438512485617395e+02 9.819287232909802432e-01 -1.851093963851406787e-01 -3.937630945218945078e-02 -1.519619537837048711e+02 3.269727883821786640e-02 -3.899795409855613681e-02 9.987041841970537570e-01 3.493252369438319072e+00
-1.864429638635045627e-01 -9.819362972599273709e-01 -3.225103640590975401e-02 -1.077403746242183615e+02 9.819204788249199511e-01 -1.851454941420254130e-01 -3.941217151014392989e-02 -1.519608970463380047e+02 3.272910768767931661e-02 -3.901607517893884020e-02 9.987024338548493585e-01 3.494389492889356408e+00
-1.864722393615361185e-01 -9.819313781166240096e-01 -3.223154692969837365e-02 -1.077376620904762632e+02 9.819164962112177930e-01 -1.851773848261772937e-01 -3.936153728226367277e-02 -1.519630066326591589e+02 3.268177497901829376e-02 -3.898852163041316432e-02 9.987050599477783619e-01 3.494178915330808266e+00
-1.864146553771441894e-01 -9.819408005083580804e-01 -3.227755501313100961e-02 -1.077373953900124803e+02 9.819291585463783001e-01 -1.851201139570584075e-01 -3.931502263674138686e-02 -1.519625785161054807e+02 3.262980013764002485e-02 -3.902316882995092440e-02 9.987054062322116010e-01 3.495447752235317118e+00
-1.864773516327908887e-01 -9.819304949183903508e-01 -3.222887645180654709e-02 -1.077382168158118958e+02 9.819175593065828656e-01 -1.851850242305057570e-01 -3.929902703821904625e-02 -1.519606531309371178e+02 3.262060780279987110e-02 -3.897447818858380125e-02 9.987076078595293893e-01 3.493568858387035458e+00
-1.864205228047777219e-01 -9.819442664480840799e-01 -3.213792567867730654e-02 -1.077421675586736427e+02 9.819254712983015443e-01 -1.851284973957554314e-01 -3.936760429082215851e-02 -1.519614333313374459e+02 3.270714742685981724e-02 -3.889597719205165061e-02 9.987078378912789267e-01 3.490758831110337468e+00
-1.864667588995783110e-01 -9.819336682168430253e-01 -3.219346281004448890e-02 -1.077403539695880283e+02 9.819194235571578888e-01 -1.851756896160026145e-01 -3.929643261692947892e-02 -1.519617818267780933e+02 3.262504355040043297e-02 -3.893886487114219669e-02 9.987088521365380389e-01 3.491834798554628527e+00
-1.864632538650330407e-01 -9.819348260649228832e-01 -3.217844494244535142e-02 -1.077375865013911067e+02 9.819188938941080247e-01 -1.851713657732989571e-01 -3.933002811367905527e-02 -1.519614505841746563e+02 3.266099771648046241e-02 -3.893022808179820438e-02 9.987080136704937772e-01 3.490859236940633270e+00
-1.864426906064562406e-01 -9.819377056920751690e-01 -3.220970753684613413e-02 -1.077413728966298407e+02 9.819215612505004520e-01 -1.851481076428433958e-01 -3.937290677171514236e-02 -1.519634996410580072e+02 3.269817534366944306e-02 -3.896819698751769617e-02 9.987053163735220007e-01 3.492941227249632519e+00
-1.864085744422541158e-01 -9.819456223096855174e-01 -3.216579240826177716e-02 -1.077412328130048564e+02 9.819275347413364274e-01 -1.851152069031534175e-01 -3.937863240393923298e-02 -1.519629514874502263e+02 3.271329838473120005e-02 -3.892499197234993574e-02 9.987065059909963072e-01 3.491099300714899378e+00
-1.864851875403721326e-01 -9.819300940773333375e-01 -3.219573222201164292e-02 -1.077436840297449123e+02 9.819113388333778891e-01 -1.851885352097366599e-01 -3.943766090065985164e-02 -1.519608307629182491e+02 3.276274558817563604e-02 -3.896789412004952879e-02 9.987032120351736486e-01 3.492799766103316106e+00
-1.864281890704373446e-01 -9.819384417846765967e-01 -3.227114601929341464e-02 -1.077398286382389756e+02 9.819238973681405636e-01 -1.851306673784050005e-01 -3.939664672770634007e-02 -1.519619019333714505e+02 3.271070309972759493e-02 -3.903245497669501768e-02 9.987023967935662050e-01 3.494447400740044340e+00
-1.864391448865236889e-01 -9.819378241980829536e-01 -3.222661420497580087e-02 -1.077402543352523310e+02 9.819228052527393391e-01 -1.851445702899809920e-01 -3.935851390396754440e-02 -1.519606434000405670e+02 3.268103086765064558e-02 -3.898201510020769117e-02 9.987053382856000416e-01 3.493391721852107334e+00
-1.864586273888326762e-01 -9.819330606612892698e-01 -3.225902435947903407e-02 -1.077362601605557728e+02 9.819166417754037202e-01 -1.851597836393077401e-01 -3.944062787480067528e-02 -1.519637093559503001e+02 3.275498247268968793e-02 -3.902971820289965338e-02 9.987010524777752973e-01 3.495604210557114122e+00
-1.863317566376969658e-01 -9.819546500959868141e-01 -3.233483606233454599e-02 -1.077341375337330192e+02 9.819428668760392664e-01 -1.850326291579014182e-01 -3.938441745385593690e-02 -1.519653115320388110e+02 3.269071213013190202e-02 -3.908952931134487135e-02 9.987008190837947108e-01 3.497948590352454534e+00
-1.865603059330211977e-01 -9.819138605635726602e-01 -3.225558375412041628e-02 -1.077406922397153153e+02 9.818999141723172563e-01 -1.852645223657336526e-01 -3.936515338460013641e-02 -1.519583665423857610e+02 3.267737441371487001e-02 -3.901572997828010175e-02 9.987041413830664016e-01 3.493591967006145271e+00
-1.864243945292325400e-01 -9.819410053500194913e-01 -3.221501414871662250e-02 -1.077383028681553157e+02 9.819248410964971363e-01 -1.851293967501383975e-01 -3.937909212448514884e-02 -1.519610092769227094e+02 3.270399917483890473e-02 -3.897394605531799561e-02 9.987049013431591460e-01 3.492440866493699225e+00
-1.863096916194810770e-01 -9.819617729472742695e-01 -3.224554665221184696e-02 -1.077359983497355387e+02 9.819456249212066279e-01 -1.850124763164229247e-01 -3.941031978259541824e-02 -1.519657390638409424e+02 3.273359904983397933e-02 -3.900589798365255989e-02 9.987026841937162169e-01 3.494101535388414614e+00
-1.864498715545968022e-01 -9.819343327833871538e-01 -3.227090792833554878e-02 -1.077407440555274434e+02 9.819192768785693914e-01 -1.851517240093518701e-01 -3.941285057734920938e-02 -1.519645991407228962e+02 3.272581689648233760e-02 -3.903594750495339993e-02 9.987017651485594616e-01 3.496040030823604816e+00
-1.864158572697542926e-01 -9.819437830959677482e-01 -3.217972960672102478e-02 -1.077362788874733042e+02 9.819274496017481590e-01 -1.851234643791579426e-01 -3.934191981671866095e-02 -1.519612851456384135e+02 3.267433055150618937e-02 -3.893211753087297972e-02 9.987075039007032862e-01 3.491359185799873810e+00
-1.864272910629583002e-01 -9.819397420293224377e-01 -3.223675185739156152e-02 -1.077415691484693809e+02 9.819221403645780333e-01 -1.851288543850082569e-01 -3.944892312776810545e-02 -1.519622198541132150e+02 3.276851245896249959e-02 -3.900833625627238982e-02 9.987014440230596035e-01 3.493823845318318355e+00
-1.865451371690560745e-01 -9.819143793127672604e-01 -3.232744186293920463e-02 -1.077388670585962416e+02 9.819031729884165616e-01 -1.852469473990188131e-01 -3.936657661805976344e-02 -1.519631424333957739e+02 3.266604772326191231e-02 -3.908606117491066761e-02 9.987017618628559745e-01 3.496421158033701015e+00
-1.864417888532496903e-01 -9.819358536571636265e-01 -3.227132894347696512e-02 -1.077385438726332154e+02 9.819223536759573712e-01 -1.851454778095269482e-01 -3.936551026152836780e-02 -1.519629656547059255e+02 3.267951530651523606e-02 -3.902731542471023912e-02 9.987036186627499257e-01 3.494946355213066180e+00
-1.864563418958689045e-01 -9.819332680248794576e-01 -3.226592184938965879e-02 -1.077434645633709778e+02 9.819217441318118800e-01 -1.851627984389234705e-01 -3.929919179076006575e-02 -1.519622957672657151e+02 3.261473544199294805e-02 -3.901019379914272278e-02 9.987064052121634727e-01 3.495175574205585001e+00
-1.863847847885904407e-01 -9.819474388505943230e-01 -3.224809039415646450e-02 -1.077410082968626170e+02 9.819341799279229788e-01 -1.850906952023820828e-01 -3.932811766124501285e-02 -1.519662105938815557e+02 3.264932294227068654e-02 -3.899566494185904841e-02 9.987058424917487631e-01 3.492917637075707127e+00
-1.864403909525540470e-01 -9.819393009088052127e-01 -3.217436793762126074e-02 -1.077403292949400964e+02 9.819205702182399742e-01 -1.851455296107840098e-01 -3.940972782738257768e-02 -1.519576959520932178e+02 3.274102020012321229e-02 -3.894023877519148941e-02 9.987050031918265347e-01 3.493845181489254159e+00
-1.864113922203183282e-01 -9.819441392873179408e-01 -3.219472270064081126e-02 -1.077483968308745546e+02 9.819261469192225311e-01 -1.851158446567471305e-01 -3.941022777641236402e-02 -1.519642891202424835e+02 3.273888890680751868e-02 -3.895935544009394152e-02 9.987043275048126389e-01 3.492173463509051334e+00
-1.865166354185230357e-01 -9.819231934650451965e-01 -3.222401042019482076e-02 -1.077419356321760517e+02 9.819077707514713982e-01 -1.852216624946094736e-01 -3.937087096583660739e-02 -1.519605907386057027e+02 3.269058656600240531e-02 -3.898432862241035801e-02 9.987049352395483970e-01 3.493821300301047650e+00
-1.865569627730279123e-01 -9.819140070803572540e-01 -3.227045615263959832e-02 -1.077415850583726353e+02 9.819005550458971276e-01 -1.852605950606811547e-01 -3.936765065789216145e-02 -1.519612332957637193e+02 3.267720369711292483e-02 -3.903068814610705095e-02 9.987035624955878932e-01 3.494303346477554584e+00
-1.865198030452224209e-01 -9.819214247677499063e-01 -3.225955136146801960e-02 -1.077399385692269931e+02 9.819060726076875856e-01 -1.852220917221485408e-01 -3.941118260365044507e-02 -1.519638106108580189e+02 3.272350299276920171e-02 -3.902681539843722708e-02 9.987021978706858150e-01 3.492721432095158285e+00
-1.864544138407298046e-01 -9.819356668114205267e-01 -3.220400290213568800e-02 -1.077426329659767958e+02 9.819159534438057779e-01 -1.851560165096277633e-01 -3.947543442228566152e-02 -1.519613536150378081e+02 3.279957212909363068e-02 -3.898199320067310264e-02 9.987014530250023503e-01 3.493742386873979200e+00
-1.864008559069594284e-01 -9.819466242142725898e-01 -3.217993336455205605e-02 -1.077377320588917939e+02 9.819304287944546905e-01 -1.851086351959689846e-01 -3.933733828595691040e-02 -1.519622329525464295e+02 3.267038298966078863e-02 -3.893096929283555718e-02 9.987076778042858205e-01 3.491033865123730262e+00
-1.864044191943241557e-01 -9.819421697064795174e-01 -3.229501288060870196e-02 -1.077397640322444516e+02 9.819293384164048399e-01 -1.851070866937833959e-01 -3.937182765458256684e-02 -1.519630852734908899e+02 3.268282212338268627e-02 -3.905050329857684410e-02 9.987026040469600963e-01 3.493696472704443501e+00
-1.863915227582064738e-01 -9.819458204669627710e-01 -3.225842388183075560e-02 -1.077402634722063510e+02 9.819327452208609364e-01 -1.850968225406597334e-01 -3.933510071647058209e-02 -1.519606038432996797e+02 3.265400598548871824e-02 -3.900733203917463449e-02 9.987052337603349317e-01 3.493766255214866057e+00
-1.864579809922477516e-01 -9.819344852548623770e-01 -3.221937292318558660e-02 -1.077418607016850558e+02 9.819158710775317545e-01 -1.851596676429778654e-01 -3.946035484374785934e-02 -1.519631125106762966e+02 3.278175483934756690e-02 -3.899441172284449225e-02 9.987015532200008705e-01 3.491684297562053008e+00
-1.865145841899416013e-01 -9.819214577933625954e-01 -3.228870714988706092e-02 -1.077378645478455752e+02 9.819088788557126524e-01 -1.852178785490514734e-01 -3.936103517574979921e-02 -1.519608736836062519e+02 3.266899920063438822e-02 -3.904597534633665740e-02 9.987032333483667479e-01 3.493565936725405940e+00
-1.865203188360557984e-01 -9.819203572751585840e-01 -3.228904814206638024e-02 -1.077437689224282451e+02 9.819039647106856394e-01 -1.852190256364492082e-01 -3.947805248135350525e-02 -1.519644875753924396e+02 3.278375736141615066e-02 -3.906820332327779616e-02 9.986986035548256480e-01 3.493837553109313543e+00
-1.864369790285667072e-01 -9.819377338586925408e-01 -3.224189316955574508e-02 -1.077348412637894768e+02 9.819221719306259200e-01 -1.851405495012972136e-01 -3.939321263111184024e-02 -1.519623809393040688e+02 3.271240012203392028e-02 -3.900338132537985170e-02 9.987034770758751456e-01 3.494417961059211208e+00
-1.864233055902293490e-01 -9.819407056559582569e-01 -3.223044692042495440e-02 -1.077378219457809791e+02 9.819204643649613873e-01 -1.851222358547011115e-01 -3.952163272759387502e-02 -1.519623081619935761e+02 3.284132753270381511e-02 -3.901548882219496583e-02 9.986987728228441386e-01 3.496059465020363355e+00
-1.864225691151304432e-01 -9.819401331444843617e-01 -3.225214170727810220e-02 -1.077419913942509879e+02 9.819238970174506420e-01 -1.851245463704922489e-01 -3.942540801541828677e-02 -1.519663560921708836e+02 3.274272729289876699e-02 -3.901893452301610776e-02 9.987018757157269944e-01 3.494345136854873246e+00
-1.864320722171317612e-01 -9.819392584661066348e-01 -3.222382863439079981e-02 -1.077411875780437640e+02 9.819214552497534942e-01 -1.851344120547482319e-01 -3.943989342466650005e-02 -1.519661552896458261e+02 3.276184013501839964e-02 -3.899412976558309929e-02 9.987022177179704086e-01 3.494827897109583414e+00
-1.865009185592383378e-01 -9.819239700498680889e-01 -3.229124367482021085e-02 -1.077448807195239624e+02 9.819089889106893398e-01 -1.852011648811062727e-01 -3.943686122233407837e-02 -1.519598053009426906e+02 3.274362339370361086e-02 -3.906207327046989225e-02 9.987001599874026914e-01 3.494518431134145064e+00
-1.864321841771006127e-01 -9.819362685106639566e-01 -3.231416541253948754e-02 -1.077400253200133449e+02 9.819229057755763934e-01 -1.851326515270428352e-01 -3.941203435266128069e-02 -1.519648177637349704e+02 3.271769882195942752e-02 -3.907769084682295030e-02 9.987003986491022056e-01 3.495910952109607894e+00
-1.864099556749474473e-01 -9.819413176710923841e-01 -3.228896213294601275e-02 -1.077376627970256067e+02 9.819283226247642604e-01 -1.851128990557464604e-01 -3.936983401659079063e-02 -1.519637620845272750e+02 3.268176330281250680e-02 -3.904437544046092390e-02 9.987028782845692731e-01 3.495551009056126812e+00
-1.864534708057683510e-01 -9.819334219805465613e-01 -3.227782554721169567e-02 -1.077404103445230845e+02 9.819188574097100775e-01 -1.851553548160878027e-01 -3.940624374560466187e-02 -1.519640929268486218e+02 3.271789552663532247e-02 -3.904163649877415848e-02 9.987018023072782302e-01 3.495799752245488001e+00
-1.864282704068818131e-01 -9.819400072868567086e-01 -3.222300548654963986e-02 -1.077364003024446930e+02 9.819228421534837992e-01 -1.851314411544309202e-01 -3.941930432298498127e-02 -1.519649118471157010e+02 3.274190053010262585e-02 -3.898937785565673858e-02 9.987030571516769539e-01 3.494165461676299156e+00
-1.864223428961135909e-01 -9.819407927295481509e-01 -3.223336226319989395e-02 -1.077362438114866592e+02 9.819237679717182088e-01 -1.851248696338538835e-01 -3.942710406905688275e-02 -1.519623443134032925e+02 3.274788483776444603e-02 -3.900079764204109761e-02 9.987024150476142559e-01 3.493509152518992522e+00
-1.864002009902925305e-01 -9.819434085217690900e-01 -3.228169034342805166e-02 -1.077384757003749343e+02 9.819308976990941407e-01 -1.851043156390774769e-01 -3.934595882222717556e-02 -1.519643655427134945e+02 3.266002471876207347e-02 -3.903248381078538998e-02 9.987040542587832803e-01 3.494732975781197126e+00
-1.864536198046922166e-01 -9.819343602826299255e-01 -3.224840706251452804e-02 -1.077405693326529530e+02 9.819195366477259102e-01 -1.851575279620130132e-01 -3.937909837098166332e-02 -1.519628869633481258e+02 3.269665443500872903e-02 -3.900771635636610113e-02 9.987038233898070105e-01 3.493316753854746270e+00
-1.864329234330919238e-01 -9.819381895923477988e-01 -3.225146322716898606e-02 -1.077362632081648997e+02 9.819218631468165093e-01 -1.851348303757194280e-01 -3.942777264870979403e-02 -1.519635649506195136e+02 3.274476652040209101e-02 -3.901905178058708012e-02 9.987018042757649372e-01 3.495265612549290246e+00
-1.863561839638301354e-01 -9.819535717285066134e-01 -3.222662979691804513e-02 -1.077374066543207931e+02 9.819363037234438707e-01 -1.850590597293797490e-01 -3.942384864543681949e-02 -1.519641032251788033e+02 3.274855918020627005e-02 -3.899137573498073078e-02 9.987027608302252446e-01 3.494788582570169666e+00
-1.863928335282167836e-01 -9.819454892448616912e-01 -3.226093242595014926e-02 -1.077366608835330339e+02 9.819299986861674823e-01 -1.850950497289618468e-01 -3.941193024981662352e-02 -1.519613114558253244e+02 3.272902823955662482e-02 -3.902407868870752528e-02 9.987021237551224617e-01 3.494119690528488142e+00
-1.863217399390966200e-01 -9.819584551374728187e-01 -3.227695168530214653e-02 -1.077392737494404713e+02 9.819411767167353089e-01 -1.850206684610122831e-01 -3.948262542426989735e-02 -1.519611796209712793e+02 3.279839468968917537e-02 -3.905053938510839179e-02 9.986988137969883272e-01 3.496101104883469812e+00
-1.864026559403935135e-01 -9.819449185764718147e-01 -3.222152603794337794e-02 -1.077365013557000708e+02 9.819291302518656783e-01 -1.851076249582976896e-01 -3.937448850605355932e-02 -1.519639014093664855e+02 3.269912875265134494e-02 -3.897876427164845281e-02 9.987048727800784675e-01 3.494934325514916562e+00
-1.863920147141118200e-01 -9.819469948553811722e-01 -3.221980982719390568e-02 -1.077372896422862283e+02 9.819314836179677819e-01 -1.850974669060383437e-01 -3.936355198384391962e-02 -1.519595527564608801e+02 3.268911639416124254e-02 -3.897469742607763410e-02 9.987053592676443659e-01 3.493448925550837192e+00
-1.864993318910712627e-01 -9.819280594144889074e-01 -3.217585024020293283e-02 -1.077395439510820978e+02 9.819085783890487695e-01 -1.852033675068598395e-01 -3.943673858366326945e-02 -1.519568266761048108e+02 3.276496437021098052e-02 -3.894866876563263247e-02 9.987038892040042137e-01 3.493512501574077334e+00
-1.863836443007178545e-01 -9.819481453823425410e-01 -3.223316486729086577e-02 -1.077353457668282886e+02 9.819331472789544213e-01 -1.850886636617694592e-01 -3.936344571741749038e-02 -1.519650184047604853e+02 3.268686910720024902e-02 -3.898751548994609101e-02 9.987049325120458398e-01 3.493435670674121418e+00
-1.864253214020172855e-01 -9.819408734923366078e-01 -3.221366954045328662e-02 -1.077373389788961191e+02 9.819233927619358537e-01 -1.851288605705803114e-01 -3.941770833937328911e-02 -1.519671073305065363e+02 3.274217902100904493e-02 -3.897981463457235451e-02 9.987034213238735747e-01 3.493391886143888403e+00
-1.863811949713716221e-01 -9.819478552261936555e-01 -3.225615875645496816e-02 -1.077361269740199958e+02 9.819331425896841159e-01 -1.850847360721092905e-01 -3.938202581209886838e-02 -1.519644315988408891e+02 3.270097315051456038e-02 -3.901346036684997381e-02 9.987034576215372272e-01 3.495043692298948290e+00
-1.864248803415049505e-01 -9.819405370169541625e-01 -3.222647595551578897e-02 -1.077364676076407619e+02 9.819231440323515914e-01 -1.851275102268647998e-01 -3.943024436678176786e-02 -1.519652580115901230e+02 3.275214807119686961e-02 -3.899470117923662521e-02 9.987025133024670653e-01 3.494975780661167875e+00
-1.864290926575857821e-01 -9.819402480181431692e-01 -3.221091015381898071e-02 -1.077374042184978578e+02 9.819215354827870446e-01 -1.851313785821848690e-01 -3.945213326787530561e-02 -1.519638553091410813e+02 3.277638732373891473e-02 -3.898361176607215151e-02 9.987021510178479833e-01 3.493360381131902503e+00
-1.863781672279429813e-01 -9.819509678502434946e-01 -3.217880542722718895e-02 -1.077374238741873427e+02 9.819353912642593274e-01 -1.850868092779136553e-01 -3.931615970599666721e-02 -1.519641262027199105e+02 3.265066865255787654e-02 -3.892518168604555684e-02 9.987085481096320549e-01 3.492661365603756618e+00
-1.864001585615426837e-01 -9.819465069944421920e-01 -3.218754867407619402e-02 -1.077400081239790097e+02 9.819298327680532346e-01 -1.851067659647864794e-01 -3.936100499429742716e-02 -1.519610621135463191e+02 3.269226832654875681e-02 -3.894281185882791929e-02 9.987064999268768783e-01 3.492772403887294264e+00
-1.863194076994052484e-01 -9.819607337184073081e-01 -3.222104513746160137e-02 -1.077401191846981305e+02 9.819413728168639999e-01 -1.850202945787777775e-01 -3.947950030731075394e-02 -1.519665490367122231e+02 3.280577182563371164e-02 -3.899497440939980047e-02 9.987007426179950187e-01 3.495268533088521590e+00
-1.864479354061323590e-01 -9.819351890290003437e-01 -3.225603709962266558e-02 -1.077406882735587743e+02 9.819175888812018416e-01 -1.851479387070280591e-01 -3.947264164286193311e-02 -1.519636831555861249e+02 3.278743705320506102e-02 -3.903236271506181632e-02 9.986998841655895243e-01 3.495546031623324890e+00
-1.864753964139782560e-01 -9.819303363164785248e-01 -3.224501750127773542e-02 -1.077423602896561334e+02 9.819135692449701969e-01 -1.851772218180112173e-01 -3.943525139221062958e-02 -1.519655279999517745e+02 3.275162690391849457e-02 -3.901552436109349820e-02 9.987017171277795535e-01 3.494186795214559105e+00
-1.864596843951007443e-01 -9.819350044945559519e-01 -3.219368018037440521e-02 -1.077459507789578765e+02 9.819175987047118470e-01 -1.851648408633559395e-01 -3.939303316604437361e-02 -1.519648924978167486e+02 3.272026053154917374e-02 -3.895675366768706210e-02 9.987050394858447699e-01 3.491965918623969767e+00
-1.863807311725445004e-01 -9.819499961260086396e-01 -3.219360426729048902e-02 -1.077386288402577037e+02 9.819349548701138408e-01 -1.850888365492919796e-01 -3.931751504173018608e-02 -1.519620884258195019e+02 3.264915698475012035e-02 -3.894005255467339333e-02 9.987080178186337198e-01 3.491184711759268922e+00
-1.864523964112410059e-01 -9.819353031623059280e-01 -3.222676335060246228e-02 -1.077411184578355119e+02 9.819213688812757912e-01 -1.851590833077281228e-01 -3.932606264251731210e-02 -1.519620725551185103e+02 3.264857128308743667e-02 -3.897658620495243753e-02 9.987066118340165444e-01 3.495154122796085616e+00
-1.863879636781033966e-01 -9.819484951719329446e-01 -3.219751272236170969e-02 -1.077392048627572052e+02 9.819260657293821248e-01 -1.850869614721828427e-01 -3.954766913753553215e-02 -1.519614595671789061e+02 3.287443440041662446e-02 -3.898678651250098159e-02 9.986988044652308494e-01 3.495422362704079688e+00
-1.864903684929570815e-01 -9.819291393802341839e-01 -3.219483957644899558e-02 -1.077395623884399640e+02 9.819078468520764380e-01 -1.851907636779879240e-01 -3.951406507412776048e-02 -1.519607605527837109e+02 3.283782498399994559e-02 -3.898135816458783709e-02 9.987002207699586798e-01 3.495212644782508260e+00
-1.863873256393695499e-01 -9.819472018231880650e-01 -3.224062146756852265e-02 -1.077437233654544997e+02 9.819336671537632899e-01 -1.850934947467282043e-01 -3.932774481718478293e-02 -1.519627302140881966e+02 3.265023967701233265e-02 -3.898834484886854607e-02 9.987060983167066475e-01 3.494087123161491171e+00
-1.864451379873299786e-01 -9.819388085497136043e-01 -3.216188403770656873e-02 -1.077406354184516033e+02 9.819212490817548211e-01 -1.851526500643994044e-01 -3.935932895587845870e-02 -1.519597497491737101e+02 3.269359451960626023e-02 -3.891879286539483285e-02 9.987073928029611691e-01 3.492381811433038941e+00
-1.864284308530137491e-01 -9.819421669800925123e-01 -3.215619498825898759e-02 -1.077374691005073402e+02 9.819275224284038650e-01 -1.851398930010197397e-01 -3.926271408330236912e-02 -1.519619437013629408e+02 3.260032004903153091e-02 -3.889473905312638979e-02 9.987113789312155321e-01 3.490545260490890200e+00
-1.863911846173542664e-01 -9.819499092773721349e-01 -3.213568059182918268e-02 -1.077408476976718106e+02 9.819285713257278614e-01 -1.850963621670205228e-01 -3.944131750778862716e-02 -1.519623568619442153e+02 3.278120057524416819e-02 -3.890645682526066435e-02 9.987050017428318327e-01 3.493067924247856393e+00
-1.863456229967022093e-01 -9.819569842427281481e-01 -3.218368976512250845e-02 -1.077387403976368603e+02 9.819368603496031467e-01 -1.850485187007040455e-01 -3.945944770823985037e-02 -1.519627418752134815e+02 3.279193615410790075e-02 -3.895544664872779839e-02 9.987027396075686125e-01 3.492350153123264356e+00
-1.863461259288998750e-01 -9.819564767745917466e-01 -3.219625866030333128e-02 -1.077392062276845621e+02 9.819347840480329159e-01 -1.850461635788400727e-01 -3.952211053696582516e-02 -1.519635388628432224e+02 3.285119827089379163e-02 -3.897941848185689645e-02 9.986998566671483335e-01 3.494753085743616872e+00
-1.863766179746881857e-01 -9.819519206323430449e-01 -3.215869771570094293e-02 -1.077426196953287274e+02 9.819328679048713315e-01 -1.850827141165778400e-01 -3.939837386689787335e-02 -1.519623379564477546e+02 3.273528983271495330e-02 -3.892061795107883138e-02 9.987059558738369258e-01 3.491455535588884995e+00
-1.863341354406109485e-01 -9.819617489129325305e-01 -3.210472926930587473e-02 -1.077372926266631765e+02 9.819428554336516735e-01 -1.850447512541895101e-01 -3.932770901136209418e-02 -1.519639816629458835e+02 3.267749427981422178e-02 -3.885310418911860908e-02 9.987104773969591731e-01 3.489748272738184109e+00
-1.864188353311986290e-01 -9.819407549886189912e-01 -3.225479074712026689e-02 -1.077377082017519996e+02 9.819248339232484746e-01 -1.851209839737868457e-01 -3.941880030363628662e-02 -1.519619569800130421e+02 3.273588792992270652e-02 -3.902018689035217924e-02 9.987020509924275924e-01 3.495454902954279852e+00
-1.863589271068009090e-01 -9.819541119939336760e-01 -3.219428871410304205e-02 -1.077357410230480923e+02 9.819393344314530925e-01 -1.850673273895986348e-01 -3.930938601893788076e-02 -1.519632843328169542e+02 3.264190227172472647e-02 -3.893849343613672853e-02 9.987083157484006879e-01 3.492446394298028611e+00
-1.863206732329787396e-01 -9.819627532825421223e-01 -3.215210555747716886e-02 -1.077410841917025834e+02 9.819434772094159936e-01 -1.850271136831012075e-01 -3.939511096547562707e-02 -1.519652634092561243e+02 3.273552033939531453e-02 -3.891167392788863477e-02 9.987062968361812842e-01 3.491979286765441781e+00
-1.863145227170515117e-01 -9.819634070418066241e-01 -3.216777666492430521e-02 -1.077462515116014004e+02 9.819443005495895882e-01 -1.850199355886816832e-01 -3.940829929009218024e-02 -1.519677826944133869e+02 3.274582787004673423e-02 -3.892930343079874234e-02 9.987052718853035582e-01 3.490547311362724781e+00
-1.864177037830250239e-01 -9.819429399889932908e-01 -3.219475612637663631e-02 -1.077418551561527238e+02 9.819290150582885568e-01 -1.851269914586453069e-01 -3.928621157772781147e-02 -1.519629111292229595e+02 3.261669975524277010e-02 -3.893661052586892823e-02 9.987092125628125316e-01 3.490794295033593286e+00
-1.864544051077436926e-01 -9.819354590646540704e-01 -3.221038725946721859e-02 -1.077396025433233149e+02 9.819155725865211792e-01 -1.851552964996916462e-01 -3.948828294818487739e-02 -1.519620047623774042e+02 3.281102144100432605e-02 -3.899064515494339578e-02 9.987007391918758525e-01 3.493433257862328389e+00
-1.863273156425480082e-01 -9.819601627102242380e-01 -3.219270562646651956e-02 -1.077392449081274322e+02 9.819418795463240590e-01 -1.850317152650322594e-01 -3.941331677380609244e-02 -1.519663964517945089e+02 3.274563541106888243e-02 -3.895514338556675671e-02 9.987042706253614899e-01 3.493433521096185768e+00
-1.863146784100360165e-01 -9.819622145623906340e-01 -3.220325729938909587e-02 -1.077386534070599993e+02 9.819466118525647103e-01 -1.850214549678419473e-01 -3.934352135805455758e-02 -1.519647428593308689e+02 3.267555784120121376e-02 -3.895215492509581517e-02 9.987066824380708141e-01 3.493711359586185949e+00
-1.863966138353390090e-01 -9.819458297007334080e-01 -3.222871210673020764e-02 -1.077426912726199504e+02 9.819295536407025571e-01 -1.851004418603094948e-01 -3.939769168478762795e-02 -1.519664718766298961e+02 3.272085019816799861e-02 -3.898992121634937968e-02 9.987037258395764505e-01 3.492960794832473237e+00
-1.864648620674203006e-01 -9.819336029962534296e-01 -3.220643601788875793e-02 -1.077464563226413787e+02 9.819184611229835324e-01 -1.851716982693736302e-01 -3.933926620957864384e-02 -1.519608700021017000e+02 3.266482695576394119e-02 -3.895948494054375655e-02 9.987067475556162810e-01 3.491133581536163710e+00
-1.864617631666145581e-01 -9.819328523636974282e-01 -3.224723748928332023e-02 -1.077441974333754047e+02 9.819181138569548217e-01 -1.851658526691715156e-01 -3.937543250427586600e-02 -1.519616209203660162e+02 3.269294352604942833e-02 -3.900615918276966604e-02 9.987040056940850175e-01 3.493381020827183381e+00
-1.864185331164505133e-01 -9.819440933396271776e-01 -3.215475184367601325e-02 -1.077409751591749512e+02 9.819261243025602104e-01 -1.851261637785424075e-01 -3.936229028897368643e-02 -1.519619533231327466e+02 3.269888259350672843e-02 -3.891145127154577166e-02 9.987075057478431717e-01 3.492751335707776406e+00
-1.863690680020815282e-01 -9.819517163316907604e-01 -3.220865233571407193e-02 -1.077296127114871354e+02 9.819346818609401284e-01 -1.850736252174296492e-01 -3.939586028421303288e-02 -1.519638972300725754e+02 3.272386057130803605e-02 -3.896896254874800125e-02 9.987044452225012359e-01 3.493948260565488351e+00
-1.863487550978775165e-01 -9.819558276775333105e-01 -3.220083793322955912e-02 -1.077348907697750633e+02 9.819384278306066971e-01 -1.850535282014043048e-01 -3.939689898670885315e-02 -1.519623613220170171e+02 3.272713588183612243e-02 -3.896080325587360227e-02 9.987046562355804680e-01 3.493016614876846226e+00
-1.863922922844654106e-01 -9.819465840933505607e-01 -3.223072081637700509e-02 -1.077364590790134145e+02 9.819309682152199681e-01 -1.850967548869602020e-01 -3.937975355734817801e-02 -1.519613319672024829e+02 3.270301265729703283e-02 -3.898842543265097077e-02 9.987043684922076725e-01 3.493566089617937909e+00
-1.864086307795300712e-01 -9.819454536998588612e-01 -3.217061281790503657e-02 -1.077347579004657092e+02 9.819288740114744396e-01 -1.851166771785206500e-01 -3.933830465260962361e-02 -1.519623175477718178e+02 3.267275246224271568e-02 -3.892225312802556625e-02 9.987079400194928125e-01 3.492329286424379564e+00
-1.864259139185273639e-01 -9.819409737408397731e-01 -3.220718411368559547e-02 -1.077373917802853498e+02 9.819236244339077935e-01 -1.851301221983825407e-01 -3.940601011761437483e-02 -1.519628823919582601e+02 3.273185601549922358e-02 -3.897129640777934750e-02 9.987040921404486404e-01 3.492785913552545196e+00
-1.864193360865304960e-01 -9.819418336969273353e-01 -3.221903736881221586e-02 -1.077391772015059104e+02 9.819248344247583082e-01 -1.851230328977531148e-01 -3.940916429776699509e-02 -1.519639225640277402e+02 3.273302114025224835e-02 -3.898330317781075610e-02 9.987035853547231445e-01 3.493543834220358413e+00
-1.863120263784325825e-01 -9.819600527102662069e-01 -3.228441896663396260e-02 -1.077412135608560959e+02 9.819469920789237749e-01 -1.850154077932966157e-01 -3.936246468698356704e-02 -1.519652215405341167e+02 3.267925295835494293e-02 -3.903528865438338213e-02 9.987033156377087550e-01 3.495298057912740841e+00
-1.864128135795126706e-01 -9.819424942664781719e-01 -3.223663889268876814e-02 -1.077425170271064303e+02 9.819256812317928018e-01 -1.851153479756135756e-01 -3.942416113689087287e-02 -1.519648960251435881e+02 3.274476249493789293e-02 -3.900315240586661736e-02 9.987024254659416789e-01 3.494783963909253721e+00
-1.864118057991617228e-01 -9.819429589213201082e-01 -3.222831183197037014e-02 -1.077402425462460371e+02 9.819284179027346626e-01 -1.851177102728971402e-01 -3.934482759337664531e-02 -1.519666837606785066e+02 3.266834513299417958e-02 -3.898023560938066595e-02 9.987058227817182665e-01 3.494091682559374856e+00
-1.864154537801698819e-01 -9.819431208825095680e-01 -3.220226612291484519e-02 -1.077398930063923359e+02 9.819269786833921820e-01 -1.851215059225970183e-01 -3.936288326146123590e-02 -1.519630385318383219e+02 3.269078043789892113e-02 -3.895812362611345697e-02 9.987059514581324571e-01 3.494167912186405101e+00
-1.863726879901628219e-01 -9.819500456946036460e-01 -3.223862484174863652e-02 -1.077359480984508764e+02 9.819364552837207549e-01 -1.850789720105372460e-01 -3.932647841294679980e-02 -1.519672018336084420e+02 3.264994572985674415e-02 -3.898566249133637862e-02 9.987062126391068606e-01 3.493829685312360489e+00
-1.863690400500681577e-01 -9.819496366835687162e-01 -3.227215406233861078e-02 -1.077328033756177490e+02 9.819379252988902351e-01 -1.850749165731961909e-01 -3.930885542896824653e-02 -1.519638664086007225e+02 3.262655008619764346e-02 -3.901520565666264512e-02 9.987058235321556454e-01 3.494427794680146970e+00
-1.864230589548654393e-01 -9.819425703598808619e-01 -3.217501522829444016e-02 -1.077367474729109489e+02 9.819235288016384677e-01 -1.851278042458504025e-01 -3.941928057242687772e-02 -1.519630110213017531e+02 3.275097976623521367e-02 -3.894206735832526217e-02 9.987046053334345252e-01 3.493187533202778194e+00
-1.864652936780439862e-01 -9.819332836708187795e-01 -3.221367214404314422e-02 -1.077368282141338796e+02 9.819142763568602383e-01 -1.851669526781629660e-01 -3.946585261293834163e-02 -1.519630802130064922e+02 3.278792674360522102e-02 -3.899007636984121866e-02 9.987015198769499946e-01 3.494979730942303853e+00
-1.864152251811177496e-01 -9.819423683660403190e-01 -3.222652678097856493e-02 -1.077369502727582073e+02 9.819265838358569587e-01 -1.851197825930512852e-01 -3.938083352527805420e-02 -1.519602285991879569e+02 3.270394130861639659e-02 -3.898527030037584468e-02 9.987044612509193842e-01 3.495525199346685596e+00
-1.864562832924732128e-01 -9.819363183628040392e-01 -3.217329794813336002e-02 -1.077365243620792654e+02 9.819210962603577286e-01 -1.851656599983388940e-01 -3.930189659847638239e-02 -1.519609036481637077e+02 3.263456970169419796e-02 -3.891972555763921482e-02 9.987092869413517482e-01 3.490981830253227614e+00
-1.864612963419769454e-01 -9.819349691307572847e-01 -3.218542161676078012e-02 -1.077349459496829809e+02 9.819172556572215438e-01 -1.851667375732692911e-01 -3.939266859535178050e-02 -1.519578480784695955e+02 3.272136930295913709e-02 -3.894862891875950500e-02 9.987053200500576322e-01 3.492639974147038640e+00
-1.863614932280734937e-01 -9.819542673896778373e-01 -3.217468876312669368e-02 -1.077337724421927021e+02 9.819357162749907664e-01 -1.850669453166682299e-01 -3.940145751972468774e-02 -1.519607684569706976e+02 3.273595798696038450e-02 -3.893639051528408751e-02 9.987053191749392100e-01 3.491092708965213287e+00
-1.863542459293499043e-01 -9.819555381192687227e-01 -3.217788341394239165e-02 -1.077393479746195908e+02 9.819376476981688251e-01 -1.850602428494365626e-01 -3.938480099600291662e-02 -1.519635504370007482e+02 3.271927653678530917e-02 -3.893620003808012653e-02 9.987058732527329674e-01 3.493344146658791782e+00
-1.863701568394739994e-01 -9.819497268856063332e-01 -3.226295877492876829e-02 -1.077436518914664560e+02 9.819350505911279559e-01 -1.850732195842108574e-01 -3.938857465475652936e-02 -1.519693726437715782e+02 3.270659047086275917e-02 -3.902098489296946388e-02 9.987029797080581028e-01 3.494253988404351752e+00
-1.863910197613123376e-01 -9.819472413037702019e-01 -3.221805469381521653e-02 -1.077379125965520217e+02 9.819340474593565293e-01 -1.850993780163099345e-01 -3.929054209427083194e-02 -1.519691197762499542e+02 3.261769753407824796e-02 -3.895940905469078702e-02 9.987082908706048645e-01 3.493188600282982836e+00
-1.864306174497392110e-01 -9.819385079700232444e-01 -3.225509948695391010e-02 -1.077422056235754297e+02 9.819259740271345516e-01 -1.851367655447797578e-01 -3.931614902912270587e-02 -1.519677349044099515e+02 3.263443592544409272e-02 -3.900185392031466775e-02 9.987060873863774502e-01 3.494034710037533298e+00
-1.864558501473074781e-01 -9.819342403154852628e-01 -3.223916316991427139e-02 -1.077375890493892996e+02 9.819156618785175317e-01 -1.851560145056008189e-01 -3.948269557762064397e-02 -1.519616416320502594e+02 3.280013572408140704e-02 -3.901791881242847038e-02 9.987000315950873564e-01 3.496728277860388090e+00
-1.864031309424432070e-01 -9.819456176306347039e-01 -3.219746559661873508e-02 -1.077377033443820267e+02 9.819305381618907980e-01 -1.851108496273841109e-01 -3.932418562827665748e-02 -1.519627017846769945e+02 3.265411153214128892e-02 -3.894582604360940364e-02 9.987076307077198400e-01 3.493647689543018853e+00
-1.864255698538028749e-01 -9.819417788996296359e-01 -3.218461986905632455e-02 -1.077353080557291634e+02 9.819242158512595520e-01 -1.851313102893106244e-01 -3.938568617469953570e-02 -1.519622364809475812e+02 3.271606989804523580e-02 -3.894535661659541403e-02 9.987056212760757612e-01 3.492257628003463399e+00
-1.863632449346523945e-01 -9.819537130184204932e-01 -3.218146091718170759e-02 -1.077364609431865148e+02 9.819399528621725048e-01 -1.850738675373402309e-01 -3.926311918079593288e-02 -1.519635003086077916e+02 3.259861822932275804e-02 -3.891746451284237851e-02 9.987105491810079894e-01 3.491278445440841427e+00
-1.863330565357015356e-01 -9.819579196153348510e-01 -3.222787840964638773e-02 -1.077345391723213908e+02 9.819455153689243820e-01 -1.850416718594254384e-01 -3.927574979967182051e-02 -1.519671905225581554e+02 3.260363306321489851e-02 -3.896439118211155600e-02 9.987085557513195599e-01 3.492500554527685708e+00
-1.863523416884187434e-01 -9.819554447421882104e-01 -3.219175808207202366e-02 -1.077319254258231638e+02 9.819433793688429057e-01 -1.850641914267667776e-01 -3.922301320977341493e-02 -1.519649477725396594e+02 3.255770970046702878e-02 -3.891978407865110540e-02 9.987117932348307248e-01 3.490331719899832041e+00
-1.862823699691669166e-01 -9.819682859043495915e-01 -3.220503247543944625e-02 -1.077379339100491933e+02 9.819503738515972247e-01 -1.849863068435757540e-01 -3.941483950345173876e-02 -1.519637880754587798e+02 3.274663236699058844e-02 -3.896603339381792680e-02 9.987038131048528999e-01 3.495187677902226842e+00
-1.863925583446597312e-01 -9.819484387839624295e-01 -3.217262444177623054e-02 -1.077396634882626643e+02 9.819309300482431668e-01 -1.850993647674126219e-01 -3.936843630743469546e-02 -1.519633893476088531e+02 3.270264222237804358e-02 -3.892927860157771591e-02 9.987066879015259468e-01 3.491749179725655683e+00
-1.864043699482296201e-01 -9.819442723162852271e-01 -3.223130356415254694e-02 -1.077422532359199892e+02 9.819251222154428138e-01 -1.851045593780680232e-01 -3.948868774268202153e-02 -1.519654619386725756e+02 3.280952950578970573e-02 -3.900959065015055516e-02 9.987000483683358132e-01 3.496466137202967950e+00
-1.864803579290970070e-01 -9.819299213784971059e-01 -3.222895605281465153e-02 -1.077373176989812862e+02 9.819127683361030812e-01 -1.851829887562548294e-01 -3.942811248121360496e-02 -1.519629445807404124e+02 3.274738898242639945e-02 -3.899859198636724394e-02 9.987025174384585036e-01 3.494454785135830743e+00
-1.864330863212937395e-01 -9.819390083828668514e-01 -3.222558208612606723e-02 -1.077377972422821273e+02 9.819212721040327940e-01 -1.851353652983980247e-01 -3.943997851707340546e-02 -1.519627798374668828e+02 3.276155848422816763e-02 -3.899590147568534476e-02 9.987021577796771910e-01 3.495513157154946260e+00
-1.863543488267027648e-01 -9.819541835428113874e-01 -3.221859860618873223e-02 -1.077363296621274174e+02 9.819409574343196390e-01 -1.850626835740467602e-01 -3.929070197062464048e-02 -1.519647614731836427e+02 3.261920885533232256e-02 -3.895875474323278603e-02 9.987082670342269930e-01 3.493624755732243958e+00
-1.863273436015822071e-01 -9.819592015176764610e-01 -3.222184943707917526e-02 -1.077351875404672370e+02 9.819423166054267460e-01 -1.850311000806208472e-01 -3.940531515574573207e-02 -1.519636412422530611e+02 3.273236755791357477e-02 -3.898228517831003881e-02 9.987036465119822903e-01 3.495864440835970921e+00
-1.863177772395780973e-01 -9.819632582375491525e-01 -3.215346569188474307e-02 -1.077366441569506463e+02 9.819453199601609894e-01 -1.850257057892874535e-01 -3.935577220069309129e-02 -1.519615474629174230e+02 3.269670461743472839e-02 -3.890562515462615140e-02 9.987078040340366947e-01 3.492333605799611274e+00
-1.863884017572936536e-01 -9.819484792411942164e-01 -3.219546251054424685e-02 -1.077329462032245715e+02 9.819354383219230931e-01 -1.850987355490987252e-01 -3.925879602914011945e-02 -1.519626167292085483e+02 3.259077565653422520e-02 -3.893124983905531244e-02 9.987102678595402017e-01 3.491615047485951973e+00
-1.863975091934841899e-01 -9.819471209850471061e-01 -3.218416001144838723e-02 -1.077390434402324786e+02 9.819302635979000327e-01 -1.851041707692653304e-01 -3.936246174188483271e-02 -1.519628616071155136e+02 3.269443373150336674e-02 -3.893966554812965108e-02 9.987065517207625032e-01 3.492686382081987340e+00
-1.863293809644317456e-01 -9.819606723417997340e-01 -3.216519490774168849e-02 -1.077378386350614363e+02 9.819446548072288117e-01 -1.850386510971502307e-01 -3.931148045622277765e-02 -1.519651556560261270e+02 3.265052350153859612e-02 -3.890932502869297316e-02 9.987091707503676918e-01 3.493103699511749038e+00
-1.863484100537098342e-01 -9.819544672044940858e-01 -3.224429263594116857e-02 -1.077342350478448054e+02 9.819402734845991132e-01 -1.850535631979175477e-01 -3.935070592435133824e-02 -1.519622841299614606e+02 3.267368022498985669e-02 -3.899491101274749766e-02 9.987050753529106428e-01 3.495371694403907270e+00
-1.863036076481530134e-01 -9.819646769872246717e-01 -3.219221841779030396e-02 -1.077325659186116411e+02 9.819492124968310920e-01 -1.850114402197706731e-01 -3.932570488446139600e-02 -1.519636829091507764e+02 3.266052440082024139e-02 -3.893764421715691093e-02 9.987077400364340329e-01 3.492508582650689419e+00
-1.862798195412131985e-01 -9.819691861502224395e-01 -3.219233267662905545e-02 -1.077341145378793925e+02 9.819577273347253055e-01 -1.849924636228892361e-01 -3.920216996998102804e-02 -1.519682833529674610e+02 3.253998400912771344e-02 -3.891408298037812158e-02 9.987125930849585220e-01 3.491870158575780536e+00
-1.863550869014081179e-01 -9.819549340705344687e-01 -3.219144359144526790e-02 -1.077348345127364979e+02 9.819370554987880695e-01 -1.850600236953723332e-01 -3.940059223207748734e-02 -1.519641671431186865e+02 3.273225663376855277e-02 -3.895247212181483093e-02 9.987048133914546710e-01 3.493262951175840847e+00
-1.863591276331579838e-01 -9.819546622216605014e-01 -3.217634051525267158e-02 -1.077368278228966858e+02 9.819349713171910965e-01 -1.850630977452301096e-01 -3.943807750445033761e-02 -1.519644199415619994e+02 3.277175082469618861e-02 -3.894471972019502432e-02 9.987038205362986920e-01 3.494072101088911975e+00
-1.864332134913289085e-01 -9.819370378148600809e-01 -3.228483660598312210e-02 -1.077378909344883340e+02 9.819272071561612192e-01 -1.851402324984710024e-01 -3.926899740143166562e-02 -1.519625568398960809e+02 3.258246083091438650e-02 -3.902240481813754047e-02 9.987069816359608332e-01 3.494355012500999447e+00
-1.863926564202067482e-01 -9.819489007771272648e-01 -3.215795228572372599e-02 -1.077389797367677602e+02 9.819336145623968060e-01 -1.851032708509474656e-01 -3.928302066679370541e-02 -1.519616748394836065e+02 3.262137681100708841e-02 -3.889904089913932828e-02 9.987105238216333891e-01 3.491310967128690823e+00
-1.862734749656078659e-01 -9.819725149913991480e-01 -3.212743882887560826e-02 -1.077343540815434437e+02 9.819559946878333445e-01 -1.849852179706452660e-01 -3.927968468534770441e-02 -1.519649122206549237e+02 3.262846948394190066e-02 -3.886449451387416487e-02 9.987116370831554679e-01 3.490210014963370799e+00
-1.862397905404880039e-01 -9.819781660623758679e-01 -3.214998905455891676e-02 -1.077331048711184707e+02 9.819560832738192246e-01 -1.849431941181922667e-01 -3.947487138549224395e-02 -1.519665819290505908e+02 3.281754014205878756e-02 -3.892166910775760047e-02 9.987032155414793388e-01 3.493260619193987004e+00
-1.864389035473792422e-01 -9.819366612214522894e-01 -3.226342500910405614e-02 -1.077437308422542657e+02 9.819220394228510562e-01 -1.851418849681907286e-01 -3.939023896975418770e-02 -1.519657997908180391e+02 3.270540841696017303e-02 -3.902404104769588433e-02 9.987028990047979171e-01 3.494316145492347925e+00
-1.863788039537326302e-01 -9.819499016387056578e-01 -3.220764053004114558e-02 -1.077352317799030743e+02 9.819366577758978920e-01 -1.850879465057144735e-01 -3.927915699448163156e-02 -1.519664140877395369e+02 3.260891829968297351e-02 -3.894666519785852654e-02 9.987090746144697828e-01 3.493142997964314489e+00
-1.861986576783960512e-01 -9.819850877498940145e-01 -3.217681332259372112e-02 -1.077313890655178454e+02 9.819701643262003232e-01 -1.849085202315128296e-01 -3.928658192014252565e-02 -1.519663260776332834e+02 3.262907065699812564e-02 -3.891177948418367977e-02 9.987097762440472204e-01 3.489013988019385781e+00
-1.863942612718596514e-01 -9.819473554779887259e-01 -3.219581393134706565e-02 -1.077413416401982857e+02 9.819300656922433923e-01 -1.850994908332337374e-01 -3.938939683346098092e-02 -1.519628054219466833e+02 3.271888528883618724e-02 -3.895599521333997090e-02 9.987051141264844389e-01 3.491941681386427021e+00
-1.863929107063488910e-01 -9.819468027800313248e-01 -3.222048026471806270e-02 -1.077374154842089808e+02 9.819252627855288296e-01 -1.850911370419225932e-01 -3.954806306379705927e-02 -1.519641605916917513e+02 3.287036875340508535e-02 -3.900958213826861976e-02 9.986980481403840981e-01 3.496367141530215772e+00
-1.864010572873338045e-01 -9.819434651293933447e-01 -3.227502334382516963e-02 -1.077454415312046905e+02 9.819315309307822259e-01 -1.851063888928923262e-01 -3.932039362676661293e-02 -1.519688351596257121e+02 3.263609054550963701e-02 -3.902122602781240429e-02 9.987052766022574968e-01 3.495231638767763105e+00
-1.863778165981753165e-01 -9.819516150516971464e-01 -3.216108172093504886e-02 -1.077294778030409645e+02 9.819386936568939017e-01 -1.850910295497869562e-01 -3.921367975073170031e-02 -1.519638765744073794e+02 3.255320843618832866e-02 -3.888877058436901457e-02 9.987131480775379710e-01 3.491267809810268297e+00
-1.864210715613037195e-01 -9.819430903500995234e-01 -3.217066041646340219e-02 -1.077391205864941810e+02 9.819245372133683647e-01 -1.851267453271265850e-01 -3.939912921496361436e-02 -1.519626013075161666e+02 3.273205304052017456e-02 -3.893398872812004613e-02 9.987055408004259505e-01 3.490373369600099807e+00
-1.863318855620306191e-01 -9.819600823220152597e-01 -3.216869828014649879e-02 -1.077322672784980284e+02 9.819399332776937994e-01 -1.850359590552557165e-01 -3.944187230723059101e-02 -1.519622204304200750e+02 3.277797823991650261e-02 -3.893700787994043566e-02 9.987039168641830278e-01 3.492901617008444592e+00
-1.864518247506288251e-01 -9.819347488738594532e-01 -3.224695336292759257e-02 -1.077418539639966752e+02 9.819151842585331913e-01 -1.851502052772109330e-01 -3.952179662334186910e-02 -1.519641569171901949e+02 3.283729540767425098e-02 -3.903268425098072730e-02 9.986982334972223097e-01 3.496012911319478889e+00
-1.863913101969336683e-01 -9.819458639423179758e-01 -3.225832868649206736e-02 -1.077446141438532550e+02 9.819344186073575287e-01 -1.850985661328676812e-01 -3.928509093520755197e-02 -1.519655676556735102e+02 3.260486217271246073e-02 -3.899796279463463994e-02 9.987072052711779557e-01 3.493093041786237585e+00
-1.863963480060357725e-01 -9.819474144741423549e-01 -3.218193060648041198e-02 -1.077377404706095376e+02 9.819338394438902329e-01 -1.851071021255250582e-01 -3.925933898668393374e-02 -1.519622142946731742e+02 3.259350249656784576e-02 -3.891832409338699672e-02 9.987106826527731851e-01 3.491251914287803793e+00
-1.863577820693995690e-01 -9.819559244881602700e-01 -3.214559728448675852e-02 -1.077383938778283579e+02 9.819401981901124676e-01 -1.850689035005637084e-01 -3.928037850455821239e-02 -1.519652191107932708e+02 3.262244994687765048e-02 -3.888525838542445517e-02 9.987110254922403341e-01 3.488755746838957172e+00
-1.863285600201405323e-01 -9.819618192455265016e-01 -3.213492282295311170e-02 -1.077445887873533366e+02 9.819391188946179350e-01 -1.850322807818025606e-01 -3.947938516676441356e-02 -1.519654200748679216e+02 3.282125081837262287e-02 -3.891067479112082783e-02 9.987035220134237168e-01 3.491339420099228263e+00
-1.863743936460366957e-01 -9.819523629867362713e-01 -3.215808168777901238e-02 -1.077391743811785716e+02 9.819324256140459228e-01 -1.850794905812980229e-01 -3.942453162542457201e-02 -1.519675545719537695e+02 3.276121061238506521e-02 -3.892478633124295262e-02 9.987049434584160945e-01 3.492137252753412024e+00
-1.863532217153638371e-01 -9.819526418593360617e-01 -3.227206069923194837e-02 -1.077434582575827449e+02 9.819368036057023463e-01 -1.850542037695497299e-01 -3.943419064509967598e-02 -1.519678794433807525e+02 3.275042718684139514e-02 -3.903781260122521357e-02 9.987008855039586352e-01 3.495013290605126333e+00
-1.863632050920964733e-01 -9.819513253705043354e-01 -3.225446311615051687e-02 -1.077422812235243299e+02 9.819394675065091782e-01 -1.850703187993638643e-01 -3.929197440362332955e-02 -1.519686731684657559e+02 3.261346257045355523e-02 -3.899450862123703815e-02 9.987070593304895327e-01 3.493362877984682591e+00
-1.863668995731295741e-01 -9.819535184549297302e-01 -3.216622976792195276e-02 -1.077411305204803540e+02 9.819370849478206154e-01 -1.850755328408826283e-01 -3.932694175548748228e-02 -1.519630180243576092e+02 3.266404671309261487e-02 -3.891445409673835454e-02 9.987085287082901885e-01 3.490994524651309661e+00
-1.863653280405537238e-01 -9.819526079033118471e-01 -3.220311066064417832e-02 -1.077363017265294900e+02 9.819369111683426965e-01 -1.850719237914941750e-01 -3.934825929174094045e-02 -1.519690381831917989e+02 3.267823418594494739e-02 -3.895457426285533348e-02 9.987065005067746748e-01 3.492047490945955790e+00
-1.863681314176932613e-01 -9.819525275884666282e-01 -3.218933293031654014e-02 -1.077417447060198583e+02 9.819344807612471193e-01 -1.850730143112808701e-01 -3.940374177506812681e-02 -1.519701629355339207e+02 3.273522695838834012e-02 -3.895141764246604077e-02 9.987047571628088205e-01 3.490789860508215270e+00
-1.863840701348911111e-01 -9.819473052396379131e-01 -3.225628826392742260e-02 -1.077402142478863851e+02 9.819335414484302582e-01 -1.850887288205267378e-01 -3.935330535222719694e-02 -1.519641948732426613e+02 3.267259675165331417e-02 -3.900836059378898213e-02 9.987045855633630564e-01 3.493124737836940330e+00
-1.863722202296929087e-01 -9.819523978567002986e-01 -3.216961097265293168e-02 -1.077348832900099751e+02 9.819416978469724944e-01 -1.850874236171222709e-01 -3.915542935764282362e-02 -1.519687228525565672e+02 3.249457733315257169e-02 -3.888616672099419469e-02 9.987151588324304496e-01 3.488220921732545499e+00
-1.863226707532894544e-01 -9.819609580797046267e-01 -3.219532839636823907e-02 -1.077316313107727268e+02 9.819446459914569214e-01 -1.850292168095772904e-01 -3.935608130323629134e-02 -1.519660769777665621e+02 3.268905890468150333e-02 -3.894696052355309940e-02 9.987064432023571303e-01 3.492661509775349504e+00
-1.862762166466633840e-01 -9.819730842697595996e-01 -3.209412534313136472e-02 -1.077411320389578151e+02 9.819528239931107905e-01 -1.849861365620746323e-01 -3.935455160196590224e-02 -1.519687248623913831e+02 3.270814216307101757e-02 -3.884573399451681647e-02 9.987097608347820232e-01 3.487039157884198826e+00
-1.862970219055051224e-01 -9.819658446081236391e-01 -3.219471466241345670e-02 -1.077384846985003577e+02 9.819454765719903833e-01 -1.849988324882543278e-01 -3.947800676059671360e-02 -1.519653334064830403e+02 3.281006962727558984e-02 -3.896808952254738473e-02 9.987016508096980827e-01 3.493956234791967930e+00
-1.864160877126574967e-01 -9.819399899654640551e-01 -3.229393671467218480e-02 -1.077407477182719049e+02 9.819259170885249466e-01 -1.851173392854086330e-01 -3.940893357793985585e-02 -1.519628917161488744e+02 3.271904020240041372e-02 -3.905671264348078986e-02 9.987011753300976125e-01 3.497846590190829108e+00
-1.864551008696304635e-01 -9.819331920910812084e-01 -3.227540285597241265e-02 -1.077410079992076533e+02 9.819249478722469338e-01 -1.851647350070488862e-01 -3.920991782513824631e-02 -1.519606946930880440e+02 3.252525335459510725e-02 -3.900291245008256913e-02 9.987096078013020239e-01 3.492471052374371610e+00
-1.863178480713498786e-01 -9.819654842148834994e-01 -3.208500117953441699e-02 -1.077377934763104435e+02 9.819474133312278141e-01 -1.850310244589166153e-01 -3.927846025234018462e-02 -1.519686282412627918e+02 3.263337160288948269e-02 -3.882406210474528135e-02 9.987130495089741045e-01 3.488973961594834083e+00
-1.862677908462488929e-01 -9.819744300297621464e-01 -3.210185136378430892e-02 -1.077448886052963104e+02 9.819544727351743330e-01 -1.849774743614438499e-01 -3.935412880814303377e-02 -1.519717381383547092e+02 3.270662881809481559e-02 -3.885296316351925100e-02 9.987095291849225065e-01 3.487914702897251029e+00
-1.863276243472740124e-01 -9.819611284733100742e-01 -3.216144543586176713e-02 -1.077360956905785088e+02 9.819388419620400654e-01 -1.850297411201340392e-01 -3.949817144202254215e-02 -1.519653616092462869e+02 3.283484507879391029e-02 -3.894017293796885049e-02 9.987019254413264102e-01 3.493652296246787525e+00
-1.864271686777558834e-01 -9.819390917662205176e-01 -3.225726026998784052e-02 -1.077420221827909330e+02 9.819221969227371893e-01 -1.851279479288336915e-01 -3.945176911222842558e-02 -1.519632212684610977e+02 3.276751393104306714e-02 -3.902900148593626412e-02 9.987006694068997215e-01 3.493256138506584563e+00
-1.864716993828279268e-01 -9.819317197084153070e-01 -3.222426352540102429e-02 -1.077437155448743624e+02 9.819196990567821137e-01 -1.851808399863439369e-01 -3.926526589990839838e-02 -1.519668113671669403e+02 3.258849388233018424e-02 -3.896350000226273674e-02 9.987090846357886686e-01 3.493267166994805883e+00
-1.864152575870903217e-01 -9.819420702984386073e-01 -3.223542021992374662e-02 -1.077401585779842463e+02 9.819312795992053422e-01 -1.851250747956807441e-01 -3.923861397349510255e-02 -1.519656061126211171e+02 3.256246126149144049e-02 -3.896764375619731630e-02 9.987097720843047810e-01 3.491591453857080918e+00
-1.864465958229661879e-01 -9.819369459381056542e-01 -3.221026401278757195e-02 -1.077349887017559666e+02 9.819222424744141753e-01 -1.851536808490479302e-01 -3.932968601535962588e-02 -1.519630675321532465e+02 3.265542282753960274e-02 -3.896086074247920999e-02 9.987070014224190828e-01 3.492685839476524112e+00
-1.864781136158459862e-01 -9.819320554911235011e-01 -3.217687898557546056e-02 -1.077397236600667298e+02 9.819155009987328153e-01 -1.851855842611944691e-01 -3.934778621787222291e-02 -1.519658211267391152e+02 3.267815846529503743e-02 -3.893247719856533090e-02 9.987073646361581680e-01 3.492056925231866948e+00
-1.863322676430694269e-01 -9.819596453442321904e-01 -3.217982210052581366e-02 -1.077396277283330761e+02 9.819440210378261868e-01 -1.850408450697618168e-01 -3.931698365762090197e-02 -1.519672680943074852e+02 3.265310985276650285e-02 -3.892480663148221998e-02 9.987084829146315457e-01 3.490309087948300526e+00
-1.863544007983117812e-01 -9.819554379000678956e-01 -3.218004477293213289e-02 -1.077361708613255473e+02 9.819381108822191617e-01 -1.850608970960427868e-01 -3.937017606090235933e-02 -1.519636137216930081e+02 3.270449051981650507e-02 -3.893561794159171308e-02 9.987063802516461530e-01 3.492343389393275377e+00
-1.863863319258522999e-01 -9.819488113893859449e-01 -3.219731482900582697e-02 -1.077391224090108324e+02 9.819302876466373675e-01 -1.850899868019626471e-01 -3.942850476294157414e-02 -1.519679087650293354e+02 3.275737281007189139e-02 -3.896445298758070830e-02 9.987035225380755943e-01 3.491809642360434562e+00
-1.863872331780280778e-01 -9.819493965614107811e-01 -3.217424281813792419e-02 -1.077399101550855676e+02 9.819340431351530896e-01 -1.850964878504495204e-01 -3.930426335246280101e-02 -1.519678092684460182e+02 3.263945833635674421e-02 -3.891879723359242815e-02 9.987091633610857278e-01 3.490088660923089670e+00
-1.863481206486481412e-01 -9.819556100976640778e-01 -3.221114292355767295e-02 -1.077360684526599073e+02 9.819388611667299038e-01 -1.850528539907032588e-01 -3.938926453339099826e-02 -1.519686594580543328e+02 3.271774535787744242e-02 -3.896948841876683028e-02 9.987046250574174167e-01 3.492696433281571977e+00
-1.864150963098882841e-01 -9.819442388167347602e-01 -3.217023037527239060e-02 -1.077364774751179795e+02 9.819260248537919900e-01 -1.851212170591800543e-01 -3.938802748752354144e-02 -1.519645520322002881e+02 3.272145446958429904e-02 -3.893130936856516178e-02 9.987059925564900631e-01 3.490518101730079259e+00
-1.864276671489679682e-01 -9.819409132399606888e-01 -3.219887927965574270e-02 -1.077375832609849482e+02 9.819271012397111642e-01 -1.851367475035927690e-01 -3.928807166009926771e-02 -1.519622389029812837e+02 3.261736918225861814e-02 -3.894133574061354325e-02 9.987090064670314238e-01 3.491302681972321409e+00
-1.862858025053282240e-01 -9.819699712449617701e-01 -3.213371061851676841e-02 -1.077390037873311428e+02 9.819515722568631366e-01 -1.849947945397671933e-01 -3.934508527711737952e-02 -1.519666071790588830e+02 3.269112306452866962e-02 -3.888317844978799592e-02 9.987088609331659095e-01 3.486814430676951293e+00
-1.864558888780356583e-01 -9.819367719559164431e-01 -3.216173788053940802e-02 -1.077399451623028170e+02 9.819172425159159445e-01 -1.851610521557709443e-01 -3.941971098965811604e-02 -1.519630758501565708e+02 3.275256253550126034e-02 -3.893020222607089520e-02 9.987050160092294515e-01 3.491758169543706547e+00
-1.865088756103614465e-01 -9.819266077287144290e-01 -3.216483099501181442e-02 -1.077404447198026247e+02 9.819032633845358182e-01 -1.852091820771146757e-01 -3.954162653615444362e-02 -1.519596940593140459e+02 3.286975316848708695e-02 -3.895761682527717346e-02 9.987000968348493934e-01 3.492416547195789089e+00
-1.864276339937094296e-01 -9.819379825282344987e-01 -3.228832222163741106e-02 -1.077375462411123834e+02 9.819244027950294607e-01 -1.851299016674421427e-01 -3.938764659418159814e-02 -1.519664417935666734e+02 3.269869231532734899e-02 -3.904763727786845356e-02 9.987021966251419247e-01 3.493615917155738604e+00
-1.863526358486644607e-01 -9.819540447164253338e-01 -3.223273456142908971e-02 -1.077391914801094970e+02 9.819415285490974421e-01 -1.850607016541925276e-01 -3.928576350180711801e-02 -1.519655897083012235e+02 3.261180189620100506e-02 -3.897166622445601830e-02 9.987080051790776514e-01 3.492539025380967388e+00
-1.865865498125010014e-01 -9.819097346578358199e-01 -3.222937190274755004e-02 -1.077420742440034616e+02 9.818942705175022212e-01 -1.852909915523053286e-01 -3.938134043510787413e-02 -1.519599290597399772e+02 3.269710926013856545e-02 -3.899386405246390436e-02 9.987043494509716401e-01 3.491946381705918867e+00
-1.865051080955670848e-01 -9.819285412730244245e-01 -3.212762810560107485e-02 -1.077452666392842104e+02 9.819115513009742946e-01 -1.852159107220949785e-01 -3.930358555017220146e-02 -1.519650274986855152e+02 3.264276452716043109e-02 -3.887680862436974916e-02 9.987106906783408400e-01 3.488713183652343286e+00
-1.864781087974132223e-01 -9.819314405223098507e-01 -3.219566823536375993e-02 -1.077411891904584991e+02 9.819109919953037391e-01 -1.851794601257412687e-01 -3.948887623543553826e-02 -1.519638423105910192e+02 3.281339266425629259e-02 -3.897709149385684968e-02 9.987011903470131013e-01 3.491396799115914273e+00
-1.863315242388030590e-01 -9.819599599259638545e-01 -3.217452683481328984e-02 -1.077344385166596794e+02 9.819401358732942064e-01 -1.850355234403338045e-01 -3.943887202112308227e-02 -1.519642016044217030e+02 3.277396277506249705e-02 -3.894216438979044431e-02 9.987038475927972891e-01 3.490717408443182013e+00
-1.865012599072188859e-01 -9.819282435523616348e-01 -3.215905109287689467e-02 -1.077438797766190248e+02 9.819102153155602197e-01 -1.852083490958380541e-01 -3.937253464211434850e-02 -1.519614707996747995e+02 3.270487902393541535e-02 -3.892032809944580285e-02 9.987069635026388781e-01 3.491196678478719395e+00
-1.864938754608467253e-01 -9.819275238226518043e-01 -3.222378585935745110e-02 -1.077464218528320146e+02 9.819119414928542122e-01 -1.851987661500524851e-01 -3.937456247670419185e-02 -1.519611754401044834e+02 3.269516125251394068e-02 -3.898403488626746294e-02 9.987047969518612067e-01 3.492010530100522647e+00
-1.865442092664990614e-01 -9.819208836462814949e-01 -3.213465805704236733e-02 -1.077395243141619119e+02 9.819074676575755278e-01 -1.852586573074592735e-01 -3.920401574998839261e-02 -1.519610430280598052e+02 3.254201818302933369e-02 -3.886654283498550827e-02 9.987143780384017955e-01 3.488784756306158918e+00
-1.864769747357588603e-01 -9.819331420940268229e-01 -3.215030871937207130e-02 -1.077395645638904398e+02 9.819132474757400475e-01 -1.851825741786432555e-01 -3.941812593487001304e-02 -1.519637825639249797e+02 3.275228732539355730e-02 -3.891938691607395306e-02 9.987054465642168921e-01 3.489989338782599315e+00
-1.863516387457859746e-01 -9.819569024535627078e-01 -3.215133683946223841e-02 -1.077422501121229601e+02 9.819339284793714429e-01 -1.850537013868907010e-01 -3.950807137890342824e-02 -1.519696503927818014e+02 3.284549950646308003e-02 -3.893288233378082441e-02 9.987018593330818650e-01 3.490290205126298062e+00
-1.863720064583738178e-01 -9.819532863923045030e-01 -3.214371714709345768e-02 -1.077401386231943974e+02 9.819306131629225165e-01 -1.850749954770489758e-01 -3.949072020939778382e-02 -1.519650699890562180e+02 3.282904418600329083e-02 -3.892286464949275271e-02 9.987027908568748558e-01 3.493721608980835835e+00
-1.864446093194576104e-01 -9.819379076483221169e-01 -3.219243977940073470e-02 -1.077430469402785178e+02 9.819181397534009204e-01 -1.851470781824802181e-01 -3.946297332578463379e-02 -1.519627152805796584e+02 3.278985329238102292e-02 -3.896799922662264049e-02 9.987023182897585283e-01 3.494588542529668995e+00
-1.864276412081633527e-01 -9.819389678916088382e-01 -3.225830016480839280e-02 -1.077402421274804851e+02 9.819248350391371893e-01 -1.851316305209806945e-01 -3.936874031521712947e-02 -1.519644531325041612e+02 3.268566852497088726e-02 -3.901464746227507885e-02 9.987039122565156690e-01 3.493977133736888341e+00
-1.865211690123376176e-01 -9.819232085984446190e-01 -3.219729687421902381e-02 -1.077361320511518272e+02 9.819072097798282606e-01 -1.852276177074576591e-01 -3.935684210924903642e-02 -1.519657928531867412e+02 3.268156808758482940e-02 -3.895564213506830936e-02 9.987063497611202711e-01 3.491950529072498810e+00
-1.864570293115255240e-01 -9.819381600556242873e-01 -3.211270849518216286e-02 -1.077390465167470239e+02 9.819181473197635679e-01 -1.851654905584900757e-01 -3.937630087193658146e-02 -1.519637227063721809e+02 3.271892700631388873e-02 -3.887403931686701786e-02 9.987083062049429971e-01 3.489503071107274756e+00
-1.863231420594864129e-01 -9.819620399376780551e-01 -3.215958417819464454e-02 -1.077390224272866561e+02 9.819432270067975921e-01 -1.850295380484034968e-01 -3.938996046038872184e-02 -1.519665229621710978e+02 3.272897292242769873e-02 -3.891814706571176258e-02 9.987062591975753856e-01 3.490048970900819114e+00
-1.863090430424001465e-01 -9.819641455442714717e-01 -3.217696918813121865e-02 -1.077363116219516712e+02 9.819428391605181661e-01 -1.850111244984731229e-01 -3.948600300348788922e-02 -1.519636908712908792e+02 3.282074194782964860e-02 -3.895254391332324956e-02 9.987019065870830214e-01 3.492346396520755292e+00
-1.863837300000099617e-01 -9.819481531933474949e-01 -3.223243136125294311e-02 -1.077423140767850782e+02 9.819306519892975205e-01 -1.850858246409816665e-01 -3.943896804990381505e-02 -1.519656090844010521e+02 3.276125570177314955e-02 -3.900079431424765403e-02 9.987019766515438102e-01 3.493667716010020907e+00
-1.864665783641752395e-01 -9.819333022629622709e-01 -3.220566813639558212e-02 -1.077460251954557151e+02 9.819177046986368174e-01 -1.851729292364974189e-01 -3.935235034069203136e-02 -1.519588732970896956e+02 3.267776541500982956e-02 -3.896121385339267745e-02 9.987062568456011036e-01 3.493931453345502813e+00
-1.864737022161371272e-01 -9.819331440227027086e-01 -3.216922522376911009e-02 -1.077394676235548303e+02 9.819196010847354161e-01 -1.851853773839335915e-01 -3.924631204029333659e-02 -1.519643892132648659e+02 3.257998445980885005e-02 -3.890599790341162795e-02 9.987116039877269591e-01 3.489819659125975360e+00
-1.863548064474664923e-01 -9.819567344299787726e-01 -3.213810544415072329e-02 -1.077321484694812312e+02 9.819385682570830332e-01 -1.850636190369812084e-01 -3.934596647897715960e-02 -1.519665233564844300e+02 3.268844265420118439e-02 -3.888995521400281929e-02 9.987086848026784924e-01 3.488813100421660707e+00
-1.864204042235380054e-01 -9.819434182453701254e-01 -3.216451855276322019e-02 -1.077380111863884906e+02 9.819236685565260192e-01 -1.851251421780588657e-01 -3.942830026830149159e-02 -1.519661509674658078e+02 3.276189887089169667e-02 -3.893334172854749642e-02 9.987045873952025143e-01 3.492675096321239625e+00
-1.864379156132178750e-01 -9.819391304919935504e-01 -3.219390672823586180e-02 -1.077411351711987493e+02 9.819163192195949907e-01 -1.851366664485862845e-01 -3.955700679458856728e-02 -1.519673847720584092e+02 3.288230028512188069e-02 -3.898664829056930348e-02 9.986985509066419464e-01 3.493222069931421814e+00
-1.863811305497868887e-01 -9.819503810712018055e-01 -3.217954768335092725e-02 -1.077393985868696831e+02 9.819285363123961830e-01 -1.850822544835668548e-01 -3.950833647062138715e-02 -1.519655010183071795e+02 3.283936281931990747e-02 -3.896162457344350821e-02 9.987009402519950729e-01 3.493416419961417052e+00
-1.865452751554153021e-01 -9.819181287721854279e-01 -3.221255509456173033e-02 -1.077441636893990875e+02 9.819049946861497791e-01 -1.852538959527914031e-01 -3.928836271345774456e-02 -1.519642052095481688e+02 3.261045426825983501e-02 -3.895872717174068967e-02 9.987085540084131852e-01 3.491927072184134673e+00
-1.865160665215641611e-01 -9.819225276949937742e-01 -3.224758183798991096e-02 -1.077408596337531179e+02 9.819055960079573486e-01 -1.852174277622113951e-01 -3.944496141978364595e-02 -1.519599574899268077e+02 3.275908206256157584e-02 -3.902120011255975213e-02 9.987012508674423250e-01 3.495176223809929095e+00
-1.865359018714873862e-01 -9.819229257000304800e-01 -3.212048096906565398e-02 -1.077426995608578864e+02 9.819050558525003192e-01 -1.852461727720353668e-01 -3.932323441188558671e-02 -1.519625036438880556e+02 3.266218921459039526e-02 -3.887445765546455184e-02 9.987101471086111681e-01 3.489810852783726158e+00
-1.864336033260050041e-01 -9.819426947372212888e-01 -3.211005766246072951e-02 -1.077404704133450792e+02 9.819255641195639983e-01 -1.851457389731749892e-01 -3.928411725561885975e-02 -1.519639591018584781e+02 3.262971160396780507e-02 -3.885356601756977807e-02 9.987120217201554961e-01 3.488731410558842949e+00
-1.865542686680010664e-01 -9.819161055038581054e-01 -3.222214446438678020e-02 -1.077351102667599179e+02 9.818971364195907547e-01 -1.852551602945124998e-01 -3.947833678439656435e-02 -1.519638682442104312e+02 3.279509616932146238e-02 -3.900368362592189497e-02 9.987007531442309016e-01 3.494464829811267048e+00
-1.863505470556461319e-01 -9.819560611633700864e-01 -3.218334284348224605e-02 -1.077420232828018385e+02 9.819326048268212093e-01 -1.850495086104011477e-01 -3.956057306287297931e-02 -1.519648166922471262e+02 3.289123272355801153e-02 -3.897400810243639019e-02 9.986987501255600863e-01 3.494359666569983425e+00
-1.864230061735299149e-01 -9.819438383886704980e-01 -3.213659938059224008e-02 -1.077405980991523933e+02 9.819231012449267659e-01 -1.851287738930913473e-01 -3.942537657887663222e-02 -1.519648801941951604e+02 3.276409636735840014e-02 -3.890546654861457704e-02 9.987056015973201362e-01 3.490899913840978641e+00
-1.864554263972242332e-01 -9.819354478027789712e-01 -3.220481820140944085e-02 -1.077392548923901785e+02 9.819166800535806816e-01 -1.851580871675928552e-01 -3.944763857308322685e-02 -1.519615962025311262e+02 3.277205211126960060e-02 -3.897767444056490782e-02 9.987025250271581722e-01 3.495893191525682120e+00
-1.864728153445187608e-01 -9.819332270812092256e-01 -3.217183071216275086e-02 -1.077369377330505955e+02 9.819179029720505048e-01 -1.851821602886005724e-01 -3.930393534772980840e-02 -1.519642962484831799e+02 3.263619096127009372e-02 -3.891921202606875990e-02 9.987092539747538522e-01 3.491822309303498351e+00
-1.864811223223312719e-01 -9.819331135513726938e-01 -3.212711516322395294e-02 -1.077384660256147981e+02 9.819165658846416012e-01 -1.851925302392445349e-01 -3.928847648992295910e-02 -1.519656261859705353e+02 3.262895430007491798e-02 -3.887270578302861462e-02 9.987113016715039038e-01 3.490650976450652809e+00
-1.864220173636121913e-01 -9.819428848336720916e-01 -3.217145266547680182e-02 -1.077344584597053085e+02 9.819288654891143997e-01 -1.851330292788813114e-01 -3.926148990149851831e-02 -1.519651036994110314e+02 3.259654216848367758e-02 -3.890928416908680937e-02 9.987109356786414427e-01 3.489257614758835224e+00
-1.864871220945900632e-01 -9.819333755079052706e-01 -3.208425402793572273e-02 -1.077360877236782954e+02 9.819112123077474719e-01 -1.851952285381628371e-01 -3.940937034549000378e-02 -1.519615368298609042e+02 3.275552529280811170e-02 -3.885322882785038207e-02 9.987079163461372033e-01 3.490753243677329642e+00
-1.865033946744918403e-01 -9.819265433721585667e-01 -3.219855891333125997e-02 -1.077374962512065082e+02 9.819056665814779317e-01 -1.852039682601811510e-01 -3.950635487950494851e-02 -1.519659231833288402e+02 3.282903760505792579e-02 -3.898401674900037195e-02 9.987004058915963656e-01 3.493252878283997109e+00
-1.865294107680590674e-01 -9.819207510791412297e-01 -3.222448632168063709e-02 -1.077432015283112179e+02 9.819032814937611597e-01 -1.852319407941978024e-01 -3.943442533369597575e-02 -1.519651268444620200e+02 3.275247639957608314e-02 -3.899700898518036057e-02 9.987024124231927980e-01 3.492510591738911430e+00
-1.864757747601173410e-01 -9.819303260682151757e-01 -3.224314152161106978e-02 -1.077422607618373007e+02 9.819157216967434598e-01 -1.851803267594664959e-01 -3.936701748952458474e-02 -1.519628503868054281e+02 3.268487283709834573e-02 -3.900104266331715780e-02 9.987044696799933785e-01 3.493252012438671006e+00
-1.864525364181612854e-01 -9.819362735689012300e-01 -3.219637111312643324e-02 -1.077396312136315828e+02 9.819238769731906125e-01 -1.851634667313790672e-01 -3.924271165396213401e-02 -1.519673820364531878e+02 3.257225035475395242e-02 -3.893128867167652829e-02 9.987108707074284775e-01 3.490106799870589249e+00
-1.863408085933875302e-01 -9.819592536277992334e-01 -3.214229717207651299e-02 -1.077344954520813616e+02 9.819406341543326366e-01 -1.850487729504624035e-01 -3.936423028735004659e-02 -1.519652083214948846e+02 3.270617754109719083e-02 -3.889699016972694712e-02 9.987078302017995401e-01 3.491036925983845851e+00
-1.863783634029876346e-01 -9.819509038700103831e-01 -3.217962156542880647e-02 -1.077422250750831978e+02 9.819346418234261575e-01 -1.850861236096421614e-01 -3.933809901681466908e-02 -1.519656551769250825e+02 3.267208047131867077e-02 -3.893005569000130422e-02 9.987076578867557508e-01 3.489690119600505902e+00
-1.865215355661857810e-01 -9.819241168080766746e-01 -3.216746183196097369e-02 -1.077415865728839606e+02 9.819035125521252683e-01 -1.852248648232950323e-01 -3.946189920658264849e-02 -1.519663545828038309e+02 3.279037675645953692e-02 -3.894583779905873289e-02 9.987031655653739737e-01 3.493041468425120311e+00
-1.864231377161800207e-01 -9.819416067017150418e-01 -3.220395553512673398e-02 -1.077379424041252207e+02 9.819253385149318003e-01 -1.851288937771464749e-01 -3.936905220076351852e-02 -1.519666932768633956e+02 3.269622770887500168e-02 -3.896118218052754822e-02 9.987056538223387792e-01 3.489156254496089904e+00
-1.865288806460012605e-01 -9.819207176176817375e-01 -3.222857424905674339e-02 -1.077459712283440325e+02 9.819107297978423299e-01 -1.852400216792484677e-01 -3.921036949762615048e-02 -1.519655071905311843e+02 3.253145236257698469e-02 -3.895944919334356354e-02 9.987111023342699623e-01 3.490516816786321641e+00
-1.865810080011900407e-01 -9.819114549595805430e-01 -3.220903712343804043e-02 -1.077391602127333385e+02 9.818969924335735344e-01 -1.852882645249180893e-01 -3.932626703930323236e-02 -1.519600620165550424e+02 3.264695549607073838e-02 -3.896349122580231722e-02 9.987071756267371647e-01 3.491218786680789776e+00
-1.864544963866368033e-01 -9.819375497076354709e-01 -3.214606121083377760e-02 -1.077415304578681514e+02 9.819196583867182415e-01 -1.851628495136115049e-01 -3.935103091038676115e-02 -1.519663283502637796e+02 3.268799857617763621e-02 -3.890202609331157302e-02 9.987082292215875290e-01 3.489160265587754939e+00
-1.864414955629203341e-01 -9.819376174836806914e-01 -3.221931257390098918e-02 -1.077422130870426713e+02 9.819175596888793933e-01 -1.851414970100784263e-01 -3.950357021211692299e-02 -1.519630797151605748e+02 3.282490985361772445e-02 -3.900181348783997304e-02 9.986998467196045448e-01 3.492742338529112534e+00
-1.864325688494696820e-01 -9.819395709294908015e-01 -3.221143143349597393e-02 -1.077403507147238741e+02 9.819186170013639581e-01 -1.851321443735194361e-01 -3.952111721333860517e-02 -1.519662052301462722e+02 3.284397750449612186e-02 -3.899702761069635815e-02 9.986994067181650392e-01 3.494429050176012908e+00
-1.865072304652570789e-01 -9.819231281790122834e-01 -3.228038617059159066e-02 -1.077399976219169986e+02 9.819076569064389970e-01 -1.852077440082029458e-01 -3.943912864020587133e-02 -1.519630175536289869e+02 3.274761506867655825e-02 -3.905204100344841084e-02 9.987004214481831621e-01 3.495416903653568941e+00
-1.864816105342277375e-01 -9.819311781998445454e-01 -3.218338409218647611e-02 -1.077391762262025594e+02 9.819161146095347625e-01 -1.851903382365591710e-01 -3.931008132710298031e-02 -1.519610318697262414e+02 3.263974268702482529e-02 -3.893199073889570816e-02 9.987086398416864519e-01 3.492309216046582954e+00
-1.865067911599593842e-01 -9.819278138235653097e-01 -3.214008853268773142e-02 -1.077418260847600919e+02 9.819081977883644674e-01 -1.852134821842990053e-01 -3.939869456178111962e-02 -1.519649130390746734e+02 3.273389630370137499e-02 -3.890674050649903237e-02 9.987065422715215579e-01 3.488913536183642528e+00
-1.865170496472132733e-01 -9.819250698669333977e-01 -3.216438026321880722e-02 -1.077404059665824150e+02 9.819099267717862345e-01 -1.852271297313372589e-01 -3.929129825439463264e-02 -1.519618520592790389e+02 3.262339494786566790e-02 -3.891102129613545346e-02 9.987099912005322766e-01 3.489148795658275848e+00
-1.864992917340468903e-01 -9.819259280780980870e-01 -3.224106001148432238e-02 -1.077423833510103321e+02 9.819073721115547659e-01 -1.851992632251973081e-01 -3.948601643397933042e-02 -1.519631858974245517e+02 3.280132277331592600e-02 -3.902184860830359286e-02 9.986998390685318805e-01 3.493088167756371654e+00
-1.864737478599653997e-01 -9.819304789762720587e-01 -3.225020645650647499e-02 -1.077398318567278181e+02 9.819102554930364546e-01 -1.851710524648937373e-01 -3.954657363974203865e-02 -1.519684615209437197e+02 3.286018132418089266e-02 -3.904120626303425601e-02 9.986971476362938027e-01 3.496535796398390961e+00
-1.865171270068020082e-01 -9.819213294901061317e-01 -3.227791854365808649e-02 -1.077422883396414335e+02 9.819063318596559231e-01 -1.852183855560021186e-01 -3.942213979407507146e-02 -1.519660363029475150e+02 3.273097595617852767e-02 -3.904679685211947388e-02 9.987011719571302626e-01 3.496197548527990140e+00
-1.865225660663445417e-01 -9.819230738521942392e-01 -3.219331273237502344e-02 -1.077505502156742807e+02 9.819076491997817957e-01 -1.852300124792642944e-01 -3.933460206853427177e-02 -1.519627237389626089e+02 3.266038565272136318e-02 -3.894765093802131373e-02 9.987073543813650423e-01 3.490893215795983995e+00
-1.865469793741181270e-01 -9.819202244862672568e-01 -3.213871856858993570e-02 -1.077452223396730346e+02 9.819079727919652889e-01 -1.852624934076498864e-01 -3.917322432419824418e-02 -1.519643948315510897e+02 3.251088208532393331e-02 -3.886491066783953618e-02 9.987154556052564303e-01 3.486865929088037497e+00
-1.864075000139984173e-01 -9.819454225754877807e-01 -3.217811401523856113e-02 -1.077413087601800044e+02 9.819281080823445418e-01 -1.851140797538310956e-01 -3.936963340849842369e-02 -1.519677711505571835e+02 3.270220934980528488e-02 -3.893538955678697150e-02 9.987064638539708827e-01 3.491124752816292087e+00
-1.863767130480746825e-01 -9.819538255065404231e-01 -3.209992844955228408e-02 -1.077401123940510530e+02 9.819367733654323915e-01 -1.850898314326916427e-01 -3.926738357595636192e-02 -1.519673720400114689e+02 3.261738717431394985e-02 -3.883862604789931755e-02 9.987130054127824064e-01 3.488078290307656815e+00
-1.865001515207507232e-01 -9.819264923845706372e-01 -3.221889253328004410e-02 -1.077425990261778708e+02 9.819099420548130785e-01 -1.852042661388677569e-01 -3.939854690058373216e-02 -1.519613593715171191e+02 3.271940061570599578e-02 -3.898388586707952214e-02 9.987040089366074902e-01 3.491425554937677589e+00
-1.863531524061614597e-01 -9.819550837042009261e-01 -3.219807720597681056e-02 -1.077360062303958728e+02 9.819369052299028455e-01 -1.850572103969241322e-01 -3.941754720463687411e-02 -1.519700236597077208e+02 3.274777451686064489e-02 -3.896206446769309717e-02 9.987039305002299860e-01 3.490787227464387410e+00
-1.864695830578186886e-01 -9.819307530573831988e-01 -3.226593861031240573e-02 -1.077379037564632398e+02 9.819179006837174262e-01 -1.851744290658472458e-01 -3.934040082433584024e-02 -1.519670861970288058e+02 3.265472264658110524e-02 -3.901829084286901478e-02 9.987047822397648877e-01 3.493108080425017192e+00
-1.864388323233914235e-01 -9.819402846294660314e-01 -3.215337033179514747e-02 -1.077376655180629967e+02 9.819255523884118375e-01 -1.851503967105434523e-01 -3.926245235133473538e-02 -1.519648617812019893e+02 3.260017436460758977e-02 -3.889226169473276179e-02 9.987114801641491235e-01 3.488117846408352207e+00
-1.863820611865152355e-01 -9.819515078703684452e-01 -3.213974889409833280e-02 -1.077379259809691519e+02 9.819356632192559609e-01 -1.850934653010125608e-01 -3.927801421944376176e-02 -1.519696107708259376e+02 3.262024779222352788e-02 -3.887988289555998483e-02 9.987113067047962423e-01 3.488545608098261308e+00
-1.863401744789083825e-01 -9.819589046199064253e-01 -3.215663248606850932e-02 -1.077393577541237590e+02 9.819426013084178173e-01 -1.850497639458814625e-01 -3.931046424594569072e-02 -1.519657537823900384e+02 3.265068316020738881e-02 -3.890108611912527353e-02 9.987094864813912398e-01 3.490846721614533799e+00
-1.864457490520148308e-01 -9.819384483292038501e-01 -3.216933871358049896e-02 -1.077387234695099920e+02 9.819193413432837358e-01 -1.851508295322370490e-01 -3.941544645816819070e-02 -1.519633092105690082e+02 3.274736258701354402e-02 -3.893653832020070593e-02 9.987049395227972637e-01 3.491922642217368367e+00
-1.864402872521560006e-01 -9.819382236919793616e-01 -3.220782734016887361e-02 -1.077373774099820309e+02 9.819217579373342719e-01 -1.851454741136620008e-01 -3.938038476808786159e-02 -1.519643535655077073e+02 3.270597160441633677e-02 -3.896765668946347572e-02 9.987050821706792147e-01 3.492589163746343317e+00
-1.864867685619100435e-01 -9.819284235268465055e-01 -3.223749713328385308e-02 -1.077419866947921605e+02 9.819143612663220333e-01 -1.851923975192166782e-01 -3.934416144786058445e-02 -1.519655319867519268e+02 3.266301104135176797e-02 -3.899162693664290358e-02 9.987055525722013938e-01 3.493112417987544127e+00
-1.864591892420921493e-01 -9.819353979546131539e-01 -3.218454583953987702e-02 -1.077479363862326949e+02 9.819183793853637487e-01 -1.851655304919221923e-01 -3.937032566370717718e-02 -1.519645860131610391e+02 3.269964789417502404e-02 -3.894355609546690938e-02 9.987062293118212919e-01 3.493076705791040570e+00
-1.866059284257288731e-01 -9.819070927952400218e-01 -3.219764890130600438e-02 -1.077467839991979162e+02 9.818948680769548076e-01 -1.853167203889347636e-01 -3.924514222714853284e-02 -1.519591334618670260e+02 3.256832081197071765e-02 -3.893808242183278978e-02 9.987107340049966586e-01 3.489084242292335603e+00
-1.864461782536581680e-01 -9.819377702215712489e-01 -3.218754459250287164e-02 -1.077424669056639885e+02 9.819241533676306144e-01 -1.851563594042680005e-01 -3.926932142805469178e-02 -1.519649167746783007e+02 3.260030134626783899e-02 -3.892734237585149942e-02 9.987101092748014164e-01 3.489854736262835821e+00
-1.863716014525897968e-01 -9.819504580695961327e-01 -3.223234507304815338e-02 -1.077425041823407952e+02 9.819343349582729807e-01 -1.850753636388091650e-01 -3.939633998250750835e-02 -1.519670589314160338e+02 3.271984110676282725e-02 -3.899240529735970018e-02 9.987036619173250696e-01 3.493738201072678073e+00
-1.865642981713679927e-01 -9.819170237231128473e-01 -3.213597937778366054e-02 -1.077471604471031696e+02 9.818984780807015200e-01 -1.852724955953584107e-01 -3.936344901898970045e-02 -1.519569300727250152e+02 3.269772760647990384e-02 -3.889808348251080211e-02 9.987080643064618624e-01 3.489611725889216753e+00
-1.865190979693216455e-01 -9.819229502737141235e-01 -3.221716651841537160e-02 -1.077436812732003375e+02 9.819093628209256686e-01 -1.852268534726901894e-01 -3.930669099797240440e-02 -1.519639458816886020e+02 3.262865760821452576e-02 -3.896578599709357715e-02 9.987076840719283366e-01 3.490616713771610424e+00
-1.865167705610704107e-01 -9.819224664161489979e-01 -3.224537558620306499e-02 -1.077444213029345690e+02 9.819120595911383642e-01 -1.852260973805603950e-01 -3.924283474286065915e-02 -1.519619233023434219e+02 3.256073600146829061e-02 -3.898156995803862129e-02 9.987092848645441334e-01 3.491636831231549110e+00
-1.866526169608777597e-01 -9.818987679653337075e-01 -3.218089572737054677e-02 -1.077450861249144509e+02 9.818886581365380284e-01 -1.853671918843056154e-01 -3.916206322138918172e-02 -1.519586530638371471e+02 3.248789935475821650e-02 -3.890775810923934042e-02 9.987145351672959137e-01 3.487747371568270971e+00
-1.864125849450062322e-01 -9.819464631490106843e-01 -3.211684422962043234e-02 -1.077412358928280725e+02 9.819245061792782892e-01 -1.851184818472124682e-01 -3.943870995816470271e-02 -1.519617440389318688e+02 3.278128030906875962e-02 -3.888818828040467579e-02 9.987057106443149035e-01 3.489096690884605945e+00
-1.865523193915759048e-01 -9.819188583058521269e-01 -3.214946085015930183e-02 -1.077455021402294193e+02 9.818982724584172095e-01 -1.852570450741772845e-01 -3.944121947354840146e-02 -1.519620354193660603e+02 3.277216307782872956e-02 -3.892535104166356535e-02 9.987045621070744783e-01 3.489147667319716373e+00
-1.865284364405788153e-01 -9.819214831167533131e-01 -3.220781571030664064e-02 -1.077399143024660901e+02 9.818997212330780044e-01 -1.852271864116330491e-01 -3.954525074436125026e-02 -1.519618665213695579e+02 3.286456817664260704e-02 -3.900115905747276318e-02 9.986985680127595799e-01 3.493255926811269507e+00
-1.865860850491576350e-01 -9.819090971619713892e-01 -3.225147712261888788e-02 -1.077453514499683678e+02 9.818954372403662090e-01 -1.852909282717338790e-01 -3.935253774217632727e-02 -1.519614982581674383e+02 3.266470867126812505e-02 -3.901021418502342852e-02 9.987047711894940782e-01 3.494707401622710208e+00
-1.865568269426478576e-01 -9.819155677158326601e-01 -3.222372105119466340e-02 -1.077420094728879576e+02 9.819027747946924567e-01 -1.852649525234497663e-01 -3.929170671996144726e-02 -1.519613528007971865e+02 3.261121235977646610e-02 -3.897069724521530498e-02 9.987080622407367159e-01 3.493075955265862120e+00
-1.864583089434463936e-01 -9.819375670097008069e-01 -3.212341079368349200e-02 -1.077391467524353033e+02 9.819242398059782051e-01 -1.851738869222747663e-01 -3.918442143950173762e-02 -1.519615665109137979e+02 3.252823861511976861e-02 -3.884901668209964076e-02 9.987155088389444435e-01 3.487717258497843087e+00
-1.865101642028033080e-01 -9.819273260053358321e-01 -3.213541804698959864e-02 -1.077399876274119350e+02 9.819056993692309998e-01 -1.852148310503496376e-01 -3.945458028179130855e-02 -1.519606580589631051e+02 3.278957449045665634e-02 -3.891263037886149440e-02 9.987044863230227776e-01 3.490233465868890939e+00
-1.864817178011177745e-01 -9.819332193561500777e-01 -3.212042420035970958e-02 -1.077405189805242571e+02 9.819109325794466159e-01 -1.851868311077793372e-01 -3.945577353468446985e-02 -1.519622804787686334e+02 3.279465515759766303e-02 -3.889717610734246683e-02 9.987049215278598346e-01 3.490795668240453065e+00
-1.864859926036817050e-01 -9.819279590120337797e-01 -3.225612923277822175e-02 -1.077405289994625690e+02 9.819124745437139978e-01 -1.851884487312558392e-01 -3.940978040983638547e-02 -1.519641913821964465e+02 3.272410270824994971e-02 -3.902206769218054955e-02 9.987023637375486151e-01 3.492760313048652421e+00
-1.865993579090325927e-01 -9.819082698751090410e-01 -3.219983196861293112e-02 -1.077488428710442179e+02 9.818928007932506974e-01 -1.853061134354667683e-01 -3.934681783610483041e-02 -1.519587834024714539e+02 3.266814011116201538e-02 -3.895887414071423638e-02 9.987066630134022738e-01 3.491007056243612183e+00
-1.865894693601890530e-01 -9.819112395993927489e-01 -3.216655829067337213e-02 -1.077405797174150877e+02 9.818968496539339785e-01 -1.853001612169045131e-01 -3.927374304378410813e-02 -1.519575198548231754e+02 3.260286127877534690e-02 -3.891230912414989779e-02 9.987106115562522923e-01 3.488942161753507243e+00
-1.865486870537444997e-01 -9.819194586688901882e-01 -3.215220126084576691e-02 -1.077431861925415433e+02 9.819053907333439302e-01 -1.852609630467247914e-01 -3.924511714595216305e-02 -1.519583610386715407e+02 3.257899641369411958e-02 -3.889154481881564041e-02 9.987121991516287878e-01 3.487019208327967412e+00
-1.864043868711739993e-01 -9.819481483127476817e-01 -3.211290364243477025e-02 -1.077410312664197676e+02 9.819305177462311907e-01 -1.851157488002734830e-01 -3.930162674410488111e-02 -1.519637536101918727e+02 3.264755540313220294e-02 -3.885863573622538869e-02 9.987112413280020418e-01 3.486785004488183404e+00
-1.864028467972254077e-01 -9.819469853162182682e-01 -3.215737449296984796e-02 -1.077400819742882874e+02 9.819259214515784207e-01 -1.851066165991459567e-01 -3.945915955371789158e-02 -1.519662124640076968e+02 3.279425997577961605e-02 -3.893145925351184505e-02 9.987035986683101552e-01 3.490975234656718218e+00
-1.865435712238561194e-01 -9.819195113167493716e-01 -3.218026305869155917e-02 -1.077399645462973865e+02 9.819024197680175092e-01 -1.852500305889586141e-01 -3.937085496280481878e-02 -1.519588547127114566e+02 3.269761594921657272e-02 -3.894225805299865451e-02 9.987063464547379921e-01 3.490939103777808583e+00
-1.865822882148175932e-01 -9.819113312305483010e-01 -3.220539280267997045e-02 -1.077426163475808636e+02 9.818951507092350539e-01 -1.852877822946126241e-01 -3.937449359715736869e-02 -1.519612323829068714e+02 3.269499561417803929e-02 -3.896890213229487615e-02 9.987053929605028690e-01 3.492575773184720234e+00
-1.864875035644246726e-01 -9.819272032453091326e-01 -3.227039728844703637e-02 -1.077401010952528537e+02 9.819102535724985037e-01 -1.851870792505294627e-01 -3.947150374447240539e-02 -1.519613578017589361e+02 3.278208265959482726e-02 -3.904757617962478777e-02 9.986994652301541819e-01 3.496774544585917965e+00
-1.865344882630020074e-01 -9.819218079916227637e-01 -3.216283070444438813e-02 -1.077372261245034935e+02 9.819085446114268478e-01 -1.852469069767430643e-01 -3.923255631002905974e-02 -1.519595278757520589e+02 3.256523771646193527e-02 -3.889918310212538144e-02 9.987123504024858489e-01 3.489348958574070458e+00
-1.864071993186435794e-01 -9.819471031205290190e-01 -3.212853428622006874e-02 -1.077346925277302461e+02 9.819330812988907864e-01 -1.851216238616835152e-01 -3.920979762354811354e-02 -1.519619029405168646e+02 3.255426075102444555e-02 -3.885705923014153712e-02 9.987143480770362958e-01 3.487838495744811862e+00
-1.863901728868770924e-01 -9.819501290982383113e-01 -3.213483180527797189e-02 -1.077391693073841594e+02 9.819298392260878972e-01 -1.850966635167976548e-01 -3.940832389710095807e-02 -1.519680770482766548e+02 3.274895858847305663e-02 -3.889947453247666331e-02 9.987063315071491587e-01 3.489494852273887560e+00
-1.864740945381901938e-01 -9.819335356823342131e-01 -3.215499290238030272e-02 -1.077422359279018593e+02 9.819128400467618256e-01 -1.851783766860040092e-01 -3.944798295525967641e-02 -1.519626735477163493e+02 3.278088799078182625e-02 -3.892942730539971502e-02 9.987041168795738333e-01 3.490049714241528545e+00
-1.865468046767049248e-01 -9.819151353126829296e-01 -3.229484028118109751e-02 -1.077457021771515002e+02 9.819011623374247488e-01 -1.852478954880711903e-01 -3.941223943973613114e-02 -1.519685445230879850e+02 3.271692322523217511e-02 -3.906256854222917713e-02 9.987010156566167307e-01 3.494908589677775179e+00
-1.865311637179685178e-01 -9.819195132739788612e-01 -3.225204511054484413e-02 -1.077390014601084971e+02 9.819043140710383977e-01 -1.852342120675665171e-01 -3.939802899119700802e-02 -1.519617794657215768e+02 3.271151128737088964e-02 -3.901738242757996772e-02 9.987029592915984688e-01 3.493766296863167753e+00
-1.864410081710801137e-01 -9.819395956135728021e-01 -3.216179470123815137e-02 -1.077368270721407697e+02 9.819247681209795076e-01 -1.851517894576724110e-01 -3.927549632000584129e-02 -1.519633346656003141e+02 3.261135113288437387e-02 -3.890302593468924347e-02 9.987106960228335772e-01 3.491369571895949875e+00
-1.865067725562898904e-01 -9.819285843085931997e-01 -3.211664846086036140e-02 -1.077392800803265374e+02 9.819097176076050371e-01 -1.852162062334334891e-01 -3.934797855351063189e-02 -1.519591447737546446e+02 3.268838109160017436e-02 -3.887431370733550329e-02 9.987092957790039138e-01 3.489471101132092912e+00
-1.863873654811056824e-01 -9.819506403273289274e-01 -3.213549361315881647e-02 -1.077393531494238061e+02 9.819324069287299617e-01 -1.850962529038813198e-01 -3.934622452146522426e-02 -1.519666216664805631e+02 3.268789091030331606e-02 -3.888852172159585480e-02 9.987087586810006190e-01 3.489875942538280373e+00
-1.863995599450702922e-01 -9.819483191923653598e-01 -3.213568868986886595e-02 -1.077406720337460797e+02 9.819288765154444709e-01 -1.851069746383764425e-01 -3.938387240158004732e-02 -1.519633336876764815e+02 3.272438719671580398e-02 -3.889609717588034254e-02 9.987072684761455488e-01 3.489214476672354071e+00
-1.864443779698885528e-01 -9.819381145148313728e-01 -3.218746940160818748e-02 -1.077388749214343875e+02 9.819207522428357038e-01 -1.851501020957673216e-01 -3.938370232457382575e-02 -1.519630883102685459e+02 3.271284515729326603e-02 -3.894841404967678417e-02 9.987056076766215318e-01 3.491029039110250309e+00
-1.865288232879436237e-01 -9.819196887047865197e-01 -3.226023894377860052e-02 -1.077412806912041958e+02 9.819082087306185702e-01 -1.852356680984255100e-01 -3.929398034759955943e-02 -1.519666472010344194e+02 3.260778603712128493e-02 -3.900605335104472687e-02 9.987067938547994350e-01 3.493393663758065593e+00
-1.863742614969541300e-01 -9.819507281292788603e-01 -3.220872828666655752e-02 -1.077388327971035125e+02 9.819387221703369528e-01 -1.850848043219732730e-01 -3.924233825325418312e-02 -1.519666769694630943e+02 3.257269644888111104e-02 -3.894075930790485973e-02 9.987104869333118806e-01 3.491696999049476169e+00
-1.865458954383627521e-01 -9.819195260708138973e-01 -3.216633668866523271e-02 -1.077407692628680280e+02 9.819028722601638171e-01 -1.852539742636050146e-01 -3.934100236115934540e-02 -1.519574201289214841e+02 3.267075668454390985e-02 -3.892312089759306787e-02 9.987079714897897365e-01 3.490545213562849192e+00
-1.863848429672565477e-01 -9.819535840468351928e-01 -3.206008561507736609e-02 -1.077396362361833866e+02 9.819342240306900838e-01 -1.850983452228143200e-01 -3.929099480825348073e-02 -1.519634934731676594e+02 3.264766437767753493e-02 -3.880414118816210428e-02 9.987133565930375045e-01 3.485407233581516273e+00
-1.864278012518443273e-01 -9.819432058085116877e-01 -3.212811054055067506e-02 -1.077340217730937013e+02 9.819236389434417012e-01 -1.851356222648248284e-01 -3.937980005898568392e-02 -1.519637279532618379e+02 3.272066937690069899e-02 -3.888884075308861321e-02 9.987076728755058808e-01 3.488761601313643990e+00
-1.864912928355006994e-01 -9.819280285671778685e-01 -3.222335194729246399e-02 -1.077368249936927640e+02 9.819088629263958978e-01 -1.851919553615195557e-01 -3.948321891600466843e-02 -1.519598055975449142e+02 3.280217375625724130e-02 -3.900367141119582409e-02 9.987005211840593866e-01 3.492099178109399293e+00
-1.864913220975155106e-01 -9.819283360407512484e-01 -3.221381167391276085e-02 -1.077396006012960044e+02 9.819136389538046794e-01 -1.851980628264811024e-01 -3.933552035776465700e-02 -1.519631328744792711e+02 3.265872653393122466e-02 -3.896691424221749439e-02 9.987066572200375969e-01 3.493101599897710852e+00
-1.865300666656852790e-01 -9.819216417469196490e-01 -3.219353504555422241e-02 -1.077376087928994508e+02 9.819101485086403347e-01 -1.852421790218830022e-01 -3.921473405449860117e-02 -1.519632806335547173e+02 3.254219546120629136e-02 -3.892588573506099159e-02 9.987120610738140503e-01 3.490780211007220579e+00
-1.865068376087226643e-01 -9.819288476528794662e-01 -3.210821814243870753e-02 -1.077394000256897613e+02 9.819138939581600889e-01 -1.852215973693371875e-01 -3.921816823711975902e-02 -1.519619199892107133e+02 3.256231529110613365e-02 -3.884196203901207206e-02 9.987146727708783311e-01 3.486549924313913529e+00
-1.863706431814577957e-01 -9.819560552134990461e-01 -3.206694543721274465e-02 -1.077389609634666954e+02 9.819307385317034287e-01 -1.850765634723980924e-01 -3.948025303656095553e-02 -1.519643602167953418e+02 3.283303346803593398e-02 -3.884547956700871996e-02 9.987056726736340817e-01 3.489723478889771968e+00
-1.864472654549054198e-01 -9.819389971589167487e-01 -3.214378731464115346e-02 -1.077381272957566409e+02 9.819169256666078205e-01 -1.851508429759975982e-01 -3.947551690244061051e-02 -1.519644473841599677e+02 3.281110016176541633e-02 -3.892263099815269911e-02 9.987033896519807996e-01 3.492009234862440525e+00
-1.864204633919896992e-01 -9.819396064595230511e-01 -3.228033603965291959e-02 -1.077407471389100095e+02 9.819257761737988366e-01 -1.851230771641669826e-01 -3.938548446766623051e-02 -1.519692237283467762e+02 3.269833197884392667e-02 -3.903915428626759249e-02 9.987025400580566981e-01 3.492417284883855277e+00
-1.864532943822621025e-01 -9.819343205035032662e-01 -3.225149967559479830e-02 -1.077446720773603346e+02 9.819214119744418268e-01 -1.851592443047584968e-01 -3.932422859522007735e-02 -1.519644298955940087e+02 3.264214637734356300e-02 -3.900057007037324025e-02 9.987058855409164382e-01 3.492195722149491921e+00
-1.865122684317346291e-01 -9.819259489685656650e-01 -3.216526801739207769e-02 -1.077374117432194112e+02 9.819140974469542371e-01 -1.852262168597846870e-01 -3.919124676181519329e-02 -1.519602512672932164e+02 3.252505125871404251e-02 -3.889317845065094759e-02 9.987138938207598127e-01 3.487326778704318286e+00
-1.864603451594279981e-01 -9.819392284183315889e-01 -3.206074509800111577e-02 -1.077420555157646334e+02 9.819216313638666760e-01 -1.851757733690413410e-01 -3.924083099146084136e-02 -1.519629004192530033e+02 3.259523803793915736e-02 -3.879799802038091244e-02 9.987153076862598233e-01 3.485174633073885975e+00
-1.863835326266167769e-01 -9.819517080580802970e-01 -3.212509622463500386e-02 -1.077446792020886193e+02 9.819290667759991154e-01 -1.850880123610161299e-01 -3.946815806019442902e-02 -1.519635843648125331e+02 3.280985501399013432e-02 -3.890078048146971418e-02 9.987042819032535546e-01 3.490826995964117607e+00
-1.864641333290470993e-01 -9.819347912773481735e-01 -3.217441003279753603e-02 -1.077426732230426580e+02 9.819159611080221506e-01 -1.851691126541430421e-01 -3.941376714026188777e-02 -1.519652270422320726e+02 3.274404225438338339e-02 -3.894182068147977738e-02 9.987048424328655027e-01 3.490554471182810481e+00
-1.864409121075689679e-01 -9.819376808935549317e-01 -3.222075625874580573e-02 -1.077432144259634441e+02 9.819247458440329979e-01 -1.851492864662016569e-01 -3.928785079624673438e-02 -1.519665466859763683e+02 3.261257106745032996e-02 -3.896322063746980591e-02 9.987083095909067287e-01 3.489740347257227260e+00
-1.865292904039437261e-01 -9.819221264683423156e-01 -3.218324677981210247e-02 -1.077421296464575420e+02 9.819089686856651289e-01 -1.852402284522336462e-01 -3.925347089899187958e-02 -1.519630949589702880e+02 3.258221963057429671e-02 -3.892294072720235698e-02 9.987108708976245586e-01 3.488423637711656866e+00
-1.864281559188138981e-01 -9.819403779479152217e-01 -3.221237085680542234e-02 -1.077382767642992434e+02 9.819300798633405769e-01 -1.851403682770991210e-01 -3.919645766895402117e-02 -1.519655331031590606e+02 3.252477425416472334e-02 -3.893761920978343338e-02 9.987121711834644477e-01 3.489398290539158509e+00
-1.864255004445805053e-01 -9.819410469363490934e-01 -3.220734583187880723e-02 -1.077357818280935788e+02 9.819276001389748432e-01 -1.851343500104358775e-01 -3.928690025348133275e-02 -1.519642122833568294e+02 3.261473392964116952e-02 -3.894936184021434433e-02 9.987087795463394091e-01 3.489063468400103840e+00
-1.864440113912471109e-01 -9.819395433138511375e-01 -3.214597786544574204e-02 -1.077381708232042001e+02 9.819209235177950301e-01 -1.851515210046499327e-01 -3.937275996961787927e-02 -1.519655366756054207e+02 3.270979324760337620e-02 -3.890562358130136844e-02 9.987073755006764531e-01 3.489815128435364677e+00
-1.864136375040847948e-01 -9.819444197046107714e-01 -3.217316216151979574e-02 -1.077349603969989289e+02 9.819289887321691612e-01 -1.851228433897349479e-01 -3.930641096207961038e-02 -1.519650658781685308e+02 3.264072364265064446e-02 -3.891901163024889809e-02 9.987091136531240920e-01 3.490162988897028473e+00
-1.864839394443282838e-01 -9.819315106052982633e-01 -3.215973895605119676e-02 -1.077411018472195963e+02 9.819136609715645170e-01 -1.851912142570715236e-01 -3.936720156946520166e-02 -1.519616140331281144e+02 3.270019459794665934e-02 -3.891943784779888782e-02 9.987071515869242466e-01 3.491519783813475719e+00
-1.865123146952318844e-01 -9.819253524100282071e-01 -3.218320620243655256e-02 -1.077434002575665062e+02 9.819086121313731486e-01 -1.852190091570140584e-01 -3.936236869313752829e-02 -1.519636275256138731e+02 3.268996618639135460e-02 -3.894253383301649052e-02 9.987065861249724286e-01 3.490319544123257067e+00
-1.864478412501269222e-01 -9.819362422232090770e-01 -3.222450467782615041e-02 -1.077433951100720009e+02 9.819205859664655867e-01 -1.851526599729143019e-01 -3.937582202605818121e-02 -1.519673219809928355e+02 3.269809395730830653e-02 -3.898344152993788586e-02 9.987047240991908659e-01 3.492142892798440368e+00
-1.864749781631547254e-01 -9.819324377045418606e-01 -3.218338550660485714e-02 -1.077374760261476325e+02 9.819204997488620856e-01 -1.851874489570823901e-01 -3.921403985452864838e-02 -1.519637089954873090e+02 3.254557868582987762e-02 -3.891396320581803903e-02 9.987124154508246754e-01 3.490138744429083673e+00
-1.864150943787625803e-01 -9.819449707492403645e-01 -3.214789274634965999e-02 -1.077360133555007451e+02 9.819235922396708505e-01 -1.851192207851424243e-01 -3.945799157385902062e-02 -1.519640990598367978e+02 3.279438352672818524e-02 -3.892233955166864851e-02 9.987039500737575626e-01 3.490700478210755797e+00
-1.863422100743512555e-01 -9.819597088420998210e-01 -3.212025770981336015e-02 -1.077390287590054214e+02 9.819438564874382047e-01 -1.850552074588291962e-01 -3.925344442144080431e-02 -1.519676579903543256e+02 3.260127990100698814e-02 -3.885486331346649919e-02 9.987128997593393009e-01 3.488510802425988100e+00
-1.864496412918426049e-01 -9.819362649434779655e-01 -3.221339552104566378e-02 -1.077412379149957076e+02 9.819185017430418494e-01 -1.851528272473741410e-01 -3.942697676723939254e-02 -1.519641670580349455e+02 3.275037704887682338e-02 -3.898207474155476054e-02 9.987030643049015222e-01 3.494058247093338565e+00
-1.864658042803934990e-01 -9.819332503595396000e-01 -3.221173190649787715e-02 -1.077396665030839387e+02 9.819145464833533010e-01 -1.851679770154401883e-01 -3.945432412804190936e-02 -1.519651281119620023e+02 3.277693149849707915e-02 -3.898605040728687909e-02 9.987020379648693380e-01 3.490870257222926210e+00
-1.865132749313691551e-01 -9.819231936514261072e-01 -3.224344962560738576e-02 -1.077403007332676736e+02 9.819091315177761459e-01 -1.852183900942097061e-01 -3.935232411072436820e-02 -1.519640515321647456e+02 3.266887993766973836e-02 -3.899986846506919846e-02 9.987050388094201869e-01 3.492445307826455014e+00
-1.864776133790682078e-01 -9.819304307459323367e-01 -3.222931714377996748e-02 -1.077359887547909665e+02 9.819173733817240235e-01 -1.851851051816422178e-01 -3.930329082914132272e-02 -1.519651918889224191e+02 3.262470780838799822e-02 -3.897571030746869308e-02 9.987074258492552037e-01 3.492287811960435029e+00
-1.865689304861304354e-01 -9.819154494508958164e-01 -3.215718126496327350e-02 -1.077404938259132336e+02 9.819005433421074125e-01 -1.852797804771677548e-01 -3.927754995932923598e-02 -1.519617135542581821e+02 3.260915763610788137e-02 -3.890312424444565542e-02 9.987107638161735190e-01 3.488228758849003963e+00
-1.864701841365028478e-01 -9.819357771248041766e-01 -3.210918918947264916e-02 -1.077379460178743926e+02 9.819176456834369793e-01 -1.851811392721844918e-01 -3.931517205039215118e-02 -1.519609675038009300e+02 3.265895778488454165e-02 -3.885968682532597168e-02 9.987108276254156314e-01 3.488542369594644921e+00
-1.863071739740012056e-01 -9.819637784260732971e-01 -3.219898732896995380e-02 -1.077410800419231123e+02 9.819449049460442502e-01 -1.850104063393060994e-01 -3.943796643678825625e-02 -1.519666742018469847e+02 3.276950680626235929e-02 -3.896520762622380368e-02 9.987030950279064401e-01 3.492102149671451716e+00
-1.864222736151890381e-01 -9.819419685813692844e-01 -3.219792289401159080e-02 -1.077395747294154660e+02 9.819228849481007604e-01 -1.851251573718404320e-01 -3.944773913990534675e-02 -1.519654054781300943e+02 3.277474508432270950e-02 -3.896981455686440721e-02 9.987027433816637600e-01 3.491551021015066869e+00
-1.864724067686180931e-01 -9.819305968757936487e-01 -3.225437075912332419e-02 -1.077391935489880979e+02 9.819150423945683936e-01 -1.851749404872751192e-01 -3.940927473079852000e-02 -1.519675667269739847e+02 3.272447147307995519e-02 -3.901979413941238789e-02 9.987024404857162141e-01 3.493534836063321602e+00
-1.865234180582922008e-01 -9.819208092120217390e-01 -3.225738601095925334e-02 -1.077387858715045184e+02 9.819071118669193687e-01 -1.852278475665705137e-01 -3.935820309694413460e-02 -1.519608696287811824e+02 3.267167245514849411e-02 -3.901498330467185333e-02 9.987043571031016809e-01 3.494637737701820068e+00
-1.865918603562930489e-01 -9.819085465460473117e-01 -3.223482384947519430e-02 -1.077369374091688599e+02 9.818969725114010672e-01 -1.853005078426419594e-01 -3.926903571777734525e-02 -1.519612010515843394e+02 3.258547255638170881e-02 -3.897855837621579111e-02 9.987085956199581727e-01 3.492110509545877317e+00
-1.864249173088157185e-01 -9.819410588969694764e-01 -3.221035638890179520e-02 -1.077353231017235089e+02 9.819266726765136788e-01 -1.851324079369178754e-01 -3.931921944685667913e-02 -1.519665231795247848e+02 3.264597513986508548e-02 -3.895829030870644194e-02 9.987074105679750735e-01 3.491227879058954375e+00
-1.862998795335382152e-01 -9.819682380411446365e-01 -3.210505200368835022e-02 -1.077390192665391737e+02 9.819464742960010151e-01 -1.850071152087693349e-01 -3.941432404320497490e-02 -1.519703972176963589e+02 3.276395127945881669e-02 -3.886832644325644709e-02 9.987070524913989056e-01 3.488587609575736437e+00
-1.864123681590623693e-01 -9.819468642669280101e-01 -3.210583675405279808e-02 -1.077384453257973433e+02 9.819232763052090363e-01 -1.851172008532930846e-01 -3.947532644939422825e-02 -1.519644227102727143e+02 3.281933039193295903e-02 -3.888415750134335130e-02 9.987046179166469972e-01 3.490859470231995498e+00
-1.865313906093224450e-01 -9.819193357216079443e-01 -3.225613822807767150e-02 -1.077414016079395793e+02 9.819026283081749851e-01 -1.852323160773643451e-01 -3.944892396648794208e-02 -1.519629408342488546e+02 3.276078202440761700e-02 -3.903084955073167495e-02 9.987008180353600384e-01 3.492828458176339801e+00
-1.864535524743120565e-01 -9.819332320031757266e-01 -3.228313270899448029e-02 -1.077362106453819166e+02 9.819197585939805073e-01 -1.851563177783528413e-01 -3.937925430351608275e-02 -1.519670482507021347e+02 3.269037247337919228e-02 -3.904184773495320698e-02 9.987026953368016713e-01 3.494196467774376647e+00
-1.864218514581990060e-01 -9.819435216382127463e-01 -3.215297204991510172e-02 -1.077330258226732127e+02 9.819286486755655075e-01 -1.851333062944466867e-01 -3.926560595056517028e-02 -1.519646165543137499e+02 3.260402136356260749e-02 -3.889189135580877615e-02 9.987113690039240987e-01 3.488378932299274648e+00
-1.864734133593057841e-01 -9.819344985833964312e-01 -3.212952850422604034e-02 -1.077398659872630162e+02 9.819187820143537859e-01 -1.851856332689427731e-01 -3.926559254906516333e-02 -1.519617963661889348e+02 3.260631284855861067e-02 -3.887057656576497350e-02 9.987121240076476392e-01 3.489834887572722533e+00
-1.864322271757359317e-01 -9.819413466113681155e-01 -3.215923639249542582e-02 -1.077329916477417981e+02 9.819218003473851875e-01 -1.851376058074423181e-01 -3.941630269873671460e-02 -1.519640165740577231e+02 3.275061332013665810e-02 -3.892632439547469986e-02 9.987052310848347769e-01 3.491142891691681793e+00
-1.865924432269980837e-01 -9.819082199992170690e-01 -3.224139619416800662e-02 -1.077390537000257069e+02 9.818908712398992655e-01 -1.852936765225958737e-01 -3.945339550015794505e-02 -1.519615099045466309e+02 3.276548651144618740e-02 -3.901923805905789522e-02 9.987011174295133964e-01 3.491717192825343652e+00
-1.864947881091354454e-01 -9.819278880699239265e-01 -3.220740037116057858e-02 -1.077391296614717362e+02 9.819099955799749369e-01 -1.851982231866904360e-01 -3.942560980665862219e-02 -1.519624259788204483e+02 3.274835245111989285e-02 -3.897743910305500464e-02 9.987033116259828036e-01 3.493059120605688239e+00
-1.864365351035714991e-01 -9.819391336047997854e-01 -3.220180544675436962e-02 -1.077452741068377833e+02 9.819218905464615066e-01 -1.851412788826267697e-01 -3.939679833906321871e-02 -1.519679406905049746e+02 3.272337458512110386e-02 -3.896466025979546111e-02 9.987046290102997714e-01 3.493649644286331846e+00
-1.864365747640310822e-01 -9.819373448154447015e-01 -3.225607612606617297e-02 -1.077297387427864521e+02 9.819245227275765764e-01 -1.851422916257916551e-01 -3.932637178499600455e-02 -1.519609898104412480e+02 3.264406923894811602e-02 -3.900490620864337926e-02 9.987056533509649503e-01 3.493121823506730728e+00
-1.865060866369956383e-01 -9.819263272620046834e-01 -3.218955540395743165e-02 -1.077341508536535741e+02 9.819142056392062834e-01 -1.852178004250359944e-01 -3.922829552298580380e-02 -1.519647147586269966e+02 3.255721749905317319e-02 -3.892369760778771615e-02 9.987116567624796382e-01 3.490392979617093605e+00
-1.864176910205956883e-01 -9.819412699341618644e-01 -3.224572645537520516e-02 -1.077362951920054002e+02 9.819279710944572859e-01 -1.851236889186240742e-01 -3.932784488734147182e-02 -1.519697536322977953e+02 3.264818611916989882e-02 -3.899438679150778880e-02 9.987059295617916055e-01 3.492335988642474742e+00
-1.864909738937050587e-01 -9.819282989892293978e-01 -3.221695671996122751e-02 -1.077410002153841191e+02 9.819099124578324345e-01 -1.851930702520629968e-01 -3.945187635165608997e-02 -1.519652530252661506e+02 3.277255670876761534e-02 -3.899156799530927031e-02 9.987019661300551299e-01 3.493265724811145834e+00
-1.865146601701637152e-01 -9.819221479812842990e-01 -3.226727204815327960e-02 -1.077397347839721533e+02 9.819080219766083140e-01 -1.852178076038650811e-01 -3.938273891443316160e-02 -1.519680158094808178e+02 3.269431020212989342e-02 -3.902895143657906379e-02 9.987030705020226717e-01 3.495601269277327727e+00
-1.864555943860253251e-01 -9.819345102295955474e-01 -3.223242067109231834e-02 -1.077388393603671801e+02 9.819194231847940824e-01 -1.851604523460070872e-01 -3.936817571926897602e-02 -1.519688906785476092e+02 3.268880075186679501e-02 -3.899005651683839363e-02 9.987047700888478374e-01 3.491859848763460672e+00
-1.865052178609247768e-01 -9.819248698125313535e-01 -3.223900982184103869e-02 -1.077372162595394514e+02 9.819104198126940020e-01 -1.852102348144919475e-01 -3.935856175243428179e-02 -1.519662317501794462e+02 3.267615604547761954e-02 -3.899639680283990828e-02 9.987049363362969778e-01 3.492684707320442339e+00
-1.865520070163855237e-01 -9.819160053997856297e-01 -3.223828497124491682e-02 -1.077417652786660796e+02 9.819010812074330241e-01 -1.852564412592674348e-01 -3.937407390182144640e-02 -1.519657748069384979e+02 3.268968341591751287e-02 -3.900011938033498549e-02 9.987043482865620714e-01 3.492742108232205656e+00
-1.865406183486859604e-01 -9.819199491765080445e-01 -3.218401956396448743e-02 -1.077374826371453764e+02 9.819044107642753705e-01 -1.852486360067939763e-01 -3.932773803924462241e-02 -1.519658601329997225e+02 3.265464481128169810e-02 -3.893785133807629861e-02 9.987079242228044107e-01 3.490220912672789666e+00
-1.865542019740729085e-01 -9.819191778927880421e-01 -3.212876922896889392e-02 -1.077353716233549079e+02 9.818987458619812259e-01 -1.852607426542542957e-01 -3.941205533669892708e-02 -1.519634936998348564e+02 3.274725332735054645e-02 -3.889968274350943250e-02 9.987063793137443968e-01 3.489396966230102759e+00
-1.864147783533689484e-01 -9.819446840989866088e-01 -3.215847914945225983e-02 -1.077307073184282444e+02 9.819248445640930134e-01 -1.851198960199171850e-01 -3.942364424247160604e-02 -1.519690719152450242e+02 3.275866357539933271e-02 -3.892635954358594774e-02 9.987049656897862837e-01 3.490572896469041009e+00
-1.865484894235946989e-01 -9.819208177093905476e-01 -3.211181780430539395e-02 -1.077364926994753631e+02 9.819029996061277021e-01 -1.852594861453495945e-01 -3.931185772320756194e-02 -1.519655220780655895e+02 3.265211261562846884e-02 -3.886425789955257754e-02 9.987108735763585710e-01 3.489334107350717584e+00
-1.865609861689649929e-01 -9.819167697963417929e-01 -3.216295434784031959e-02 -1.077380516564106614e+02 9.819008263852790908e-01 -1.852701551905768795e-01 -3.931585862684001953e-02 -1.519651298778330499e+02 3.264606536122456604e-02 -3.891563681063929525e-02 9.987090705646229916e-01 3.490507894030566050e+00
-1.865229304747906269e-01 -9.819209390506395962e-01 -3.225625305280271221e-02 -1.077351961702679688e+02 9.819107810475511400e-01 -1.852316829383198193e-01 -3.924846109627471574e-02 -1.519640740917736252e+02 3.256400573769160228e-02 -3.899350060904794441e-02 9.987087125085911676e-01 3.493119957921162033e+00
-1.865105959264043989e-01 -9.819234193071845196e-01 -3.225207316227502591e-02 -1.077427807546504823e+02 9.819147915414422334e-01 -1.852215328476050082e-01 -3.919599369463231536e-02 -1.519691255779874552e+02 3.251368572314652233e-02 -3.897925583782809594e-02 9.987109080484830592e-01 3.491583477183096917e+00
-1.865960258752530354e-01 -9.819127258297972727e-01 -3.208304818840932576e-02 -1.077492167033633592e+02 9.818971387026742548e-01 -1.853118760342487015e-01 -3.921119238392314910e-02 -1.519722645999731583e+02 3.255659894804322635e-02 -3.881890588572917133e-02 9.987157555634992301e-01 3.487179251317189532e+00
-1.866487849886417916e-01 -9.819026836560161842e-01 -3.208349873966212518e-02 -1.077559113926240286e+02 9.818860925843778675e-01 -1.853633198333903831e-01 -3.924462829136611541e-02 -1.519754156171261741e+02 3.258730200012102673e-02 -3.882730340183698781e-02 9.987144277814827831e-01 3.488057546499946149e+00
-1.865720708087659219e-01 -9.819180603276549402e-01 -3.205908914027834344e-02 -1.077724137692046611e+02 9.819015315227255236e-01 -1.852887257767097395e-01 -3.921059159677242612e-02 -1.519801128153510206e+02 3.256140026863849068e-02 -3.879446999790951700e-02 9.987165485312270441e-01 3.485631325408827141e+00
-1.864977664303404392e-01 -9.819342778998018106e-01 -3.199464020565388755e-02 -1.077813542276342247e+02 9.819167798783113854e-01 -1.852184592508303584e-01 -3.916069133910406175e-02 -1.519843819420300406e+02 3.252722720894428432e-02 -3.871945555071169831e-02 9.987205731594569480e-01 3.484360916514680273e+00
-1.867319156581035422e-01 -9.818907501302794882e-01 -3.196476940715096277e-02 -1.078152687602567426e+02 9.818690063516729571e-01 -1.854495437208194542e-01 -3.926475645816204091e-02 -1.519921112461808548e+02 3.262584927069011459e-02 -3.871719956734114704e-02 9.987174437332256849e-01 3.488915518635468338e+00
-1.868749202918380536e-01 -9.818691874764823302e-01 -3.179092402229959091e-02 -1.078381303406999621e+02 9.818471853177860309e-01 -1.856056501219875976e-01 -3.907233453910464310e-02 -1.519869248140427942e+02 3.246334624558233628e-02 -3.851546867255765255e-02 9.987305391463068283e-01 3.487138472977360237e+00
-1.868318035166480762e-01 -9.818849188385899707e-01 -3.155761955618222731e-02 -1.078696352694506260e+02 9.818593578991282600e-01 -1.855765637880328889e-01 -3.890424499380516071e-02 -1.519998511694210208e+02 3.234313683965266834e-02 -3.825369433090419075e-02 9.987445000446356635e-01 3.485228308138475395e+00
-1.872792283970667881e-01 -9.818117236120060820e-01 -3.118060276873566017e-02 -1.079139041291034573e+02 9.817709436015793489e-01 -1.860345199261677074e-01 -3.894832083036955939e-02 -1.519982180699331025e+02 3.243924953916825504e-02 -3.790642127480062240e-02 9.987546236766430274e-01 3.486032698389109452e+00
-1.874191267759213186e-01 -9.817911245000574549e-01 -3.098804239483262529e-02 -1.079631763569114185e+02 9.817582995259279688e-01 -1.861982700313162820e-01 -3.848175605795080279e-02 -1.520136641072444945e+02 3.201112666729750283e-02 -3.763498492437339360e-02 9.987787020552812978e-01 3.477635158532867976e+00
-1.876702485601866588e-01 -9.817451283273164186e-01 -3.092540720732278592e-02 -1.080361417482960888e+02 9.817178350831960998e-01 -1.864603113109764010e-01 -3.824453667357573250e-02 -1.520268390050524374e+02 3.178002650912224725e-02 -3.753738551623832242e-02 9.987897549553083065e-01 3.465946487669982368e+00
-1.882057129014973462e-01 -9.816431879159267515e-01 -3.090730090925766435e-02 -1.081207823914246404e+02 9.816232534344989658e-01 -1.870050832165555121e-01 -3.801167146861911261e-02 -1.520446867616403495e+02 3.153407597993329592e-02 -3.749333900075353665e-02 9.987992048368212750e-01 3.461593601489540539e+00
-1.886174525663355528e-01 -9.815723349367545536e-01 -3.064649856335966219e-02 -1.082286159337688218e+02 9.815334513816177386e-01 -1.874136466877309726e-01 -3.831721354816643166e-02 -1.520639452906946474e+02 3.186754471677442913e-02 -3.730785871655162289e-02 9.987955663055929634e-01 3.462995335109308570e+00
-1.887140000321705369e-01 -9.815564017043071354e-01 -3.056233736400130671e-02 -1.083508438031536656e+02 9.815174172014254905e-01 -1.875162871838984557e-01 -3.822566900668671053e-02 -1.520958381911405297e+02 3.178971409278400634e-02 -3.721118533531080075e-02 9.988016528639909186e-01 3.454761796024809595e+00
-1.882472698271335787e-01 -9.816534625967080485e-01 -3.032234777394713504e-02 -1.084945078162019456e+02 9.815954047585649933e-01 -1.870461218501449085e-01 -3.852544169363666254e-02 -1.521211648428115666e+02 3.214695568011782800e-02 -3.701658645410912246e-02 9.987974497203053748e-01 3.453176600861649792e+00
-1.874734458916167412e-01 -9.818080523134800064e-01 -3.011072064786519606e-02 -1.086614860117087460e+02 9.817536501882544453e-01 -1.862934049652980040e-01 -3.813840070681766975e-02 -1.521485699757452892e+02 3.183516024086199131e-02 -3.671124730714288992e-02 9.988187057187066786e-01 3.447186620685290137e+00
-1.867782781444029538e-01 -9.819489526107993971e-01 -2.983503443882972936e-02 -1.088604354460921115e+02 9.818741187501143219e-01 -1.855962563335560311e-01 -3.843493936063011734e-02 -1.521761338508481174e+02 3.220387774940081799e-02 -3.647305994186828687e-02 9.988156116903552650e-01 3.442866308186947943e+00
-1.852074025902827881e-01 -9.822538345300998452e-01 -2.959092051080213642e-02 -1.090494695592359875e+02 9.821918252569116214e-01 -1.840600468207078677e-01 -3.769771296584897846e-02 -1.522158150521838991e+02 3.158221689903413509e-02 -3.604585572953583616e-02 9.988509697950279653e-01 3.432580064853082646e+00
-1.836162183073473120e-01 -9.825611602464099370e-01 -2.930274304117359147e-02 -1.092586114597528990e+02 9.824921026859487760e-01 -1.824839075551554224e-01 -3.753520538300603865e-02 -1.522485830423255209e+02 3.153335589897570540e-02 -3.568178609080586289e-02 9.988655853552661501e-01 3.424386138386846579e+00
-1.809532720664186467e-01 -9.830621204505165522e-01 -2.906511076516082523e-02 -1.094747861318683420e+02 9.829920689703772751e-01 -1.798404626319778377e-01 -3.720215506732740124e-02 -1.522977301619896480e+02 3.134494647935960610e-02 -3.530262505325381522e-02 9.988849878712541264e-01 3.419076539029465511e+00
-1.792189126965209045e-01 -9.833880367376089948e-01 -2.878455372639502144e-02 -1.097268788567480726e+02 9.833022301982180524e-01 -1.781106820358897558e-01 -3.732705495911510518e-02 -1.523473225159621052e+02 3.158014279713410727e-02 -3.499363007836053807e-02 9.988884524484460403e-01 3.412520947762579304e+00
-1.768543940795186398e-01 -9.838274455690826370e-01 -2.839155930519294060e-02 -1.099936108427072696e+02 9.837349321124614354e-01 -1.757693355604343921e-01 -3.702329021486820693e-02 -1.523959720989900006e+02 3.143416352405816599e-02 -3.447750022344159282e-02 9.989110047155779215e-01 3.405091122365504042e+00
-1.745747673087973961e-01 -9.842477928079558236e-01 -2.792728006353403791e-02 -1.102692240726610748e+02 9.841345900069933261e-01 -1.735021133097600643e-01 -3.709616461057347464e-02 -1.524419118487782043e+02 3.166637602958085468e-02 -3.396025662027624820e-02 9.989213890989812050e-01 3.391424718010126238e+00
-1.721283182274138124e-01 -9.846814854681249507e-01 -2.782470557776009143e-02 -1.105793395555395620e+02 9.845350613906582726e-01 -1.710307186383002165e-01 -3.793687091154683555e-02 -1.524998655533536009e+02 3.259685501233100524e-02 -3.392440800299206805e-02 9.988926767100415605e-01 3.403317199987012209e+00
-1.699355330175653656e-01 -9.850641363061298783e-01 -2.775899820768733955e-02 -1.108912900445020853e+02 9.849363275833715736e-01 -1.688646987456881021e-01 -3.721752442209841361e-02 -1.525523591706102877e+02 3.197413368048344917e-02 -3.366542560233651282e-02 9.989215654366443431e-01 3.402699100790042230e+00
-1.674052538382262423e-01 -9.855037311779681897e-01 -2.752956268562636866e-02 -1.112180146404685530e+02 9.853612060696144148e-01 -1.663376706785715253e-01 -3.735067450879530487e-02 -1.525888547886441415e+02 3.223002575850478918e-02 -3.337926223765170369e-02 9.989229451224334033e-01 3.403301560471543308e+00
-1.647134531329150775e-01 -9.859662074067772064e-01 -2.720507689618559960e-02 -1.115584641337322154e+02 9.858462966265730820e-01 -1.636942645804400076e-01 -3.621142321340260067e-02 -1.526417885287748675e+02 3.124992455514487288e-02 -3.278453286788265281e-02 9.989737817480158766e-01 3.392108954286118472e+00
-1.629128602949132532e-01 -9.862799261078724067e-01 -2.667034508925569120e-02 -1.118946705258672552e+02 9.861196120841163593e-01 -1.618891373306092785e-01 -3.687842021322210867e-02 -1.526985108477032611e+02 3.205480640406251081e-02 -3.230811927366009778e-02 9.989638005530515619e-01 3.388232372298736195e+00
-1.608733756562288342e-01 -9.866168290958896581e-01 -2.658927508868518669e-02 -1.122562566279767253e+02 9.864853611146970902e-01 -1.598866612517697572e-01 -3.581742397447720827e-02 -1.527577851910732250e+02 3.108680284904707242e-02 -3.199200053972411917e-02 9.990045658504723702e-01 3.379392060554514465e+00
-1.580280947506027545e-01 -9.870893519746218869e-01 -2.611000742657757639e-02 -1.126223456676629979e+02 9.869403884266806370e-01 -1.570572656121054234e-01 -3.580062863472813911e-02 -1.528128149132977853e+02 3.123765294780785073e-02 -3.142652600542993752e-02 9.990178089010938178e-01 3.374083251082000245e+00
-1.556123578943344743e-01 -9.874721622031399360e-01 -2.614427173247349176e-02 -1.130060800825611409e+02 9.873444912644921967e-01 -1.546636916497488023e-01 -3.507132810334560868e-02 -1.528787720655202236e+02 3.058839061190790978e-02 -3.127093473382712430e-02 9.990427813665669898e-01 3.379713574488515171e+00
-1.536394783900112415e-01 -9.877931823545110790e-01 -2.568150256494748998e-02 -1.134194809258023469e+02 9.876653050026719116e-01 -1.527214387982103183e-01 -3.454572948114066622e-02 -1.529280859090931415e+02 3.020192003871528461e-02 -3.067231692182062486e-02 9.990730969256566008e-01 3.355544353299592331e+00
-1.518897694120091568e-01 -9.880750590681103285e-01 -2.524233736239135314e-02 -1.138240031531166352e+02 9.879418947450654409e-01 -1.509949593780515187e-01 -3.422476953831148083e-02 -1.529966587513606271e+02 3.000517547851822356e-02 -3.013635495494836058e-02 9.990953355683994674e-01 3.353806140537648695e+00
-1.512878091949936277e-01 -9.881805012508998454e-01 -2.472439557400397600e-02 -1.142535142500658765e+02 9.880393776659736060e-01 -1.504166126285972904e-01 -3.395630761396826319e-02 -1.530544962721673414e+02 2.983600124706974402e-02 -2.956585180337476665e-02 9.991174472687011088e-01 3.347744776520241050e+00
-1.512194246233831141e-01 -9.881973761226708897e-01 -2.446694588300572792e-02 -1.146871325736097447e+02 9.880580663860608626e-01 -1.503652446445695734e-01 -3.363852928440135004e-02 -1.531275134726612919e+02 2.956252807206743993e-02 -2.926156228309901783e-02 9.991345344380507809e-01 3.336336022686216207e+00
-1.519520264848543967e-01 -9.880941003960895808e-01 -2.409627376978375896e-02 -1.151508082814233234e+02 9.879394735945844497e-01 -1.511036787225616962e-01 -3.381234671187802188e-02 -1.531857950361957137e+02 2.976874469643350091e-02 -2.894351462678953699e-02 9.991376755984369140e-01 3.333873179450845825e+00
-1.523746512696020350e-01 -9.880289986673739255e-01 -2.409695920264739305e-02 -1.156249120883980055e+02 9.878793386604606264e-01 -1.515306876221926835e-01 -3.365802959944039219e-02 -1.532586812646957242e+02 2.960368048467084540e-02 -2.893351864347606592e-02 9.991428694639566954e-01 3.324479156716280581e+00
-1.529927210530004356e-01 -9.879355373149033559e-01 -2.401252621262538189e-02 -1.161037392300889763e+02 9.877760694266094488e-01 -1.521434925771467661e-01 -3.392335971783650567e-02 -1.533357899497778476e+02 2.986074300677844101e-02 -2.890902586980207550e-02 9.991359288156653751e-01 3.327509249142613701e+00
-1.537867236110628255e-01 -9.878200911922762062e-01 -2.368778330401713136e-02 -1.165930594666685209e+02 9.876614543620331199e-01 -1.529561989445114012e-01 -3.360435644259424787e-02 -1.534021615253797108e+02 2.957186514997748109e-02 -2.856341438502311980e-02 9.991544606066776746e-01 3.329178563463705665e+00
-1.541105572307244209e-01 -9.877719204207709991e-01 -2.359172266491484787e-02 -1.170881985565889494e+02 9.876195808142685939e-01 -1.532912977964688839e-01 -3.330678027253850676e-02 -1.534883200404686647e+02 2.928309652827883885e-02 -2.843257371637188113e-02 9.991666973081011482e-01 3.321977657493550229e+00
-1.543931777876559330e-01 -9.877304625155466367e-01 -2.347935415323940123e-02 -1.175991432849941134e+02 9.875644703419649284e-01 -1.535668743749349918e-01 -3.366945222166330826e-02 -1.535700223176513362e+02 2.965069258589347889e-02 -2.838570967118754507e-02 9.991571887924541873e-01 3.325433396383607132e+00
-1.548330538892948027e-01 -9.876644852396452290e-01 -2.335786847340261263e-02 -1.181223064615833351e+02 9.874929184888938671e-01 -1.540078997969296370e-01 -3.375355884088823699e-02 -1.536397168127151076e+02 2.973989505027031105e-02 -2.829189630344681322e-02 9.991571984657638961e-01 3.317469240172832734e+00
-1.556229888178342069e-01 -9.875460019434411096e-01 -2.311664761442856070e-02 -1.186465530029571624e+02 9.873597817689828693e-01 -1.547968746087158287e-01 -3.403805159641654782e-02 -1.537338301056929311e+02 3.003575696584115384e-02 -2.812155146678264536e-02 9.991531572519750659e-01 3.301609900401046627e+00
-1.559927485569538863e-01 -9.874914334072298905e-01 -2.295498518800370008e-02 -1.191915336330293798e+02 9.873142507617359565e-01 -1.551838456460137294e-01 -3.359381331891835715e-02 -1.538133647141146980e+02 2.961135998969188082e-02 -2.790417527626789726e-02 9.991719193220515161e-01 3.294686290754690106e+00
-1.565515382322060223e-01 -9.874075306225695847e-01 -2.275926947354975360e-02 -1.197251599191473161e+02 9.872278288231481902e-01 -1.557506472063543423e-01 -3.351044452009883934e-02 -1.538957147221665878e+02 2.954369432320621408e-02 -2.771469582443995133e-02 9.991791960209618351e-01 3.285449759255571145e+00
-1.570041358060032533e-01 -9.873469604575865199e-01 -2.226389487432326245e-02 -1.202783827893453577e+02 9.871494430739834458e-01 -1.562136255774799753e-01 -3.366422764096709680e-02 -1.539888280606431294e+02 2.976034909966722083e-02 -2.726321439419253714e-02 9.991851874214120466e-01 3.286085759414659524e+00
-1.573095497292182898e-01 -9.873088164370417141e-01 -2.179464497711818688e-02 -1.208448401846320479e+02 9.871026669302905843e-01 -1.565363971562405698e-01 -3.353626849325712367e-02 -1.540790296819497769e+02 2.969899835177510633e-02 -2.678912747798466165e-02 9.991998359416746078e-01 3.277720923061947289e+00
-1.566059857638615327e-01 -9.874326653327597514e-01 -2.124374394430077195e-02 -1.214277670175273869e+02 9.872158737487192193e-01 -1.558533566371320678e-01 -3.338487447170840339e-02 -1.541712537234019464e+02 2.965440678013961384e-02 -2.620043241591162378e-02 9.992167700252719831e-01 3.272053570965741454e+00
-1.552441613603567916e-01 -9.876694658837421592e-01 -2.020585371725924437e-02 -1.220084574290179802e+02 9.874250677568718881e-01 -1.545227872567229710e-01 -3.338328599390510965e-02 -1.542592225955083052e+02 2.984938741175195351e-02 -2.513432671342688204e-02 9.992383497903820633e-01 3.250218944227864615e+00
-1.542729457898468493e-01 -9.878339582235695637e-01 -1.959411079068482109e-02 -1.226093737680041755e+02 9.875721664082079965e-01 -1.535688891546136414e-01 -3.343370185331356187e-02 -1.543535509507395886e+02 3.001790021172753148e-02 -2.450851411596921200e-02 9.992488470860029226e-01 3.231078660808172298e+00
-1.536516894326047655e-01 -9.879288715670969667e-01 -1.969017670486875038e-02 -1.232255669976880910e+02 9.876631509767940242e-01 -1.529401388007762819e-01 -3.362758014175209337e-02 -1.544433995526555918e+02 3.021023894471883131e-02 -2.461419646793105639e-02 9.992404529417036052e-01 3.244573987810985827e+00
-1.527791093121226851e-01 -9.880688014617765580e-01 -1.945732087630318297e-02 -1.238417060837529533e+02 9.877977616440990483e-01 -1.520756515428949296e-01 -3.359431944112227508e-02 -1.545333880683107566e+02 3.023451419657076367e-02 -2.435240821136485517e-02 9.992461330250942408e-01 3.242686417662843379e+00
-1.515413745826181824e-01 -9.882660347001643864e-01 -1.911691522250874922e-02 -1.244748712458745246e+02 9.879951239858930645e-01 -1.508559014235995033e-01 -3.328861645928868351e-02 -1.546425081204866387e+02 3.001410951054576601e-02 -2.393202172168449812e-02 9.992629341502674567e-01 3.238726446503080947e+00
-1.507557447543350637e-01 -9.883945966763696411e-01 -1.867690243382673018e-02 -1.250934810830286636e+02 9.881048628435564751e-01 -1.500776173452593731e-01 -3.354830542496749224e-02 -1.547290593114611852e+02 3.035597879302781923e-02 -2.351233788730570928e-02 9.992625703580567675e-01 3.244017706537273504e+00
-1.502279462891060735e-01 -9.884788187292772310e-01 -1.847130415890408522e-02 -1.257299205347975288e+02 9.881966457200996867e-01 -1.495660330491150880e-01 -3.312689459480733928e-02 -1.548209563507056146e+02 2.998255394895352893e-02 -2.322986615381832792e-02 9.992804510132147211e-01 3.242049319303986543e+00
-1.491087468554894713e-01 -9.886567912538101188e-01 -1.800918429316345631e-02 -1.263836648426721894e+02 9.883722189587705875e-01 -1.484678452527381509e-01 -3.282766693696938937e-02 -1.549076457781950751e+02 2.978151107148752086e-02 -2.269466972063231142e-02 9.992987609141573691e-01 3.226481796592850504e+00
-1.486222115517514819e-01 -9.887261402169690294e-01 -1.822245551842971434e-02 -1.270350454729069298e+02 9.884501856651864982e-01 -1.479782364119104354e-01 -3.269054919819204541e-02 -1.550241219853082839e+02 2.962547369958963561e-02 -2.287053125914408763e-02 9.992993896265520704e-01 3.215827828202908023e+00
-1.480041250322348123e-01 -9.888290571781407357e-01 -1.765997320586037631e-02 -1.276887729396723898e+02 9.885533264370572892e-01 -1.473870782653470268e-01 -3.223926101251737425e-02 -1.551296163695187147e+02 2.927626621807146931e-02 -2.222936887528605479e-02 9.993241493107904994e-01 3.213467713048887564e+00
-1.471221427653348623e-01 -9.889528269504155311e-01 -1.809367776098057268e-02 -1.283475437554432972e+02 9.887214786242346509e-01 -1.465203742325089653e-01 -3.100996036554977409e-02 -1.552302900574852629e+02 2.801629553034949011e-02 -2.245185964563493203e-02 9.993552927678968079e-01 3.248970120694782082e+00
-1.465805617810347350e-01 -9.890409084848472698e-01 -1.766975527345852198e-02 -1.290116171234811304e+02 9.888328469165716950e-01 -1.460171687892388714e-01 -2.980918109647207395e-02 -1.553342035599299038e+02 2.690241191461494041e-02 -2.184188092272658713e-02 9.993994158848271692e-01 3.239761372145817386e+00
-1.470547234975212447e-01 -9.889713614744501946e-01 -1.762255601324778931e-02 -1.296878646975080471e+02 9.887993132408370300e-01 -1.465229597649522209e-01 -2.840669632616907650e-02 -1.554042516965451171e+02 2.551130007499796681e-02 -2.160251015717044518e-02 9.994410963750653965e-01 3.239600329727357231e+00
-1.468225044573931992e-01 -9.890150626855129801e-01 -1.709847847119975311e-02 -1.303712254660914027e+02 9.888356087911276404e-01 -1.463073992298484782e-01 -2.825391507876939476e-02 -1.555084549122412625e+02 2.544191367683147631e-02 -2.105589494106221635e-02 9.994545303897979238e-01 3.218841555820888267e+00
-1.461014466217875896e-01 -9.891196268392635771e-01 -1.722588448751963264e-02 -1.310504161835829393e+02 9.889267451275557397e-01 -1.455702605338580202e-01 -2.886506572872444068e-02 -1.556252738555983797e+02 2.604342654951235375e-02 -2.125236573798565745e-02 9.994348787610422002e-01 3.214697905172286596e+00
-1.465465634055012067e-01 -9.890447438850868966e-01 -1.773694864739903954e-02 -1.317385288903597882e+02 9.888560302748825581e-01 -1.459960987105599628e-01 -2.913572635609360667e-02 -1.557218077099843185e+02 2.622701170621877242e-02 -2.180902919846506444e-02 9.994180857390876360e-01 3.232031611527927950e+00
-1.470210194061687403e-01 -9.889814546523747474e-01 -1.733499946477044112e-02 -1.324384418280171190e+02 9.887882962636402873e-01 -1.464842719582908348e-01 -2.898384448096787483e-02 -1.558212518001467402e+02 2.612517990021155645e-02 -2.140187894840323360e-02 9.994295545723367313e-01 3.215097546372005066e+00
-1.469131640323384502e-01 -9.889967509614812080e-01 -1.737667464279253268e-02 -1.331046273074156261e+02 9.887944182255208325e-01 -1.463671818234968391e-01 -2.936403533408715391e-02 -1.559077469712869402e+02 2.649756064360096405e-02 -2.149592223380232883e-02 9.994177327860742643e-01 3.210524634782236930e+00
-1.465818490725399048e-01 -9.890505070191387693e-01 -1.711303852797638539e-02 -1.337831337849678448e+02 9.888371634372831176e-01 -1.460387853596438745e-01 -2.955904896961226297e-02 -1.560212644090686069e+02 2.673622500996010107e-02 -2.125482853058861810e-02 9.994165330513359313e-01 3.196339363581043536e+00
-1.468950910988018332e-01 -9.890215738908644250e-01 -1.606731432170110940e-02 -1.344688558068370980e+02 9.887710230315179816e-01 -1.463682965025405736e-01 -3.013612105347700243e-02 -1.561168207493813895e+02 2.745352844863717390e-02 -2.031374306675239050e-02 9.994166576650290734e-01 3.171389992196839813e+00
-1.469189611750836288e-01 -9.890230070418862818e-01 -1.575786752892147785e-02 -1.351395274338750880e+02 9.887503805512843913e-01 -1.463892257782231088e-01 -3.070634357494061994e-02 -1.562068339901098284e+02 2.806249823027446438e-02 -2.009194161541332652e-02 9.994042275652023077e-01 3.160789159000088500e+00
-1.469339523392976243e-01 -9.890175485167752578e-01 -1.595939772738802498e-02 -1.358183833715642947e+02 9.887446609747639892e-01 -1.463954254311130576e-01 -3.086057042153340924e-02 -1.563137104645291515e+02 2.818526288420897252e-02 -2.031423487880881784e-02 9.993962791692976300e-01 3.163182522969139487e+00
-1.470582349843219117e-01 -9.890029787805525441e-01 -1.571570827199608722e-02 -1.364990631697447441e+02 9.887244407142594671e-01 -1.465259813039254677e-01 -3.088878659315099848e-02 -1.564117923698511561e+02 2.824634237510268570e-02 -2.008095530885395039e-02 9.993992692494387819e-01 3.165989068567842235e+00
-1.464042927492485990e-01 -9.890999880973110336e-01 -1.571612581050485166e-02 -1.371615363071147442e+02 9.888174812175438699e-01 -1.458696423194816294e-01 -3.101670982194726020e-02 -1.565107755810333856e+02 2.838612166507946746e-02 -2.008135940333229466e-02 9.993953007200552241e-01 3.173799403487783444e+00
-1.464098291015107911e-01 -9.891035401861579812e-01 -1.543854700662787918e-02 -1.378234615651643367e+02 9.888174534203787447e-01 -1.458844261753109439e-01 -3.094798879955874132e-02 -1.566079516093311668e+02 2.835852171224264792e-02 -1.979699448678344520e-02 9.994017576808570391e-01 3.166482172985198407e+00
-1.465556589057961379e-01 -9.890932013097889497e-01 -1.469959065558386693e-02 -1.384971004106713224e+02 9.887910124842932413e-01 -1.460499953061611400e-01 -3.101181228753028402e-02 -1.567057281179909864e+02 2.852669754764106461e-02 -1.907977971110128707e-02 9.994109212597195313e-01 3.152306660437068864e+00
-1.466333368787351432e-01 -9.890845481463375055e-01 -1.450589997079515005e-02 -1.391680459682643800e+02 9.887625867900566856e-01 -1.461225835575041820e-01 -3.157115041799723326e-02 -1.567962619724909814e+02 2.910689746508553222e-02 -1.897227431373263093e-02 9.993962383996256582e-01 3.134451746538020611e+00
-1.466057461262011419e-01 -9.890885381690367462e-01 -1.451271392324275655e-02 -1.398166851256974326e+02 9.887672124310945554e-01 -1.460951429210666230e-01 -3.155326981654578422e-02 -1.568958467873771667e+02 2.908874050251175625e-02 -1.897558635487071182e-02 9.993967041663016637e-01 3.137341897802344182e+00
-1.470652896221114059e-01 -9.890250289428964559e-01 -1.418776631000069968e-02 -1.404792320490347208e+02 9.887157257298074819e-01 -1.465755645074837688e-01 -3.093246811834749962e-02 -1.569810925821192882e+02 2.851340532003525038e-02 -1.857676004622875812e-02 9.994207771020373610e-01 3.135562133263493756e+00
-1.466031125611417796e-01 -9.890985516552912582e-01 -1.384133305682395954e-02 -1.411279726549007023e+02 9.887850055547480199e-01 -1.461249287155277354e-01 -3.084992703360325828e-02 -1.570863014598703558e+02 2.849105434135212889e-02 -1.820879790888715183e-02 9.994281862651420711e-01 3.157368681642101382e+00
-1.460508307194710031e-01 -9.891921106078632731e-01 -1.296623142293438016e-02 -1.417796258796479378e+02 9.888682456418521616e-01 -1.456011546781272870e-01 -3.065773177521928169e-02 -1.571927000066546611e+02 2.843848813417585927e-02 -1.729948171352887684e-02 9.994458366140136496e-01 3.154399481783708659e+00
-1.461190095517697074e-01 -9.891950056710892003e-01 -1.193632284182461617e-02 -1.424373975558305574e+02 9.888518509602068907e-01 -1.456975274268506038e-01 -3.072860807578938272e-02 -1.572846272018991840e+02 2.865749291517266650e-02 -1.629328871273571719e-02 9.994564907202014847e-01 3.154775798997192737e+00
-1.459942372243847597e-01 -9.892166116276656096e-01 -1.166953200221348443e-02 -1.431063877955835721e+02 9.888739184388103398e-01 -1.455831510559297826e-01 -3.056009751456524592e-02 -1.573685664756341680e+02 2.853166887413902814e-02 -1.600129396351770289e-02 9.994648080161450121e-01 3.158543437875324322e+00
-1.454617140875422709e-01 -9.892936572882348178e-01 -1.178767932981485481e-02 -1.437778701773702608e+02 9.889620401707973629e-01 -1.450527715509015714e-01 -3.022873743006454159e-02 -1.574702614363544342e+02 2.819526265045138938e-02 -1.605469136017228030e-02 9.994734984227453545e-01 3.156409821730295384e+00
-1.456631343020946545e-01 -9.892644095862798137e-01 -1.175496623556830655e-02 -1.444334420178194307e+02 9.889199822358832881e-01 -1.452480554037451910e-01 -3.066384085549449245e-02 -1.575559501159324896e+02 2.862726043250542196e-02 -1.609131216961356275e-02 9.994606293560489574e-01 3.149220959060808678e+00
-1.456854399567952818e-01 -9.892631932765120206e-01 -1.157959468001500125e-02 -1.451154326362508300e+02 9.889132471019387305e-01 -1.452738664173873762e-01 -3.075863199888350524e-02 -1.576653805720974333e+02 2.874617002132060645e-02 -1.593229941036447550e-02 9.994597638447502153e-01 3.119709582153027849e+00
-1.452911318230176718e-01 -9.893167629077102010e-01 -1.195113565297784529e-02 -1.457840564922052238e+02 9.889623568997858438e-01 -1.448632159435168099e-01 -3.111439058896490334e-02 -1.577586486360583535e+02 2.905070823245328726e-02 -1.633986830765219583e-02 9.994443781696314977e-01 3.139584855044268430e+00
-1.446042318599463083e-01 -9.894202766142953243e-01 -1.171035237241944797e-02 -1.464423795394678223e+02 9.890625127050490795e-01 -1.441840292667098122e-01 -3.108555397594444519e-02 -1.578742583555788315e+02 2.906823162439915037e-02 -1.607737319675905246e-02 9.994481257080441994e-01 3.137626098616356440e+00
-1.432591737597186388e-01 -9.896145812296608391e-01 -1.182327159995520682e-02 -1.471074186240706467e+02 9.892408765283928762e-01 -1.428266962906341586e-01 -3.167053886564871745e-02 -1.579726974312544598e+02 2.965294823487816395e-02 -1.623315879139082193e-02 9.994284302623340777e-01 3.155256515875702661e+00
-1.413974976753793467e-01 -9.898841149548032181e-01 -1.166990193990748333e-02 -1.477724004187593323e+02 9.895065129853928276e-01 -1.409699469626606305e-01 -3.169124189478062653e-02 -1.580658169159372619e+02 2.972555147730529534e-02 -1.602850627758645174e-02 9.994295765965101053e-01 3.163240373420514562e+00
-1.390335666252777713e-01 -9.902209381123094900e-01 -1.149613306432463108e-02 -1.484326753189077692e+02 9.898187443112642647e-01 -1.386011555279611507e-01 -3.238167840595354563e-02 -1.581729081609339289e+02 3.047163864197583241e-02 -1.588122823625746222e-02 9.994094585444850409e-01 3.140783922688802576e+00
-1.361035482683672360e-01 -9.906278197603864966e-01 -1.150421077448799019e-02 -1.490944402181984856e+02 9.902035662358398271e-01 -1.356613437799731869e-01 -3.305899601677556032e-02 -1.582668225137005606e+02 3.118848445477058473e-02 -1.589095719569974183e-02 9.993871901904781696e-01 3.118849118344558580e+00
-1.322463158896947100e-01 -9.911510480105444332e-01 -1.142418317444254296e-02 -1.497724013766991504e+02 9.906923703705631246e-01 -1.317926633158983396e-01 -3.404880593586030735e-02 -1.583669540966822922e+02 3.224188616006713054e-02 -1.582068025409666748e-02 9.993548753336518597e-01 3.125431625442384398e+00
-1.278845331830902321e-01 -9.917246117071418787e-01 -1.130666647875366859e-02 -1.504259578505053980e+02 9.912499793185756136e-01 -1.274308872415275129e-01 -3.442161352639877547e-02 -1.584375044483228692e+02 3.269594276766950997e-02 -1.560972489045885439e-02 9.993434403724164028e-01 3.133047740778916346e+00
-1.227950561540493979e-01 -9.923645894071038143e-01 -1.157133851350587717e-02 -1.510820508799328081e+02 9.918803770839208500e-01 -1.223297424598739358e-01 -3.476710608549053033e-02 -1.585196714703254770e+02 3.308612609512783659e-02 -1.574661235222351435e-02 9.993284507405191253e-01 3.145769973691172172e+00
-1.161462600731597572e-01 -9.931720979602098875e-01 -1.091925383591979375e-02 -1.517443303523914437e+02 9.926550426144244987e-01 -1.156970608552145841e-01 -3.535755197436633857e-02 -1.585988159668228832e+02 3.385280849757062865e-02 -1.494569980897769539e-02 9.993150721439393314e-01 3.153474607651880923e+00
-1.089670874035439940e-01 -9.939854961007188461e-01 -1.090905148016363749e-02 -1.524029501552445538e+02 9.934511382811859193e-01 -1.085159875057730705e-01 -3.576473547314008850e-02 -1.586645780206863208e+02 3.436582183805884927e-02 -1.473478866680289281e-02 9.993006936314712263e-01 3.149922629566209054e+00
-1.005626896375848567e-01 -9.948724450820961573e-01 -1.076863358213158046e-02 -1.530464215783917723e+02 9.942961761560379363e-01 -1.001061661192077512e-01 -3.679496686225880442e-02 -1.587431730521059592e+02 3.552829202672037889e-02 -1.440741202593348591e-02 9.992648132223905799e-01 3.153147431199872397e+00
-9.031235657458891453e-02 -9.958527236884513467e-01 -1.100140773889548423e-02 -1.537024432224388306e+02 9.952760184508799846e-01 -8.985386510264858906e-02 -3.676860104326602763e-02 -1.587942248284045945e+02 3.562759248824055175e-02 -1.427009629989083907e-02 9.992632481008614231e-01 3.146939471195696392e+00
-7.987022840874691276e-02 -9.967445687751782524e-01 -1.100051049357141965e-02 -1.543297114621337300e+02 9.961725430627274003e-01 -7.942152571396166039e-02 -3.650322864084042107e-02 -1.588351108418903834e+02 3.551071756348432584e-02 -1.387392772256988704e-02 9.992729872600756291e-01 3.146574505352624396e+00
-6.875924411481570964e-02 -9.975752880372148468e-01 -1.075690690797502687e-02 -1.549492555618006691e+02 9.970064484321892184e-01 -6.832987883651853167e-02 -3.618244661184319422e-02 -1.588754410671833170e+02 3.535969645502298059e-02 -1.321258323169087825e-02 9.992873057889578581e-01 3.161640626920488195e+00
-5.696464368347720075e-02 -9.983225205189713014e-01 -1.035250668497819312e-02 -1.555691859837394304e+02 9.977106853125158326e-01 -5.654505984949032005e-02 -3.709507541234254718e-02 -1.589057421051755910e+02 3.644746607439679209e-02 -1.244191429264780886e-02 9.992581152962882740e-01 3.191722799670043909e+00
-4.408393249453190776e-02 -9.989799132957756234e-01 -9.784667975086255159e-03 -1.561669988734516608e+02 9.983360008282359255e-01 -4.368685695564433757e-02 -3.763891576044633286e-02 -1.589398104444313162e+02 3.717305941273160719e-02 -1.142765771723060729e-02 9.992435000003729861e-01 3.187270196030607128e+00
-3.106684723336639031e-02 -9.994740170451140715e-01 -9.302701472279333722e-03 -1.567549529140967195e+02 9.987891527052382701e-01 -3.068767112227921423e-02 -3.845120647578682826e-02 -1.589531118774823142e+02 3.814550355325570241e-02 -1.048599507888953002e-02 9.992171758260933734e-01 3.193367281633282762e+00
-1.752293018289252657e-02 -9.998097414193974908e-01 -8.569006983531248303e-03 -1.573701177424181878e+02 9.991106369446548507e-01 -1.718065114150779671e-02 -3.850662761656134525e-02 -1.589679581323260322e+02 3.835208028063401969e-02 -9.236134972602729268e-03 9.992216029234534114e-01 3.191365865938093016e+00
-3.395664202739290261e-03 -9.999592646324637624e-01 -8.362926540697188105e-03 -1.579781144128830590e+02 9.991959431173036421e-01 -3.058738921580150816e-03 -3.997638520592430161e-02 -1.589871286153400263e+02 3.994917674427181375e-02 -8.491948652251321561e-03 9.991656269535809098e-01 3.191081542487653078e+00
1.129737041710854317e-02 -9.998960605194656681e-01 -8.957543151574442336e-03 -1.585538635319843479e+02 9.990909010913778809e-01 1.165562728835856099e-02 -4.100631303755643275e-02 -1.589767274695922197e+02 4.110645664707480995e-02 -8.486136351046214693e-03 9.991187340410315754e-01 3.218030054330366596e+00
2.522571088333980249e-02 -9.996406690559459518e-01 -9.066216399968823891e-03 -1.591251968971307065e+02 9.987666118785508695e-01 2.558955267088558472e-02 -4.254914559358666942e-02 -1.589640234320009426e+02 4.276585679102447302e-02 -7.981701791277662217e-03 9.990532387863244601e-01 3.252955944449191339e+00
3.964839444775902777e-02 -9.991764121519292052e-01 -8.631466672190682421e-03 -1.597022183436430396e+02 9.982714962657289748e-01 3.998457304976410498e-02 -4.307265561131244647e-02 -1.589311822747068845e+02 4.338230700524763755e-02 -6.908785510225768506e-03 9.990346561164312744e-01 3.277138926502309868e+00
5.520347652460644294e-02 -9.984381744668486824e-01 -8.589991088708257699e-03 -1.602590921123906185e+02 9.974878658768686623e-01 5.552933344916843872e-02 -4.398238914726236570e-02 -1.589012736881451531e+02 4.439069280837343312e-02 -6.140431092189903295e-03 9.989953761144215738e-01 3.280593705268026739e+00
7.075710954412006704e-02 -9.974612337085503322e-01 -8.032353178141445060e-03 -1.608196451608144457e+02 9.964902536343692718e-01 7.104472720374110928e-02 -4.426986727172852604e-02 -1.588693053548322496e+02 4.472813276531726473e-02 -4.871753807717649210e-03 9.989873173139712792e-01 3.288715456606085663e+00
8.651713835773489070e-02 -9.962220551715594841e-01 -7.510097212633657510e-03 -1.613499599234554864e+02 9.952180210136174487e-01 8.676812036755476854e-02 -4.485960251295968704e-02 -1.588125581507849802e+02 4.534176242855778027e-02 -3.593059648290420488e-03 9.989650717128382151e-01 3.270594509830457852e+00
1.033760631296269938e-01 -9.946167810417140265e-01 -7.130809353672936529e-03 -1.618902762741336971e+02 9.936044106090847761e-01 1.035929685054094440e-01 -4.493074776153146294e-02 -1.587630131249566716e+02 4.542757741716474396e-02 -2.440439807964524255e-03 9.989646537608581900e-01 3.277418859554797947e+00
1.205777611257458082e-01 -9.926810786479777216e-01 -6.729013017532207291e-03 -1.624056166660747920e+02 9.916688689131861745e-01 1.207587313978130128e-01 -4.483506685210857101e-02 -1.586853500644422184e+02 4.531950959956188019e-02 -1.266840747047876664e-03 9.989717399226951677e-01 3.291882381782699429e+00
1.375657263221358173e-01 -9.904702461810754865e-01 -6.660508348734245354e-03 -1.629003966089133826e+02 9.894389209140093122e-01 1.377263656657314872e-01 -4.518926842769734054e-02 -1.585898274697536863e+02 4.567595343268150698e-02 -3.736716600882088180e-04 9.989562391053503632e-01 3.314602346127379473e+00
1.545313390396072517e-01 -9.879638637336135565e-01 -6.889790357904074236e-03 -1.633860285474740692e+02 9.869376868273876946e-01 1.546847740991871278e-01 -4.501802951805795872e-02 -1.585044575235598074e+02 4.554193204543755674e-02 1.569026237945789215e-04 9.989624156128874555e-01 3.332028545261587649e+00
1.712694446791983571e-01 -9.851916266565727831e-01 -8.014741733529839873e-03 -1.638778633703962555e+02 9.841969972649931009e-01 1.714565952015950634e-01 -4.425953610746219402e-02 -1.584035705043592372e+02 4.497830470182715562e-02 -3.077785771105102930e-04 9.989879165327761879e-01 3.353645754535728774e+00
1.877568499737248819e-01 -9.821782378858304741e-01 -8.560041555365719562e-03 -1.643630332302394663e+02 9.812218800285238407e-01 1.879516953111594058e-01 -4.333338646991082010e-02 -1.582983722746458000e+02 4.416998348690764908e-02 -2.631599257937496106e-04 9.990239953602815248e-01 3.353411338860303292e+00
2.048709457914961174e-01 -9.787446260504834017e-01 -9.319471433384567127e-03 -1.648286204601710949e+02 9.778109284955117664e-01 2.050824963630853981e-01 -4.274292690294427544e-02 -1.581845217028531749e+02 4.374567047426830557e-02 -3.558971548621760184e-04 9.990426365536017039e-01 3.364460111950293708e+00
2.221587209908947314e-01 -9.749688799438870346e-01 -9.010317899634100181e-03 -1.652749699210442884e+02 9.740204068029901796e-01 2.223400084855429171e-01 -4.300195063001571033e-02 -1.580814686020875968e+02 4.392891779941082708e-02 7.770248460520212674e-04 9.990343569734532192e-01 3.353910648074077017e+00
2.409989257432428866e-01 -9.704903434106072480e-01 -8.246886525503926979e-03 -1.657279222197439026e+02 9.695358032075925836e-01 2.411281305299292077e-01 -4.309931514246745365e-02 -1.579714499888196428e+02 4.381602548396245494e-02 2.391236898137812095e-03 9.990367550280048192e-01 3.353293547548737763e+00
2.616024823363310992e-01 -9.651452980812358362e-01 -7.661254933232036074e-03 -1.661625510544708675e+02 9.641966514259590060e-01 2.616863213547178102e-01 -4.295447118523468277e-02 -1.578406255964540321e+02 4.346215151643335883e-02 3.850039937158860476e-03 9.990476558092936665e-01 3.371063977552761326e+00
2.835678168611962535e-01 -9.589281528233495333e-01 -6.789032580136074996e-03 -1.665818026399375071e+02 9.579681596814573208e-01 2.835903766544164428e-01 -4.328398439987103663e-02 -1.577044317923145798e+02 4.343153551392289757e-02 5.770267914515101598e-03 9.990397418176604205e-01 3.383806218634552554e+00
3.064941467352430005e-01 -9.518536106613199044e-01 -6.003489655539009234e-03 -1.669942642598392695e+02 9.509608200243176990e-01 3.064704704494405352e-01 -4.182546498457867523e-02 -1.575684103821373867e+02 4.165161216223119134e-02 7.110176756414350596e-03 9.991068954775458311e-01 3.438372651802279023e+00
3.303333655704009386e-01 -9.438494069947089837e-01 -5.307024276187021633e-03 -1.674001351891144509e+02 9.430111715884463841e-01 3.302685724184730720e-01 -4.065218729723705376e-02 -1.574184822270756285e+02 4.012228620502150678e-02 8.424190667359165996e-03 9.991592641622667470e-01 3.456126245880517978e+00
3.550348501240052634e-01 -9.348423316182390419e-01 -4.479979017734614377e-03 -1.677898894533437613e+02 9.340455541842205278e-01 3.549232423517659774e-01 -3.985467033111261131e-02 -1.572533645518710728e+02 3.884788161685582414e-02 9.965292423394596019e-03 9.991954438651123871e-01 3.463387490781823619e+00
3.811159898005649360e-01 -9.245183101433597228e-01 -4.061591806431202878e-03 -1.681509279842392459e+02 9.237646202579022914e-01 3.809763448502464511e-01 -3.893521573485498460e-02 -1.570794351692839825e+02 3.754369025694315187e-02 1.108687847017725964e-02 9.992334824492613565e-01 3.455613296097893361e+00
4.069361724916455980e-01 -9.134474178614222506e-01 -4.094669724182146975e-03 -1.685469552662812873e+02 9.126901827746807250e-01 4.067742451149111149e-01 -3.913238783813496879e-02 -1.569156620146202954e+02 3.741098481154517957e-02 1.218721926834351495e-02 9.992256451382418581e-01 3.461215917973773148e+00
4.326889064299472842e-01 -9.015334525301352819e-01 -4.212389054993853632e-03 -1.689015218616902985e+02 9.007680138297413652e-01 4.325058287946079716e-01 -3.944227833064414823e-02 -1.567283336823381319e+02 3.738041617851561166e-02 1.327185095544706865e-02 9.992129715223563302e-01 3.476274627815821194e+00
4.586819113225695244e-01 -8.885853558169016786e-01 -5.193231481928566040e-03 -1.692658471925414858e+02 8.877971799690018706e-01 4.585078622753741007e-01 -3.983349684316404848e-02 -1.565298593722035605e+02 3.777659943089459182e-02 1.366036820210160888e-02 9.991928356808913447e-01 3.490229579723903353e+00
4.846744242463884023e-01 -8.746715034502650088e-01 -6.361095305462109370e-03 -1.696186466698610502e+02 8.739022219020122773e-01 4.845320229375849053e-01 -3.903364321630777012e-02 -1.563264261906864192e+02 3.722376977360347672e-02 1.335963323092912054e-02 9.992176495457717467e-01 3.537362918718883531e+00
5.100225649968933572e-01 -8.601249042820408031e-01 -7.882399875676494860e-03 -1.699534063302894538e+02 8.593964380401825087e-01 5.099341132204051608e-01 -3.748282884156112910e-02 -1.560997681378732125e+02 3.625941916021960254e-02 1.234298213274778733e-02 9.992661834137259724e-01 3.564281157237302988e+00
5.341973840509812721e-01 -8.453117922070139123e-01 -9.007154315020573718e-03 -1.702502712615321343e+02 8.446175982073969024e-01 5.341444656755338638e-01 -3.620500775537277560e-02 -1.558703628539036288e+02 3.541564162141674216e-02 1.173301938822956039e-02 9.993037919394576196e-01 3.560512763450906171e+00
5.570887778260664724e-01 -8.304018160827977280e-01 -9.215067370937598742e-03 -1.705658008819386282e+02 8.297292453362969944e-01 5.570321874144577023e-01 -3.556011273778144494e-02 -1.556387685975196575e+02 3.466227133236770425e-02 1.216412884903662027e-02 9.993250526807707645e-01 3.554756305834298580e+00
5.798172672299191088e-01 -8.147001864639233926e-01 -8.691535979172873225e-03 -1.708590037734611542e+02 8.140214396169189737e-01 5.797182468301329550e-01 -3.599791849810078659e-02 -1.554072889274173690e+02 3.436615291282294621e-02 1.379711809928560809e-02 9.993140682819025011e-01 3.564784628052088955e+00
6.025930486842299150e-01 -7.980064900590696508e-01 -8.201189002185714505e-03 -1.711604664983486828e+02 7.973056063535964855e-01 6.024435644524904765e-01 -3.695296641545878225e-02 -1.551846653369618991e+02 3.442946056169626096e-02 1.572874672000915131e-02 9.992833525942721451e-01 3.558780113071441598e+00
6.239265270750036230e-01 -7.814411688073474860e-01 -8.086315918368211508e-03 -1.714667331452696430e+02 7.807167721631691482e-01 6.237395059239956296e-01 -3.781997372833881266e-02 -1.549310187717044869e+02 3.459783917020457789e-02 1.728376239991023106e-02 9.992518506773235831e-01 3.568200207820253045e+00
6.454143935443639180e-01 -7.637857408336496956e-01 -8.461838154554012989e-03 -1.718030931188988575e+02 7.630237920644860061e-01 6.452010772771674674e-01 -3.886209752335124945e-02 -1.546597967308510988e+02 3.514190304028565887e-02 1.862557326837192134e-02 9.992087543006874517e-01 3.593236264889760445e+00
6.657194735016080944e-01 -7.461531120027558028e-01 -8.550792322622045166e-03 -1.721055693923312333e+02 7.453750060632273744e-01 6.654773012266783638e-01 -3.944695030418082782e-02 -1.543738206372660784e+02 3.512382292669090356e-02 1.988705610842355156e-02 9.991850789830455382e-01 3.620961277290081881e+00
6.842196412871867084e-01 -7.292281563813508560e-01 -8.353347681586992257e-03 -1.724069126193302850e+02 7.284729303678075807e-01 6.839587469638412909e-01 -3.908480744472619950e-02 -1.540774771203138016e+02 3.421508728868933452e-02 2.065740526562251378e-02 9.992009804886698987e-01 3.639427970762358466e+00
7.007658950044055590e-01 -7.133483500217213669e-01 -7.828915631309409789e-03 -1.726935748400021566e+02 7.126572165203938214e-01 7.005003622262382379e-01 -3.766874383774386492e-02 -1.537488133115803350e+02 3.235509449961636308e-02 2.081763776696629945e-02 9.992596128222757113e-01 3.652407285442313523e+00
7.159661170185911416e-01 -6.980872209722776001e-01 -8.170140544911648137e-03 -1.729713332259842105e+02 6.974518782159483399e-01 7.157341278787744399e-01 -3.585436880850112473e-02 -1.534237561629437323e+02 3.087712509880101430e-02 1.997223334563814207e-02 9.993236277807207024e-01 3.673499902942808149e+00
7.306407564842112290e-01 -6.827067305707053002e-01 -8.695113434461183149e-03 -1.732768550346542042e+02 6.820844503907077527e-01 7.304236520444130631e-01 -3.524331240545217070e-02 -1.530786173561852479e+02 3.041196309654780119e-02 1.981939876889964383e-02 9.993409347830466416e-01 3.694782813032276181e+00
7.444579955368146873e-01 -6.676067914578436291e-01 -9.135911594979640241e-03 -1.735766895294067638e+02 6.670048666656509528e-01 7.442578177263019512e-01 -3.442104875828182892e-02 -1.527515653493761931e+02 2.977919954675049136e-02 1.953132746758688698e-02 9.993656620685487102e-01 3.720469651585583737e+00
7.564696470272344042e-01 -6.539667810246774238e-01 -9.006799804207193255e-03 -1.738526395590308482e+02 6.533599133119745161e-01 7.562469963049375243e-01 -3.480379658498615469e-02 -1.524154370969261549e+02 2.957189211837264395e-02 2.044333377855702544e-02 9.993535777193964798e-01 3.731083262328021455e+00
7.671182217829433103e-01 -6.414463102381263715e-01 -8.732977182413073636e-03 -1.741328003162513767e+02 6.408611633684427877e-01 7.668865123169135156e-01 -3.438090331050953213e-02 -1.520512481398257592e+02 2.875070598474406547e-02 2.077759149405807027e-02 9.993706462554745595e-01 3.754075441928357293e+00
7.773502127927341965e-01 -6.290199500439523916e-01 -7.781331363874379251e-03 -1.743994452280858241e+02 6.284801561053747765e-01 7.770989545781553653e-01 -3.361410679018246583e-02 -1.516844720101331916e+02 2.719080824202565333e-02 2.123952071591061683e-02 9.994045940993586674e-01 3.761562097250879866e+00
7.866968139180205988e-01 -6.172994541752619968e-01 -7.036110158249338914e-03 -1.746693563010869354e+02 6.167825330037287612e-01 7.864199920684995515e-01 -3.350974569413076032e-02 -1.513169716840151011e+02 2.621888542138228403e-02 2.202226032687748525e-02 9.994136231297608974e-01 3.764770661157542886e+00
7.948883956155011754e-01 -6.067225038622175992e-01 -6.343644297717811187e-03 -1.749548576118805556e+02 6.062341414741502232e-01 7.945951459287245999e-01 -3.314694220601853425e-02 -1.509382132526932025e+02 2.515162473707678592e-02 2.250238595505747036e-02 9.994303569531070019e-01 3.783598307369901104e+00
8.021130253024116863e-01 -5.971386014842381407e-01 -6.339184305648757484e-03 -1.752317019319474696e+02 5.966559974728891103e-01 8.018157505058068901e-01 -3.306240947725015700e-02 -1.505447542110615302e+02 2.482569877857276897e-02 2.273747695453291057e-02 9.994331852714806175e-01 3.810401586025471854e+00
8.089929550608818687e-01 -5.877914289876217113e-01 -5.624470690810342427e-03 -1.755016046104636587e+02 5.873534855736354254e-01 8.086966459532201057e-01 -3.202526828167562289e-02 -1.501591957383247404e+02 2.337266878991857769e-02 2.260466395905608508e-02 9.994712339637068510e-01 3.833309515259482936e+00
8.153165065473352291e-01 -5.789979323510826559e-01 -4.515360962334041828e-03 -1.757865502941879470e+02 5.785933209702932567e-01 8.149949610057194427e-01 -3.182738543853343149e-02 -1.497486735625369079e+02 2.210798679247599069e-02 2.333683501370413180e-02 9.994831809748110363e-01 3.831456370060877248e+00
8.203530667044438562e-01 -5.718427616521647439e-01 -4.086795155105764007e-03 -1.760593330308241775e+02 5.714648504312808130e-01 8.200337935276340584e-01 -3.118496743996339304e-02 -1.493419833033461828e+02 2.118420803731323881e-02 2.324722389239640419e-02 9.995052755794381349e-01 3.863140334911899565e+00
8.249795164785704848e-01 -5.651506719935854850e-01 -3.676320984726831609e-03 -1.763359381940535400e+02 5.647980753399008957e-01 8.246635302628402275e-01 -3.054825603489057240e-02 -1.489258800659441135e+02 2.029609526799469946e-02 2.312530647642219855e-02 9.995265322727776569e-01 3.880086152294225155e+00
8.293947148972076189e-01 -5.586538887285928956e-01 -3.199923280434811140e-03 -1.766255595076076190e+02 5.583079002024665671e-01 8.290580617127576435e-01 -3.090337976011720694e-02 -1.484909953009391472e+02 1.991721547035277956e-02 2.384455739799400120e-02 9.995172542834872553e-01 3.908475767861813388e+00
8.338919995596076884e-01 -5.519207176379957724e-01 -2.766678954818494948e-03 -1.769116378261730347e+02 5.515920031713227312e-01 8.335492007511229318e-01 -3.069188760262002436e-02 -1.480596137720243348e+02 1.924565166282665718e-02 2.406764153638726866e-02 9.995250639793626934e-01 3.934801595729738644e+00
8.378734292557643570e-01 -5.458583798827491007e-01 -2.597240644641646279e-03 -1.771833167860050935e+02 5.455373795199703890e-01 8.375264605471043344e-01 -3.063324060434412244e-02 -1.476272011766030801e+02 1.889666885114152026e-02 2.424988649911816868e-02 9.995273177412962173e-01 3.962143953090670134e+00
8.410698923199175780e-01 -5.409228773529622947e-01 -1.969007149371433674e-03 -1.774536441166390262e+02 5.406283147830975855e-01 8.407215845892721529e-01 -3.013706124510703507e-02 -1.471865300247242203e+02 1.795721269435290521e-02 2.428287383930038609e-02 9.995438362324857717e-01 3.973662527460305238e+00
8.436809273382380736e-01 -5.368425366668675425e-01 -1.607380096181641911e-03 -1.777280870301114533e+02 5.365698365040688644e-01 8.433406445867513979e-01 -2.948504268268082804e-02 -1.467400658113428449e+02 1.718439407391097670e-02 2.401349647772361637e-02 9.995639292147485699e-01 4.002720993851896836e+00
8.457929925471399102e-01 -5.335099378628427313e-01 -1.166173117245130654e-03 -1.780110349416920315e+02 5.332577687434059133e-01 8.454565480310505254e-01 -2.897201177385206466e-02 -1.462923016192228260e+02 1.644280489934203671e-02 2.388245366384662838e-02 9.995795428949295625e-01 4.021666670567507040e+00
8.468067313817572161e-01 -5.318999339527492598e-01 -9.055095833620553647e-04 -1.782703391292462811e+02 5.316702276185913956e-01 8.464886867804654047e-01 -2.799414611447171089e-02 -1.458421122719066432e+02 1.565658808743838545e-02 2.322419888272219193e-02 9.996076769591738520e-01 4.047946659037393147e+00
8.474389183950087334e-01 -5.308921568624723752e-01 -8.929565553694920194e-04 -1.785509291835082024e+02 5.306685661886688665e-01 8.471285070348579804e-01 -2.764354225049480557e-02 -1.454050068284512065e+02 1.543218872228121520e-02 2.295234957045934332e-02 9.996174454262166664e-01 4.075783322475441395e+00
8.481814180762714539e-01 -5.297057866285191929e-01 -2.482788488954983802e-04 -1.788170278759436087e+02 5.295057493461402531e-01 8.478738077851860622e-01 -2.708629692726419874e-02 -1.449650546321834099e+02 1.455827735371567448e-02 2.284262866027069599e-02 9.996330681186879064e-01 4.099912009739739460e+00
8.487249566853176663e-01 -5.288344385089776001e-01 -2.907686366267151629e-04 -1.791023377483938930e+02 5.286427601071506110e-01 8.484318814672742182e-01 -2.646081435244829541e-02 -1.445160871906002171e+02 1.424008728201216906e-02 2.230424078052097372e-02 9.996498090618560761e-01 4.135893633525641100e+00
8.491742367926302659e-01 -5.281127837130095148e-01 5.697850591784327234e-05 -1.793785575323076387e+02 5.279330435908575758e-01 8.488824007302702146e-01 -2.617959539998036128e-02 -1.440623041444164301e+02 1.377741095227036014e-02 2.226111877936664402e-02 9.996572540316721600e-01 4.150903486508394025e+00
8.496558372238139922e-01 -5.273375160437691056e-01 3.200691913203468006e-04 -1.796477952281398700e+02 5.271674365017796626e-01 8.493660706036532115e-01 -2.591856476450808341e-02 -1.436255258697393629e+02 1.339597565098219617e-02 2.219058989971930615e-02 9.996640063322580483e-01 4.158663110246508587e+00
8.501006297168429704e-01 -5.266201353340220770e-01 3.904046661651321831e-04 -1.799202664580939768e+02 5.264562063675473080e-01 8.498170349018661085e-01 -2.559042726667625986e-02 -1.431818538721798291e+02 1.314466173462019126e-02 2.195996929362204267e-02 9.996724351588902602e-01 4.185087061711508127e+00
8.507619215801222046e-01 -5.255508637155913432e-01 6.651594501446995295e-04 -1.801954703378874285e+02 5.253970975146718958e-01 8.504809867729785644e-01 -2.529784696014987164e-02 -1.427416156733031016e+02 1.272959985453116921e-02 2.187191773614743581e-02 9.996797369668382061e-01 4.198953772502521886e+00
8.516294199082498073e-01 -5.241440209944524531e-01 6.135165074546249098e-04 -1.804658192465789739e+02 5.239899493846081890e-01 8.513495059650115770e-01 -2.526957928115274726e-02 -1.423064229124683777e+02 1.272258191773863005e-02 2.184179362822141063e-02 9.996804849352860511e-01 4.228584707399599907e+00
8.525214403594595369e-01 -5.226920016875987729e-01 5.148778920648963003e-04 -1.807264207282997859e+02 5.225391046299215914e-01 8.522473911990557927e-01 -2.504532545133825172e-02 -1.418603664163589144e+02 1.265218795277897601e-02 2.162072076075965271e-02 9.996861840466700899e-01 4.269243751845166912e+00
8.542395990963640440e-01 -5.198793039702787055e-01 4.654450149304874967e-04 -1.809963463047695882e+02 5.197293395617361700e-01 8.539709829958608278e-01 -2.479866528272551413e-02 -1.414144297015420193e+02 1.249483630964454139e-02 2.142590731945248628e-02 9.996923574586000782e-01 4.287411632428627328e+00
8.567933159020111322e-01 -5.156598791116501213e-01 3.207806028348450869e-04 -1.812597153731193487e+02 5.155083923917088695e-01 8.565261994730196671e-01 -2.477835729060400699e-02 -1.409774624057399137e+02 1.250244773444733962e-02 2.139529599849921554e-02 9.996929179051855519e-01 4.301465371295342344e+00
8.601446592552742798e-01 -5.100500813172288428e-01 2.823170493008383963e-04 -1.815295294673915691e+02 5.098961365808467594e-01 8.598711828727307882e-01 -2.504952624256873844e-02 -1.405392360744173743e+02 1.253375660185279163e-02 2.169016858714974127e-02 9.996861715218964273e-01 4.319186817203836348e+00
8.643161570038513375e-01 -5.029487994407624285e-01 2.930583380226312734e-04 -1.817742702768402978e+02 5.027933215763422670e-01 8.640341841918955934e-01 -2.537329947157631466e-02 -1.400997628396161474e+02 1.250825808506621922e-02 2.207790046497073305e-02 9.996780030543516160e-01 4.336202295293321463e+00
8.688034672198547970e-01 -4.951568715760959472e-01 4.559361055514587341e-04 -1.820152321029060261e+02 4.950034194488245887e-01 8.685105454244306245e-01 -2.571083858082134910e-02 -1.396553023165382399e+02 1.233491308156630002e-02 2.256335563544575179e-02 9.996693177755024973e-01 4.352391061723200671e+00
8.738074871796531751e-01 -4.862715241521509135e-01 6.929267813686971339e-04 -1.822568720407803937e+02 4.861230830235891975e-01 8.735037061851562701e-01 -2.599275730731046008e-02 -1.392217996095344006e+02 1.203426360110230499e-02 2.304951365084008386e-02 9.996618910511888556e-01 4.367001391272867572e+00
8.791440258760583326e-01 -4.765557147864619703e-01 6.576251217568973226e-04 -1.824816898605609481e+02 4.764086567421101925e-01 8.788367291932410730e-01 -2.609205247013036272e-02 -1.387772443431517218e+02 1.185637160410870847e-02 2.325197035285583164e-02 9.996593281348877813e-01 4.386876080067808381e+00
8.846011741066325262e-01 -4.663478497473554363e-01 6.676864423513133653e-04 -1.827112094587811555e+02 4.662009396643319592e-01 8.842846990040305055e-01 -2.640558583794357095e-02 -1.383414168801668040e+02 1.172376327214049926e-02 2.366968828204366743e-02 9.996510887461532713e-01 4.409869199353075864e+00
8.896065340099523766e-01 -4.567272707497034290e-01 6.440499409954151058e-04 -1.829127148582483642e+02 4.565758532708781292e-01 8.892734746827296588e-01 -2.704029281783160155e-02 -1.378795216146742746e+02 1.177730261006283349e-02 2.434927882364441853e-02 9.996341369541155153e-01 4.440285726639977781e+00
8.949300313842101229e-01 -4.462057955110795282e-01 7.918200434594352063e-04 -1.831435423829141200e+02 4.460551358173855396e-01 8.945788265789405003e-01 -2.763220670846740917e-02 -1.374425241118905774e+02 1.162130533073866406e-02 2.508208701385195027e-02 9.996178440651404262e-01 4.456614433500562633e+00
8.997784659295293697e-01 -4.363455404619142053e-01 1.132063824487822626e-03 -1.833573493316625900e+02 4.362013048768693668e-01 8.994079459985344638e-01 -2.817389391642132271e-02 -1.369932140092141424e+02 1.127536576875565882e-02 2.584407076482436380e-02 9.996023960220801197e-01 4.479894426765817173e+00
9.035154745354423422e-01 -4.285527922242570176e-01 1.513787233149667920e-03 -1.835463912012624519e+02 4.284170690423376726e-01 9.031282974066574543e-01 -2.860233166238342756e-02 -1.365372867814253937e+02 1.089046501152830110e-02 2.649118155433816124e-02 9.995897233723882724e-01 4.493877565055952594e+00
9.067954760149389282e-01 -4.215675498562678758e-01 1.663005418960852508e-03 -1.837568217210185821e+02 4.214338695252735079e-01 9.063932759271432493e-01 -2.906411827350499633e-02 -1.360780779712897299e+02 1.074515219971776403e-02 2.705605777353162211e-02 9.995761659033093327e-01 4.507108912869691508e+00
9.091439976145995194e-01 -4.164781949241023740e-01 1.762031244428014995e-03 -1.839660894022454727e+02 4.163446340130730339e-01 9.087275539338225405e-01 -2.951912007448511538e-02 -1.356199477904707180e+02 1.069286350166535719e-02 2.757074308416375408e-02 9.995626627660327834e-01 4.537970260694201841e+00
9.106544826645360802e-01 -4.131653821376331526e-01 1.667394989100287779e-03 -1.841636569227493681e+02 4.130284261247371691e-01 9.102326241792916273e-01 -2.973363571114301385e-02 -1.351523779419986226e+02 1.076719164446341900e-02 2.776575017434308040e-02 9.995564669899081878e-01 4.581196614731999794e+00
9.111799144374302939e-01 -4.120052221500755119e-01 1.691285565501283658e-03 -1.843721439550801620e+02 4.118717605852150188e-01 9.107635797186784954e-01 -2.951871762888410439e-02 -1.346841164964926350e+02 1.062150451831126753e-02 2.759345536690466227e-02 9.995627968580473866e-01 4.605977173297175042e+00
9.104198278614783479e-01 -4.136811647322897190e-01 1.905513687240513801e-03 -1.845690762095748596e+02 4.135467543516702649e-01 9.099854001786201740e-01 -3.009407627683163486e-02 -1.342114451089174736e+02 1.071536289051267833e-02 2.818626274433425408e-02 9.995452543985349214e-01 4.625442620143302541e+00
9.080031496486151710e-01 -4.189575252593540911e-01 2.207318905901165494e-03 -1.847820957867125458e+02 4.188297215126975392e-01 9.075679156534761649e-01 -3.003569300017986526e-02 -1.337300014016953753e+02 1.058038779019382369e-02 2.819699460869047603e-02 9.995463895634092433e-01 4.648773956808761376e+00
9.049198612105451289e-01 -4.255778659636894612e-01 1.877442004329015444e-03 -1.849961091858162376e+02 4.254338213506699273e-01 9.044795646695762414e-01 -3.037730643259922009e-02 -1.332579735543824881e+02 1.122980131854274879e-02 2.828775524720383849e-02 9.995367399277629294e-01 4.680686726298848299e+00
9.011775287265856305e-01 -4.334450650740496180e-01 2.106485508331349191e-03 -1.852310460210658789e+02 4.332971100177600010e-01 9.007194935099273048e-01 -3.095171176974226279e-02 -1.327929063541370454e+02 1.151851416203894703e-02 2.880572120556817300e-02 9.995186612851838515e-01 4.694755386809318587e+00
8.965362436782882138e-01 -4.429644024583566653e-01 2.302591135220857614e-03 -1.854645343221525309e+02 4.428132960127404427e-01 8.960677736562164819e-01 -3.128785529761748951e-02 -1.323216619326322814e+02 1.179612841393476441e-02 2.907031423123267871e-02 9.995077629438099409e-01 4.710336761085563317e+00
8.912288506921863807e-01 -4.535496580448298842e-01 1.960454361205865928e-03 -1.857083177325575036e+02 4.533776394387623587e-01 8.907536960007101934e-01 -3.172647345687801962e-02 -1.318555966746051240e+02 1.264324921925056092e-02 2.916437464600049947e-02 9.994946660691529372e-01 4.742093673852220803e+00
8.858436224377426171e-01 -4.639807528131855152e-01 1.713944365419117939e-03 -1.859716270071687347e+02 4.637959924260290911e-01 8.853736651904082766e-01 -3.172933023021060062e-02 -1.313857800161303260e+02 1.320431732172770364e-02 2.890214535657569667e-02 9.994950285008197266e-01 4.769399609253065719e+00
8.802864416286824145e-01 -4.744400065830957636e-01 1.568705882084074285e-03 -1.862359639369959723e+02 4.742451486064003796e-01 8.798198962641592402e-01 -3.175671836033044232e-02 -1.309030462369848351e+02 1.368647902148850508e-02 2.869895975738822810e-02 9.994943971833150087e-01 4.796566655557783498e+00
8.739085462693633177e-01 -4.860876395706817954e-01 1.630770974448642573e-03 -1.864949575225994352e+02 4.858860172953665124e-01 8.734389586843378517e-01 -3.192434258158501070e-02 -1.304380809947419664e+02 1.409364942855339739e-02 2.869132462997382380e-02 9.994889578863602742e-01 4.816549193855762745e+00
8.672575013484685735e-01 -4.978571250081119115e-01 1.646035682576667616e-03 -1.867704985083586564e+02 4.976461017363530970e-01 8.667835556965087784e-01 -3.216558721255662057e-02 -1.299861296114202673e+02 1.458711011209399590e-02 2.871499003612132395e-02 9.994811982052503874e-01 4.838918963273465934e+00
8.603027182526093997e-01 -5.097811761333047587e-01 1.544482863590961562e-03 -1.870566302505252736e+02 5.095559256166560802e-01 8.598241733763796191e-01 -3.248306553541839559e-02 -1.295024368392504357e+02 1.523127165157972182e-02 2.873226997245425726e-02 9.994710926415559804e-01 4.864057711820898966e+00
8.531458624390246825e-01 -5.216701019778396953e-01 1.562723776985926356e-03 -1.873442802316706945e+02 5.214258954292353421e-01 8.526467445665963929e-01 -3.329511309194792268e-02 -1.290364001919221835e+02 1.603661370093631064e-02 2.922043261855821958e-02 9.994443422915511022e-01 4.886527825279268988e+00
8.458065523246095507e-01 -5.334866304932349701e-01 1.814147108734497429e-03 -1.876349171367553197e+02 5.332364391077085708e-01 8.452953433624650348e-01 -3.368504857445513839e-02 -1.285944542682055101e+02 1.643703295879926640e-02 2.945840414392603482e-02 9.994308512212360940e-01 4.909459750782638743e+00
8.381093828667736112e-01 -5.454994860727585548e-01 1.724252021107257338e-03 -1.879407770129839435e+02 5.452291649244881411e-01 8.375856936192678237e-01 -3.428357566058800460e-02 -1.281254181714687377e+02 1.725746407851373732e-02 2.967349892894942734e-02 9.994106580354706892e-01 4.939237937311562021e+00
8.307916513407858083e-01 -5.565814866170762931e-01 1.510237589073828990e-03 -1.882586710579485612e+02 5.562978227050082713e-01 8.302751906619939559e-01 -3.429052675093859082e-02 -1.276741642264785810e+02 1.783155955370684109e-02 2.932842522732669391e-02 9.994107658803599303e-01 4.966189087894612442e+00
8.233332167806275415e-01 -5.675564929773854184e-01 1.428784404727137872e-03 -1.885765852784589356e+02 5.672616819995585091e-01 8.228189532940849427e-01 -3.439700910047492621e-02 -1.272029077119537419e+02 1.834661496559626681e-02 2.913069479496679590e-02 9.994072264798101735e-01 4.992331146927151408e+00
8.162953901294263126e-01 -5.776334454960463383e-01 1.199457299696777071e-03 -1.889120286254318160e+02 5.773188707603693626e-01 8.157786678130514169e-01 -3.475754026301369065e-02 -1.267417318013569769e+02 1.909862606104687638e-02 2.906488922272222955e-02 9.993950543689172905e-01 5.011194931182000545e+00
8.105929753653766667e-01 -5.856090556647834955e-01 1.030636554014157172e-03 -1.892543164614567388e+02 5.852850076882338826e-01 8.100833009506626103e-01 -3.473478510459271362e-02 -1.262866063194169186e+02 1.950610324206351887e-02 2.875898893004872128e-02 9.993960338584655378e-01 5.037991987973737373e+00
8.054255417675999507e-01 -5.926966726904231431e-01 5.923259826543011280e-04 -1.896168360056624351e+02 5.923518991041526460e-01 8.049221221034370544e-01 -3.492284318613721183e-02 -1.258239034623928205e+02 2.022187667037782938e-02 2.847861531397351265e-02 9.993898359367713313e-01 5.064643925788930190e+00
8.009518718827396411e-01 -5.987282856629884131e-01 7.340807819308861615e-04 -1.899523989772089578e+02 5.983716104924711177e-01 8.004311837081021785e-01 -3.551529113343923627e-02 -1.253490674605075270e+02 2.067642822592770033e-02 2.888529201350417686e-02 9.993688634438800955e-01 5.091084254141530430e+00
7.972250567667154009e-01 -6.036817448416308407e-01 7.482033625362833479e-04 -1.903049157879067366e+02 6.033133231982451550e-01 7.966939721757082538e-01 -3.594090636561093899e-02 -1.249169775517030274e+02 2.110077995708743021e-02 2.910439217465124809e-02 9.993536368279982707e-01 5.116514093340344793e+00
7.937246037292147172e-01 -6.082770700420653265e-01 5.094074416397229715e-04 -1.906629044884260509e+02 6.078949854789982288e-01 7.931957887968054122e-01 -3.611270225976470627e-02 -1.244433563585729416e+02 2.156246888438075743e-02 2.897320652006132868e-02 9.993475938028549832e-01 5.151286828133546436e+00
7.915469578033309528e-01 -6.111081923815931960e-01 4.368024651437655420e-04 -1.910302665230795185e+02 6.107149930256524639e-01 7.910116147422100452e-01 -3.643930071500853241e-02 -1.239693314646823552e+02 2.192283936832140762e-02 2.911017943989960624e-02 9.993357726845405464e-01 5.171141294380170450e+00
7.909417213765658206e-01 -6.118913842374484879e-01 3.567658253692592568e-04 -1.914003651754892701e+02 6.114867707376285821e-01 7.903972393607521241e-01 -3.682571416508908374e-02 -1.235131246348362311e+02 2.225135049253884612e-02 2.934515133512153456e-02 9.993216396608136654e-01 5.196483367372704443e+00
7.912933192456539366e-01 -6.114367307651692451e-01 8.478441797082555964e-05 -1.917760789729152293e+02 6.110166348851121532e-01 7.907444959296379139e-01 -3.717275952436731312e-02 -1.230383833843595340e+02 2.266174774524792532e-02 2.946636095931633517e-02 9.993088505366827246e-01 5.231784516772624016e+00
7.924950336070711865e-01 -6.098782636676999269e-01 -3.538556182383651577e-04 -1.921430015484075966e+02 6.094385933453024817e-01 7.919454754268236973e-01 -3.750953068596445117e-02 -1.225559810288195877e+02 2.315648180156454350e-02 2.951046351133234866e-02 9.992962072848671218e-01 5.271000553171176328e+00
7.942588324840088587e-01 -6.075795238970385093e-01 -1.707693975378180712e-04 -1.925099235747525768e+02 6.071443962264881922e-01 7.937005844006788102e-01 -3.761734244725488396e-02 -1.220631644180397046e+02 2.299106678499850120e-02 2.977422481054575742e-02 9.992922027040033184e-01 5.294637104579673625e+00
7.957798327537985994e-01 -6.055860448294845266e-01 -9.493046945568267558e-06 -1.928831332994247703e+02 6.051525465215843447e-01 7.952107803380360496e-01 -3.781812095561563197e-02 -1.215874054624194969e+02 2.290967526566368637e-02 3.008915322758937486e-02 9.992846389479168590e-01 5.311583488707090517e+00
7.970659924352665460e-01 -6.038921441375748600e-01 -2.862727828142602043e-04 -1.932462183775536744e+02 6.034498648512864882e-01 7.965001981228727601e-01 -3.789056612388760903e-02 -1.210939183217198973e+02 2.310983154736979267e-02 3.002853041937070255e-02 9.992818536562670939e-01 5.352856644308404910e+00
7.982000041922893141e-01 -6.023923929329868532e-01 -3.977988175941811477e-04 -1.936161856742005511e+02 6.019423818207771948e-01 7.976288934232984573e-01 -3.812502254758989850e-02 -1.205871783140611768e+02 2.328351939374949733e-02 3.019194118956924910e-02 9.992728978671674422e-01 5.383156941998001876e+00
7.993914502480692352e-01 -6.008105432686794423e-01 -1.916984858183271023e-05 -1.939974415855840277e+02 6.003614595293305101e-01 7.987951672030936257e-01 -3.863157730139924612e-02 -1.200921118098023896e+02 2.322557172818284776e-02 3.087024376606239268e-02 9.992535218190241597e-01 5.414372099804950267e+00
8.002980073047193388e-01 -5.996024315340807709e-01 -1.536310953188062267e-04 -1.943809077474317633e+02 5.991445734093053810e-01 7.996968562772061029e-01 -3.886795871325220836e-02 -1.195739982478288965e+02 2.342818085718515603e-02 3.101390266915065447e-02 9.992443435831656062e-01 5.443579646108465120e+00
8.009459976881161403e-01 -5.987361357216616220e-01 -7.406540894965892713e-04 -1.947630535454512142e+02 5.982648433028867618e-01 8.003634081650266019e-01 -3.869873561546294943e-02 -1.190565594581910744e+02 2.376312385105738140e-02 3.055249010400128834e-02 9.992506488830938949e-01 5.495625187801759459e+00
8.016267172568477539e-01 -5.978244294721840602e-01 -7.467973403684647488e-04 -1.951459482921987103e+02 5.973465809543528904e-01 8.010346776195129692e-01 -3.899368504191001727e-02 -1.185428870808802770e+02 2.390958807998704722e-02 3.081228289595887293e-02 9.992391779852233258e-01 5.522551021262367854e+00
8.017521645463769886e-01 -5.976562217474468142e-01 -7.122160950307678678e-04 -1.955426806200318310e+02 5.971818378008841854e-01 8.011621358896251488e-01 -3.889838836677241007e-02 -1.180053431526394263e+02 2.381846439125985537e-02 3.076154455388354150e-02 9.992429174783785673e-01 5.544943785220662669e+00
8.019026458727965823e-01 -5.974544869803795066e-01 -5.315347774659927998e-04 -1.959384363480114644e+02 5.969820460274930518e-01 8.013032842939119549e-01 -3.905743591965788603e-02 -1.174648538477402155e+02 2.376096090304818942e-02 3.100294448599444710e-02 9.992368258677030157e-01 5.563993027988108686e+00
8.021159848160982486e-01 -5.971679974727935880e-01 -5.741923323418444275e-04 -1.963366245880962140e+02 5.967000682010860091e-01 8.015247892963078824e-01 -3.882062277100344072e-02 -1.169221413427004563e+02 2.364266294900270460e-02 3.079602146126875217e-02 9.992460305404454735e-01 5.595879996558948299e+00
8.021596969985228531e-01 -5.971091241118400283e-01 -7.172263445901373019e-04 -1.967354827461280991e+02 5.966376063844438526e-01 8.015728486532223140e-01 -3.878833522851694166e-02 -1.163855376256395715e+02 2.373577803821842747e-02 3.068651502451215721e-02 9.992471919583115758e-01 5.631838720476001647e+00
8.022997321437030926e-01 -5.969206494203981306e-01 -9.370686592842167317e-04 -1.971550352067654899e+02 5.964421985981299690e-01 8.017175770385094324e-01 -3.880245351689069061e-02 -1.158298272883637026e+02 2.391325016744727527e-02 3.057229077173901494e-02 9.992464618418207545e-01 5.677715823451629618e+00
8.024670303740168986e-01 -5.966958393967841667e-01 -8.604703794134593159e-04 -1.975637059829068960e+02 5.962209098369480875e-01 8.018842149504604722e-01 -3.875993403613581245e-02 -1.152682369962554816e+02 2.381788898934012605e-02 3.059053873096904963e-02 9.992481809361678513e-01 5.704781035219749441e+00
8.024770870315953708e-01 -5.966821453990462931e-01 -9.706447736560278039e-04 -1.979846204289052025e+02 5.962072917412772899e-01 8.019012752999986615e-01 -3.861618762601200239e-02 -1.147039792312708499e+02 2.381995096167898937e-02 3.040990026664336723e-02 9.992536454284047798e-01 5.738778946750764831e+00
8.026269676412607357e-01 -5.964802843443943736e-01 -1.105080732381927278e-03 -1.983972006168353062e+02 5.960040780275097649e-01 8.020575245450718427e-01 -3.850800300209644700e-02 -1.141417311196278064e+02 2.385560289686198751e-02 3.024892905644397875e-02 9.992576807317347098e-01 5.771443813622246566e+00
8.027775798287565268e-01 -5.962775341871905388e-01 -1.122295829214544835e-03 -1.988314056929837363e+02 5.958030682120235566e-01 8.022111105670038933e-01 -3.841923986745441472e-02 -1.135776817392659979e+02 2.380884779705083609e-02 3.017343710116795336e-02 9.992610782273463332e-01 5.802138224805580613e+00
8.030295969431487935e-01 -5.959376292122605667e-01 -1.344813070435411234e-03 -1.992566689708933154e+02 5.954545467284942939e-01 8.024655409232511749e-01 -3.850893936630066239e-02 -1.129918380519613947e+02 2.402809217743951536e-02 3.012304300073790839e-02 9.992573507694042512e-01 5.840258004010937753e+00
8.029905630738908284e-01 -5.959902533144856296e-01 -1.331753885291863879e-03 -1.996845074573618888e+02 5.955126412695468385e-01 8.024326384811590884e-01 -3.829562361854551428e-02 -1.124145385505255206e+02 2.389246120523542960e-02 2.995794809897051741e-02 9.992655661250695598e-01 5.883101297093658033e+00
8.031726482878355222e-01 -5.957441194404340390e-01 -1.625175204916159966e-03 -2.001192796880523872e+02 5.952605429769919354e-01 8.026248699314610935e-01 -3.818643924539213280e-02 -1.118334790221355064e+02 2.405375266027343778e-02 2.970290086249300146e-02 9.992693103779938246e-01 5.918099919148726684e+00
8.031195690665017262e-01 -5.958164659138250885e-01 -1.302585274089513440e-03 -2.005508669701140150e+02 5.953407237038078614e-01 8.025619438201517797e-01 -3.825897321473565454e-02 -1.112229933907444774e+02 2.384073157986027827e-02 2.995104802138295538e-02 9.992670084817960596e-01 5.936282746373156449e+00
8.032348641320213867e-01 -5.956603408897892526e-01 -1.584718862558972749e-03 -2.010025974301636609e+02 5.951776895708472681e-01 8.026856491925214998e-01 -3.820034577708163182e-02 -1.106217939377819306e+02 2.402646207666504080e-02 2.974066023881321089e-02 9.992688438296463138e-01 5.976603074876477351e+00
8.034199229615204274e-01 -5.954086099726734194e-01 -2.239321083197789650e-03 -2.014464604936170815e+02 5.949110807156494651e-01 8.028915888559244873e-01 -3.802502578759443808e-02 -1.100156425482388727e+02 2.443835981081390191e-02 2.921786636320441999e-02 9.992742780913251854e-01 6.005657021984386112e+00
8.034217483559746853e-01 -5.954007936548072477e-01 -3.374786490207871970e-03 -2.018902925286417656e+02 5.948948114503730400e-01 8.029490150550866456e-01 -3.705458853490940785e-02 -1.094025193706587800e+02 2.477211291057100639e-02 2.776281933255068946e-02 9.993075443949445136e-01 6.059817571975552930e+00
8.031588269351738196e-01 -5.957567166587660612e-01 -3.135804853995418501e-03 -2.023290818179690973e+02 5.952847271249517291e-01 8.027115866940788269e-01 -3.591938527934718239e-02 -1.088045192724766821e+02 2.391636192833874672e-02 2.698227460836527536e-02 9.993497708455590933e-01 6.096703386427479110e+00
8.035585470863720881e-01 -5.952198866603959360e-01 -2.635892339290877434e-03 -2.027879748418795316e+02 5.947675873115825240e-01 8.031059012731947000e-01 -3.567111469702934773e-02 -1.082124932893453462e+02 2.334905753982109700e-02 2.709608577184311612e-02 9.993601070924569285e-01 6.124599919731594788e+00
8.033551321292335956e-01 -5.954941485012201774e-01 -2.692727692934120468e-03 -2.032187735945990994e+02 5.950362656648284787e-01 8.028994709549656106e-01 -3.583688161506249498e-02 -1.076032734091684375e+02 2.350264294238325891e-02 2.718747213411244409e-02 9.993540249249410756e-01 6.169726550935049403e+00
8.034093963745430056e-01 -5.954244947672501231e-01 -1.735755817313807195e-03 -2.036540774553917004e+02 5.949977957495854453e-01 8.029374958910033833e-01 -3.562303672372083008e-02 -1.070009741176855442e+02 2.260453207272886816e-02 2.758711154597149814e-02 9.993637908221025823e-01 6.209057163882333974e+00
8.033234682830805440e-01 -5.955420389786389990e-01 -1.041688440835712368e-03 -2.040903204324586966e+02 5.951347901282117991e-01 8.028364240468003343e-01 -3.561260735744430778e-02 -1.063871037714360170e+02 2.204511022180948715e-02 2.798849822536996976e-02 9.993651270093412142e-01 6.241873620855176164e+00
8.034806430348393480e-01 -5.953303976244987972e-01 -7.575833796603682890e-04 -2.045431354044127659e+02 5.949358530971171621e-01 8.029932003189920176e-01 -3.540128445506642713e-02 -1.057872431677640748e+02 2.168379505359464138e-02 2.799353328394559720e-02 9.993728909302844743e-01 6.261683540947769799e+00
8.031582460462519668e-01 -5.957657420892389366e-01 1.111789854897470703e-04 -2.049768438720791721e+02 5.954172386955324248e-01 8.026820146883665297e-01 -3.434960203572096776e-02 -1.051979318958192380e+02 2.037507477521741106e-02 2.765436400793769636e-02 9.994098721141495556e-01 6.303611310898390663e+00
8.031388454950045830e-01 -5.957913323055036292e-01 8.265631155891430687e-04 -2.054199316920615104e+02 5.954677906958313338e-01 8.026554047481536669e-01 -3.409415598608347975e-02 -1.046022367964846893e+02 1.964955726668723979e-02 2.787453278910021967e-02 9.994182834634418588e-01 6.336387314968600748e+00
8.030509716468282599e-01 -5.959093842117968443e-01 1.068992704497817234e-03 -2.058621807214237549e+02 5.955862299962095818e-01 8.025537471184683858e-01 -3.441693805392374850e-02 -1.040085875305147596e+02 1.965145226153222624e-02 2.827523288007747007e-02 9.994069899843557314e-01 6.367947694397530611e+00
8.025246500398475202e-01 -5.966164689104681562e-01 1.724848754164405584e-03 -2.063157744731893786e+02 5.963260016796499974e-01 8.020366423249187804e-01 -3.365299524459140074e-02 -1.033990630904598191e+02 1.869453928778055246e-02 2.803593039253135175e-02 9.994320891425503284e-01 6.418650983778812602e+00
8.019914346933755267e-01 -5.973345515888957014e-01 1.082661791175318355e-03 -2.067489604842411381e+02 5.970237103461333295e-01 8.015129039611105233e-01 -3.376024390261397196e-02 -1.028181898221636885e+02 1.929839275684699582e-02 2.772180120267314640e-02 9.994293740805709758e-01 6.436883633752358946e+00
8.009475078007928239e-01 -5.987344028808276875e-01 4.522771691614496659e-04 -2.071893010672731634e+02 5.984055138820871811e-01 8.004820442812385917e-01 -3.375407736621544030e-02 -1.022108238489428373e+02 1.984768760370217086e-02 2.730588929641459758e-02 9.994300664411280843e-01 6.479337655004403729e+00
8.000097936559673606e-01 -5.999863878783844306e-01 8.151166697332751926e-04 -2.076378873944497911e+02 5.996795856160290761e-01 7.995557541060087647e-01 -3.309064325998048450e-02 -1.016114935033416344e+02 1.920220429857492916e-02 2.696164751309458249e-02 9.994520223169571782e-01 6.522390235398161984e+00
7.991358599643944016e-01 -6.011504135977513430e-01 2.398962702705887545e-04 -2.080829104777676264e+02 6.008125099570295058e-01 7.986731633119962259e-01 -3.384532588621098903e-02 -1.010246754339537603e+02 2.015453294180264560e-02 2.719114628812300052e-02 9.994270540491865251e-01 6.552578324696074041e+00
7.983428694558849514e-01 -6.022023546413567407e-01 9.934049272114237744e-04 -2.085287829658498708e+02 6.018739152239857004e-01 7.978507416461380064e-01 -3.437999749357290025e-02 -1.004462516147795128e+02 1.991112658526297818e-02 2.804493036384866217e-02 9.994083394283802546e-01 6.581507341250332210e+00
7.974704558115619513e-01 -6.033573044250488682e-01 9.139500196796487147e-04 -2.089628226521391241e+02 6.030010249093926689e-01 7.969456259191496361e-01 -3.560102929069414168e-02 -9.986597645533207412e+01 2.075177259709801159e-02 2.894188185439341629e-02 9.993656645136477223e-01 6.618187557492786866e+00
7.963944979787116463e-01 -6.047759455308869825e-01 1.363560214131529988e-03 -2.094129169206530605e+02 6.044382668671623993e-01 7.958702777594623967e-01 -3.528289281928509435e-02 -9.928133364810157957e+01 2.025302781948546543e-02 2.892328968664992228e-02 9.993764346720634961e-01 6.665173893447629894e+00
7.954167346383169690e-01 -6.060624991420998642e-01 6.821956826642602140e-04 -2.098508291606919158e+02 6.056830067996795686e-01 7.948778215511758116e-01 -3.629523495111299652e-02 -9.870363695931978043e+01 2.145491858331344953e-02 2.928303160004666270e-02 9.993408780435703020e-01 6.699823477360340007e+00
7.945584520286779195e-01 -6.071875942158302397e-01 3.028864198897675275e-04 -2.103071339363024492e+02 6.067886297239237781e-01 7.940180922297107591e-01 -3.664461829045957686e-02 -9.811961754263656132e+01 2.200966032345839235e-02 2.930007921973623933e-02 9.993283145243925247e-01 6.748991260134707737e+00
7.933506426231488051e-01 -6.087649304794100491e-01 1.314071377686316239e-04 -2.107394158719633310e+02 6.083437584613273774e-01 7.927937003856110332e-01 -3.736335330288353962e-02 -9.753429841208668449e+01 2.264132042489885172e-02 2.972218106547722116e-02 9.993017374958016452e-01 6.762305321120559931e+00
7.925757713508579938e-01 -6.097734043234898094e-01 -2.050544667879482252e-04 -2.111874788127356908e+02 6.093436738958225574e-01 7.920297468303296728e-01 -3.727153362856653468e-02 -9.694486290640215032e+01 2.288959918246493211e-02 2.941556587294925224e-02 9.993051539613113654e-01 6.773018565027610016e+00
7.919170834226763045e-01 -6.106282165057809186e-01 -7.170706318626041131e-04 -2.116396042404936964e+02 6.102038316451513511e-01 7.914094076536565270e-01 -3.636527633422091677e-02 -9.636658310496096647e+01 2.277316027471341930e-02 2.836072432533312537e-02 9.993383073248240933e-01 6.818871355971161563e+00
7.913606888540043460e-01 -6.113479455652293115e-01 -1.396277081806840403e-03 -2.120829467352446045e+02 6.109178362332008394e-01 7.908856238455130860e-01 -3.576768606770096975e-02 -9.579909943734723754e+01 2.297079686601706180e-02 2.745213011165016995e-02 9.993591561814366697e-01 6.894917786709974017e+00
7.911328001863967563e-01 -6.116439780423665873e-01 -7.325255898990752634e-04 -2.125186345054661388e+02 6.112268844595234452e-01 7.906364198178229552e-01 -3.599649110065739066e-02 -9.523935008990419249e+01 2.259619842219547092e-02 2.803026546724690649e-02 9.993516478370866318e-01 6.950196484831981714e+00
7.915398449023010041e-01 -6.111175196908900098e-01 2.259621564135415317e-04 -2.129665265335742390e+02 6.106903308787330342e-01 7.909726040027157401e-01 -3.767836897195483287e-02 -9.468500261931231421e+01 2.284718151687473164e-02 2.996192323629905813e-02 9.992898926000988169e-01 6.967710719496738925e+00
7.915538017517865788e-01 -6.110990137865288663e-01 7.578135821126458227e-04 -2.134002750330657534e+02 6.106637572970352590e-01 7.909419787746158059e-01 -3.873708476334931233e-02 -9.410268985499021710e+01 2.307280772166948185e-02 3.112525600259398798e-02 9.992491501035224433e-01 6.975428693505707933e+00
7.915847579751743579e-01 -6.110593515381966823e-01 1.995973529107103461e-04 -2.138505830320526968e+02 6.106125687006976888e-01 7.909934085361144396e-01 -3.849309804569576998e-02 -9.352959262141146723e+01 2.336368733998545055e-02 3.059242635258341281e-02 9.992588461273390621e-01 7.002831538241740539e+00
7.916950074400207482e-01 -6.109162528599312303e-01 -5.892250215273914932e-04 -2.142938997255108404e+02 6.104702846720251319e-01 7.911531932406129508e-01 -3.745205411773692983e-02 -9.294785863490122324e+01 2.334623582083387300e-02 2.929089989675809358e-02 9.992982520029923821e-01 7.032290495382629736e+00
7.918049386390109134e-01 -6.107730838266628437e-01 -1.085918846155574380e-03 -2.147343454090171804e+02 6.103101104345122208e-01 7.912715248770069154e-01 -3.756252148391830969e-02 -9.240342800471036355e+01 2.380143374432825906e-02 2.907944276778033979e-02 9.992936894427132399e-01 7.089242990113040932e+00
7.919774857928707501e-01 -6.105474826241072961e-01 -1.852959408255821019e-03 -2.151503227344479683e+02 6.100660291895108056e-01 7.914665271400408431e-01 -3.741893164998158494e-02 -9.183921774717309461e+01 2.431258986916348674e-02 2.850452382076371430e-02 9.992979486097254282e-01 7.142383745634346859e+00
7.923834235365586620e-01 -6.100174956384974978e-01 -2.676774069361816458e-03 -2.155747103769757018e+02 6.095201192089311215e-01 7.919003115351548328e-01 -3.713651666561148396e-02 -9.130365270521362220e+01 2.477366311253048625e-02 2.779481256386690663e-02 9.993066166150038621e-01 7.182762399665317155e+00
7.925233928818524731e-01 -6.098319460957739579e-01 -3.416029285323914783e-03 -2.159856424842901674e+02 6.093431806307814114e-01 7.920897607231243143e-01 -3.598192846897790148e-02 -9.074504124338017164e+01 2.464873128175112255e-02 2.643498588281931877e-02 9.993466023195231029e-01 7.208770520537847837e+00
7.927113089144659508e-01 -6.095847967152121516e-01 -3.893113508189575619e-03 -2.163923163903749014e+02 6.090997185428903560e-01 7.923061663071255811e-01 -3.533371906093799031e-02 -9.021342579583836141e+01 2.462343578962646745e-02 2.563814434351837507e-02 9.993679862615847398e-01 7.233443807196015207e+00
7.922183211472469955e-01 -6.102257551959718862e-01 -3.828750989962175291e-03 -2.167861151673922109e+02 6.097387974454485660e-01 7.918086442358951427e-01 -3.546364057865537822e-02 -8.970007287914202720e+01 2.467246498458727788e-02 2.576040777665413936e-02 9.993636329498711834e-01 7.264999515322595691e+00
7.918812270006290177e-01 -6.106599083110274551e-01 -4.312621655799746961e-03 -2.171794399104245201e+02 6.101599556021223281e-01 7.914834667929232515e-01 -3.547887220687452603e-02 -8.919623485071593905e+01 2.507889358792727078e-02 2.546366381774678792e-02 9.993611213777441327e-01 7.300184102584264423e+00
7.911724370370997184e-01 -6.115784263476174987e-01 -4.243029454088198191e-03 -2.175547014073020193e+02 6.110825119795496585e-01 7.907762847682350271e-01 -3.536991660876361715e-02 -8.868502263409894226e+01 2.498676500750016821e-02 2.539086202394706671e-02 9.993652814162301556e-01 7.335379612308167374e+00
7.908287966643428035e-01 -6.120236219928900656e-01 -4.111020448962110496e-03 -2.179260148497116916e+02 6.115366628314244934e-01 7.904355790759841627e-01 -3.513552822739814813e-02 -8.819796055110187183e+01 2.475327007553421513e-02 2.527214778204929513e-02 9.993741012088765974e-01 7.371614148112899834e+00
7.905509038419198387e-01 -6.123809460907188029e-01 -4.341117339992196095e-03 -2.182958448623215304e+02 6.118900027713547463e-01 7.901656293743412052e-01 -3.505570800772327134e-02 -8.769448706105002600e+01 2.489764935079237171e-02 2.505703534912545952e-02 9.993759312872797507e-01 7.400945783135722600e+00
7.902674290471839447e-01 -6.127438100434449142e-01 -4.734325780604908135e-03 -2.186724927481926102e+02 6.122512126382692044e-01 7.899004132382284604e-01 -3.472448399969185751e-02 -8.723417186935522238e+01 2.501685851826803905e-02 2.454303199522658158e-02 9.993857095087753661e-01 7.430282304394419945e+00
7.898435372694121437e-01 -6.132882604484458655e-01 -4.969530144988344028e-03 -2.190280821114499190e+02 6.127882728734997952e-01 7.894814317785056046e-01 -3.477932583696772412e-02 -8.677206710374225906e+01 2.525310401625546416e-02 2.442495594837584480e-02 9.993826605782512029e-01 7.457310713347224507e+00
7.896519031876211292e-01 -6.135312548045520620e-01 -5.410283737432240378e-03 -2.193646720338108764e+02 6.130213629665629549e-01 7.893020211970142030e-01 -3.474374592535554168e-02 -8.632588821233571252e+01 2.558672192339853102e-02 2.411884558306762183e-02 9.993816092709305599e-01 7.494209910963328447e+00
7.895667075497624365e-01 -6.136411476550431843e-01 -5.381099667289180807e-03 -2.197070087293290896e+02 6.131326141199662239e-01 7.892168133625593329e-01 -3.471626431895946663e-02 -8.588806737904528177e+01 2.555018261078641217e-02 2.411147881090302397e-02 9.993827218629041109e-01 7.511484950901509805e+00
7.891103895058770856e-01 -6.142256089571164202e-01 -5.629784644416137296e-03 -2.200144111318480213e+02 6.137097513433739104e-01 7.887662403056636684e-01 -3.475858541601032498e-02 -8.547058121520736051e+01 2.579019736134356006e-02 2.397330714205983537e-02 9.993798808584928306e-01 7.546794769886226995e+00
7.886706237016457566e-01 -6.147933585656498723e-01 -5.270063910935965726e-03 -2.203279485324268592e+02 6.142806572689080147e-01 7.883126320093607475e-01 -3.496381443367533454e-02 -8.506778738037003507e+01 2.564997885643287984e-02 2.433763501333643248e-02 9.993746835429753173e-01 7.575052337615081122e+00
7.885642032215214314e-01 -6.149288838394296741e-01 -5.381934373475335404e-03 -2.206319059758010326e+02 6.144192620199203647e-01 7.882146924753563599e-01 -3.473570245260343414e-02 -8.466904985803658690e+01 2.560210648566938266e-02 2.408456738188671439e-02 9.993820419426816537e-01 7.608507413689304499e+00
7.884680252133956513e-01 -6.150502862150625250e-01 -5.596306179769687528e-03 -2.209281632219567655e+02 6.145290591947522030e-01 7.881181447786009819e-01 -3.498321420265430165e-02 -8.428511089831008007e+01 2.592698635207847657e-02 2.414405304636440402e-02 9.993722309936340364e-01 7.632768416436750414e+00
7.879673876609570859e-01 -6.156918432643523342e-01 -5.563283249233042654e-03 -2.212132158185153230e+02 6.151588618873478076e-01 7.876056256890584528e-01 -3.545353331347340931e-02 -8.392157092064422841e+01 2.621012446040421259e-02 2.451392503641321510e-02 9.993558409571033918e-01 7.647332289247951387e+00
7.875680782361451637e-01 -6.162102898737247259e-01 -4.626099562824243644e-03 -2.214745139912112109e+02 6.156946343110769604e-01 7.871768532081295788e-01 -3.567518821108298099e-02 -8.357999926359381959e+01 2.562497656534262411e-02 2.524837474149570216e-02 9.993527305956284579e-01 7.693837368531125875e+00
7.872527715334781684e-01 -6.166176440373276613e-01 -3.969228478284266351e-03 -2.217357296672605571e+02 6.160905199558179834e-01 7.868164914082447225e-01 -3.677336085523879444e-02 -8.324662843036000481e+01 2.579815755877314098e-02 2.650452621487785904e-02 9.993157484782763111e-01 7.702673072474139460e+00
7.869736421282865768e-01 -6.169815319251465979e-01 -2.505166389484768732e-03 -2.219923479867515823e+02 6.164660292808195052e-01 7.864699043355992680e-01 -3.787775491094007296e-02 -8.291921821912539770e+01 2.534011322151989015e-02 2.826444476109166160e-02 9.992792401647638822e-01 7.688215401628748502e+00
7.866387989623504495e-01 -6.174105592481965443e-01 -1.897708064961655533e-03 -2.222332865784483715e+02 6.168804842134262278e-01 7.860836955609704635e-01 -3.912661204111807928e-02 -8.260426992711556693e+01 2.564894079059485202e-02 2.960785203348170053e-02 9.992324589074776942e-01 7.703415554057295722e+00
7.863385084238742051e-01 -6.177946545629915409e-01 -1.230838377147686069e-03 -2.224846215641605340e+02 6.172795696238120300e-01 7.857612172615623392e-01 -3.930957100591710163e-02 -8.227696271519138804e+01 2.525238790209975367e-02 3.015085804785302970e-02 9.992263220433197368e-01 7.722334057417138631e+00
7.859319595741063313e-01 -6.183125539613300026e-01 -7.352100534090601908e-04 -2.227333453938096568e+02 6.178029470333569195e-01 7.853313789204365847e-01 -3.967548260355340667e-02 -8.196090783630744170e+01 2.510923250329132744e-02 3.072801485197442645e-02 9.992123475750049888e-01 7.763737159020459799e+00
7.859012450166340535e-01 -6.183518681784748727e-01 4.474388164308496646e-04 -2.229715161898980398e+02 6.178584445614029308e-01 7.852448054695337909e-01 -4.051589771037721749e-02 -8.165645314159365853e+01 2.470173203377198923e-02 3.211794830470841161e-02 9.991787937257414765e-01 7.794665257616468779e+00
7.857144587641441413e-01 -6.185893250523371023e-01 1.903162161346651227e-04 -2.232126470325773369e+02 6.180970303977184610e-01 7.850768135625282307e-01 -4.013050984013508127e-02 -8.135231407444071294e+01 2.467489214748305043e-02 3.164875570700026453e-02 9.991944285071392429e-01 7.801427091216424081e+00
7.857851875154981958e-01 -6.184979760468425347e-01 -1.375756952658435325e-03 -2.234432014273916991e+02 6.180058623321234013e-01 7.852449375447795310e-01 -3.819871965686545690e-02 -8.102290091738701960e+01 2.470613697771908979e-02 2.916576222653488246e-02 9.992692155317222102e-01 7.843762120003876959e+00
7.857378300195951848e-01 -6.185576454869280427e-01 -1.581671826201187098e-03 -2.236686494232856433e+02 6.180792492506531621e-01 7.852257612847315382e-01 -3.739713171571788092e-02 -8.072486666707465019e+01 2.437425120587040708e-02 2.840674258836580618e-02 9.992992308881616381e-01 7.870972016658335235e+00
7.854724382868543131e-01 -6.188963772453186518e-01 -5.682643083262158695e-04 -2.238792029838577093e+02 6.184358448435229860e-01 7.849227168421967216e-01 -3.786072368223708517e-02 -8.044949466827353035e+01 2.387790829159843614e-02 2.938711992837746492e-02 9.992828641970866732e-01 7.889909181031627305e+00
7.856871327917518411e-01 -6.186240536361512499e-01 -9.812365850832283076e-05 -2.241218504905389750e+02 6.181332487333638381e-01 7.850700805112476033e-01 -3.970208428282589325e-02 -8.019490705677011988e+01 2.463769826533107263e-02 3.113276327021859829e-02 9.992115566161887674e-01 7.876621779480266206e+00
7.868529453953002628e-01 -6.171403487162073764e-01 -4.819846249056077003e-04 -2.243431585330726250e+02 6.166198074087679837e-01 7.862208529984966443e-01 -4.045718009810232718e-02 -7.990950573873942631e+01 2.534670459674271889e-02 3.153665005599666504e-02 9.991811568826400869e-01 7.919492710353440046e+00
7.886727911850275330e-01 -6.148122050472613065e-01 -1.086724133603819697e-03 -2.245703607302231148e+02 6.143003336988233087e-01 7.880858874669831593e-01 -3.944279392857412414e-02 -7.962405137039704073e+01 2.510634306171433475e-02 3.043988338187302023e-02 9.992212392847569236e-01 7.944861340573339703e+00
7.902742510765317085e-01 -6.127514016849698875e-01 -1.525719021247403176e-03 -2.247793784769611989e+02 6.122689141509934929e-01 7.897460697882200398e-01 -3.778785543561962584e-02 -7.933172118416582919e+01 2.435949198547619071e-02 2.892861882573388027e-02 9.992846191966755498e-01 7.971276863601167939e+00
7.919339088421029071e-01 -6.106050177049379135e-01 -1.482018765139207078e-03 -2.249789146302223344e+02 6.101223803541521162e-01 7.913999456400391264e-01 -3.790523752631746318e-02 -7.906285408229460643e+01 2.431799780103564151e-02 2.911423010308869866e-02 9.992802392664698052e-01 7.986793776918250209e+00
7.943368781609825291e-01 -6.074773708958536300e-01 -4.096863750293229522e-04 -2.251915786752583131e+02 6.070101945781420927e-01 7.937520857786295458e-01 -3.868139087832085654e-02 -7.879104531976069836e+01 2.382325904805181541e-02 3.047737146698753508e-02 9.992515109604751533e-01 7.991981805580289588e+00
7.978392517184831334e-01 -6.028702249716748618e-01 -1.423372516564155171e-04 -2.253762889235384250e+02 6.023921522613078228e-01 7.972159260558101534e-01 -3.962905672567115789e-02 -7.851741424008270087e+01 2.400465186751214036e-02 3.153187412094653197e-02 9.992144502573711007e-01 8.016213898865077070e+00
8.021409785116095925e-01 -5.971346521469712565e-01 -2.404116331391533551e-04 -2.255799247657770934e+02 5.966586131516317115e-01 8.015174512462669432e-01 -3.960144820154576362e-02 -7.824713723062460247e+01 2.384009111578996865e-02 3.162250073925042260e-02 9.992155260516055737e-01 8.028992844339351009e+00
8.053795357362580898e-01 -5.927581827212550225e-01 -1.241061740863143303e-03 -2.257746868365246655e+02 5.922601971722979419e-01 8.047853119830460367e-01 -3.935048235768047464e-02 -7.801076534140278795e+01 2.432410867185424638e-02 3.095704174087991756e-02 9.992246991062486705e-01 8.075723110907890856e+00
8.078504768545352599e-01 -5.893874383233121961e-01 -2.336505591966110684e-04 -2.259496720093966928e+02 5.889048191483023942e-01 8.072048830156250965e-01 -4.014213272406351452e-02 -7.774956308589226239e+01 2.384787264737303278e-02 3.229124312278516817e-02 9.991939524375534898e-01 8.079516531720672745e+00
8.117374163468353832e-01 -5.840184686749732013e-01 2.189782889627666165e-03 -2.261378310994775234e+02 5.835961611166440299e-01 8.109957858429018840e-01 -4.124749780253533782e-02 -7.746195854123260460e+01 2.231339580791208421e-02 3.476008618506742920e-02 9.991465602082240105e-01 8.097133197803817239e+00
8.170016893382907597e-01 -5.766289454360900013e-01 2.701648319447467680e-03 -2.263286810675203071e+02 5.762072572366385703e-01 8.162058105005284281e-01 -4.234703783035807800e-02 -7.719612433062667378e+01 2.221342671019956722e-02 3.615431081404185676e-02 9.990993091196451736e-01 8.075228257841455815e+00
8.222081997962480404e-01 -5.691832687271083380e-01 2.020591234625406310e-03 -2.265094802571483967e+02 5.687413136040877504e-01 8.214189908106770410e-01 -4.247540153389372380e-02 -7.694649002025464313e+01 2.251653587277116508e-02 3.607281714384331234e-02 9.990954696502216681e-01 8.078829779314640192e+00
8.274335682066343844e-01 -5.615631703189394308e-01 7.042344629281695190e-04 -2.267031039098027918e+02 5.610893974133193129e-01 8.266826623927671092e-01 -4.212438497550213129e-02 -7.668311330376637613e+01 2.307332475381627945e-02 3.525026865923171909e-02 9.991121259619747397e-01 8.114631152342139941e+00
8.334412684979102259e-01 -5.526080454823865118e-01 -5.721100174937987504e-06 -2.268881451162578458e+02 5.521221820563526617e-01 8.327089251518474677e-01 -4.191589261588802434e-02 -7.639740114524187220e+01 2.316782350429283377e-02 3.493127596569555599e-02 9.991211427617184837e-01 8.144505067145296096e+00
8.412811348880029350e-01 -5.405970246898736953e-01 -9.534033825771073833e-04 -2.270489348444066593e+02 5.400956296371663967e-01 8.405742493487484701e-01 -4.161300492178694743e-02 -7.611953407500520541e+01 2.329727298175940722e-02 3.449330700648978176e-02 9.991333488796024787e-01 8.186349572545093878e+00
8.501194540196377325e-01 -5.265876743909299051e-01 -1.528095842929753923e-03 -2.272139091751156172e+02 5.260805914325652477e-01 8.494212674785817097e-01 -4.150568241870163794e-02 -7.586950707125080839e+01 2.315437788660274290e-02 3.448088651168498137e-02 9.991370993262399525e-01 8.207565296760568785e+00
8.589058424990201335e-01 -5.121296162011365061e-01 -2.002481142253991972e-03 -2.273615318765812958e+02 5.116239023952465770e-01 8.582189705750037367e-01 -4.124537602010901194e-02 -7.560528613289253030e+01 2.284154589575106142e-02 3.440137722326773451e-02 9.991470407433706846e-01 8.222346149718308794e+00
8.678792724649345702e-01 -4.967704101221251944e-01 -2.174408616501739486e-03 -2.275028242553269706e+02 4.962730795074473678e-01 8.671905458373118103e-01 -4.115322304000165743e-02 -7.532165928957907397e+01 2.232933008244640527e-02 3.463692881132497681e-02 9.991504812492402188e-01 8.242298186365585977e+00
8.777483518035728016e-01 -4.791192452481818909e-01 -1.606156568928993403e-03 -2.276292586102764233e+02 4.786477786617153174e-01 8.770238724697605459e-01 -4.153830882872971281e-02 -7.504837192312201921e+01 2.131044082878171680e-02 3.569139883722451806e-02 9.991356210048389919e-01 8.243936831212794303e+00
8.881212792462290784e-01 -4.596074267744112984e-01 -1.267518775332515668e-03 -2.277481270329701601e+02 4.591568554622615372e-01 8.873661921020082888e-01 -4.190731674051223488e-02 -7.477251302984033998e+01 2.038566731921164638e-02 3.663678981823957626e-02 9.991206985143309405e-01 8.256389534500367944e+00
8.993622691316136564e-01 -4.372035998353071551e-01 -7.219096089693139567e-04 -2.278807519716163767e+02 4.367697437161540130e-01 8.985409359045934963e-01 -4.308569922633723875e-02 -7.447274991502965236e+01 1.948588813885775151e-02 3.843434394842511898e-02 9.990711192746460911e-01 8.269832728868719229e+00
9.120048612308683245e-01 -4.101781023452900077e-01 -1.028322751603492902e-03 -2.280054813214178751e+02 4.097212252939664290e-01 9.111017591642359692e-01 -4.496778837618508468e-02 -7.417044422975538964e+01 1.938170877078273027e-02 4.058951594009708314e-02 9.989879081154452445e-01 8.282997153264160417e+00
9.252926270542403131e-01 -3.792502775072992272e-01 -1.667731902662865015e-03 -2.281335973435068638e+02 3.787753858155527009e-01 9.243369583563868508e-01 -4.615619694843073328e-02 -7.386881651643508917e+01 1.904629673563521669e-02 4.207629293437835372e-02 9.989328426643897529e-01 8.291890068050857820e+00
9.386701529346063166e-01 -3.448056244948075055e-01 -2.724941553256211499e-03 -2.282476967841634519e+02 3.443102554474917754e-01 9.376910854437899845e-01 -4.675335573977406484e-02 -7.354043534057649367e+01 1.867597342592439147e-02 4.294775426017864023e-02 9.989027472284783826e-01 8.303774058790525103e+00
9.517740620280176200e-01 -3.067863471983505175e-01 -2.876112546559827891e-03 -2.283438039763863969e+02 3.063290503385567298e-01 9.507909590036854874e-01 -4.646574217130371859e-02 -7.322561671121333404e+01 1.698963711694076797e-02 4.334385134647381760e-02 9.989157435845574806e-01 8.327109411349148615e+00
9.636495088386871632e-01 -2.671543731450247150e-01 -2.857450690002836212e-03 -2.283989361113101495e+02 2.667412961427405027e-01 9.626548431917365534e-01 -4.631127089147807352e-02 -7.289228105763545784e+01 1.512299729047505287e-02 4.386563334755291810e-02 9.989229705858057029e-01 8.352190281329505694e+00
9.742221363293649405e-01 -2.255774487710631160e-01 -2.458392114093444110e-03 -2.284284727338811649e+02 2.252296093680494216e-01 9.732208329629593591e-01 -4.596556701270447520e-02 -7.255283373794183888e+01 1.276135375906880740e-02 4.422697019717677924e-02 9.989399996783659974e-01 8.381767644461614708e+00
9.832844225939597615e-01 -1.820641480589197947e-01 -2.095298461508725979e-03 -2.284575514624622201e+02 1.817786837067332240e-01 9.822702876239021164e-01 -4.584312599620544992e-02 -7.220311324414748810e+01 1.040453910130095631e-02 4.469595107877522011e-02 9.989464537818096845e-01 8.401582723029534350e+00
9.905646285870508549e-01 -1.370306004930700039e-01 -2.081134475841565478e-03 -2.284830300376202388e+02 1.367941853890619341e-01 9.895484785258883420e-01 -4.561972699219653260e-02 -7.186716214081855014e+01 8.310682038247398096e-03 4.490460082895998684e-02 9.989567104677014031e-01 8.433992879042170543e+00
9.958275171182043861e-01 -9.122434014226213361e-02 -2.382418057604851307e-03 -2.284948291942838239e+02 9.102439386954735978e-02 9.948242243281013586e-01 -4.515885749964081847e-02 -7.152507861858468630e+01 6.489674173165187014e-03 4.475357478012476770e-02 9.989769775492955972e-01 8.465175656354846367e+00
9.989931780936622818e-01 -4.478318242532673688e-02 -2.663962121420496241e-03 -2.284917582279511237e+02 4.461864901781696646e-02 9.979942346496555317e-01 -4.490750233394373570e-02 -7.116226310698289126e+01 4.669719707789508553e-03 4.474342608594258919e-02 9.989875972903480283e-01 8.486655678879120757e+00
9.999947925281817973e-01 2.056318336498730911e-03 -2.487261831342252576e-03 -2.284775573954882191e+02 -2.164244199172069959e-03 9.990205044917451760e-01 -4.419669277338760666e-02 -7.082252276549999692e+01 2.393943099788081817e-03 4.420184566234584139e-02 9.990197524956536679e-01 8.509496105655426135e+00
9.988003652181579595e-01 4.891909636943906486e-02 -2.180011576056619001e-03 -2.283969923038528123e+02 -4.896764388297728671e-02 9.978255648722408333e-01 -4.411702551105857462e-02 -7.044941170288517185e+01 1.710625979824348733e-05 4.417085122330120794e-02 9.990239915085047384e-01 8.524288216424722009e+00
9.953041785132539232e-01 9.678938488885525937e-02 -1.186257515783356153e-03 -2.283326912719176960e+02 -9.674846201702851090e-02 9.943472734825999915e-01 -4.374053972070989643e-02 -7.008074607815171930e+01 -3.054068007806628234e-03 4.364991054465570258e-02 9.990422203180641114e-01 8.554331219559832888e+00
9.894399045980063478e-01 1.449430084502343896e-01 4.466435754029336735e-04 -2.282526865281039932e+02 -1.447902072090965775e-01 9.885292112907925199e-01 -4.296270849411925469e-02 -6.970268621874788550e+01 -6.668664441629244821e-03 4.244434857786210519e-02 9.990765767389233609e-01 8.586656266280499494e+00
9.813817279544352346e-01 1.920669172465755137e-01 -4.509285575998653317e-04 -2.281604064725464411e+02 -1.919412486000926787e-01 9.806491142262101501e-01 -3.854700835586254842e-02 -6.935630113056339496e+01 -6.961402373398895352e-03 3.791588145812559846e-02 9.992566861473827222e-01 8.615853244439353631e+00
9.713141266384296424e-01 2.378000541045484362e-01 -4.074921349211772792e-05 -2.280446824980176075e+02 -2.376422775136945720e-01 9.706634052775435784e-01 -3.658827125059797153e-02 -6.900103684033430795e+01 -8.661139112653450794e-03 3.554838847088569870e-02 9.993304242073260957e-01 8.633828353643224318e+00
9.590439704278991284e-01 2.832571554260031044e-01 -2.160691094731624629e-04 -2.279168390898894927e+02 -2.830814194104623316e-01 9.584215387073908854e-01 -3.595920085757005336e-02 -6.866076426531886057e+01 -9.978615657939182010e-03 3.454761991405871924e-02 9.993532354417155039e-01 8.647589236075226893e+00
9.452508410707969322e-01 3.263446392554039122e-01 1.545451758320787877e-04 -2.277913039887383206e+02 -3.261276915125914666e-01 9.446395105835458939e-01 -3.601282928550367940e-02 -6.830454560711505962e+01 -1.189858326100520260e-02 3.399075571003285640e-02 9.993513157256770363e-01 8.675675934338327622e+00
9.313088626009605742e-01 3.642233948480650407e-01 2.262981717935126993e-03 -2.276118000916099220e+02 -3.639272388682235904e-01 9.307691311633132791e-01 -3.501127365923380891e-02 -6.797612518389696845e+01 -1.485823847756171344e-02 3.178274876157461543e-02 9.993843553060566265e-01 8.715749999426984473e+00
9.185766810460304077e-01 3.949672581975411934e-01 1.475621870182713610e-02 -2.274310701128621304e+02 -3.941962041256816818e-01 9.182207409187322922e-01 -3.847107484277167977e-02 -6.763807604481758062e+01 -2.874428102011250194e-02 2.952178684583799118e-02 9.991507545961548775e-01 8.720366455665441663e+00
9.060664433974959797e-01 4.228222488268018053e-01 1.627716332959645157e-02 -2.272376505503796409e+02 -4.219638588646629773e-01 9.057495547089189358e-01 -3.955054938478065607e-02 -6.729100649566265702e+01 -3.146588567091476718e-02 2.896705096555832540e-02 9.990849853727677976e-01 8.727196653433443529e+00
8.934815919616772018e-01 4.488041594148340363e-01 1.629329056916609814e-02 -2.270399543647202165e+02 -4.479279960608843481e-01 8.931827163633272448e-01 -3.981388620454694161e-02 -6.693829422806727791e+01 -3.242152326013430369e-02 2.827475343433538679e-02 9.990742630794370305e-01 8.740510023486676161e+00
8.821139346501923884e-01 4.707844773495598045e-01 1.539422562709974809e-02 -2.268405205765006087e+02 -4.699562339148289358e-01 8.818332326750397687e-01 -3.887528719482259004e-02 -6.660816508442394479e+01 -3.187702151310289889e-02 2.705782024833425572e-02 9.991254825410379459e-01 8.777601439166254238e+00
8.728623665452253100e-01 4.876743067425454714e-01 1.688370848618729603e-02 -2.266135082194440997e+02 -4.867970359390977886e-01 8.726431220786519116e-01 -3.902085711169991228e-02 -6.624173147129548056e+01 -3.376292152610049085e-02 2.584089843640569734e-02 9.990957477129115416e-01 8.795867840451862207e+00
8.651769853484168049e-01 5.011219637355716072e-01 1.858928415054703076e-02 -2.263549697299803540e+02 -5.002125041321482390e-01 8.650401534740900233e-01 -3.863914578983896481e-02 -6.586537784013346197e+01 -3.544340182983181375e-02 2.413110729592166798e-02 9.990803045438348962e-01 8.799376217065038475e+00
8.590883027030435937e-01 5.108071627144799010e-01 3.230062969024907749e-02 -2.261017418753213235e+02 -5.096222268629193586e-01 8.595337734693505594e-01 -3.856005903546140534e-02 -6.549445335950444758e+01 -4.746023647310280980e-02 1.666537683708443213e-02 9.987340943258096182e-01 8.807457146645221613e+00
8.552235880261287448e-01 5.170404580079420720e-01 3.552153243670648497e-02 -2.258299621216050639e+02 -5.158090480967990610e-01 8.558355618424487998e-01 -3.855537559529215869e-02 -6.510916969378270380e+01 -5.033527972693155328e-02 1.465113882118365511e-02 9.986249064318664104e-01 8.821118195978804977e+00
8.534091968182009325e-01 5.201036671916136056e-01 3.442264022338381579e-02 -2.256061997911320987e+02 -5.188695005222828671e-01 8.539641612833003270e-01 -3.898272273028340063e-02 -6.471939883443467068e+01 -4.967075813665301764e-02 1.540735595567238256e-02 9.986467990078300438e-01 8.848054508165304810e+00
8.534430511274123665e-01 5.201694828053767816e-01 3.253717320727039092e-02 -2.253707109567775149e+02 -5.189797491355377934e-01 8.539107621476189625e-01 -3.868372106825603007e-02 -6.431581888172217987e+01 -4.790593355261154457e-02 1.612821894876545828e-02 9.987216339320948988e-01 8.864865677188603854e+00
8.545513800183992537e-01 5.184278723030322222e-01 3.121666426766826069e-02 -2.251251557289830885e+02 -5.172868156468957146e-01 8.549640512530172209e-01 -3.808964981359982960e-02 -6.390182361451008575e+01 -4.643586185852310172e-02 1.640159395848894697e-02 9.987866130706183343e-01 8.909136486449828141e+00
8.560421159837319216e-01 5.159028281545516847e-01 3.218955675727610405e-02 -2.248760809059370729e+02 -5.146527403471239381e-01 8.564644956473702608e-01 -4.001405438957034849e-02 -6.349802111914640079e+01 -4.821257631874226873e-02 1.768727219304451481e-02 9.986804833814860727e-01 8.909315210477116054e+00
8.593347867714300481e-01 5.103603484057669393e-01 3.280303369575894579e-02 -2.246075457912443767e+02 -5.090075288655339092e-01 8.597452677153668565e-01 -4.182595126515296913e-02 -6.307542889691852395e+01 -4.954856004672257563e-02 1.924550379118135715e-02 9.985862760829030682e-01 8.886390726884846103e+00
8.626588643240540311e-01 5.045897375253204364e-01 3.476896011188211622e-02 -2.243406520239614679e+02 -5.031300846372076530e-01 8.631344169910708519e-01 -4.311723713830117877e-02 -6.263559035658327900e+01 -5.176680148598755693e-02 1.970215697867887250e-02 9.984648332687025007e-01 8.881986989978726044e+00
8.661732840419429369e-01 4.986196115897047476e-01 3.350111863994424677e-02 -2.241009958216965856e+02 -4.971945638307526116e-01 8.665788109075392986e-01 -4.288041724637103175e-02 -6.216168968112528859e+01 -5.041237654726528350e-02 2.048529775734859310e-02 9.985183748267477677e-01 8.903360316634262972e+00
8.696601462866974108e-01 4.927481609560618314e-01 2.984090874988566677e-02 -2.238611263405634020e+02 -4.914417547628915917e-01 8.698974991808312573e-01 -4.199217301480950848e-02 -6.170469358825865669e+01 -4.665009792240508435e-02 2.185385076719241135e-02 9.986722072684687257e-01 8.942543001949054826e+00
8.743292412088558008e-01 4.844611097401443356e-01 2.908283198889571181e-02 -2.236146668010568419e+02 -4.831015525807784705e-01 8.744848267672044040e-01 -4.346467126269280140e-02 -6.126264147263906779e+01 -4.648943816812389079e-02 2.395247175722111516e-02 9.986315693164981022e-01 8.966542222218150116e+00
8.783628239858726205e-01 4.771424311034405674e-01 2.852805426701032765e-02 -2.233225422740101180e+02 -4.756968006966897367e-01 8.784272139936104562e-01 -4.558709820067222140e-02 -6.078053060564197096e+01 -4.681135809284843463e-02 2.647130816794538918e-02 9.985529363020173577e-01 8.993502439577689245e+00
8.816455471280901790e-01 4.710377925039447300e-01 2.871458274503203151e-02 -2.230597821963712022e+02 -4.694918445586997446e-01 8.816532148456743823e-01 -4.759219101025850829e-02 -6.030029707036758424e+01 -4.773402478400786547e-02 2.847818086356544362e-02 9.984540330393892882e-01 8.988846784034921100e+00
8.852642754912952716e-01 4.642564160277233287e-01 2.780544399871416605e-02 -2.228033035813690219e+02 -4.627002688639985650e-01 8.851940871593465543e-01 -4.837240175259739650e-02 -5.981333798360863341e+01 -4.707041249081614365e-02 2.995677277719910325e-02 9.984422707561613208e-01 8.994974662795485187e+00
8.894546351412770946e-01 4.561062866743251787e-01 2.893971806801058644e-02 -2.225516502330876278e+02 -4.544754099296887118e-01 8.893978537267372975e-01 -4.922966133861483851e-02 -5.931245767008248038e+01 -4.819288116453569748e-02 3.063516023185756942e-02 9.983681350897720685e-01 9.012051581780584186e+00
8.935203169123251410e-01 4.480547768769984063e-01 2.946795178836144474e-02 -2.223132941177760529e+02 -4.463888232048073834e-01 8.934619207634866278e-01 -4.962675350502476768e-02 -5.880445207661153262e+01 -4.856399677461890191e-02 3.118834819807691019e-02 9.983330231711010638e-01 9.039265044970164809e+00
8.974016731666889513e-01 4.402564780041128278e-01 2.905977586013627420e-02 -2.220585232277599630e+02 -4.385666305850615121e-01 8.972841176018800935e-01 -5.040359944172241591e-02 -5.826323148647163919e+01 -4.826538650931357088e-02 3.248762648808821429e-02 9.983060685933332623e-01 9.091441471296194621e+00
9.012653994767644283e-01 4.322193823382692868e-01 3.011785578545170608e-02 -2.218151177626634478e+02 -4.304592264134947666e-01 9.011594566320951794e-01 -5.115161891907844122e-02 -5.774359843043453822e+01 -4.924971168934808019e-02 3.313667535634771261e-02 9.982366586360391647e-01 9.120495246779691811e+00
9.051097793295609373e-01 4.240488930421056901e-01 3.096487803558115037e-02 -2.215446443890899673e+02 -4.222225884671840790e-01 9.050035781706425864e-01 -5.192888682038594717e-02 -5.722481750917135912e+01 -5.004371239291192930e-02 3.392727233507554507e-02 9.981706101873752957e-01 9.153412390983685754e+00
9.086183156182779941e-01 4.164879303434249613e-01 3.083115958334809933e-02 -2.212939897412720143e+02 -4.146328178241435736e-01 9.084662831380542203e-01 -5.261785613780989995e-02 -5.667076065222728687e+01 -4.992377095346496596e-02 3.502593724055223096e-02 9.981386681289363683e-01 9.166520423568137232e+00
9.120593057003524295e-01 4.089737324846565714e-01 2.980451346624635178e-02 -2.210561201081970637e+02 -4.071303121262958569e-01 9.118220312090041801e-01 -5.315536049949078773e-02 -5.611940827867957893e+01 -4.891555819303308739e-02 3.634652032113224601e-02 9.981413720647038801e-01 9.208557709051365947e+00
9.149582734124337424e-01 4.026446305380618207e-01 2.699369209659590110e-02 -2.208198479143829616e+02 -4.008806258763044084e-01 9.145526723899306543e-01 -5.374135485321012567e-02 -5.556015173747525182e+01 -4.632582121409839493e-02 3.834984906494243867e-02 9.981899655704496999e-01 9.238539158155253617e+00
9.175695671971422218e-01 3.968298770796553354e-01 2.433388605617384931e-02 -2.205639962080945509e+02 -3.951703704611883028e-01 9.170312325044354118e-01 -5.379681143862757864e-02 -5.499463118511388871e+01 -4.366311559218357535e-02 3.974628622074921624e-02 9.982553606509918520e-01 9.262468155722963559e+00
9.195966502859025393e-01 3.922120604695835122e-01 2.262079585583324712e-02 -2.203291335239628381e+02 -3.906310487014676425e-01 9.189833174190624732e-01 -5.363810302244513550e-02 -5.444027616332800790e+01 -4.182564492436600945e-02 4.048903465950473568e-02 9.983041888617929516e-01 9.315854805120011406e+00
9.209226519766751107e-01 3.891077711375569570e-01 2.228478217551969204e-02 -2.200836895995063571e+02 -3.875376036082747722e-01 9.202851812644703422e-01 -5.375677570852503695e-02 -5.385015385758014617e+01 -4.142553398332311093e-02 4.086964136597689978e-02 9.983053628769170684e-01 9.359703013426710072e+00
9.216475853225697401e-01 3.874179316071187928e-01 2.175028133929139684e-02 -2.198462642576773192e+02 -3.858398773746328780e-01 9.209538690222072166e-01 -5.451201849643428493e-02 -5.326628871014149524e+01 -4.114993920535948979e-02 4.184874433348196449e-02 9.982761968018200038e-01 9.396080776452173211e+00
9.220164133239272530e-01 3.865233335087717159e-01 2.203284399590037593e-02 -2.196040756791142883e+02 -3.849184923132026870e-01 9.213169971831335348e-01 -5.488847763224012632e-02 -5.267256994612144894e+01 -4.151491101534247885e-02 4.212722818701468419e-02 9.982493720552332306e-01 9.433197439078581326e+00
9.220090715130413450e-01 3.865879814967358441e-01 2.118972887836832741e-02 -2.193502100871972686e+02 -3.850359497068782111e-01 9.212929372052309773e-01 -5.446688249827273676e-02 -5.209035915709399944e+01 -4.057818972036161126e-02 4.206015237772856019e-02 9.982907162249785582e-01 9.469200290920278817e+00
9.217049355728150761e-01 3.872755451690566564e-01 2.185552229352634435e-02 -2.191045766707784992e+02 -3.857165261909187293e-01 9.210388851144983846e-01 -5.394565348804398336e-02 -5.145438167049199762e+01 -4.102161825090783198e-02 4.129193893548382260e-02 9.983046642258188719e-01 9.519388710364941275e+00
9.216324734083033432e-01 3.874697799164971146e-01 2.146517204110884314e-02 -2.188290120207641678e+02 -3.859379053350043831e-01 9.209621195692382356e-01 -5.367222320870750768e-02 -5.085765610286462390e+01 -4.056497485420496041e-02 4.118184029396259466e-02 9.983278714155386924e-01 9.552820033999537941e+00
9.214415586693649463e-01 3.878325336571871729e-01 2.305167659885488940e-02 -2.185768962987917234e+02 -3.862463347694722327e-01 9.208477755804739262e-01 -5.341482084255195356e-02 -5.025391729722697676e+01 -4.194309042166763368e-02 4.031501017660703984e-02 9.983063042575359702e-01 9.591837080228378554e+00
9.210804485165512423e-01 3.885869551986619874e-01 2.471812310799216539e-02 -2.183052133235690064e+02 -3.869218162047593501e-01 9.205484359377060777e-01 -5.368505599748930879e-02 -4.964429801405238862e+01 -4.361554201611189674e-02 3.988427437068646497e-02 9.982519367136557520e-01 9.626913136581437769e+00
9.208769225625860200e-01 3.889731096240847674e-01 2.618422198635591766e-02 -2.180552159524388003e+02 -3.872271871858247727e-01 9.203908824556105150e-01 -5.418236795062310318e-02 -4.902501626654427724e+01 -4.517520332898593283e-02 3.975604962709766710e-02 9.981876865210432825e-01 9.676932234662844579e+00
9.205704548839543921e-01 3.895906050203616910e-01 2.773442039448031221e-02 -2.177933904132455893e+02 -3.877893089060981957e-01 9.201619315807306743e-01 -5.405063892082526134e-02 -4.838665183616204502e+01 -4.657777896035843884e-02 3.900230954042577247e-02 9.981529593993261340e-01 9.724414562746877877e+00
9.203723353662042195e-01 3.899996583373342429e-01 2.854874409359921955e-02 -2.175232175961375276e+02 -3.881493798650365590e-01 9.199888321758660226e-01 -5.441146553874302155e-02 -4.775444386696920418e+01 -4.748497870850141439e-02 3.899763029273450171e-02 9.981103955117411886e-01 9.746645647321992456e+00
9.201691561356903915e-01 3.903232078090511648e-01 3.060257411042096448e-02 -2.172479333073241321e+02 -3.883689591990153733e-01 9.198668322748888571e-01 -5.490503083721035016e-02 -4.711911592503189183e+01 -4.958100066764526553e-02 3.863682603700498153e-02 9.980225047796172921e-01 9.795227817534030379e+00
9.198880087297834907e-01 3.908495131666588351e-01 3.229101194666250674e-02 -2.169675459554230486e+02 -3.888013364797663352e-01 9.196502740159473444e-01 -5.546975981506156728e-02 -4.647581282815033177e+01 -5.137676660418870334e-02 3.847117829984987580e-02 9.979380723739924575e-01 9.818946035004465500e+00
9.198105798277460554e-01 3.909457257021249910e-01 3.331571389276498374e-02 -2.166931115995370760e+02 -3.888549883390680084e-01 9.196238478422495977e-01 -5.553176139506354331e-02 -4.585721899325768192e+01 -5.234782976178638247e-02 3.812372011037058056e-02 9.979009403163107139e-01 9.866491605760645101e+00
9.195241801563349693e-01 3.916278793868743224e-01 3.320973042287280602e-02 -2.164190747974955684e+02 -3.895343979421803104e-01 9.193285940687964120e-01 -5.565868258693627141e-02 -4.520147295357850226e+01 -5.232814661005238260e-02 3.824317212823839102e-02 9.978974019697249842e-01 9.915418344024850228e+00
9.195359366459852080e-01 3.914726392841423319e-01 3.468189597612011954e-02 -2.161471003288681914e+02 -3.893044047552165488e-01 9.194048311048244049e-01 -5.600747253086667959e-02 -4.456469522217331303e+01 -5.381209580361229206e-02 3.799906884407900504e-02 9.978278053412852344e-01 9.949354922182420680e+00
9.191448038399446796e-01 3.922976560547117297e-01 3.571244360175859778e-02 -2.158554855119853073e+02 -3.900685685454857166e-01 9.190566961967654436e-01 -5.640302304630550462e-02 -4.388692596033011029e+01 -5.494853416521110201e-02 3.791224379887698365e-02 9.977691718845742574e-01 9.990837845609689793e+00
9.189725677380892188e-01 3.926416791617619029e-01 3.635837633744280761e-02 -2.155757827940045672e+02 -3.903856115249901282e-01 9.189193144151989179e-01 -5.644792209603790439e-02 -4.323182821819409583e+01 -5.557422117423337082e-02 3.768030493152723509e-02 9.977433039420232630e-01 1.002584567884457556e+01
9.188305427295491157e-01 3.929298028807001186e-01 3.683210224052248932e-02 -2.152922497694793833e+02 -3.906991435573496929e-01 9.188331932570386051e-01 -5.567532840160895058e-02 -4.257596197309826636e+01 -5.571905393019144920e-02 3.676592141110734957e-02 9.977693391019373248e-01 1.006223819725576973e+01
9.187089485661328325e-01 3.932009268428354187e-01 3.697159659043646601e-02 -2.149959028002785715e+02 -3.909899404266535261e-01 9.187362755848105245e-01 -5.523153455873684725e-02 -4.191410874458851055e+01 -5.568423753336910337e-02 3.628618269377813232e-02 9.977888447140712547e-01 1.010096732997014080e+01
9.185879900191962211e-01 3.936016838105050319e-01 3.569060232089412560e-02 -2.147254748421963200e+02 -3.914731801521869614e-01 9.185695027042196648e-01 -5.457854819666767276e-02 -4.126170177650404725e+01 -5.426650729525898248e-02 3.616328529403534109e-02 9.978714160565557156e-01 1.015137990695544801e+01
9.183240353881410023e-01 3.942194357800675730e-01 3.566514379174069022e-02 -2.144451334934409772e+02 -3.920581953864259450e-01 9.182830659430697429e-01 -5.519585339982458622e-02 -4.062456375900433159e+01 -5.450997577305825154e-02 3.670486691763191062e-02 9.978383713236225194e-01 1.018058300346198841e+01
9.181570303903312524e-01 3.946178923608000821e-01 3.555821386864539690e-02 -2.141601709132023643e+02 -3.924408682153968653e-01 9.180978362689091732e-01 -5.555652970347160768e-02 -3.996352738153937878e+01 -5.456951987285460492e-02 3.705512200853175453e-02 9.978221712478526628e-01 1.021965980083393077e+01
9.179132553161827301e-01 3.952816821474183784e-01 3.446226158503877535e-02 -2.138812278471413606e+02 -3.931667286632543612e-01 9.178111004502137460e-01 -5.516074113536355294e-02 -3.930039469580150779e+01 -5.343387677385236234e-02 3.708336081148780328e-02 9.978825808499924843e-01 1.025825798177837989e+01
9.178324472103667198e-01 3.955480383979215198e-01 3.354620943393966936e-02 -2.136033882214837263e+02 -3.934934032652263047e-01 9.177008430938516925e-01 -5.466355432629418920e-02 -3.864741831791102555e+01 -5.240744636575324356e-02 3.697177172371046705e-02 9.979411544079292984e-01 1.030022302342845997e+01
9.176113228040376768e-01 3.961587622149365107e-01 3.236812293219445968e-02 -2.133118815198348273e+02 -3.941754399075947379e-01 9.174398863559941608e-01 -5.412741908455138279e-02 -3.799495375936561459e+01 -5.113885837089433839e-02 3.690921353036285407e-02 9.980092820816305332e-01 1.034639565675740513e+01
9.176358760534695236e-01 3.962224034123287275e-01 3.085783553231523368e-02 -2.130463197085585136e+02 -3.943273574107004631e-01 9.174123474884358087e-01 -5.348382814693748016e-02 -3.733470877777322272e+01 -4.950085026618490647e-02 3.691059075543631079e-02 9.980918164743208809e-01 1.039505447841173513e+01
9.174226841234415231e-01 3.967615965672109390e-01 3.026308221542870283e-02 -2.127531340383694669e+02 -3.949218715922780398e-01 9.171961428168646790e-01 -5.280105055695269445e-02 -3.668444556975781978e+01 -4.870661139714344001e-02 3.648932845782898449e-02 9.981463795029786867e-01 1.043507696551855091e+01
9.172307500760453758e-01 3.972698007319733771e-01 2.940164181322814374e-02 -2.124821406797062480e+02 -3.954695711036847472e-01 9.169697233359990207e-01 -5.263406516856800055e-02 -3.604463895786377492e+01 -4.787033994033065842e-02 3.665012839649559040e-02 9.981809448404219687e-01 1.047214062299155657e+01
9.174835214122778471e-01 3.967648522972538894e-01 2.831324634273926430e-02 -2.121866386438227607e+02 -3.950214238922935550e-01 9.171829393391595087e-01 -5.228317560443922901e-02 -3.539121618406986869e+01 -4.671255294919401946e-02 3.678461317885526466e-02 9.982308498690324328e-01 1.051576564390991919e+01
9.174367849615709947e-01 3.969331050309913844e-01 2.745643330500230350e-02 -2.119122329317362130e+02 -3.952580619951936991e-01 9.171263141627118420e-01 -5.148192205155519702e-02 -3.474724274922393619e+01 -4.561589664995835403e-02 3.637903243318550001e-02 9.982964269053784534e-01 1.055502708978763948e+01
9.174189525617592045e-01 3.970217984654623167e-01 2.676111028590631366e-02 -2.116372329739491533e+02 -3.954034750039529533e-01 9.171025178639712339e-01 -5.078448269267674120e-02 -3.411354652807872156e+01 -4.470522827682475719e-02 3.600921091629490089e-02 9.983510300960793948e-01 1.058719173394013069e+01
9.175877560901565255e-01 3.967237279324158927e-01 2.535731785575771891e-02 -2.113389091942216282e+02 -3.951822521634056895e-01 9.172305200161946503e-01 -5.019124152558497587e-02 -3.345230909533500352e+01 -4.317056229063893913e-02 3.603410670777892899e-02 9.984176709700617325e-01 1.064454907135916528e+01
9.176594393365797853e-01 3.965359995839080609e-01 2.569736232504951298e-02 -2.110716259771939178e+02 -3.949280594614481554e-01 9.172713250268530460e-01 -5.143096473425466664e-02 -3.282100689694700435e+01 -4.396568260005569162e-02 3.704750082626601104e-02 9.983458826659420415e-01 1.069128738450387495e+01
9.175771369259920762e-01 3.966851928708802766e-01 2.632594818219758867e-02 -2.107787233495288319e+02 -3.950022248036376138e-01 9.171739928270764564e-01 -5.258430642135114574e-02 -3.216251477635657352e+01 -4.500489074396001044e-02 3.785134923130911710e-02 9.982694201319068927e-01 1.073192249579912705e+01
9.178649074928164620e-01 3.960788527073732523e-01 2.540775533600565100e-02 -2.104853317079512749e+02 -3.943895463329150641e-01 9.173834345282185776e-01 -5.352120884777570448e-02 -3.149971857395683728e+01 -4.450727284973624714e-02 3.910468630766238823e-02 9.982434203000080108e-01 1.075269707437557365e+01
9.178314092331739671e-01 3.961566750956350136e-01 2.540458624377417082e-02 -2.102082819911196623e+02 -3.944807866769637350e-01 9.173616279299098286e-01 -5.322173000297433787e-02 -3.084214850538501196e+01 -4.438933619429037691e-02 3.882695428381063851e-02 9.982595125784041734e-01 1.078285015385883128e+01
9.179505206319987787e-01 3.958695121317751808e-01 2.557676750476280819e-02 -2.099256429663971346e+02 -3.942640496234424696e-01 9.175540096516823230e-01 -5.148299279028096392e-02 -3.017880582341734907e+01 -4.384861281689619167e-02 3.717484010282679635e-02 9.983462978432700030e-01 1.083490295187396946e+01
9.182063055975604460e-01 3.952634609011954070e-01 2.576774800576724783e-02 -2.096361115480367516e+02 -3.936778535150558533e-01 9.178395445647254958e-01 -5.087551557473907193e-02 -2.951732435543092237e+01 -4.375989045527605564e-02 3.657002747642500162e-02 9.983725282066387985e-01 1.086615100594138283e+01
9.183401922004464923e-01 3.949227786144242081e-01 2.621622247215393831e-02 -2.093451314255533191e+02 -3.932996569576011070e-01 9.179749588531563864e-01 -5.135518236341089782e-02 -2.885643558408963116e+01 -4.434716706036941070e-02 3.685069673708145366e-02 9.983362935022002116e-01 1.091488778361855339e+01
9.180398350985700118e-01 3.955910998229330566e-01 2.665601082444052361e-02 -2.090625474048088108e+02 -3.939427189145771058e-01 9.176881625426341893e-01 -5.155162988028934301e-02 -2.818541199842495359e+01 -4.485527155620583351e-02 3.682550841476685266e-02 9.983145228552037231e-01 1.099336590424756110e+01
9.180385509860686799e-01 3.956303975198197653e-01 2.611144311808201446e-02 -2.087539285472537642e+02 -3.939453540191810710e-01 9.176147598434343244e-01 -5.282244375432186556e-02 -2.750865499210250675e+01 -4.485841002645500619e-02 3.820655802065622830e-02 9.982624815017905329e-01 1.101754855043632553e+01
9.176648594056756592e-01 3.965133004086540680e-01 2.585359570732859852e-02 -2.084732623721893390e+02 -3.948150657856518420e-01 9.172116599643960200e-01 -5.332761624176092508e-02 -2.682701966237260294e+01 -4.485832855371401501e-02 3.872949037095078928e-02 9.982423337722026169e-01 1.104056184984625588e+01
9.178541913881316239e-01 3.960861762110006734e-01 2.567925944779528638e-02 -2.081659151605437614e+02 -3.944060838931257584e-01 9.174020761113161893e-01 -5.307797786969133819e-02 -2.614458640654510901e+01 -4.458165922582668639e-02 3.858978830202220572e-02 9.982601383905286285e-01 1.108121715789540929e+01
9.180214413196740031e-01 3.956850053594390682e-01 2.588454772734134074e-02 -2.078580784567746207e+02 -3.940163738384871994e-01 9.175942292551599877e-01 -5.264909861335157620e-02 -2.545644069464981740e+01 -4.458397048848183192e-02 3.813406575923437153e-02 9.982775478814258641e-01 1.113396111300181168e+01
9.179169632769824672e-01 3.959181336449553723e-01 2.602460334871934539e-02 -2.075620786393376704e+02 -3.942325572564397418e-01 9.174866276047621838e-01 -5.290537747231778554e-02 -2.477586596162421273e+01 -4.482342386979002585e-02 3.830299750066228082e-02 9.982603573492505600e-01 1.118894731350181360e+01
9.177086505794855853e-01 3.963843717560904256e-01 2.627284680252827895e-02 -2.072557875583721909e+02 -3.946696822768692714e-01 9.172738516146261567e-01 -5.333407011980085405e-02 -2.406014758368510797e+01 -4.524018725706865918e-02 3.857604141949141224e-02 9.982310426375985424e-01 1.121853059254091711e+01
9.177188655350385638e-01 3.964201369863019631e-01 2.536057635077488756e-02 -2.069563908945218031e+02 -3.947344109138098966e-01 9.172376018961595490e-01 -5.347828071572467007e-02 -2.339198170813553546e+01 -4.446154160180869341e-02 3.906733494294135217e-02 9.982469206858824995e-01 1.126213161107676441e+01
9.177065597721290047e-01 3.964938026876419497e-01 2.464415917610136147e-02 -2.066417575681752226e+02 -3.948508796768606666e-01 9.172069975024894628e-01 -5.314232353668471576e-02 -2.266728411358450757e+01 -4.367439718660245246e-02 3.903829098156816335e-02 9.982828050545723420e-01 1.131354518135206710e+01
9.176516998518257084e-01 3.965933975865547079e-01 2.508056518118680078e-02 -2.063478583203604444e+02 -3.949456412302238539e-01 9.171822345008886490e-01 -5.286481995811859180e-02 -2.198303986572068780e+01 -4.396928737541784538e-02 3.860603199902801208e-02 9.982866702811311610e-01 1.136614624445982358e+01
9.174819431512499790e-01 3.970169394126039641e-01 2.458523562740930202e-02 -2.060242507835969832e+02 -3.954022804170628236e-01 9.170041181408317144e-01 -5.254030789538590568e-02 -2.127607744233598552e+01 -4.340415455221900698e-02 3.848372554995516809e-02 9.983161233974952031e-01 1.141426003262825084e+01
9.172094712868021915e-01 3.976276787107388411e-01 2.488001014658411739e-02 -2.057180043178783251e+02 -3.959937627864635323e-01 9.167388821671218491e-01 -5.271396169131906811e-02 -2.058428179063158936e+01 -4.376900291305219071e-02 3.849741609621627064e-02 9.982996661012724093e-01 1.144595325679313724e+01
9.169053302380755222e-01 3.983578415788353033e-01 2.440584834946787907e-02 -2.054141233017431318e+02 -3.967321774006448698e-01 9.164067349072467783e-01 -5.293652455141288626e-02 -1.987797882484607825e+01 -4.345336345956313240e-02 3.885519616847489532e-02 9.982995937767181749e-01 1.149097021562713650e+01
9.170484935797826864e-01 3.980063678567360985e-01 2.475866653396093311e-02 -2.051125903137809416e+02 -3.963917425986201448e-01 9.165863019101684328e-01 -5.237497064696925581e-02 -1.917769481951573951e+01 -4.353902643239369874e-02 3.821625696127358557e-02 9.983205251226627830e-01 1.154070217378713537e+01
9.169712496581474692e-01 3.975565946948004248e-01 3.335388005989312760e-02 -2.048051043267295199e+02 -3.955148381841172567e-01 9.168383300844077377e-01 -5.454804546659935971e-02 -1.848049079028333708e+01 -5.226605089890642292e-02 3.682703494321597215e-02 9.979539214917310108e-01 1.161285439061380487e+01
9.168989126403169765e-01 3.976292050798576061e-01 3.445866025493427715e-02 -2.045014795987399907e+02 -3.955302391219404634e-01 9.168130675487045078e-01 -5.486008669401765125e-02 -1.778110875870390828e+01 -5.340612267469923430e-02 3.667171170664244861e-02 9.978992792969437753e-01 1.165787729921903093e+01
9.166247463973051790e-01 3.982503126186537346e-01 3.457980322703503584e-02 -2.041942857380680891e+02 -3.961357783498864471e-01 9.165392304260506773e-01 -5.506618019394907138e-02 -1.709358447169778827e+01 -5.362386971494628729e-02 3.677672618881944189e-02 9.978837372197360001e-01 1.170257731233673404e+01
9.162656327420253266e-01 3.991954398585228492e-01 3.317063538758922153e-02 -2.039000609731285181e+02 -3.971111320587734084e-01 9.160918840922469553e-01 -5.548340918974366959e-02 -1.638470264264989851e+01 -5.253607380510370156e-02 3.766511245805082703e-02 9.979084628625348730e-01 1.171409990111185095e+01
9.161533028336849016e-01 3.994484414986869680e-01 3.322752309758539996e-02 -2.035938598465032214e+02 -3.973624753580218272e-01 9.159835044621975619e-01 -5.547326140129787975e-02 -1.568893183749079512e+01 -5.259457086312260138e-02 3.761864082368304718e-02 9.979071344460378468e-01 1.176407634793521950e+01
9.161600794022569660e-01 3.994624828849425713e-01 3.286995097421340634e-02 -2.032951593876219647e+02 -3.973686321453113734e-01 9.159560552431132985e-01 -5.588090058722236519e-02 -1.499481394858630878e+01 -5.242975392479352209e-02 3.813436286175264645e-02 9.978962327178682035e-01 1.180783887739870686e+01
9.160832925518018754e-01 3.996722125926672198e-01 3.245802810910736191e-02 -2.029838150307971887e+02 -3.975571630766448483e-01 9.158309090311161915e-01 -5.658664285579683567e-02 -1.430218926371946431e+01 -5.234217414188867268e-02 3.893415652767254903e-02 9.978699455648410988e-01 1.185723039219677766e+01
9.158678212332684865e-01 4.002209140857859726e-01 3.177033140783382809e-02 -2.026733682247144372e+02 -3.980908254877292274e-01 9.155490544732530767e-01 -5.739009945653120864e-02 -1.360203198062354879e+01 -5.205601494471124441e-02 3.991426789345053211e-02 9.978461918184614587e-01 1.189958856211940486e+01
9.156274052727481072e-01 4.008778208500625162e-01 3.038794932205571286e-02 -2.023807282182945926e+02 -3.987912183042456871e-01 9.152295412219262349e-01 -5.762335531811642320e-02 -1.291100696553191618e+01 -5.091187402669557216e-02 4.064307598112627817e-02 9.978758046259476044e-01 1.196499432247425787e+01
9.158181479398879166e-01 4.005059108537359913e-01 2.953193652933982713e-02 -2.020816277236970961e+02 -3.984311956098347540e-01 9.153570735989294826e-01 -5.808623053118142088e-02 -1.222998181553764674e+01 -5.029614566615672744e-02 4.142997928581731992e-02 9.978746687573071261e-01 1.198920193295046843e+01
9.157253123303649156e-01 4.007232235653427899e-01 2.946269595363072008e-02 -2.017811978806148545e+02 -3.986412832966932940e-01 9.152529967198989036e-01 -5.828446831541250761e-02 -1.153361941844103633e+01 -5.032176079015193010e-02 4.162751602780473403e-02 9.978651563715077444e-01 1.204030278554447975e+01
9.162733886436413844e-01 3.995009913215804009e-01 2.901784272775997930e-02 -2.014739181239896482e+02 -3.974324462595582586e-01 9.157710994300244378e-01 -5.840157625328049051e-02 -1.083706179868607045e+01 -4.990518934581671118e-02 4.197917795525454854e-02 9.978713447607157061e-01 1.208074699788271644e+01
9.170057614615693131e-01 3.979244411148043503e-01 2.750586500654080349e-02 -2.011699245158793019e+02 -3.959431819426001975e-01 9.164451520876529811e-01 -5.794203904081669798e-02 -1.015864561835025448e+01 -4.826417014159090080e-02 4.224242391848671840e-02 9.979409539156284259e-01 1.214063068235405574e+01
9.173513052128261513e-01 3.971969868661962000e-01 2.647898126323950871e-02 -2.008657783359949747e+02 -3.952598597692668081e-01 9.167400731568047245e-01 -5.794205315343845669e-02 -9.462524497618714392e+00 -4.728875214576658270e-02 4.268713966607663030e-02 9.979687279808046041e-01 1.219140012660992411e+01
9.176064841296804886e-01 3.966903903468901316e-01 2.520068430813807853e-02 -2.005765737964965183e+02 -3.948145772626957539e-01 9.169401104137173686e-01 -5.781248563553208208e-02 -8.772156841117917381e+00 -4.604117574568856314e-02 4.309951416097006216e-02 9.980093396431933828e-01 1.223421201958814919e+01
9.179023897412720290e-01 3.958467083573963263e-01 2.757873075173052080e-02 -2.002833320941766146e+02 -3.938469592937756669e-01 9.173261424623366800e-01 -5.828654227363205820e-02 -8.096572741884095592e+00 -4.837122659504385080e-02 4.263955719497172780e-02 9.979188807713318399e-01 1.228368160285358712e+01
9.181927404805007020e-01 3.952161221659416523e-01 2.695010406331465463e-02 -1.999958828691261488e+02 -3.932504207539497254e-01 9.175909314267779449e-01 -5.814627365686981381e-02 -7.412427680601159530e+00 -4.770951588257322379e-02 4.279134659546921654e-02 9.979442382973093828e-01 1.235082899626283748e+01
9.185233072030165591e-01 3.944003184792906347e-01 2.762829904766037764e-02 -1.996935427363854387e+02 -3.923899676675873249e-01 9.179380018467453439e-01 -5.848023631479520174e-02 -6.730979541571383784e+00 -4.842568944953310611e-02 4.287439269585775065e-02 9.979061774797762796e-01 1.239597636313445506e+01
9.189768647253531153e-01 3.932237305204555056e-01 2.926806886585233553e-02 -1.993994762349163636e+02 -3.911162324483520858e-01 9.184457924993532085e-01 -5.903743689932396121e-02 -6.044024340609341905e+00 -5.009605588234155443e-02 4.280682183731053525e-02 9.978266188016944316e-01 1.244094136031405640e+01
9.195152105860454617e-01 3.920487030526442762e-01 2.809967856826946220e-02 -1.991048023798411180e+02 -3.899884581373669334e-01 9.189201751091040649e-01 -5.911610860918232319e-02 -5.368006679796599734e+00 -4.899775526021289684e-02 4.339961073780480155e-02 9.978555475454687906e-01 1.247388770779704537e+01
9.200467410497842335e-01 3.907929789732571546e-01 2.819294005382819157e-02 -1.988101975766018086e+02 -3.887200180849135212e-01 9.194450602122210547e-01 -5.930875813410388386e-02 -4.696932719904253872e+00 -4.909930573578245860e-02 4.360766946940118627e-02 9.978414850765183752e-01 1.252325406146535336e+01
9.204651897289017892e-01 3.897606440172077802e-01 2.881796093807440645e-02 -1.985160515658913596e+02 -3.876898039300531451e-01 9.199170403113900996e-01 -5.873035734106574202e-02 -4.008593628385212604e+00 -4.940091523457718764e-02 4.288681988704427794e-02 9.978578407037559383e-01 1.257451530820204866e+01
9.208232493381702799e-01 3.887750189887182461e-01 3.063540580138646163e-02 -1.982226424433043803e+02 -3.866026872838498329e-01 9.203437332201652721e-01 -5.920958458961795429e-02 -3.326511935776720552e+00 -5.121431111710555983e-02 4.267783186492801056e-02 9.977753740216829259e-01 1.263795357334896963e+01
9.209769719113514164e-01 3.883549004588589537e-01 3.133510010495630521e-02 -1.979377277750859321e+02 -3.861150662446409254e-01 9.205013500772024626e-01 -5.993680109034946885e-02 -2.658708501584875705e+00 -5.212075237268166267e-02 4.310145932143538000e-02 9.977102241515160008e-01 1.267320817286360679e+01
9.210711111737488466e-01 3.880566609954000379e-01 3.224958942772499643e-02 -1.976388954693197206e+02 -3.857579946395415238e-01 9.206269063231109495e-01 -6.030645840718357187e-02 -1.968131900292293679e+00 -5.309216263098660155e-02 4.310599971047028578e-02 9.976588069355805111e-01 1.271822324977333807e+01
9.210302967022849785e-01 3.881638734938134272e-01 3.212475479719169996e-02 -1.973556360141819255e+02 -3.858735622034261681e-01 9.205821892541397045e-01 -6.024970390378529828e-02 -1.298008182851422720e+00 -5.296023554459979715e-02 4.309570909422422158e-02 9.976662634913172623e-01 1.277551203689829151e+01
9.208894749695193394e-01 3.884479424054952945e-01 3.272263637453598495e-02 -1.970604687795970165e+02 -3.861317994885612448e-01 9.204739544757438718e-01 -6.024892161285379938e-02 -6.336281321759987817e-01 -5.352390413720398143e-02 4.284734732423123998e-02 9.976468796689478280e-01 1.281896912111668563e+01
9.204478063217172989e-01 3.895000137540945429e-01 3.264314817995692120e-02 -1.967808063054376930e+02 -3.871835239566450704e-01 9.200280478408477958e-01 -6.031011492836731852e-02 4.207601409077227350e-02 -5.352340248949537249e-02 4.287342383947168739e-02 9.976457862960322887e-01 1.286385668222762746e+01
9.202853739691558843e-01 3.900108876465712138e-01 3.108597715344675952e-02 -1.964848095343187993e+02 -3.877613224251716950e-01 9.197844835237961592e-01 -6.031302263977136868e-02 7.084029925933688077e-01 -5.211513493730053626e-02 4.345125298535297553e-02 9.976953449447730771e-01 1.291524302591085593e+01
9.200701412434669768e-01 3.905707619517836959e-01 3.042063609837759169e-02 -1.962034325613502972e+02 -3.883252357959788292e-01 9.195151338547686848e-01 -6.079004734365839324e-02 1.382452471470766442e+00 -5.171505038404453775e-02 4.411800675971068453e-02 9.976869023112039381e-01 1.296542802619454271e+01
9.198563606902567802e-01 3.911388702711945942e-01 2.957464895226815521e-02 -1.959238549739232269e+02 -3.889181147345157075e-01 9.192484754376087919e-01 -6.103229011746118954e-02 2.050907656537112267e+00 -5.105855196758254250e-02 4.463882355758851811e-02 9.976975492113669963e-01 1.300941014628013015e+01
9.196644432275908887e-01 3.916566412768697769e-01 2.867729426927365793e-02 -1.956384696844833684e+02 -3.894739441976014516e-01 9.190106728434123129e-01 -6.106905919581692016e-02 2.720039680834629436e+00 -5.027284211230571148e-02 4.499398341578447064e-02 9.977214956100380894e-01 1.305093962682911091e+01
9.187748125022009438e-01 3.937323322541527171e-01 2.876967933868868066e-02 -1.953628833033295962e+02 -3.915638742407629991e-01 9.181482375467079349e-01 -6.067574704474576475e-02 3.370590643108474449e+00 -5.030483377479171014e-02 4.448218101194589824e-02 9.977428322324901622e-01 1.310847226674819055e+01
9.175787556211306706e-01 3.965495962557932796e-01 2.824260862853878243e-02 -1.950724295437528895e+02 -3.943745648171372298e-01 9.169072200450112398e-01 -6.123603885477087172e-02 4.043212204251196873e+00 -5.017897824857620037e-02 4.505072184434714966e-02 9.977236604407214715e-01 1.314853829274923136e+01
9.159932158651150624e-01 4.002481823928870086e-01 2.752854845928118591e-02 -1.947688067006064330e+02 -3.981024484552481701e-01 9.152945598553610118e-01 -6.123976839536084821e-02 4.702817173056242694e+00 -4.970783663589929680e-02 4.513602984724263828e-02 9.977433887461282236e-01 1.320467715677499676e+01
9.140356180124642460e-01 4.047328387851886755e-01 2.702255009163501143e-02 -1.944844207151952276e+02 -4.025592030068608218e-01 9.132789642736768299e-01 -6.219020412959853222e-02 5.356210749464445087e+00 -4.984954442172474798e-02 4.596588543781734287e-02 9.976984315397433578e-01 1.322790027369694954e+01
9.123817346943773332e-01 4.084616212301218630e-01 2.680809911462227885e-02 -1.941876085228582269e+02 -4.063030739492063947e-01 9.116309001460878303e-01 -6.202349553402709825e-02 6.009467543580475635e+00 -4.977330906725657006e-02 4.569689137013857594e-02 9.977145943723590982e-01 1.328896484826747049e+01
9.103484775981003363e-01 4.129539748880698968e-01 2.710468518474862254e-02 -1.938765164039853346e+02 -4.107806134311881574e-01 9.096252747163059427e-01 -6.197698949111473538e-02 6.647395044677741893e+00 -5.024875086922792056e-02 4.528657882229949333e-02 9.977094711461117482e-01 1.334116557674336079e+01
9.085891738698868014e-01 4.167695566805018070e-01 2.772814005256265049e-02 -1.935725350469624573e+02 -4.145727417997730480e-01 9.079134179799374094e-01 -6.182772200725253353e-02 7.311411149954001765e+00 -5.094266270087650927e-02 4.468066781422759537e-02 9.977016001994881700e-01 1.341210026707322100e+01
9.068614295689159110e-01 4.205115494579773627e-01 2.779180333611266235e-02 -1.932781381542414465e+02 -4.183037776262011342e-01 9.061933398985742016e-01 -6.193206235155535033e-02 7.941773334893632352e+00 -5.122789458753686936e-02 4.453838227774234437e-02 9.976933573599705563e-01 1.345967180832731991e+01
9.055580949520061207e-01 4.232847366729046712e-01 2.818808909172986626e-02 -1.929683247301573772e+02 -4.210002055898384166e-01 9.048680178748542691e-01 -6.302933539667104901e-02 8.571185407800252065e+00 -5.218585594016150048e-02 4.520953358509752218e-02 9.976135196120843318e-01 1.347979169690839285e+01
9.049292522430506525e-01 4.246475325134002055e-01 2.788407368219142715e-02 -1.926657908953090725e+02 -4.223809986719900267e-01 9.042313549650278226e-01 -6.292812295756249064e-02 9.217580064922925587e+00 -5.193592586722139970e-02 4.516779636411841214e-02 9.976284527698295879e-01 1.352805889894580282e+01
9.049908623123184004e-01 4.245092031009609079e-01 2.799063439426658501e-02 -1.923499208847548800e+02 -4.222460190595260232e-01 9.043051458400723774e-01 -6.277342268466747088e-02 9.849892022530728042e+00 -5.195997035785136081e-02 4.499043998176315007e-02 9.976352147907864287e-01 1.356962591500390403e+01
9.049347507480340891e-01 4.246011703569802509e-01 2.840674251082105778e-02 -1.920502853146661266e+02 -4.223318289913388646e-01 9.042817623244356895e-01 -6.253255590684998755e-02 1.048602041005814023e+01 -5.223909560304353800e-02 4.459081137292172925e-02 9.976385800637826984e-01 1.362363171429339204e+01
9.052736562763640249e-01 4.238969207394092109e-01 2.812486159380359757e-02 -1.917592134024371546e+02 -4.216481675176422250e-01 9.046106414981476274e-01 -6.238918269479212797e-02 1.111435526056553869e+01 -5.188863152018809849e-02 4.462048717749393656e-02 9.976555427816783395e-01 1.368800998586357132e+01
9.058467431700555350e-01 4.226623177689965427e-01 2.825319497584682232e-02 -1.914598288264026280e+02 -4.204182181914888350e-01 9.051954681863176866e-01 -6.220680177960338092e-02 1.175479618989373698e+01 -5.186713507508467630e-02 4.447167090511670168e-02 9.976633053219958747e-01 1.373555807289401898e+01
9.066432668974748754e-01 4.210158449329833297e-01 2.726985340701879035e-02 -1.911601274493914673e+02 -4.188275626483362601e-01 9.059467196515853527e-01 -6.200011224655750663e-02 1.238000753934858089e+01 -5.080806388289249576e-02 4.479061807898992997e-02 9.977035337095754297e-01 1.379209797037013452e+01
9.069949884448214039e-01 4.202956043132294872e-01 2.667762978518930378e-02 -1.908731681845228536e+02 -4.181107061912291978e-01 9.062453427251684346e-01 -6.247252321792163415e-02 1.300753857388389356e+01 -5.043340464662266626e-02 4.550806284516400319e-02 9.976900760816610481e-01 1.382203949488480887e+01
9.076652866246300855e-01 4.188530215837895088e-01 2.656828497960816993e-02 -1.905850381613867341e+02 -4.166680617703092948e-01 9.069009864874379989e-01 -6.259654150738212797e-02 1.364179480310331272e+01 -5.031355440834812953e-02 4.574655198199399642e-02 9.976852205102353377e-01 1.385626704036960177e+01
9.084103717841172099e-01 4.172594300748742602e-01 2.617564609771910744e-02 -1.902989698959063105e+02 -4.151162435827839281e-01 9.076431634144653815e-01 -6.214814736338396262e-02 1.427903749513864540e+01 -4.969004677760616162e-02 4.559008577062823031e-02 9.977236307368219093e-01 1.390847902412644110e+01
9.091541465113857079e-01 4.156406041099496296e-01 2.610796997604328956e-02 -1.900024300554982517e+02 -4.135331963115348453e-01 9.084085450605008383e-01 -6.151593947449395666e-02 1.490790384093780396e+01 -4.928522526599048853e-02 4.513095917638084570e-02 9.977645830025739793e-01 1.395919144727905881e+01
9.098739085727260978e-01 4.140592308151039846e-01 2.616149604657357769e-02 -1.897141034968794315e+02 -4.119774411469750985e-01 9.091517378467454114e-01 -6.097299038290070888e-02 1.554438764459613509e+01 -4.903119909385373482e-02 4.469978687921302013e-02 9.977965075947959894e-01 1.402913132703690202e+01
9.109588317159726945e-01 4.116081846203756278e-01 2.706860307051040665e-02 -1.894278378683623885e+02 -4.094594369681006096e-01 9.102503742027778788e-01 -6.154043988686436206e-02 1.617028925375150550e+01 -4.996975481665016233e-02 4.497731224986081799e-02 9.977374729789105778e-01 1.407124680262747596e+01
9.118834365578549761e-01 4.095699330135101901e-01 2.685271127363391200e-02 -1.891371181951522829e+02 -4.074096632437369525e-01 9.111385715225441828e-01 -6.199894982564285728e-02 1.678629347774564096e+01 -4.985944671836264885e-02 4.559576137281275143e-02 9.977149202641866221e-01 1.412205245384068952e+01
9.129583451764595736e-01 4.072215227557354766e-01 2.603250616365301862e-02 -1.888599290159415887e+02 -4.051165138351319750e-01 9.121821052520048267e-01 -6.167995684247686711e-02 1.741542050758425120e+01 -4.886379222624827323e-02 4.576503318605242704e-02 9.977564289678867437e-01 1.416640856362323042e+01
9.139282525585478156e-01 4.049483882075935459e-01 2.742174435282021538e-02 -1.885694270242712776e+02 -4.028983673298071611e-01 9.133194441307478373e-01 -5.933378949365663430e-02 1.806758222084086896e+01 -4.907193473111813586e-02 4.317865052052771019e-02 9.978614880638349005e-01 1.417540529820124284e+01
9.152348366943124924e-01 4.018325905758380889e-01 2.959329066268306940e-02 -1.882947015795503205e+02 -3.998046207008512098e-01 9.148205261267261523e-01 -5.709352190457826770e-02 1.870797444208714921e+01 -5.001458754587190247e-02 4.042244584795580409e-02 9.979301412946125494e-01 1.423564412363948684e+01
9.162286581176217748e-01 3.996749413753957758e-01 2.801762446311218541e-02 -1.880225252828832367e+02 -3.977066472594557589e-01 9.157271219769623771e-01 -5.721241824492612205e-02 1.932898858043869339e+01 -4.852286852222253283e-02 4.127686170681395261e-02 9.979688130988921824e-01 1.428478884660790449e+01
9.163666413331359450e-01 3.995680459717364519e-01 2.485065975293339335e-02 -1.877662740089959925e+02 -3.976250747680495357e-01 9.156139059827023141e-01 -5.954389210323911968e-02 1.994838450306495403e+01 -4.654544625987364070e-02 4.468279097625237756e-02 9.979163139377178471e-01 1.434854907308595173e+01
9.166296331318665169e-01 3.991677517979247414e-01 2.133592250478556079e-02 -1.875042633256870772e+02 -3.972830243567999631e-01 9.156084334036409533e-01 -6.186594570557048950e-02 2.056751450824040361e+01 -4.423024103997324347e-02 4.823175929530953282e-02 9.978563940632064755e-01 1.437801953554877166e+01
9.169391705785350233e-01 3.985197742026717060e-01 2.011335447407753413e-02 -1.872284836091942566e+02 -3.966884288398145886e-01 9.158557089151919683e-01 -6.202105184572907076e-02 2.120063013740509561e+01 -4.313754609789096500e-02 4.889079685281105120e-02 9.978721571923677702e-01 1.439507309775107480e+01
9.175472696017886731e-01 3.970018224409372354e-01 2.228364927199026624e-02 -1.869800045053563338e+02 -3.952659173587941832e-01 9.167639388907798947e-01 -5.752160397601312897e-02 2.183875944517389556e+01 -4.326502768765352891e-02 4.397082359971137694e-02 9.980955385388463608e-01 1.442058677406882516e+01
9.182564642167214686e-01 3.954413565240145756e-01 2.076534311423638285e-02 -1.866859698365464055e+02 -3.939430234946192932e-01 9.175817932635510488e-01 -5.340923994182671108e-02 2.248771955217817364e+01 -4.017412306600649102e-02 4.086301777515884137e-02 9.983567767157112138e-01 1.448097356699043381e+01
9.188327369203825867e-01 3.940786966020750071e-01 2.117504304148393190e-02 -1.864168819796352068e+02 -3.926047268923725242e-01 9.182124746751277877e-01 -5.241545356804128836e-02 2.309573243314863333e+01 -4.009900229637358704e-02 3.984761266861058110e-02 9.984008402337448684e-01 1.455933865220689860e+01
9.192809388098344137e-01 3.930698288887791159e-01 2.046130881090746367e-02 -1.861474355440772683e+02 -3.915866582650625038e-01 9.185912247920787754e-01 -5.338586707912263557e-02 2.369838172737168946e+01 -3.977995235933028118e-02 4.106423446668016480e-02 9.983643042687148084e-01 1.461774860931712006e+01
9.196377003840364717e-01 3.922950632423103934e-01 1.926352480915358850e-02 -1.858829325563862938e+02 -3.908031864637029895e-01 9.188359376678563173e-01 -5.489434488039146576e-02 2.432262543699004809e+01 -3.923479937730501438e-02 4.295466221195159973e-02 9.983063294961520562e-01 1.465647978160587428e+01
9.202811244595660023e-01 3.907844717472939711e-01 1.923924646718909101e-02 -1.856122854948079350e+02 -3.893010878983163559e-01 9.194826941973681667e-01 -5.473790307215459922e-02 2.494450833868155826e+01 -3.908087671258472784e-02 4.288439940978062276e-02 9.983153877220555250e-01 1.468725615082581371e+01
9.207688250154961729e-01 3.896277133752334421e-01 1.936532596083875846e-02 -1.853641689422483978e+02 -3.881431034678610170e-01 9.199769452340026410e-01 -5.465666901897977409e-02 2.557570739317194253e+01 -3.911140639148521364e-02 4.280963919376019194e-02 9.983174007710073905e-01 1.471068166705969560e+01
9.213622496224340708e-01 3.881959844558845463e-01 1.988674490745499790e-02 -1.851072752542823991e+02 -3.867351541686125938e-01 9.206366523961420079e-01 -5.351705144161686412e-02 2.618721620541284523e+01 -3.908357072821006667e-02 4.161768755171116330e-02 9.983688910327590538e-01 1.475964922986163685e+01
9.220825757097663722e-01 3.865035000416653932e-01 1.946196362100796953e-02 -1.848283919169536489e+02 -3.850471740032126999e-01 9.213219641664663895e-01 -5.389352592458759167e-02 2.681192840217583750e+01 -3.876077094928270794e-02 4.220050710580234427e-02 9.983570102099901256e-01 1.481383620393506106e+01
9.224296214982278252e-01 3.856676917117982661e-01 1.959655460353897788e-02 -1.845676826952767442e+02 -3.841986865745375956e-01 9.216645569077424049e-01 -5.409079195625615677e-02 2.742978567809895907e+01 -3.892252069222154609e-02 4.236597821068287251e-02 9.983437089866472602e-01 1.487534343663741154e+01
9.228088846838742310e-01 3.847278603579619149e-01 2.020484627233516683e-02 -1.843104121665247419e+02 -3.832025802501937140e-01 9.220325049210338353e-01 -5.488025472460649618e-02 2.803835959147819068e+01 -3.974348799612339306e-02 4.290143742846370262e-02 9.982884962917651928e-01 1.492776963973074622e+01
9.233347295426694856e-01 3.835272670821097130e-01 1.896872755072180616e-02 -1.840640638371204147e+02 -3.820615927649537724e-01 9.225138295462929072e-01 -5.474644855823754264e-02 2.864858817061840668e+01 -3.849566929242879965e-02 4.330207501218868993e-02 9.983200958336793107e-01 1.495376579210823564e+01
9.238646622401139874e-01 3.822944559091589478e-01 1.802872278005998932e-02 -1.837953204798125455e+02 -3.809208452523849542e-01 9.230638468483267634e-01 -5.340827926246310975e-02 2.927324470804925483e+01 -3.705935126481198216e-02 4.247450556143977929e-02 9.984099963748072071e-01 1.498858051456469198e+01
9.244796725060071552e-01 3.808045970457731300e-01 1.803313594448318832e-02 -1.835523488938625860e+02 -3.794552562987926758e-01 9.237033432535293187e-01 -5.278107738072507216e-02 2.989322548589017003e+01 -3.675654486487330008e-02 4.195226490976210199e-02 9.984432702354889555e-01 1.503179749274256771e+01
9.251484573222877872e-01 3.791738042085070481e-01 1.809856669020452197e-02 -1.832813860266334416e+02 -3.778501485585305519e-01 9.244029480650497455e-01 -5.204281740011109519e-02 3.051807755970292746e+01 -3.646364145950577174e-02 4.130878611982804344e-02 9.984808395962432304e-01 1.508577848105031549e+01
9.256412387886148174e-01 3.779387310857439397e-01 1.872465217771234272e-02 -1.830330087045013272e+02 -3.766026623253601047e-01 9.249307269220683470e-01 -5.170672224058461830e-02 3.113106040287333798e+01 -3.686097914230393457e-02 4.081012056723073989e-02 9.984867561845568451e-01 1.514720522875688147e+01
9.262694627326718555e-01 3.764148905050112015e-01 1.834973065273217199e-02 -1.827738958446437039e+02 -3.750679778736546455e-01 9.255120790116860841e-01 -5.245382328519310189e-02 3.175314453186804187e+01 -3.672729751417977417e-02 4.170397834220385125e-02 9.984547480020002919e-01 1.518277877490203309e+01
9.265633869857591298e-01 3.757214296679513565e-01 1.771149868726903248e-02 -1.825322021366989702e+02 -3.743893955727807810e-01 9.257673011593794410e-01 -5.279663423672583539e-02 3.235215575591391968e+01 -3.623355323627948377e-02 4.228843095161422677e-02 9.984482050800252972e-01 1.523153144802588699e+01
9.272070618979262324e-01 3.741749681813511530e-01 1.673790766793019011e-02 -1.822850874499568476e+02 -3.728806868579609968e-01 9.263679147888675969e-01 -5.293845311359718364e-02 3.298511138646700402e+01 -3.531370463361925560e-02 4.284366506509662553e-02 9.984574916484123541e-01 1.526053349026497763e+01
9.273779678074975941e-01 3.737944119042619362e-01 1.574301287501445740e-02 -1.820472990792512746e+02 -3.725343590760410994e-01 9.264923467265233636e-01 -5.319852220675743565e-02 3.360399567032949619e+01 -3.447109126556872905e-02 4.347032420314537321e-02 9.984598513614026949e-01 1.528105377458759762e+01
9.274807421243180805e-01 3.735702512633926053e-01 1.499134281944255326e-02 -1.818025428030250055e+02 -3.723507942025261475e-01 9.265789877686156917e-01 -5.297419638310261331e-02 3.422432040236447648e+01 -3.368024710824332746e-02 4.355050856985760027e-02 9.984833469607965473e-01 1.532872231029285359e+01
9.271699722729803694e-01 3.743483394555184862e-01 1.480416367839602378e-02 -1.815479455157135931e+02 -3.731361114198710194e-01 9.262627239904630549e-01 -5.297932143982991143e-02 3.484282462467199792e+01 -3.354526598163225237e-02 4.359686792262842253e-02 9.984858678206509630e-01 1.538519586753873369e+01
9.267824202698858871e-01 3.753268823751719774e-01 1.428554672479769548e-02 -1.812966319065789662e+02 -3.741253316886397062e-01 9.258445730567363974e-01 -5.331100008680049462e-02 3.545896151749600733e+01 -3.323524736718373035e-02 4.406311278068456017e-02 9.984757685715356379e-01 1.543733855809834488e+01
9.263003901813400276e-01 3.765283127743426772e-01 1.392899239729626995e-02 -1.810453359424004702e+02 -3.753216973967631875e-01 9.253259945692833277e-01 -5.390201515323053694e-02 3.607560511464400577e+01 -3.318449356415910378e-02 4.470160459841811262e-02 9.984490752828694138e-01 1.548165869808018869e+01
9.259068817633266946e-01 3.774957364788061320e-01 1.390738090500256811e-02 -1.807858654365603002e+02 -3.762767410136145796e-01 9.249164161638231407e-01 -5.427188298596948013e-02 3.669899014288337469e+01 -3.335056934276028895e-02 4.501768597999381005e-02 9.984293402507362636e-01 1.552275485810897138e+01
9.253785119950457272e-01 3.787892201422205507e-01 1.390454033341387979e-02 -1.805382738743008417e+02 -3.775492116183353786e-01 9.243629886578460519e-01 -5.486035003450296516e-02 3.731914209481927003e+01 -3.363335166480663219e-02 4.551694084165994886e-02 9.983972184217102530e-01 1.555165330450554073e+01
9.248820975405271927e-01 3.800293588308999992e-01 1.306874422466724507e-02 -1.802789972877794753e+02 -3.788350561206274558e-01 9.238527820115757239e-01 -5.458971902797331993e-02 3.793178852165833348e+01 -3.281929163031623020e-02 4.553815538696204951e-02 9.984233423257076190e-01 1.560611848079504860e+01
9.244696469812657691e-01 3.810396624080686356e-01 1.283150350812040964e-02 -1.800146554962306311e+02 -3.798469233857348915e-01 9.234225115872636280e-01 -5.483775969404339895e-02 3.856603540011553832e+01 -3.274426063794242531e-02 4.582183721562298889e-02 9.984128267552753178e-01 1.564364605059296842e+01
9.239874976686086594e-01 3.822295111428369307e-01 1.215339309044446980e-02 -1.797534970205029765e+02 -3.810762152221701116e-01 9.229336545794366575e-01 -5.453794492453321874e-02 3.918307251358708498e+01 -3.206278752774368440e-02 4.576101021779399591e-02 9.984377334615301969e-01 1.569149234466871690e+01
9.237986283279302491e-01 3.826948312843888589e-01 1.186424913965419825e-02 -1.794908819047532518e+02 -3.815526686683485824e-01 9.227338456575707726e-01 -5.458764613034500918e-02 3.981366707056574228e+01 -3.183795426053694783e-02 4.590115669788195213e-02 9.984384950923619328e-01 1.574333026529779644e+01
9.237762044420319008e-01 3.827363989042186221e-01 1.226266938737590774e-02 -1.792251078878012152e+02 -3.815683893467118892e-01 9.227135172681932840e-01 -5.482088381188057746e-02 4.043736565926312920e+01 -3.229687845642836841e-02 4.596318096466441017e-02 9.984209020436121129e-01 1.580756586001859176e+01
9.235322316094614070e-01 3.833259225586094221e-01 1.222514920314773414e-02 -1.789722010965667209e+02 -3.821452771266460324e-01 9.224495714333285079e-01 -5.524287585080472907e-02 4.106670917360806783e+01 -3.245310999345257102e-02 4.634679338486662192e-02 9.983981021590001559e-01 1.584853191287155560e+01
9.235058667405285915e-01 3.834057838091367021e-01 1.170124085414297847e-02 -1.787037937371492262e+02 -3.822338456136328277e-01 9.223837672907962970e-01 -5.572677189512791063e-02 4.171354843628896703e+01 -3.215900127862585806e-02 4.699139048953140940e-02 9.983774876551563260e-01 1.589252639720547222e+01
9.236079380261625893e-01 3.831741642567150774e-01 1.122215047253174135e-02 -1.784236568110007966e+02 -3.820203256098873568e-01 9.224631774592912947e-01 -5.587626555724434230e-02 4.233975077864842262e+01 -3.176236193950129211e-02 4.732067283836900728e-02 9.983746322328849176e-01 1.591192819177324580e+01
9.235285943135814746e-01 3.833789049799189441e-01 1.074945122220509648e-02 -1.781674427277897053e+02 -3.822706696068470245e-01 9.224046074321160527e-01 -5.512599519588436137e-02 4.296580664709411224e+01 -3.104948700885518803e-02 4.680123293677385110e-02 9.984215412099665121e-01 1.598363353737495274e+01
9.235946821849250199e-01 3.832234986038954849e-01 1.061193467363465495e-02 -1.778956448239177348e+02 -3.821321027989554864e-01 9.224817035529403464e-01 -5.479564417463946707e-02 4.361002390542442697e+01 -3.078829404458651234e-02 4.655380465499322357e-02 9.984411971778652806e-01 1.602418728896434885e+01
9.235127342759807956e-01 3.834185266898270661e-01 1.069873922964655923e-02 -1.776338442280424204e+02 -3.823233496335518011e-01 9.224034069336637387e-01 -5.477966047860163140e-02 4.425972536284574232e+01 -3.087209022859521007e-02 4.649933621216891660e-02 9.984411478784041005e-01 1.608465614407983679e+01
9.234777151694129049e-01 3.834866808933926063e-01 1.126388755492772897e-02 -1.773774707812295617e+02 -3.823659069204103367e-01 9.223871096820641657e-01 -5.475703714866198002e-02 4.489461105259397300e+01 -3.138825911727013973e-02 4.625997697510356166e-02 9.984361730826112336e-01 1.613495307297800352e+01
9.232516052055654843e-01 3.840448425830157442e-01 1.077183228301509081e-02 -1.771072617956945408e+02 -3.829510915488040235e-01 9.221536384757171856e-01 -5.459971179022683752e-02 4.552681157819480973e+01 -3.090202205238824773e-02 4.628418662332689504e-02 9.984502186397130608e-01 1.618367998147412123e+01
9.229343770241402733e-01 3.848177006931049471e-01 1.036691566156217048e-02 -1.768320401731495224e+02 -3.837371048276421170e-01 9.218177437996842860e-01 -5.475291402801126667e-02 4.616463729311480080e+01 -3.062629728780939808e-02 4.655517639673868030e-02 9.984461154539624461e-01 1.620154518487300166e+01
9.225017474430884379e-01 3.858712395818829077e-01 9.690842480892865318e-03 -1.765807568096761884e+02 -3.848132816710891357e-01 9.213539252990110562e-01 -5.500620497390509150e-02 4.680226872160532992e+01 -3.015400825720093714e-02 4.701415531141017040e-02 9.984389841078818995e-01 1.624489962321662517e+01
9.223258645850993531e-01 3.863000935258834589e-01 9.340088824135688375e-03 -1.763222768579608442e+02 -3.852527799852766277e-01 9.211595784438305623e-01 -5.518447748054143565e-02 4.743125808125232368e+01 -2.992148109577892623e-02 4.729977571910963519e-02 9.984324895484706364e-01 1.629394143556801922e+01
9.222777769481382837e-01 3.864089286705885695e-01 9.583422731364314023e-03 -1.760428988624479416e+02 -3.853484503927608329e-01 9.211165325707931784e-01 -5.523499981584906182e-02 4.808203075812085103e+01 -3.017074622043680945e-02 4.724905574090210170e-02 9.984273898507067813e-01 1.636661608322828343e+01
9.219569634109118228e-01 3.872241178422135555e-01 7.269125081472115057e-03 -1.757755690216712310e+02 -3.863524352594257527e-01 9.208643104279939928e-01 -5.235186289986573649e-02 4.873380835479941453e+01 -2.696578178436167400e-02 4.545772037063246229e-02 9.986022442751987249e-01 1.640383026548948564e+01
9.212478938532973061e-01 3.889477858442172420e-01 -4.683797363755115399e-03 -1.755234142945693065e+02 -3.887739707178309856e-01 9.203146557513977033e-01 -4.330974603339821788e-02 4.938434922971573116e+01 -1.253466246673200918e-02 4.171995081573409009e-02 9.990507133978624443e-01 1.643358486878427627e+01
9.204497331650216552e-01 3.908118445229956661e-01 -6.196038813172240547e-03 -1.752716339533790801e+02 -3.907275862551445877e-01 9.196059450932584367e-01 -4.070453400253525728e-02 5.003329130006338943e+01 -1.020989988535803313e-02 3.988744075105411097e-02 9.991520154684482291e-01 1.647812543499211557e+01
9.195394912586387637e-01 3.929491522453008590e-01 -6.171528619646406144e-03 -1.749929515839525891e+02 -3.928594279442034209e-01 9.186864096750275710e-01 -4.094814469253481304e-02 5.067880306418435055e+01 -1.042083927315982927e-02 4.007797934161415332e-02 9.991422129410487685e-01 1.654080442672145423e+01
9.181458600191430008e-01 3.962093248089132991e-01 -5.133289800248463063e-03 -1.747065837711108713e+02 -3.960198568763622640e-01 9.171184847614872737e-01 -4.540878624692771398e-02 5.127306180196364238e+01 -1.328354957584202550e-02 4.372477379311016238e-02 9.989553000346950151e-01 1.659249489918002851e+01
9.165137796486521049e-01 3.999902208811511040e-01 3.211683918122237857e-03 -1.744416988150809686e+02 -3.991251764199037488e-01 9.150043860161075626e-01 -5.887331415052782929e-02 5.189975768149840718e+01 -2.648745480265427346e-02 5.267633976211722607e-02 9.982602956981426745e-01 1.662758055206612084e+01
9.152992728603744910e-01 4.027654327541477786e-01 2.692077196834232258e-03 -1.741444136346976563e+02 -4.018139553890659466e-01 9.135575229943482256e-01 -6.291420694107599521e-02 5.249271250055541316e+01 -2.779903516065593272e-02 5.650361367908131316e-02 9.980153081417848515e-01 1.667673310280582655e+01
9.140547435570377521e-01 4.055801130275999977e-01 2.949185887181985863e-03 -1.738688645025868027e+02 -4.046103782620187328e-01 9.123263277462612120e-01 -6.285788338536094089e-02 5.314211043989914174e+01 -2.818452737840422551e-02 5.626227526096657522e-02 9.980181304960923372e-01 1.673139510803236618e+01
9.129102972892756407e-01 4.081410658393826441e-01 3.957205920747287539e-03 -1.735801865803518638e+02 -4.072048510076163308e-01 9.113935751533950302e-01 -5.954796793323793858e-02 5.375346269841018909e+01 -2.791054315256916163e-02 5.275055966154014453e-02 9.982176015460371143e-01 1.678673566569521469e+01
9.126026000548370654e-01 4.087552323651851838e-01 8.697953048534753928e-03 -1.732691970371840853e+02 -4.078218179035594249e-01 9.116127144256832571e-01 -5.141618168703109004e-02 5.438634802561603010e+01 -2.894579788133488235e-02 4.337532606818322867e-02 9.986394353686878222e-01 1.681153110608427781e+01
9.118087788067315014e-01 4.104701465363259083e-01 1.090915640295535977e-02 -1.729724281470388974e+02 -4.095112148468116886e-01 9.109833338989812290e-01 -4.909104065902093750e-02 5.503264320091150097e+01 -3.008846632291874851e-02 4.029421994212535607e-02 9.987347295621546994e-01 1.684954021998775531e+01
9.110609308165320552e-01 4.120804056315767183e-01 1.255864778666187370e-02 -1.726845572677017913e+02 -4.110824520508613023e-01 9.103233370894147081e-01 -4.819377103156696068e-02 5.565725917963898439e+01 -3.129213887808807160e-02 3.874482216899412940e-02 9.987590504218359921e-01 1.691761046687589953e+01
9.106527672218833747e-01 4.130088622437410595e-01 1.162829562992417042e-02 -1.724181789672662717e+02 -4.121074626362784543e-01 9.099650053906949143e-01 -4.616414413590794880e-02 5.627100287321054140e+01 -2.964754274159595027e-02 3.724739819696188531e-02 9.988661844996766792e-01 1.698862718686478956e+01
9.104133639909144371e-01 4.135693209449166075e-01 1.038862069321118235e-02 -1.721308749368322992e+02 -4.127222209121295116e-01 9.097009552278262356e-01 -4.587527027647793354e-02 5.689827151344011469e+01 -2.842314254452126682e-02 3.747784453168485908e-02 9.988931555162207099e-01 1.703920076374994608e+01
9.103591189013782170e-01 4.136992022711953321e-01 9.962162078729833517e-03 -1.718567577660615768e+02 -4.128176104127211921e-01 9.095665415819063071e-01 -4.764794820200737857e-02 5.752067611240760669e+01 -2.877316746965839778e-02 3.926418819875247823e-02 9.988145114879218855e-01 1.703776684837688649e+01
9.111419246892376034e-01 4.119673614571320863e-01 1.016298025385967661e-02 -1.715696933885142244e+02 -4.110176679874488759e-01 9.102688241846350614e-01 -4.975082230155741109e-02 5.811687971376899497e+01 -2.974675907978776429e-02 4.115289554296936575e-02 9.987099526452505316e-01 1.706997897880294701e+01
9.120076866296964457e-01 4.100364007950552669e-01 1.058912420298628587e-02 -1.712976765422947665e+02 -4.089797489237669281e-01 9.110190616509611372e-01 -5.272413374209961728e-02 5.872950983094535360e+01 -3.126570802975770641e-02 4.375407788582707375e-02 9.985529711386166296e-01 1.709276228575745193e+01
9.130764179830423988e-01 4.076363443729700831e-01 1.113847698285935078e-02 -1.710163487569330698e+02 -4.064909805079959804e-01 9.120087764795449248e-01 -5.481855880932544334e-02 5.935435687608053001e+01 -3.250442568181122899e-02 4.552584288648339750e-02 9.984342041119038669e-01 1.715168978586159909e+01
9.136482398042010677e-01 4.063597347525659820e-01 1.089311133282514291e-02 -1.707322747863151164e+02 -4.052219013297854722e-01 9.125637468806091501e-01 -5.497834630013113955e-02 5.996629075863891956e+01 -3.228164471272654268e-02 4.581674203877619811e-02 9.984281253868970696e-01 1.722049714532853315e+01
9.149280295569474086e-01 4.034178724030585417e-01 1.267757693059728616e-02 -1.704597095452926112e+02 -4.021643876455118227e-01 9.138478185700353862e-01 -5.608894547500557076e-02 6.058064394987066947e+01 -3.421265907163803521e-02 4.621887840025138555e-02 9.983452855794284764e-01 1.724298656093622384e+01
9.158468955978780190e-01 4.013650348569731685e-01 1.142683761984230120e-02 -1.701913473171514113e+02 -4.001461675619599756e-01 9.146848506897209408e-01 -5.687414618435041036e-02 6.120753427612088160e+01 -3.327924892790352918e-02 4.751560494178450056e-02 9.983159614459797826e-01 1.726444143557207767e+01
9.166713261020593695e-01 3.994910650266567109e-01 1.098038551962052765e-02 -1.699168370437906503e+02 -3.982574998426226531e-01 9.154359279454669096e-01 -5.803469346628226111e-02 6.183053017220181147e+01 -3.323618090869344399e-02 4.882571853531127160e-02 9.982541787982233128e-01 1.730444925302695580e+01
9.176663928783767021e-01 3.972214740166294944e-01 1.017309990341900075e-02 -1.696516975836127585e+02 -3.960227690190317174e-01 9.163896065829205684e-01 -5.827568416843147137e-02 6.244054525671646871e+01 -3.247087618293480193e-02 4.944885769010479160e-02 9.982486927980703806e-01 1.737166467823322691e+01
9.184585763062782515e-01 3.953727570282946635e-01 1.068768493592307453e-02 -1.693871757362853145e+02 -3.941612578466455741e-01 9.172112559269693932e-01 -5.796908498175318974e-02 6.305523777747219327e+01 -3.272226187467301706e-02 4.902953192430661161e-02 9.982611675193464595e-01 1.743370727045898505e+01
9.191350565396451122e-01 3.938000841573000010e-01 1.059441161966493024e-02 -1.691311551107052935e+02 -3.926293068923316087e-01 9.179337561157802083e-01 -5.691965172436150994e-02 6.368790888550994111e+01 -3.213993169113346648e-02 4.815717081472681987e-02 9.983225489239490047e-01 1.750445618192081199e+01
9.197048401041134635e-01 3.924993580166646900e-01 9.341362083401801714e-03 -1.688732085048436886e+02 -3.914391150347419357e-01 9.185378096505921741e-01 -5.535080363563504857e-02 6.432778902111600416e+01 -3.030554915993420931e-02 4.724982750020001454e-02 9.984232707080279434e-01 1.754351045705329426e+01
9.203959850463128145e-01 3.908752328629127581e-01 9.369260642721853952e-03 -1.686116014327234893e+02 -3.898416244079651594e-01 9.192682966577246928e-01 -5.449134462430268999e-02 6.495008657179216982e+01 -2.991218129101472223e-02 4.650108702352287460e-02 9.984702851442521787e-01 1.759715758038810662e+01
9.211646587486059801e-01 3.890769644357408574e-01 8.647960339493257834e-03 -1.683532041725419788e+02 -3.880919169303218008e-01 9.200340011297843956e-01 -5.405645917434957065e-02 6.556174380041582594e+01 -2.898854059645615544e-02 4.643869626280634072e-02 9.985004316491297160e-01 1.763937373561127941e+01
9.216177308116805245e-01 3.880197395515496694e-01 7.838365382936361356e-03 -1.680861677352575612e+02 -3.870827652075085057e-01 9.204777722708880061e-01 -5.373642744481828271e-02 6.616638196287085805e+01 -2.806583568749963786e-02 4.649034817648611817e-02 9.985243894835976741e-01 1.768366006462066053e+01
9.219900051114396922e-01 3.871296661423672680e-01 8.065486166791415931e-03 -1.678212449149947929e+02 -3.861879533776920170e-01 9.208632847262976373e-01 -5.356935232988357248e-02 6.679314009989245449e+01 -2.816549556739672555e-02 4.627561383269660628e-02 9.985315580510463196e-01 1.774032939019833677e+01
9.221153125131532624e-01 3.868395231180326577e-01 7.650737388172934236e-03 -1.675673775041754823e+02 -3.859269266673794330e-01 9.209926207693777123e-01 -5.322593128752598629e-02 6.743828601126467959e+01 -2.763616655473137562e-02 4.612782069604385443e-02 9.985531865934796913e-01 1.779880325277952124e+01
9.218451487640061393e-01 3.874815006400883499e-01 7.720645178525121707e-03 -1.673135098007309693e+02 -3.865594419740304710e-01 9.207159549797679921e-01 -5.342216830511475889e-02 6.803902384255576408e+01 -2.780862314091892690e-02 4.626247839663412409e-02 9.985421691504106079e-01 1.785009364679067190e+01
9.217505984413114639e-01 3.877019143673889889e-01 7.941024426742543732e-03 -1.670683894944808969e+02 -3.867709950273309216e-01 9.206304065252514102e-01 -5.336526948042794039e-02 6.865744546289030836e+01 -2.800056568451244482e-02 4.611811116049875647e-02 9.985434833517943254e-01 1.789005611202928137e+01
9.217229769017807328e-01 3.877688299266930372e-01 7.879618556938054394e-03 -1.667906245682950725e+02 -3.868435864202974805e-01 9.206059608130694460e-01 -5.326072249723130814e-02 6.926009085981844748e+01 -2.790687185625212452e-02 4.604345178989784071e-02 9.985495516249907055e-01 1.793434272497820103e+01
9.216110387099597512e-01 3.880156276298618034e-01 8.773029291728072152e-03 -1.665256007758491137e+02 -3.870436774284527481e-01 9.205109502964017310e-01 -5.344887414226144606e-02 6.986270335646730700e+01 -2.881466797672584124e-02 4.586352689686951090e-02 9.985320484641297956e-01 1.798953629918211305e+01
9.215403601950025170e-01 3.881824146095373962e-01 8.819156398102661817e-03 -1.662818615161432945e+02 -3.871938407144687178e-01 9.204190166670308537e-01 -5.394222344763531518e-02 7.046522418209141847e+01 -2.905674180708468085e-02 4.629521298801020368e-02 9.985051121601487001e-01 1.802481664204292855e+01
9.213949097766107599e-01 3.885349244819016334e-01 8.487207761942916831e-03 -1.660317897491943882e+02 -3.875483627862138514e-01 9.202434267710055682e-01 -5.439027474174193411e-02 7.106926799707542841e+01 -2.894281844390041158e-02 4.682571881562495875e-02 9.984836830504159044e-01 1.806177200864898680e+01
9.213347679233002685e-01 3.886680033392145850e-01 8.912272214581134708e-03 -1.657901284295744517e+02 -3.876657051205347759e-01 9.202026515717927069e-01 -5.424371957785043691e-02 7.165439661587039666e+01 -2.928389470540256057e-02 4.652164249626366405e-02 9.984879520005901510e-01 1.812399006751413211e+01
9.212720511100607190e-01 3.888112306620934433e-01 9.145203906426171286e-03 -1.655555258310068609e+02 -3.877983359381672601e-01 9.201475778982677323e-01 -5.422993206283500262e-02 7.224062822557181107e+01 -2.950014384795641639e-02 4.641402588635994836e-02 9.984865946591221508e-01 1.817180998296215577e+01
9.210502008484917624e-01 3.893386586061401422e-01 9.051874486780440293e-03 -1.653256636788294429e+02 -3.883228373898900410e-01 9.199131143406217292e-01 -5.445398080584450129e-02 7.281955022893009755e+01 -2.952797789246661489e-02 4.663980037381926236e-02 9.984752513421012443e-01 1.821110143957360705e+01
9.208258100059592000e-01 3.898642422478157399e-01 9.257442595317313949e-03 -1.650975182902845688e+02 -3.888338728818133139e-01 9.196886328852504899e-01 -5.459888131993917426e-02 7.338742190205358895e+01 -2.980011621787757164e-02 4.667645185953392395e-02 9.984654535411856546e-01 1.826394980963073067e+01
9.208151086555210751e-01 3.898997887047152555e-01 8.814218044690116591e-03 -1.648649929735892101e+02 -3.888761531654505998e-01 9.196425822503114800e-01 -5.507139376500354289e-02 7.394304266634811995e+01 -2.957825503578515730e-02 4.728293222715213018e-02 9.984435142505762029e-01 1.830026305792273078e+01
9.208812722440061771e-01 3.897836276957338253e-01 6.812195726350545738e-03 -1.646290678943079229e+02 -3.888434513388232538e-01 9.196301673563633816e-01 -5.550788807925749468e-02 7.448693419891155543e+01 -2.790076667714981931e-02 4.846729689657482132e-02 9.984350095776722833e-01 1.833253815002661824e+01
9.206580826764803049e-01 3.903691029571984550e-01 -8.113315348637923502e-04 -1.643967854676277796e+02 -3.898526709602123108e-01 9.193291839140302901e-01 -5.337365032627561234e-02 7.501600029284908544e+01 -2.008954324158934018e-02 4.945518234073470465e-02 9.985742812590303608e-01 1.840112455881463660e+01
9.206724467674620715e-01 3.903241816335467629e-01 -3.046144336165582112e-03 -1.641744705183598967e+02 -3.899217432704121800e-01 9.193077183483366888e-01 -5.323864301555906314e-02 7.555248936671283388e+01 -1.797998576688853573e-02 5.020310963752520200e-02 9.985771717271254566e-01 1.845149332066186432e+01
9.206149304574967607e-01 3.904503139629327824e-01 -4.086825783626593829e-03 -1.639626672393257820e+02 -3.900929463106592165e-01 9.192106790288349094e-01 -5.365837118304566528e-02 7.606504209161764152e+01 -1.719427397151981202e-02 5.099293956613539652e-02 9.985509887116414962e-01 1.849647803257416356e+01
9.203659631369565108e-01 3.910336744382565399e-01 -4.377139967835723400e-03 -1.637608367034169135e+02 -3.906838807273254055e-01 9.189378547112577733e-01 -5.403077381000861296e-02 7.656353825867415708e+01 -1.710553240385612184e-02 5.143816320580436169e-02 9.985296771389389203e-01 1.854337084271862679e+01
9.200837706732989396e-01 3.916917674986790665e-01 -4.838823965081285629e-03 -1.635573450983097246e+02 -3.913559034114395541e-01 9.186208724024752525e-01 -5.455501490725889885e-02 7.706547934684208201e+01 -1.692370552273604611e-02 5.208888614931211219e-02 9.984990416275338898e-01 1.857775380156246214e+01
9.201401207945861804e-01 3.915603937481113572e-01 -4.755644220119372226e-03 -1.633299429463846479e+02 -3.912111997651290807e-01 9.186504176528992316e-01 -5.509271571162679959e-02 7.754540733446522438e+01 -1.720335090767609321e-02 5.255347937080707965e-02 9.984699176858407021e-01 1.860815356706696733e+01
9.199641732184344889e-01 3.919691207299413893e-01 -5.111593559634229796e-03 -1.631163393244192434e+02 -3.916389609452785026e-01 9.184715713381460533e-01 -5.503541508283101014e-02 7.804909708688352055e+01 -1.687732989026542382e-02 5.263250932487971434e-02 9.984713189160425717e-01 1.865229652770332436e+01
9.197375936987015610e-01 3.925106808124635971e-01 -4.257250927354964271e-03 -1.629114656470118518e+02 -3.921399091154507688e-01 9.182749877719280640e-01 -5.474795440371665878e-02 7.852162733168137265e+01 -1.757982981283363194e-02 5.202318983493522953e-02 9.984911303077008693e-01 1.869361065675996869e+01
9.194077243104223918e-01 3.932885577339024774e-01 -3.680602385091855805e-03 -1.627148159802702594e+02 -3.929063215868370262e-01 9.180120545867817006e-01 -5.365156186409399813e-02 7.899322448517669670e+01 -1.772170802804558590e-02 5.077379234351669240e-02 9.985529345385882882e-01 1.876318164136724675e+01
9.189349608991024265e-01 3.943987346963935270e-01 -2.859319368149558505e-03 -1.625150720124669306e+02 -3.939740308957154769e-01 9.175567507198112427e-01 -5.361037388681368088e-02 7.947222777485819734e+01 -1.852027583885034953e-02 5.039094440855346191e-02 9.985578361339251252e-01 1.880289407069967922e+01
9.180696821546385777e-01 3.964150446486988111e-01 -1.780753955801333416e-03 -1.623065154070879998e+02 -3.959246666581329732e-01 9.166912229101951137e-01 -5.404498284815410086e-02 7.993253599504464546e+01 -1.979184276734348089e-02 5.032210464180852244e-02 9.985369140619146933e-01 1.883241558566285079e+01
9.171991655195141924e-01 3.984284611410255361e-01 -6.724009972698639925e-04 -1.620967833087987060e+02 -3.978770565280098093e-01 9.158383976777512148e-01 -5.416527695540818144e-02 8.038506304816863235e+01 -2.096517729268417701e-02 4.994787975323398965e-02 9.985317574565382159e-01 1.886175555308022567e+01
9.159507191054587771e-01 4.012907517538803481e-01 -1.128139997106820946e-04 -1.618955622528349920e+02 -4.007097180336187114e-01 9.146093077031475227e-01 -5.405123621331012901e-02 8.082852125785092312e+01 -2.158708047909117453e-02 4.955347434413474167e-02 9.985381570760399894e-01 1.889141325719681319e+01
9.142803688448046806e-01 4.050819751706786209e-01 -2.316958361408237577e-05 -1.616796577169210991e+02 -4.045006237386458703e-01 9.129651775698187643e-01 -5.360811449730085165e-02 8.127125869491483456e+01 -2.169452788272406563e-02 4.902221880669040133e-02 9.985620509128186884e-01 1.895136389338529526e+01
9.124374718088453795e-01 4.092160772449890960e-01 -2.493257020566887194e-04 -1.614952768232735991e+02 -4.086329096357488311e-01 9.111043148684951909e-01 -5.392654810603054322e-02 8.170301637458757682e+01 -2.184044875236154648e-02 4.930648590432298167e-02 9.985448739270871288e-01 1.897038578865006286e+01
9.099653865590520141e-01 4.146840459173861126e-01 -3.705752587121764058e-04 -1.612772397168395173e+02 -4.140863353000338587e-01 9.086051002697906886e-01 -5.449108809256313773e-02 8.215285419314254511e+01 -2.225987830656510347e-02 4.973845419100555304e-02 9.985141881778476503e-01 1.901966438757046518e+01
9.071963495492640916e-01 4.207068312086391093e-01 7.386060350153111215e-04 -1.610616061024208818e+02 -4.200306931099994645e-01 9.058351016622018248e-01 -5.510885085139965306e-02 8.258681286349576567e+01 -2.385372528605827352e-02 4.968431111542190998e-02 9.984800794302123306e-01 1.906069903967640755e+01
9.041932373578231985e-01 4.271227222735414220e-01 8.772878765900948145e-04 -1.608358847286640412e+02 -4.264045724128324721e-01 9.027882796890283057e-01 -5.614679582624718113e-02 8.299159801241367518e+01 -2.477357749314221952e-02 5.039347352350279086e-02 9.984221390195768819e-01 1.908374282765628394e+01
9.006738602783741499e-01 4.344955973364499346e-01 4.163009649910381221e-04 -1.606470625867319484e+02 -4.337624256928589439e-01 8.992088745064297228e-01 -5.721501608779749198e-02 8.341051406992042416e+01 -2.523401411386769211e-02 5.135149368929305819e-02 9.983617924518043418e-01 1.909765912908331131e+01
8.963818698199891299e-01 4.432816751704220515e-01 -9.486390907485122564e-04 -1.604470990552478042e+02 -4.425824287577002636e-01 8.948435490130574044e-01 -5.810177746550562738e-02 8.384110900004381506e+01 -2.490656967459049104e-02 5.250123091719281765e-02 9.983102140813867598e-01 1.911547741961278746e+01
8.913894340186334642e-01 4.532325322583801164e-01 -2.269057645113061600e-03 -1.602724053015736843e+02 -4.525766097271867183e-01 8.898066952174812361e-01 -5.846757626231968707e-02 8.425179440073642922e+01 -2.448038495992509167e-02 5.314430212921125718e-02 9.982867293034667355e-01 1.915527673753502214e+01
8.855587067492625142e-01 4.645173328712871585e-01 -3.069912493797361669e-03 -1.600572203935203390e+02 -4.638631477224738342e-01 8.839196286555093263e-01 -5.930489239940405638e-02 8.463245414969125591e+01 -2.483459453206756165e-02 5.394198308972581596e-02 9.982351954197845600e-01 1.919875530110886430e+01
8.788193893034148552e-01 4.771461422685407960e-01 -2.835472204493396514e-03 -1.598460245953542369e+02 -4.764461941950286494e-01 8.771755355966780465e-01 -5.968336273832208771e-02 8.500295208153303861e+01 -2.599047943855836706e-02 5.380184633384306470e-02 9.982133320636543683e-01 1.919886170087117705e+01
8.708953866726794057e-01 4.914619509181685775e-01 -2.525128106058531496e-03 -1.596082625087499878e+02 -4.907364836931434882e-01 8.693065581386265617e-01 -5.902382188289510834e-02 8.535484387975307641e+01 -2.681285223047726388e-02 5.264274666924517732e-02 9.982533807497895317e-01 1.925887551864303049e+01
8.622665763787447091e-01 5.064500446765407560e-01 -2.168757065315052301e-03 -1.594120877568623769e+02 -5.057043575890272091e-01 8.607481903182270244e-01 -5.810039224795689877e-02 8.569369620764426543e+01 -2.755819253049250975e-02 5.119477620838976811e-02 9.983083896839819449e-01 1.931233587951382802e+01
8.532163069272978850e-01 5.215527420893635302e-01 -2.161206239325669243e-03 -1.592058566659642906e+02 -5.207889323104173407e-01 8.517273165927246037e-01 -5.778811428600313244e-02 8.601505662526760432e+01 -2.829879107521414763e-02 5.043129374527723779e-02 9.983265312686320225e-01 1.935660904712789332e+01
8.436257278897798528e-01 5.369270986870273710e-01 -2.218544110537633979e-03 -1.589948993794841385e+02 -5.361058597625081301e-01 8.420919308841053885e-01 -5.892102399128090057e-02 8.631915759606782501e+01 -2.976807636951298366e-02 5.089666625045636411e-02 9.982601820136113302e-01 1.936917435357904438e+01
8.330767649317905033e-01 5.531519117967883536e-01 -2.462966979160725184e-03 -1.587772962497012941e+02 -5.522934036536625291e-01 8.315185518914437468e-01 -5.957259555373598664e-02 8.661079364880097842e+01 -3.090469238537773070e-02 5.098882559850360235e-02 9.982209372942698611e-01 1.938444232866845596e+01
8.218017932989686303e-01 5.697678141377535699e-01 -2.539784102148286149e-03 -1.585599036198368026e+02 -5.688205912277088938e-01 8.201615797903732963e-01 -6.146639757720335356e-02 8.688499146356986103e+01 -3.293854164894085418e-02 5.195787725114781735e-02 9.981059219670003202e-01 1.939142623300768165e+01
8.091471782900903076e-01 5.875954825915058466e-01 -3.520327149576478118e-03 -1.583494451148416147e+02 -5.866062043604175491e-01 8.074065642212497895e-01 -6.314903845903592494e-02 8.714072234903227354e+01 -3.426375447975244654e-02 5.316191202818129624e-02 9.979978989148520219e-01 1.938518107704994975e+01
7.955082898984522366e-01 6.059292413518185816e-01 -4.039205076459360250e-03 -1.581571155685051338e+02 -6.049032698825945742e-01 7.937357510567309982e-01 -6.384036011609112160e-02 8.738727812893873192e+01 -3.547667949773435081e-02 5.322886406092965095e-02 9.979519493655985007e-01 1.940485927065030580e+01
7.815803895085527975e-01 6.237917150554650458e-01 -3.998870318034020849e-03 -1.579298467090690679e+02 -6.227228612156177068e-01 7.798317597632288267e-01 -6.386442346111403934e-02 8.763897006815641078e+01 -3.671965216465938875e-02 5.240536893055302431e-02 9.979505721488208803e-01 1.943296970661416623e+01
7.661895037410741960e-01 6.426027602958558349e-01 -3.916224859930841212e-03 -1.576870247590340739e+02 -6.415024418312339494e-01 7.644907608360579365e-01 -6.347041610758266672e-02 8.788121670538770047e+01 -3.779234686508554930e-02 5.114263443011406174e-02 9.979760365168979241e-01 1.946231220690816954e+01
7.498525791081435132e-01 6.615987851965173805e-01 -2.856051707845089910e-03 -1.574578340811544308e+02 -6.604577595225505915e-01 7.482912925604396914e-01 -6.209419751216261468e-02 8.810586596080698030e+01 -3.894428701771654455e-02 4.844779566418953159e-02 9.980662070243450090e-01 1.950354971436140872e+01
7.335230963699630458e-01 6.796611995739223477e-01 -2.126237418293510512e-03 -1.572380908723625055e+02 -6.784607820258983235e-01 7.320342762918869983e-01 -6.178013909517929975e-02 8.831550100155146765e+01 -4.043308477754810337e-02 4.675972762485106765e-02 9.980875179701533817e-01 1.952461685037609485e+01
7.161183818265633994e-01 6.979743629153161155e-01 -2.500384583011910911e-03 -1.570073811555498651e+02 -6.967460070954727414e-01 7.146360976081488348e-01 -6.196974739267484961e-02 8.853636356651577444e+01 -4.146642987550208659e-02 4.611980819945984272e-02 9.980748962302503635e-01 1.953607654982620545e+01
6.968279645509314335e-01 7.172339679364216902e-01 -2.494605776841952310e-03 -1.567679538398544992e+02 -7.159644198541061932e-01 6.953789196699018405e-01 -6.199280266041780341e-02 8.873726611331478864e+01 -4.272864756552836873e-02 4.498436747244785594e-02 9.980734789384620997e-01 1.955638612104729646e+01
6.763264816314242811e-01 7.365990882291721942e-01 -2.067235838251496594e-03 -1.565408065560414741e+02 -7.352457477041356437e-01 6.749083365107193533e-01 -6.254940280546572584e-02 8.891521833396379293e+01 -4.467863837501560853e-02 4.382374388714338487e-02 9.980397280392542259e-01 1.958058523842559495e+01
6.559401745814031903e-01 7.548096898096250396e-01 -2.195344987895267441e-03 -1.562939932404188141e+02 -7.534103560596840943e-01 6.545413756727557208e-01 -6.283647757820648438e-02 8.907795513840120805e+01 -4.599263802108223553e-02 4.287096572173319797e-02 9.980214213863085604e-01 1.958855197069626897e+01
6.339438014674194655e-01 7.733767115077033738e-01 -1.928387556458695251e-03 -1.560371425454156054e+02 -7.719053131009668833e-01 6.325798864206073624e-01 -6.328408095714087300e-02 8.923802637469643173e+01 -4.772257523998130885e-02 4.160708345489007309e-02 9.979936905706578987e-01 1.960365027352851897e+01
6.117036913270543774e-01 7.910849462422085976e-01 -1.789370229381366528e-03 -1.557915798049899081e+02 -7.895462365019035866e-01 6.103696645017711031e-01 -6.376216026512684931e-02 8.937690358616406172e+01 -4.934910781904799232e-02 4.041633933148193469e-02 9.979635189086355496e-01 1.960375336450505301e+01
5.897995054810296622e-01 8.075471467790070745e-01 -2.036924990733074425e-03 -1.555475478935011324e+02 -8.059572014609085455e-01 5.884761990519453700e-01 -6.425536991314921564e-02 8.950631164625642100e+01 -5.069055876229278113e-02 3.953945976439306176e-02 9.979314096539433354e-01 1.961756075665394050e+01
5.673452225058922549e-01 8.234760495555887294e-01 -2.567938484692711826e-03 -1.552945590273015455e+02 -8.218257103552962795e-01 5.660051253646056768e-01 -6.512065616998563566e-02 8.964399074002447776e+01 -5.217183434337044345e-02 3.905629103382149414e-02 9.978740931760525790e-01 1.961283198102068681e+01
5.440345329390148255e-01 8.390572711513428761e-01 -3.053309334113702561e-03 -1.550560334361604475e+02 -8.373825796140061950e-01 5.427113159675160947e-01 -6.522915666938590429e-02 8.979793371822610482e+01 -5.307393266774561302e-02 3.804370182919485088e-02 9.978656394637059890e-01 1.961924829451580266e+01
5.201291867407885627e-01 8.540790316209896371e-01 -3.825813079414513984e-03 -1.547982306961268364e+02 -8.523261698760269400e-01 5.187637519573338185e-01 -6.651518472959497275e-02 8.994951959604858871e+01 -5.482453141457918622e-02 3.785732954795652944e-02 9.977780782091122402e-01 1.962098458673564494e+01
4.954232451141559190e-01 8.686404505388535258e-01 -4.424464737875031389e-03 -1.545214737076197196e+02 -8.668558278903227832e-01 4.940652132134597530e-01 -6.678726484084956949e-02 9.009821842928867852e+01 -5.582814570753963368e-02 3.692333652307447367e-02 9.977574281191102790e-01 1.962644795902827966e+01
4.695764249010520031e-01 8.828784622031854434e-01 -4.858204903601056474e-03 -1.542146842647064489e+02 -8.810152515321562072e-01 4.682126746416486185e-01 -6.774229013434338031e-02 9.024118174298216388e+01 -5.753353582805886823e-02 3.609033503103561968e-02 9.976910243018471958e-01 1.965531457334604326e+01
4.432967443060961132e-01 8.963589315705258187e-01 -5.353716593277234315e-03 -1.539084717924189079e+02 -8.944661407243588158e-01 4.419553122815690349e-01 -6.786622903751551861e-02 9.036402496934033479e+01 -5.846639706093915284e-02 3.487359660038312492e-02 9.976800652889012966e-01 1.966622848306250404e+01
4.164301590266903386e-01 9.091496585729994528e-01 -5.728958858627456602e-03 -1.535828867521701397e+02 -9.072425614078316602e-01 4.151302734325243993e-01 -6.765937370382883731e-02 9.051089337333147000e+01 -5.913423224463326688e-02 3.337295906023297898e-02 9.976920307291232692e-01 1.967695008938974510e+01
3.892957918841938314e-01 9.210929269578874701e-01 -6.050316471916186711e-03 -1.532491820972438461e+02 -9.191443700087330582e-01 3.880262905420789332e-01 -6.789127285154747393e-02 9.062400007803290691e+01 -6.018648936852513676e-02 3.199090114870190710e-02 9.976743801166723102e-01 1.968288862872519829e+01
3.616908874128399454e-01 9.322738883496461959e-01 -6.715583663686575111e-03 -1.528893668852934411e+02 -9.302245115961012001e-01 3.603969149656286453e-01 -6.925620339762045274e-02 9.072772026164213344e+01 -6.214547439924736350e-02 3.129633819936508687e-02 9.975763024586156158e-01 1.968150912267612540e+01
3.324635575209504701e-01 9.430922600850348836e-01 -6.706108276406375773e-03 -1.525391174108895882e+02 -9.408599439390830099e-01 3.311682962645055017e-01 -7.148514139463203743e-02 9.081802130325455380e+01 -6.519623310789900150e-02 3.007571307493665455e-02 9.974191208672382736e-01 1.972877832963219547e+01
3.005086544531127002e-01 9.537443186551878282e-01 -8.143907645066249257e-03 -1.521802919982223727e+02 -9.514925612547534550e-01 2.991864202094367542e-01 -7.175926308938533615e-02 9.090699302826611472e+01 -6.600344290754053822e-02 2.931314713936436500e-02 9.973887331071756845e-01 1.971131332273568759e+01
2.690343929026770553e-01 9.630846448129724013e-01 -9.405443155887715373e-03 -1.518259905237779606e+02 -9.607980771574318180e-01 2.676908276717563373e-01 -7.217115567172045776e-02 9.102023162481130214e+01 -6.698918096282138746e-02 2.845325475021636200e-02 9.973479141844382445e-01 1.971507827075837938e+01
2.372027708321228223e-01 9.714113048308732346e-01 -9.742810495116882574e-03 -1.514242652979804120e+02 -9.690988069503212454e-01 2.359154543262653725e-01 -7.205137595838043141e-02 9.109079194174481131e+01 -6.769304157021993618e-02 2.653253204675568716e-02 9.973533360179632767e-01 1.972840061884067353e+01
2.047723011442841301e-01 9.787593861359416003e-01 -9.918101374215178290e-03 -1.510227129005642723e+02 -9.763984924626878392e-01 2.035466017947319406e-01 -7.221332850940581638e-02 9.116757079114164242e+01 -6.866067725172197989e-02 2.447130868203497081e-02 9.973398951464457207e-01 1.974994208562068465e+01
1.715653930644088776e-01 9.851359302225893844e-01 -8.515567340357767939e-03 -1.506066194015510007e+02 -9.827385243626932665e-01 1.705278337587147197e-01 -7.173040252916618176e-02 9.120108949040150037e+01 -6.921205556903324563e-02 2.067503078675899525e-02 9.973877051908528468e-01 1.978099592479077629e+01
1.392832941135708769e-01 9.902305692184401043e-01 -6.601800223950828050e-03 -1.501643795112883311e+02 -9.877174054103698975e-01 1.384468815835139255e-01 -7.243471563558231963e-02 9.123119281137731207e+01 -7.081307104115516782e-02 1.660965879014199981e-02 9.973513063131743683e-01 1.979494894724897236e+01
1.076128714751554138e-01 9.941761007018727891e-01 -5.775005289283714760e-03 -1.497370712917349920e+02 -9.915966022854443285e-01 1.069105164806842811e-01 -7.284449053837750709e-02 9.126417790989422940e+01 -7.180284276290260781e-02 1.356548042101379803e-02 9.973265911987472254e-01 1.978195368617022609e+01
7.796127129377161680e-02 9.969561339847461401e-01 7.121014310357137722e-04 -1.493076928836641173e+02 -9.931272327895666052e-01 7.772435699126178932e-02 -8.750556452039479072e-02 9.128996870083759063e+01 -8.729455693224534574e-02 6.114837731619159056e-03 9.961637762383849237e-01 1.975326238781121901e+01
5.019705331307466878e-02 9.987387529809154119e-01 -1.076630303601049110e-03 -1.488586507174161682e+02 -9.948272448873080043e-01 4.990508152328121394e-02 -8.847731725184146412e-02 9.128775801979880100e+01 -8.831199617612933706e-02 5.512361769782141152e-03 9.960776100280069878e-01 1.978281732715418784e+01
2.291537047876224253e-02 9.997322560821999549e-01 -3.209664252769243997e-03 -1.484011527389764353e+02 -9.957482572987268465e-01 2.253729772780244112e-02 -8.931673022271280349e-02 9.128175341133352561e+01 -8.922047905256694222e-02 5.242743549214119725e-03 9.959981022861980060e-01 1.980012416917694296e+01
-1.658187315545678331e-03 9.999842931882508834e-01 -5.353857639223177922e-03 -1.479642698698697814e+02 -9.959684831790892590e-01 -2.131661804015472228e-03 -8.967851767228149362e-02 9.127378312583871889e+01 -8.968852172252013422e-02 5.183569691612779917e-03 9.959563743841801653e-01 1.982783729618194357e+01
-2.476582778111069416e-02 9.996707640310329435e-01 -6.709494461412314481e-03 -1.474894804425171344e+02 -9.956270556121742388e-01 -2.526926337677704026e-02 -8.993458990526388697e-02 9.124450232023828278e+01 -9.007452418608319356e-02 4.452849650103563039e-03 9.959250735987342784e-01 1.984354306623461994e+01
-4.425098152748407898e-02 9.989850206187791404e-01 -8.413038283055826461e-03 -1.470088986484271345e+02 -9.949071510195972579e-01 -4.483062580166108368e-02 -9.027721661803911335e-02 9.121574469169898691e+01 -9.056274887570048282e-02 4.375336504696382411e-03 9.958811399692975019e-01 1.984749194413650031e+01
-6.142698366682242117e-02 9.980718666249698279e-01 -8.903635737416031037e-03 -1.465099110991785949e+02 -9.939089807765409956e-01 -6.198364817534063320e-02 -9.112060848465160234e-02 9.114545155395309450e+01 -9.149679562330867433e-02 3.252139391883138164e-03 9.958000602430401305e-01 1.982876828015115578e+01
-7.698266535396491861e-02 9.969934163138483019e-01 -8.820264272772132541e-03 -1.459533456089801007e+02 -9.925751674460068230e-01 -7.747107934585639732e-02 -9.376976503393838480e-02 9.108740921573304661e+01 -9.417115378146038995e-02 1.536128845537255982e-03 9.955548373161764442e-01 1.983566096413003876e+01
-9.165798548626913345e-02 9.957453309939906516e-01 -9.489441515048581410e-03 -1.454257419910931901e+02 -9.910931170193398865e-01 -9.214599619460228652e-02 -9.614337617430467053e-02 9.103500132094161756e+01 -9.660873197329730711e-02 5.926119919369143840e-04 9.953222602341106340e-01 1.984671466945967211e+01
-1.062689856622167639e-01 9.942855258812635100e-01 -1.015852889662055558e-02 -1.448764245751440853e+02 -9.895703280574523752e-01 -1.067531833920687401e-01 -9.671775257896522704e-02 9.098214479629638163e+01 -9.724951678332491301e-02 -2.255186892859348258e-04 9.952600065443856225e-01 1.987768305925612466e+01
-1.210388711652903293e-01 9.925954160263400494e-01 -1.019469227245069221e-02 -1.443318665037719484e+02 -9.879385582512013597e-01 -1.214575038432046394e-01 -9.604936168822893194e-02 9.090111626746713114e+01 -9.657637799985344107e-02 -1.553976729430264769e-03 9.953243633955484171e-01 1.990163170603033649e+01
-1.364488681628024391e-01 9.905889776371031852e-01 -1.073236977415505111e-02 -1.437694255561896455e+02 -9.859778732169158788e-01 -1.368483839177661032e-01 -9.549949395543197439e-02 9.084592711141966959e+01 -9.606945354137307047e-02 -2.448918735840167893e-03 9.953716204982374638e-01 1.990170626572991353e+01
-1.505561387452591937e-01 9.885335759383805376e-01 -1.158526342370225920e-02 -1.432038096102536997e+02 -9.839439057751658835e-01 -1.509727434278438363e-01 -9.519254713359789899e-02 9.074527394842408512e+01 -9.585008802306893561e-02 -2.932572991208803881e-03 9.953914610049762191e-01 1.988223947247947976e+01
-1.626088073891578389e-01 9.866220817097756113e-01 -1.162943000084496609e-02 -1.426041080310013172e+02 -9.819128396415194304e-01 -1.629686586746745824e-01 -9.637630225789432792e-02 9.063437374783684675e+01 -9.698222056956298798e-02 -4.252548935191238777e-03 9.952770291335726327e-01 1.988818007812776756e+01
-1.716808651638634942e-01 9.850732634320452652e-01 -1.250384772492971891e-02 -1.420088546717574616e+02 -9.802250815332208544e-01 -1.720762615778144156e-01 -9.771668094340280053e-02 9.050737007816432822e+01 -9.840970516050986938e-02 -4.519499169656375492e-03 9.951357214257143813e-01 1.988343575161171728e+01
-1.795568339884183739e-01 9.836656189628570912e-01 -1.270013537229198325e-02 -1.413917653838845752e+02 -9.786415017423398810e-01 -1.799236114090829730e-01 -9.943995738640964976e-02 9.039224122067014378e+01 -1.001007214537098233e-01 -5.426244367176126515e-03 9.949625125784963275e-01 1.990030885163693242e+01
-1.871147245482163157e-01 9.822504034804014905e-01 -1.312344161543898408e-02 -1.407621064628745842e+02 -9.772152830636119392e-01 -1.874848962249355822e-01 -9.949725742165038689e-02 9.026705305566083837e+01 -1.001916683369940275e-01 -5.792974202755069024e-03 9.949512907905271319e-01 1.991622134687145618e+01
-1.960646748931351713e-01 9.805034460921003836e-01 -1.310097174123267538e-02 -1.401294029093765801e+02 -9.754984346250615834e-01 -1.963888816755403610e-01 -9.916759147163316246e-02 9.014448702365497468e+01 -9.980705036771345129e-02 -6.663284156181351059e-03 9.949844990456638838e-01 1.992739164964137188e+01
-2.038122874618304436e-01 9.789263740027567273e-01 -1.279475522983365698e-02 -1.394752278709055986e+02 -9.740010982674136564e-01 -2.040725344371148164e-01 -9.836798901210068446e-02 9.001402218123028831e+01 -9.890607692881341062e-02 -7.586499207655722499e-03 9.950678534533833330e-01 1.992984843184083488e+01
-2.109386584374333129e-01 9.774201896281345947e-01 -1.243604776114189125e-02 -1.388295689199021865e+02 -9.725055959564338215e-01 -2.111283978899254343e-01 -9.827342182836013018e-02 8.986892970922751545e+01 -9.868002943877389466e-02 -8.635537721238296938e-03 9.950817450231049799e-01 1.990601618288382824e+01
-2.172317189487762423e-01 9.760329132936437224e-01 -1.304348305026421795e-02 -1.381590264846208527e+02 -9.710352528455180598e-01 -2.174429694704802518e-01 -9.904086408700554789e-02 8.970189953163028918e+01 -9.950335679664716604e-02 -8.849135290092784156e-03 9.949978767770395471e-01 1.989889418177594393e+01
-2.229750085920840785e-01 9.747241857852441127e-01 -1.396091646895764038e-02 -1.374764920493443299e+02 -9.696343150840794900e-01 -2.232410059821137160e-01 -9.986364833873390134e-02 8.954826643459020374e+01 -1.004561623534787063e-01 -8.730114168042250877e-03 9.949031835067292384e-01 1.990754476148494589e+01
-2.278021757117238977e-01 9.736024828302320966e-01 -1.429594934982088977e-02 -1.367812745288360077e+02 -9.685031769662737489e-01 -2.280761446918426749e-01 -9.991430542590304387e-02 8.937484930363467583e+01 -1.005373808453343398e-01 -8.915023797695931229e-03 9.948933397120752753e-01 1.991629523454423989e+01
-2.323766114694094664e-01 9.725163462220700605e-01 -1.459680694089988962e-02 -1.360569640572248034e+02 -9.674289910735720532e-01 -2.326582903148397552e-01 -9.975603830418638962e-02 8.923263221905909859e+01 -1.004104460321017661e-01 -9.059595943008966201e-03 9.949048527618024051e-01 1.993809034055433216e+01
-2.354143420960870259e-01 9.717980058231310281e-01 -1.373766405369052090e-02 -1.353509435784749826e+02 -9.666291271074667346e-01 -2.355848469374501875e-01 -1.006375204429983128e-01 8.904683125707597924e+01 -1.010357271608571528e-01 -1.041228945255549126e-02 9.948283098431773830e-01 1.996017349680972686e+01
-2.376352472121880943e-01 9.712638634833345996e-01 -1.326637756997378625e-02 -1.346065599990249666e+02 -9.658478779360499811e-01 -2.377182574823093475e-01 -1.030917394654097541e-01 8.886140112600206464e+01 -1.032829413254277851e-01 -1.168492836953952813e-02 9.945833783450067633e-01 1.995235800327958842e+01
-2.390254925964274690e-01 9.709342054662500887e-01 -1.239284247690241453e-02 -1.338966720719954253e+02 -9.654601371862817638e-01 -2.390021674972064858e-01 -1.037530116954872572e-01 8.868274879029642932e+01 -1.036992641887195810e-01 -1.283481933099853839e-02 9.945258820259323951e-01 1.994816285478731288e+01
-2.397976173993330296e-01 9.707506426039745895e-01 -1.184451660363791681e-02 -1.331539751359669594e+02 -9.652235776112564336e-01 -2.397052822560690188e-01 -1.043303545564059215e-01 8.849919517192658702e+01 -1.041179519243932705e-01 -1.358556375381445025e-02 9.944721637856741570e-01 1.995679666935873442e+01
-2.406547991908329909e-01 9.705381157683588000e-01 -1.187575122776421410e-02 -1.323970433482461715e+02 -9.648728077862087638e-01 -2.405426596380029203e-01 -1.056394513855214712e-01 8.830355635700705363e+01 -1.053837388840328237e-01 -1.396405152810905465e-02 9.943335822769652221e-01 1.996230014153576349e+01
-2.413273505952675535e-01 9.703733569763911548e-01 -1.169007805954565965e-02 -1.316479653500633447e+02 -9.646147073024734508e-01 -2.411787169288674981e-01 -1.065424467351333282e-01 8.810596177544599072e+01 -1.062053497260491974e-01 -1.443518517077541780e-02 9.942394324903096603e-01 1.998230929194410166e+01
-2.419347585088766905e-01 9.702305040878839160e-01 -1.097003020153478753e-02 -1.308847109277988352e+02 -9.644033549334217748e-01 -2.416947302364098604e-01 -1.072838588470330923e-01 8.792804077804922258e+01 -1.067414709398954997e-01 -1.537616055197624232e-02 9.941679093937136891e-01 2.000105012842391616e+01
-2.420048942685875115e-01 9.701991511452950911e-01 -1.213417764000127019e-02 -1.301256189985833203e+02 -9.643386412631097526e-01 -2.418867087648810532e-01 -1.074327933627034076e-01 8.773647582700233727e+01 -1.071663012185710417e-01 -1.429780542051599379e-02 9.941382985496975966e-01 1.998355992306029449e+01
-2.422373934802330986e-01 9.701110677901693125e-01 -1.433741088620681114e-02 -1.293696396300705089e+02 -9.643723019314586198e-01 -2.423714376160088779e-01 -1.060290030857985732e-01 8.754675691631348400e+01 -1.063348882884725954e-01 -1.185758740074303180e-02 9.942596688761501378e-01 1.996024994224281102e+01
-2.424140468107556234e-01 9.700321868524384161e-01 -1.652229944979450443e-02 -1.285965990755089194e+02 -9.644446662932850689e-01 -2.427957107935625469e-01 -1.043873961677490303e-01 8.735923981577008135e+01 -1.052706776232903985e-01 -9.370127561806808336e-03 9.943994595444070050e-01 1.992532329582793693e+01
-2.428392597444619661e-01 9.699083173743306974e-01 -1.751998330067438409e-02 -1.278398362498149368e+02 -9.643729336222880422e-01 -2.433284866317828588e-01 -1.038079596670118815e-01 8.717524636695870299e+01 -1.049473145130611074e-01 -8.312850388435308324e-03 9.944430389393432712e-01 1.993689113728660800e+01
-2.438719298642955113e-01 9.696774225031107308e-01 -1.588011687576369735e-02 -1.270215473835822166e+02 -9.638160699134318277e-01 -2.441501407525388245e-01 -1.070013651648524522e-01 8.698991542695144119e+01 -1.076339407477527460e-01 -1.078911758390223991e-02 9.941320484426955373e-01 2.001445229701487705e+01
-2.439391039655691706e-01 9.696914358616545160e-01 -1.386480338981117832e-02 -1.262349477538864448e+02 -9.636260741069356817e-01 -2.439731486193055243e-01 -1.090957930171313900e-01 8.677622158782513395e+01 -1.091718959152478408e-01 -1.325224393622394248e-02 9.939345427003355438e-01 2.006352784616447593e+01
-2.444238686567485885e-01 9.695656625383057836e-01 -1.412085186965891109e-02 -1.254447510225214302e+02 -9.635285225796399455e-01 -2.444866123863163043e-01 -1.088075481727238947e-01 8.660031504017203474e+01 -1.089484217708775460e-01 -1.298931832389430691e-02 9.939625340037296919e-01 2.006809696847750146e+01
-2.434641650288364989e-01 9.697873274224229068e-01 -1.541881700019404750e-02 -1.246690271498602840e+02 -9.637626725884396173e-01 -2.436775130046078264e-01 -1.085485171758558964e-01 8.641020986361412781e+01 -1.090261953477207335e-01 -1.156759381907900702e-02 9.939715687590050530e-01 2.005516433312619995e+01
-2.433566630942993747e-01 9.697957063537638867e-01 -1.654758185995793690e-02 -1.238631086304194326e+02 -9.637344886201220096e-01 -2.436915713590972477e-01 -1.087669687572747623e-01 8.620435032376740025e+01 -1.095142455195654840e-01 -1.052169122994612432e-02 9.939295367589907615e-01 2.003612860803129436e+01
-2.434013018426497421e-01 9.697872124939830307e-01 -1.638806713599294529e-02 -1.230595857618885987e+02 -9.635870333329024096e-01 -2.437046239495301858e-01 -1.100367459456810248e-01 8.600415731978573319e+01 -1.107060768612073975e-01 -1.099175822007577435e-02 9.937924057856508675e-01 2.004149409040507379e+01
-2.430326246666121293e-01 9.698802801323971323e-01 -1.635192826429855695e-02 -1.222665994909128386e+02 -9.636324228644082002e-01 -2.433295076328707562e-01 -1.104685671112616008e-01 8.580728010585305299e+01 -1.111201914690947007e-01 -1.109021755637867174e-02 9.937450931312435953e-01 2.006553177062462723e+01
-2.424819828603281824e-01 9.700091888202783119e-01 -1.687191726950811044e-02 -1.214601770713851323e+02 -9.637229463796607165e-01 -2.428371002472404783e-01 -1.107620213106339235e-01 8.559311775810127187e+01 -1.115373059089610902e-01 -1.059794073097618944e-02 9.937037350452264661e-01 2.008754940979681791e+01
-2.425259298066602121e-01 9.699943727464365173e-01 -1.709064690591598906e-02 -1.206430691684835921e+02 -9.636041982254958116e-01 -2.428956355360969432e-01 -1.116631514856864238e-01 8.540429227705703852e+01 -1.124638721261841667e-01 -1.061259053027777816e-02 9.935991396879437776e-01 2.011162183931115877e+01
-2.423088259141690237e-01 9.700380975223555913e-01 -1.767829854101874570e-02 -1.198388628123138204e+02 -9.635476908782995009e-01 -2.427376453734502171e-01 -1.124912570898266850e-01 8.520244454501765574e+01 -1.134119935773695020e-01 -1.022374069318902901e-02 9.934954427872556559e-01 2.010435280393295443e+01
-2.418345897945031187e-01 9.701364524294788794e-01 -1.874286121354460516e-02 -1.190435338244572847e+02 -9.636090806381460983e-01 -2.423852792948395507e-01 -1.127249577195303387e-01 8.500644502023672544e+01 -1.139015842323175820e-01 -9.200002647193214478e-03 9.934494396096159585e-01 2.009693505400734992e+01
-2.412716766938953761e-01 9.702464033616289285e-01 -2.024585856762171898e-02 -1.182036701396451974e+02 -9.638152908553869747e-01 -2.420048348786705272e-01 -1.117754222031555056e-01 8.480381432508788464e+01 -1.133492970364733815e-01 -7.454975464154030285e-03 9.935272317365871908e-01 2.011512804809573041e+01
-2.407855354430326056e-01 9.703460613892165298e-01 -2.123315962938505941e-02 -1.173877136805066641e+02 -9.639244991670050666e-01 -2.416348451640046857e-01 -1.116340517414205480e-01 8.459498515660145301e+01 -1.134543336635964877e-01 -6.412702160745090141e-03 9.935225168177854727e-01 2.010881283711695389e+01
-2.406790363887234552e-01 9.704145300246007633e-01 -1.921565403853157938e-02 -1.165835518765009624e+02 -9.638345176221436716e-01 -2.412876540973949435e-01 -1.131516266797129161e-01 8.438059160709713069e+01 -1.144404827108171235e-01 -8.712513834067805996e-03 9.933919005204372432e-01 2.014539970738408670e+01
-2.407926633694656982e-01 9.704541381056018823e-01 -1.541619606623811228e-02 -1.157530440297602752e+02 -9.635349942934617884e-01 -2.409253689825701095e-01 -1.164271504096488219e-01 8.418432151094648930e+01 -1.167013626284530703e-01 -1.318075924694710882e-02 9.930795836922317044e-01 2.017442334236290336e+01
-2.403986959711315041e-01 9.705725550915654809e-01 -1.404928035202310244e-02 -1.149455789945039470e+02 -9.636177817041219340e-01 -2.403681381332003486e-01 -1.168928096762413549e-01 8.396517723144647505e+01 -1.168299523196287826e-01 -1.456274264721427181e-02 9.930451594804660109e-01 2.018254437201843388e+01
-2.400605654020147028e-01 9.706497820466565285e-01 -1.448880780613503311e-02 -1.141313026045227730e+02 -9.637048673791562825e-01 -2.400857471270021470e-01 -1.167551395707787099e-01 8.376208638349197599e+01 -1.168069070243187846e-01 -1.406537021365883433e-02 9.930550396791533174e-01 2.017952104919282519e+01
-2.393324113954400367e-01 9.708139623608281754e-01 -1.549991422274604042e-02 -1.133558118554195318e+02 -9.637433553215929427e-01 -2.394685169788857149e-01 -1.177012083600292858e-01 8.355968688853829462e+01 -1.179777179348783789e-01 -1.323177468073677421e-02 9.929280831005217189e-01 2.016707478913500751e+01
-2.392575193159121039e-01 9.708208777032684145e-01 -1.620687712829554927e-02 -1.125494255553356453e+02 -9.637361052559111352e-01 -2.394770894290938479e-01 -1.177431232163359820e-01 8.334904424569968739e+01 -1.181886579878265453e-01 -1.255177493526365290e-02 9.929118259286727755e-01 2.015834027707332154e+01
-2.384788873320966562e-01 9.710085680699281907e-01 -1.643718441926531743e-02 -1.117449064673931503e+02 -9.638864010716895470e-01 -2.387277652450690013e-01 -1.180341473056059354e-01 8.314357920557745274e+01 -1.185361806619036895e-01 -1.230507358299639392e-02 9.928734859176195915e-01 2.014458694691107610e+01
-2.376763989539374400e-01 9.712079375529754088e-01 -1.628101392375206485e-02 -1.109682805246799404e+02 -9.640230187373348691e-01 -2.379058679834586965e-01 -1.185766305963952827e-01 8.294284872472211134e+01 -1.190359135926870870e-01 -1.248759436936242029e-02 9.928114177737988877e-01 2.015309260349652831e+01
-2.365503539390394483e-01 9.714751133882194578e-01 -1.673421998960968743e-02 -1.101688779928601463e+02 -9.643034390997057281e-01 -2.368439699187321335e-01 -1.184221738257420220e-01 8.273916582381018259e+01 -1.190075938408747536e-01 -1.187594124607811025e-02 9.928223177526405152e-01 2.015334953210149749e+01
-2.360976648265349365e-01 9.715825799605820601e-01 -1.688736156410557826e-02 -1.093787302251565592e+02 -9.644195956927584801e-01 -2.364138636055190812e-01 -1.183356604702388848e-01 8.254206289312621436e+01 -1.189652726944876726e-01 -1.165227069075694399e-02 9.928300400775933454e-01 2.016459634005451917e+01
-2.354898153718514298e-01 9.717304882959685308e-01 -1.686431060585217440e-02 -1.086152141965479814e+02 -9.645446144512144215e-01 -2.358054729411735995e-01 -1.185304419301153322e-01 8.234475365224581367e+01 -1.191563409529277084e-01 -1.164633191475955565e-02 9.928071964705135199e-01 2.017558992101501758e+01
-2.351966968583751871e-01 9.718135889977002062e-01 -1.615122367867816155e-02 -1.078001885405689819e+02 -9.645711143167932100e-01 -2.354228579708959046e-01 -1.190741087326521452e-01 8.215207281040414955e+01 -1.195202042023426892e-01 -1.242683323395239042e-02 9.927539950074266706e-01 2.019345924381078206e+01
-2.346825105285159641e-01 9.719336522978510029e-01 -1.640410872291253597e-02 -1.070277832726646636e+02 -9.647427256623313241e-01 -2.349482456783584805e-01 -1.186203824571377824e-01 8.196932422023101594e+01 -1.191452581248992060e-01 -1.201238459348995258e-02 9.928041650208410118e-01 2.018927544687889863e+01
-2.345895209962758354e-01 9.719449615197952586e-01 -1.705134642840971243e-02 -1.062267796078322846e+02 -9.646936633070466449e-01 -2.349280490949032796e-01 -1.190585894578516379e-01 8.177169252287234258e+01 -1.197242357000803392e-01 -1.148057162106957962e-02 9.927408039671206108e-01 2.017990321848503754e+01
-2.338035786645713543e-01 9.721366063214884612e-01 -1.692055712377750487e-02 -1.054654660527482974e+02 -9.650304269136618096e-01 -2.341459943245620678e-01 -1.178640253537848459e-01 8.157510390069705863e+01 -1.185418142870907215e-01 -1.122817845875064696e-02 9.928855756198814442e-01 2.020703416867799618e+01
-2.334416862299999451e-01 9.722177462834091788e-01 -1.725204166768334879e-02 -1.046558022564441046e+02 -9.653003087639153712e-01 -2.338434676968630388e-01 -1.162434794549628281e-01 8.138618705832804778e+01 -1.170482508642675390e-01 -1.048267270858616734e-02 9.930709040861585013e-01 2.019952662343105487e+01
-2.330175898484287966e-01 9.722947176442653383e-01 -1.859529140099420996e-02 -1.038740579805101731e+02 -9.653706260096079905e-01 -2.335803061323287189e-01 -1.161886183106823761e-01 8.119598261178904863e+01 -1.173130736919263256e-01 -9.122643705965341465e-03 9.930530802090926645e-01 2.021818951858605828e+01
-2.326201595886536744e-01 9.723445923537588076e-01 -2.082918801471024539e-02 -1.030944147793288295e+02 -9.654472518751169297e-01 -2.334509306647507554e-01 -1.158113414935966201e-01 8.099078680997637036e+01 -1.174711249615583292e-01 -6.830570412824359117e-03 9.930528073109210485e-01 2.023158469180971153e+01
-2.329033271490494883e-01 9.722619715401766838e-01 -2.151043699489606220e-02 -1.023187066768937541e+02 -9.653339164153330598e-01 -2.338107858210141110e-01 -1.160299368783530571e-01 8.081250698576378966e+01 -1.178408673641598708e-01 -6.259003959774349368e-03 9.930127667096199096e-01 2.022662875541946192e+01
-2.324313756279121623e-01 9.723747432023556181e-01 -2.151776953752441990e-02 -1.015377820533941957e+02 -9.650653742415921110e-01 -2.333220626558845101e-01 -1.192041883405946801e-01 8.059970603961022562e+01 -1.209317123985800962e-01 -6.940739165037769498e-03 9.926365634391017823e-01 2.022321786981535041e+01
-2.316281230135790459e-01 9.725713435644700589e-01 -2.129305770450769936e-02 -1.007158329718012055e+02 -9.650555743888353799e-01 -2.324852355542341709e-01 -1.209063835797221098e-01 8.038727472138249652e+01 -1.225404054597538928e-01 -7.456334655412573398e-03 9.924355153375283844e-01 2.023644169818784633e+01
-2.313120072663983340e-01 9.726282951012076294e-01 -2.211232377900408663e-02 -9.993044968541931894e+01 -9.651465972003699934e-01 -2.322741528165248592e-01 -1.205850896500566538e-01 8.019840037178515502e+01 -1.224205914335337736e-01 -6.551145081854614638e-03 9.924566898818206750e-01 2.024291258542116623e+01
-2.303727149576926259e-01 9.728127214024999692e-01 -2.374492115135295317e-02 -9.915510672717620366e+01 -9.653067381506632572e-01 -2.315416168118755724e-01 -1.207119752347285691e-01 8.000853266365442096e+01 -1.229280825684222200e-01 -4.887613078472956285e-03 9.924035458191623471e-01 2.024646846950536982e+01
-2.294966868393824022e-01 9.730139013485957777e-01 -2.398371347668094844e-02 -9.839043955010282616e+01 -9.655680062140988840e-01 -2.307039068765375234e-01 -1.202253414535881526e-01 7.982825910254506141e+01 -1.225140649292006251e-01 -4.433411134442906409e-03 9.924568750128323069e-01 2.025936260655059584e+01
-2.295940372816327457e-01 9.730163492932342173e-01 -2.292950179980461634e-02 -9.756114059742637323e+01 -9.657558623311270907e-01 -2.306793421140500566e-01 -1.187546019945777687e-01 7.964111829231511308e+01 -1.208395316847169360e-01 -5.121047734215102010e-03 9.926588449474079701e-01 2.028083787496133183e+01
-2.290323911139817703e-01 9.732091091756089885e-01 -2.020380256856989937e-02 -9.675800399999256740e+01 -9.660304727632111899e-01 -2.297974367751287605e-01 -1.182297075377728018e-01 7.944423457068300820e+01 -1.197050103942967625e-01 -7.560943671152689505e-03 9.927807122508489623e-01 2.031848427702927040e+01
-2.279186567069280134e-01 9.734874765193595181e-01 -1.937057007109359991e-02 -9.594248888423629751e+01 -9.662115856135284897e-01 -2.285849866944393849e-01 -1.190969171897174050e-01 7.924319245727531325e+01 -1.203671788782177399e-01 -8.428340161187319879e-03 9.926936613734502757e-01 2.032754975457263313e+01
-2.274697047768952096e-01 9.735826314387865388e-01 -1.985933456690794352e-02 -9.515068778167623975e+01 -9.663050478371484342e-01 -2.281983749095024550e-01 -1.190800412038417605e-01 7.907484201269899415e+01 -1.204661277420278620e-01 -7.896926578768490024e-03 9.926860282171049432e-01 2.032682180453249643e+01
-2.262134395991162172e-01 9.738653395273898505e-01 -2.034158823539477384e-02 -9.437447002985507538e+01 -9.668116928212623362e-01 -2.270229903248401904e-01 -1.171994560057858514e-01 7.886866657278802961e+01 -1.187544962046559460e-01 -6.845606705679019299e-03 9.929000489978885291e-01 2.034123061101783492e+01
-2.256607441480513732e-01 9.739642724267808527e-01 -2.169849272920328087e-02 -9.358107153833678638e+01 -9.669001333259129582e-01 -2.266355165287647910e-01 -1.172197714639987287e-01 7.869983965609041832e+01 -1.190855185355456786e-01 -5.471625344592438711e-03 9.928689241743889893e-01 2.035030566413893993e+01
-2.253397895225168757e-01 9.740268227879289586e-01 -2.221998531953651296e-02 -9.280394307181589397e+01 -9.669816135897260079e-01 -2.263798977667872414e-01 -1.170414493523928012e-01 7.851367760692693309e+01 -1.190316690522216503e-01 -4.887778304253069528e-03 9.928784272940422984e-01 2.035907775579923751e+01
-2.246840115846064911e-01 9.741652084281107182e-01 -2.278687399501230781e-02 -9.202367931504846865e+01 -9.672029677350659771e-01 -2.257993584013302524e-01 -1.163317194492934636e-01 7.832541975206810037e+01 -1.184715752521671717e-01 -4.098345247021316362e-03 9.929489863147584749e-01 2.035823428614901331e+01
-2.241612887525452624e-01 9.742826486247110340e-01 -2.291369052806554313e-02 -9.122828020932961124e+01 -9.674062710040008950e-01 -2.252981770649040705e-01 -1.156107185055295500e-01 7.814226885004411827e+01 -1.177999297407757440e-01 -3.748599745111630410e-03 9.930302737344008923e-01 2.037083202893236944e+01
-2.232164793644437761e-01 9.745219809924547949e-01 -2.193882181622708316e-02 -9.044123936924410145e+01 -9.676583195205399335e-01 -2.242455989624336787e-01 -1.155477737070850497e-01 7.796063943256126549e+01 -1.175235295710063688e-01 -4.562883794344115007e-03 9.930596155763520283e-01 2.040484844393599317e+01
-2.225997624337860969e-01 9.746710100123925358e-01 -2.158165901512306556e-02 -8.965547149628572754e+01 -9.678290070050477034e-01 -2.235920590058733115e-01 -1.153845932052356416e-01 7.777023211922175960e+01 -1.172875055751700646e-01 -4.797227421876416875e-03 9.930864149936888818e-01 2.041342869335688448e+01
-2.219886307083704935e-01 9.748202436988276931e-01 -2.113150044794379068e-02 -8.888641779674262011e+01 -9.679797312080368199e-01 -2.229323830467357936e-01 -1.153966748200347808e-01 7.758767393270477442e+01 -1.172019104223139263e-01 -5.161885707975447102e-03 9.930946919248424543e-01 2.043774017282834876e+01
-2.212889721325643766e-01 9.749561901594696600e-01 -2.217246225039169044e-02 -8.812316375587514017e+01 -9.679630088312507485e-01 -2.223544539698927291e-01 -1.166452327962976820e-01 7.740502289001906888e+01 -1.186541375041967328e-01 -4.350180396569952590e-03 9.929261158735087633e-01 2.044388185572120520e+01
-2.209006084624847155e-01 9.750281419720355780e-01 -2.287014524361566381e-02 -8.732873820413047383e+01 -9.681462647547151024e-01 -2.220550911255090298e-01 -1.156907366504986157e-01 7.722197066075194982e+01 -1.178801561858364433e-01 -3.414508427563883730e-03 9.930219584227737428e-01 2.045558842354884277e+01
-2.200182181625340849e-01 9.752079976350446211e-01 -2.369272093345556329e-02 -8.655818791183463645e+01 -9.683257473643708257e-01 -2.212759872728806698e-01 -1.156813919679605396e-01 7.704747701721285580e+01 -1.180560488404407415e-01 -2.509742030368529442e-03 9.930037615876006196e-01 2.046178060721629777e+01
-2.197108587252674106e-01 9.752798348142492912e-01 -2.358775875101238456e-02 -8.579278299072586833e+01 -9.685570742874811678e-01 -2.209616877488758124e-01 -1.143377732634439370e-01 7.686398583959393704e+01 -1.167233156052377152e-01 -2.275159743566727844e-03 9.931618655799573370e-01 2.047223570653089908e+01
-2.191700555500537551e-01 9.753930172172262658e-01 -2.393634713279797765e-02 -8.501139525807302277e+01 -9.685485139124125897e-01 -2.204632509240509464e-01 -1.153678082918104114e-01 7.669412416543535471e+01 -1.178060395236307373e-01 -2.101655508040936593e-03 9.930344002580586693e-01 2.049467293691368042e+01
-2.186419902531564485e-01 9.755039408078300944e-01 -2.424338191202919657e-02 -8.423115012633546428e+01 -9.686955601753552969e-01 -2.199755930808771076e-01 -1.150636786534809664e-01 7.650753117363667855e+01 -1.175780242847012796e-01 -1.673295284828492380e-03 9.930622378724286436e-01 2.050943524686806896e+01
-2.180683143009942704e-01 9.756196653126536500e-01 -2.474831212727100077e-02 -8.346906129070893599e+01 -9.688760235843683066e-01 -2.194658970895944083e-01 -1.145162474848102352e-01 7.632654636515862023e+01 -1.171557135664563765e-01 -9.943188047928999684e-04 9.931130600837192457e-01 2.052420825758907696e+01
-2.177457841410592732e-01 9.756813262425338973e-01 -2.515398796225157968e-02 -8.271137023230230056e+01 -9.689731091890967374e-01 -2.191933005022368430e-01 -1.142165079283663370e-01 7.615315692938209224e+01 -1.169524995765788278e-01 -4.966251564276491504e-04 9.931373853632962101e-01 2.054434108694304228e+01
-2.176193452636643322e-01 9.757015352323438195e-01 -2.546241764368319116e-02 -8.192914522113920839e+01 -9.689332706838652554e-01 -2.191036902628111793e-01 -1.147252800174644732e-01 7.596194090274948962e+01 -1.175165415117445239e-01 -2.950567155786537610e-04 9.930708813637891819e-01 2.056772513020380799e+01
-2.179886556935295427e-01 9.756079759976669097e-01 -2.588480555585200016e-02 -8.115532454197027334e+01 -9.687989716467001466e-01 -2.195201064647582800e-01 -1.150629192833126369e-01 7.579957810956676667e+01 -1.179385370658157101e-01 -5.238090958176178091e-06 9.930208967828106914e-01 2.058432302163431871e+01
-2.178532550572560567e-01 9.756328514884591296e-01 -2.608636343871762603e-02 -8.038027118003060423e+01 -9.688333809944875696e-01 -2.194094097440812963e-01 -1.149843066968023464e-01 7.561728498894271411e+01 -1.179060606234833830e-01 2.236341937835659155e-04 9.930247282197955938e-01 2.058818464950610405e+01
-2.178728166738466143e-01 9.756207100907355878e-01 -2.637547718343784958e-02 -7.959396563963852600e+01 -9.687363624549715224e-01 -2.194632359055228576e-01 -1.156967940065217332e-01 7.543228544176569983e+01 -1.186646358950937952e-01 3.436974343630216921e-04 9.929343311921279280e-01 2.060600733495402892e+01
-2.178600974541604618e-01 9.756098950287888094e-01 -2.687583783214116812e-02 -7.881720793568176475e+01 -9.686513691262987891e-01 -2.195104854514167148e-01 -1.163171176853611544e-01 7.526276142845486561e+01 -1.193796591845133204e-01 6.924585180000872309e-04 9.928484363054566053e-01 2.061540581134531180e+01
-2.166815214974617820e-01 9.758516858248972303e-01 -2.761531303916492375e-02 -7.803421457324567712e+01 -9.688164745465385197e-01 -2.184296344098990428e-01 -1.169749266243595015e-01 7.507732713959195792e+01 -1.201821820768845805e-01 1.407865144082656728e-03 9.927508554652444417e-01 2.064010105621101232e+01
-2.146275287327472636e-01 9.762617631501818716e-01 -2.912033174556652448e-02 -7.726517687986655858e+01 -9.691880101509217083e-01 -2.165727321651553794e-01 -1.173492763600037236e-01 7.488739726457475854e+01 -1.208702812513082481e-01 3.036691195696536449e-03 9.926636659094618675e-01 2.064757517713725576e+01
-2.126427409975335525e-01 9.766659018074186349e-01 -3.011280371797415978e-02 -7.649788137051577053e+01 -9.696480981140145339e-01 -2.147206731400517210e-01 -1.169512648506092767e-01 7.471457963573968186e+01 -1.206881540372962552e-01 4.329985333052219221e-03 9.926810266657086768e-01 2.066630357489509606e+01
-2.111253048860262105e-01 9.769893604928892028e-01 -3.029678399562822644e-02 -7.571035469386842465e+01 -9.700198491481952789e-01 -2.132346077901445813e-01 -1.165868530285277260e-01 7.455874272052821539e+01 -1.203644378348302929e-01 4.774046949764500225e-03 9.927182936666507640e-01 2.070226549157718310e+01
-2.100613909493365128e-01 9.772375226099180301e-01 -2.968225792725227158e-02 -7.492803886208731967e+01 -9.703566737488581451e-01 -2.121010868780661696e-01 -1.158492755963334425e-01 7.438400879212113637e+01 -1.195078982472798368e-01 4.466917099405373626e-03 9.928232012338071844e-01 2.072401229954128965e+01
-2.088762526697154343e-01 9.775054575633991272e-01 -2.921971088883836692e-02 -7.414370364377289491e+01 -9.707066812229533381e-01 -2.108661306633505816e-01 -1.151695010329854552e-01 7.421302037855180345e+01 -1.187402631788279095e-01 4.307594785587579023e-03 9.929160057766144298e-01 2.073674684794660195e+01
-2.095763726889137146e-01 9.773575350302163844e-01 -2.915463479820725595e-02 -7.336212667795925313e+01 -9.704911625584555779e-01 -2.115559238976363332e-01 -1.157194644809373951e-01 7.405297285836672927e+01 -1.192671262607385707e-01 4.042249803860913093e-03 9.928539735580597103e-01 2.077790229486654638e+01
-2.112317358026549741e-01 9.769734670564788059e-01 -3.006656710435899604e-02 -7.259428383027884024e+01 -9.701534717902321470e-01 -2.133066866502608683e-01 -1.153364582586403064e-01 7.387480066559858471e+01 -1.190940593109372087e-01 4.806464181804838420e-03 9.928713425912302215e-01 2.079475632086600712e+01
-2.131961468475858101e-01 9.765376264440310816e-01 -3.035897080601666909e-02 -7.185732482650972486e+01 -9.696566353122357818e-01 -2.152945546219380279e-01 -1.158199652266184571e-01 7.370872578219868387e+01 -1.196386750356939893e-01 4.745407168968082678e-03 9.928061585961804880e-01 2.084486993715081482e+01
-2.146532773533971206e-01 9.762239410352049340e-01 -3.017925564255578147e-02 -7.108626036452174901e+01 -9.693083035398375458e-01 -2.167210333858360372e-01 -1.160750032388450925e-01 7.354612701754383863e+01 -1.198556765871695295e-01 4.337123224956558609e-03 9.927818522474931573e-01 2.084873161637604255e+01
-2.165050446802405659e-01 9.758216884568170491e-01 -2.995993934062415182e-02 -7.030119987159592654e+01 -9.689945427033926917e-01 -2.185302812991911647e-01 -1.153000102616627276e-01 7.336708370378852351e+01 -1.190594046644373460e-01 4.067983847456005386e-03 9.928787990829326393e-01 2.084471568399025188e+01
-2.176609909662670095e-01 9.755678648549508392e-01 -2.985019386763555771e-02 -6.954680406874001619e+01 -9.686285837890906691e-01 -2.196684751221453791e-01 -1.162085526295385807e-01 7.318475769803343667e+01 -1.199264761356870351e-01 3.619682287736680770e-03 9.927761773037325765e-01 2.087011385726471246e+01
-2.185402981774482445e-01 9.753667558029529561e-01 -2.999716231470191119e-02 -6.879120073924028134e+01 -9.684417814716806960e-01 -2.205586786659075038e-01 -1.160792193508644321e-01 7.300738403523062914e+01 -1.198359460782494196e-01 3.682518102001722249e-03 9.927868779793371790e-01 2.088148198789418331e+01
-2.206519985157375796e-01 9.748817647614080872e-01 -3.030247987696282896e-02 -6.804129237752560755e+01 -9.679507703669787411e-01 -2.226920659177873407e-01 -1.161014639151480565e-01 7.284176433520657667e+01 -1.199333218792154876e-01 3.713288697455859044e-03 9.927750046158826391e-01 2.090732917147351699e+01
-2.213643761074834959e-01 9.746917056737569585e-01 -3.120724084772009965e-02 -6.730791943557996149e+01 -9.677401012614896825e-01 -2.235088383877472662e-01 -1.162879855056493661e-01 7.265237771485692519e+01 -1.203200290930270394e-01 4.458481057810215198e-03 9.927251445116670459e-01 2.094844323377843409e+01
-2.226279739146557191e-01 9.743855739135115490e-01 -3.177323684946824212e-02 -6.656515753901062737e+01 -9.674685468575429104e-01 -2.248301549533906485e-01 -1.160000528663201191e-01 7.248425413599277078e+01 -1.201723598503837281e-01 4.914750540093791586e-03 9.927408771452490566e-01 2.096769590726044896e+01
-2.238011673161470760e-01 9.740847815651242358e-01 -3.273951482772551741e-02 -6.581979598373575868e+01 -9.669291275718311374e-01 -2.261221414077538849e-01 -1.179696546504645505e-01 7.230195720348821453e+01 -1.223155744830070613e-01 5.255044090840994830e-03 9.924773472228448634e-01 2.097733610627384238e+01
-2.246839102839779390e-01 9.738662433188702838e-01 -3.319157398335547543e-02 -6.507495081910238355e+01 -9.665849654692315607e-01 -2.270593215162162171e-01 -1.189855833344533875e-01 7.212156800088949637e+01 -1.234124993197444620e-01 5.348330261565989452e-03 9.923410453947106857e-01 2.098983184931514856e+01
-2.262869855478524261e-01 9.734886246622227457e-01 -3.337810397430635706e-02 -6.431894109678005123e+01 -9.664476200743337131e-01 -2.286624109419748141e-01 -1.170149540651086728e-01 7.196117746961431294e+01 -1.215450444251926498e-01 5.779227929148159082e-03 9.925690921544055856e-01 2.099266003472017061e+01
-2.268940504975422989e-01 9.733526016210007903e-01 -3.322352730292138512e-02 -6.358902750554140937e+01 -9.661826491156659813e-01 -2.292519360281337626e-01 -1.180450692540192109e-01 7.178286989438615251e+01 -1.225160332228091009e-01 5.316271718195930696e-03 9.924522955076308106e-01 2.103422030545982579e+01
-2.276214463577654890e-01 9.731817849703041645e-01 -3.325192565870018629e-02 -6.284228583109381105e+01 -9.660590711960481691e-01 -2.299753367468786447e-01 -1.176486950543391419e-01 7.160987975420303542e+01 -1.221406898532504948e-01 5.343958286951583370e-03 9.924984100702627376e-01 2.106259207905937458e+01
-2.293351029525529938e-01 9.727836848226895095e-01 -3.312571654367776203e-02 -6.210971865587342933e+01 -9.657571713524383261e-01 -2.316567955732729001e-01 -1.168255753080622572e-01 7.144042148001437909e+01 -1.213198109752843534e-01 5.199192967479199234e-03 9.925998548546177691e-01 2.109797401330447997e+01
-2.305030847986229148e-01 9.724951263908780952e-01 -3.348965578069008908e-02 -6.137683821266838180e+01 -9.654164388467512126e-01 -2.328627715332018955e-01 -1.172434613884000831e-01 7.128481354568857853e+01 -1.218171888642005790e-01 5.306484699502907187e-03 9.925383688892625011e-01 2.109974741437301660e+01
-2.312770386456972638e-01 9.723276765615084249e-01 -3.301243383597716324e-02 -6.064048802081190104e+01 -9.652111103288897320e-01 -2.335742779122180757e-01 -1.175183781178820996e-01 7.107698631536082701e+01 -1.219772269440003998e-01 4.684665439933420605e-03 9.925218435967884112e-01 2.109823024040012029e+01
-2.325586020442129698e-01 9.720614071664734901e-01 -3.182950380977907917e-02 -5.991194384128471739e+01 -9.650211687747534128e-01 -2.346999153155386875e-01 -1.168336148866751523e-01 7.089812996394991274e+01 -1.210398299397780486e-01 3.545482818216351417e-03 9.926413194702985443e-01 2.113490889527462002e+01
-2.331039617030765676e-01 9.719211606704853956e-01 -3.212165125374183416e-02 -5.919284729410062340e+01 -9.648214704758206750e-01 -2.352785079766526177e-01 -1.173181733285821593e-01 7.071433201163632987e+01 -1.215815493699835270e-01 3.644327814085968065e-03 9.925747557376107810e-01 2.116031711719705655e+01
-2.336597990417417225e-01 9.717662375166988831e-01 -3.276397311701149950e-02 -5.847013274848482922e+01 -9.645044229041426220e-01 -2.359138225643524489e-01 -1.186418413605535987e-01 7.053182744602764842e+01 -1.230216099314280637e-01 3.879168173020905441e-03 9.923964104853286727e-01 2.122041188382432253e+01
-2.344134073537571528e-01 9.715317395383094023e-01 -3.429917670247634859e-02 -5.775014907091265570e+01 -9.642715434744444369e-01 -2.368511099345311788e-01 -1.186673593208880384e-01 7.035453544649553237e+01 -1.234129040992621440e-01 5.256500018717566447e-03 9.923414857342907069e-01 2.120004587576140054e+01
-2.357808831992682652e-01 9.711603165398082771e-01 -3.542618658665205172e-02 -5.701577380581694143e+01 -9.639370685682359108e-01 -2.383459143198540797e-01 -1.183915240509581662e-01 7.017874238864281722e+01 -1.234208368058201943e-01 6.234156344846392139e-03 9.923348388204553672e-01 2.119450826018386635e+01
-2.362321819987627247e-01 9.710451166793678812e-01 -3.557720564148921655e-02 -5.629325787647916712e+01 -9.638980296060419839e-01 -2.388085319054513711e-01 -1.177755221204863645e-01 6.999134938301554598e+01 -1.228614858680034949e-01 6.470429840154390266e-03 9.924027351977573463e-01 2.119592739005659965e+01
-2.371484379896502404e-01 9.708091870120720834e-01 -3.591852964736716447e-02 -5.556593286102626905e+01 -9.636573452463883527e-01 -2.397602459133736374e-01 -1.178114825992863796e-01 6.981380422305554134e+01 -1.229843051439996338e-01 6.674345849469937031e-03 9.923861717072287592e-01 2.122574703278576536e+01
-2.377646658918901590e-01 9.706563062563010602e-01 -3.597636416026178674e-02 -5.483907530491408266e+01 -9.634349154951630245e-01 -2.403826949921443745e-01 -1.183609883075567304e-01 6.961824332687103833e+01 -1.235359350883207807e-01 6.518824524984902224e-03 9.923186875538858587e-01 2.127763003518263574e+01
-2.387590083957435994e-01 9.704120336684801673e-01 -3.598083964120955131e-02 -5.410137365094592354e+01 -9.631436646701875270e-01 -2.413724670056889288e-01 -1.187165252914258728e-01 6.943655717208385170e+01 -1.238887287672429671e-01 6.310077891175901177e-03 9.922760532238212861e-01 2.129163943568261885e+01
-2.395100113417218957e-01 9.702140967663958060e-01 -3.632576087097856565e-02 -5.336114938413816589e+01 -9.629013428185649870e-01 -2.421629307704047385e-01 -1.190719066736273812e-01 6.926647496340507359e+01 -1.243219950985869765e-01 6.459210203690425589e-03 9.922209028932273966e-01 2.131835172905782017e+01
-2.392558292561004496e-01 9.702540839584045118e-01 -3.692777720109672451e-02 -5.262069046809132544e+01 -9.629312929534762366e-01 -2.419863998811224715e-01 -1.191885368796872235e-01 6.906617839458880326e+01 -1.245791845290489808e-01 7.042360017179144505e-03 9.921846763317128115e-01 2.133243294282723213e+01
-2.380365305607348159e-01 9.705106187815164542e-01 -3.804929632630312669e-02 -5.187197088868757078e+01 -9.631965426815309872e-01 -2.409164044362324120e-01 -1.192128610505750197e-01 6.887828531857937264e+01 -1.248640472071701757e-01 8.271934830262443750e-03 9.921393777132371250e-01 2.133616792426667885e+01
-2.365101716295050505e-01 9.708491927149375256e-01 -3.892022251397258409e-02 -5.112419954352950668e+01 -9.635753269926631281e-01 -2.395083014900325491e-01 -1.189889185106864783e-01 6.868934470331014097e+01 -1.248420118660590883e-01 9.360476596556713269e-03 9.921324778229568819e-01 2.133473533236141861e+01
-2.348991474913031396e-01 9.712467734129058838e-01 -3.875687865242829350e-02 -5.036905595515693079e+01 -9.639968589456419101e-01 -2.378873992482417599e-01 -1.188260965522494605e-01 6.849997345271822269e+01 -1.246292359392285332e-01 9.449360503635644004e-03 9.921583861134655180e-01 2.136321185831852176e+01
-2.332733448765271778e-01 9.716580325592266698e-01 -3.826505368151441461e-02 -4.960331699508067516e+01 -9.643663835637238391e-01 -2.362155436870720937e-01 -1.191624738449361676e-01 6.830476482876430566e+01 -1.248239753506549254e-01 9.104102578143861979e-03 9.921371329074957224e-01 2.141578465499266315e+01
-2.311519676258777523e-01 9.721888108860765598e-01 -3.765214270929951451e-02 -4.883727888561364949e+01 -9.649071246582971995e-01 -2.340329696497349676e-01 -1.190916029809968718e-01 6.812153659251764282e+01 -1.245913666605450998e-01 8.802562402076788417e-03 9.921690915609169270e-01 2.143783881724762708e+01
-2.280886005307800612e-01 9.729214526348158865e-01 -3.740905386226731771e-02 -4.808363968688263412e+01 -9.656373565026775685e-01 -2.309629152502616911e-01 -1.191663858041409479e-01 6.793407117232351311e+01 -1.245796373185890371e-01 8.943085712448575753e-03 9.921693077209698952e-01 2.146009285006173428e+01
-2.239585371903209943e-01 9.738361455378188314e-01 -3.854523658787806922e-02 -4.731891793504481569e+01 -9.666048093246055739e-01 -2.270029314316346358e-01 -1.189319625331532737e-01 6.775961718973333348e+01 -1.245701256727085315e-01 1.062218270829861505e-02 9.921539462323359926e-01 2.146104381455756638e+01
-2.199521079343866869e-01 9.746920371723675203e-01 -3.995626218754711606e-02 -4.655123702645519757e+01 -9.674919654673048708e-01 -2.232019819167141428e-01 -1.189124552965848680e-01 6.758504498936167693e+01 -1.248213402084407675e-01 1.250231743441954785e-02 9.921004611869392864e-01 2.145379903157544987e+01
-2.156267264792952609e-01 9.756652353441317427e-01 -3.978018814314172175e-02 -4.579076274340025066e+01 -9.685079368098650221e-01 -2.188833659203706095e-01 -1.186694925398614625e-01 6.740877231800216407e+01 -1.244889198447890755e-01 1.293911373509297469e-02 9.921366277744351203e-01 2.147394199772067225e+01
-2.115473933530318540e-01 9.765847287366667961e-01 -3.911480491921860009e-02 -4.501531919155397077e+01 -9.694272016764567956e-01 -2.147516760992742579e-01 -1.187123340782537534e-01 6.725473125002267238e+01 -1.243326224902063515e-01 1.280567104384970623e-02 9.921579580761444861e-01 2.152877660460929476e+01
-2.070835731908635680e-01 9.775501189825176462e-01 -3.888648340708857065e-02 -4.424807368513832984e+01 -9.703860056996719274e-01 -2.102940770325194553e-01 -1.188587443450296183e-01 6.708618713996929728e+01 -1.243679768137304215e-01 1.312120582516317080e-02 9.921494042234532129e-01 2.157350778020643389e+01
-2.022651720699712996e-01 9.784886488636582724e-01 -4.060497768103609600e-02 -4.349193589586676723e+01 -9.714089499040136078e-01 -2.057195155869251391e-01 -1.185079446833106898e-01 6.692340836044337493e+01 -1.243119150117424632e-01 1.547400890698270165e-02 9.921225241039838272e-01 2.160913869647325924e+01
-1.975507915036813777e-01 9.793469298380161892e-01 -4.304968981445527615e-02 -4.272271726615039711e+01 -9.723910303215526074e-01 -2.013339735744414938e-01 -1.179843855555281762e-01 6.676108272237375729e+01 -1.242150108741227332e-01 1.855322348213131467e-02 9.920818559836499517e-01 2.161228198119902544e+01
-1.927444570669305524e-01 9.802372702996717813e-01 -4.454737012913575350e-02 -4.195730422171365603e+01 -9.734175778586102723e-01 -1.967332760717976914e-01 -1.172784600936336435e-01 6.660159569891287390e+01 -1.237246676530202594e-01 2.075842001468124198e-02 9.920994378652997492e-01 2.159639115079250615e+01
-1.874592115544277959e-01 9.813088624698796947e-01 -4.349667161361665813e-02 -4.116999431308708779e+01 -9.744678002795396088e-01 -1.913583520701800378e-01 -1.174499353398721219e-01 6.646464581616535838e+01 -1.235781138460503165e-01 2.036903363087154417e-02 9.921257744092716324e-01 2.162133480052960266e+01
-1.826976375180544565e-01 9.823361183749892422e-01 -4.046385771624943367e-02 -4.040304699477156447e+01 -9.753290832202659022e-01 -1.862743828738371299e-01 -1.184695476048043539e-01 6.633566693913859069e+01 -1.239142956645336024e-01 1.782147078471441742e-02 9.921328754300162700e-01 2.167232691227243890e+01
-1.772145700627916209e-01 9.833714645322423342e-01 -3.969331053431080641e-02 -3.962879994059748157e+01 -9.763956953652567217e-01 -1.807313411153956828e-01 -1.182693046011007720e-01 6.618014517197461544e+01 -1.234764845209701534e-01 1.779733357398807780e-02 9.921878918269456671e-01 2.171039422166003874e+01
-1.724805405705245320e-01 9.842082917547751997e-01 -3.980579814106194325e-02 -3.887534393099355157e+01 -9.773117772700636863e-01 -1.760356644777687496e-01 -1.177842724692051285e-01 6.603631473811138619e+01 -1.229314977283251509e-01 1.858718034070021285e-02 9.922410813876096913e-01 2.176922493913697920e+01
-1.678921915185076497e-01 9.849598649243770376e-01 -4.082005040744015462e-02 -3.811907545050046053e+01 -9.782154208453527344e-01 -1.715850815784840666e-01 -1.168466952894029048e-01 6.592083370008869281e+01 -1.220934168883085480e-01 2.031315504440943387e-02 9.923107241608746243e-01 2.179842964934309535e+01
-1.634801802454615149e-01 9.856188292984671140e-01 -4.277562389060524106e-02 -3.735158126179380389e+01 -9.790541359483904138e-01 -1.674196434414656487e-01 -1.158605276713484122e-01 6.579858480615482108e+01 -1.213557973450884453e-01 2.293875154082352513e-02 9.923439847797165259e-01 2.181878424826745899e+01
-1.588702152952419233e-01 9.863239720614939143e-01 -4.387797658143728630e-02 -3.658468944900251074e+01 -9.799093697687152327e-01 -1.629527412603801739e-01 -1.149957875541845476e-01 6.567232250452032360e+01 -1.205731385156869478e-01 2.472703485186347749e-02 9.923964389375405926e-01 2.183637556185446016e+01
-1.542645874091115310e-01 9.870540327276388082e-01 -4.389502873449523113e-02 -3.583695916456544950e+01 -9.807021677585306962e-01 -1.583699710219903523e-01 -1.146394802509714816e-01 6.554505776913903503e+01 -1.201070157202133309e-01 2.536313771203138612e-02 9.924369078284951406e-01 2.187192183113316801e+01
-1.499358938222616899e-01 9.876951990917274271e-01 -4.446820701211846166e-02 -3.504041616829329797e+01 -9.814264073687543055e-01 -1.541268806078981424e-01 -1.142239536758334062e-01 6.540921856648803612e+01 -1.196721966999005904e-01 2.651600205973479035e-02 9.924593024259424912e-01 2.190832821020413945e+01
-1.464262803042599703e-01 9.882227818287139254e-01 -4.444184864490734882e-02 -3.427174565288628827e+01 -9.820031296432303325e-01 -1.506284794174597153e-01 -1.139338165747350862e-01 6.528551152599190743e+01 -1.192862012437303776e-01 2.695912949452351076e-02 9.924938324895211661e-01 2.193974106679429781e+01
-1.448230671500836397e-01 9.885050588251994563e-01 -4.340539019788691028e-02 -3.348457258899264843e+01 -9.823885450017132426e-01 -1.488843659396035246e-01 -1.128990355502585280e-01 6.517431449766243645e+01 -1.180636517758900939e-01 2.629057351505893758e-02 9.926579369921899598e-01 2.199857278589814058e+01
-1.454779026435779610e-01 9.884815237124415788e-01 -4.171878619465797799e-02 -3.271805775046419740e+01 -9.826732557684687563e-01 -1.492607300595967246e-01 -1.098840609891800768e-01 6.505730556069025283e+01 -1.148453405229104413e-01 2.501023272994826879e-02 9.930684951296011587e-01 2.209426161931040156e+01
-1.474700678499665241e-01 9.882204372766352218e-01 -4.090166790123073159e-02 -3.193136462373460915e+01 -9.825215288143891446e-01 -1.511184434878967142e-01 -1.086952687748246049e-01 6.495343088191816605e+01 -1.135958824278513746e-01 2.415747061618193220e-02 9.932333019532048057e-01 2.213245761481767460e+01
-1.502079948195176318e-01 9.878015349030617731e-01 -4.105710578517900167e-02 -3.115316560200854923e+01 -9.821237960382933618e-01 -1.538524191061787505e-01 -1.084540565885393909e-01 6.482141198809766536e+01 -1.134478186111707726e-01 2.403249421787879980e-02 9.932532565635183719e-01 2.214593118245972647e+01
-1.537355781911211583e-01 9.872532102881206306e-01 -4.118823586950583898e-02 -3.039248074670964073e+01 -9.816249681161532958e-01 -1.573621236325746242e-01 -1.079332387024858064e-01 6.470478482039362689e+01 -1.130389046709279199e-01 2.383822186419732453e-02 9.933045581336824581e-01 2.216823221552720469e+01
-1.575475695812533772e-01 9.866787675671289115e-01 -4.054346989653805772e-02 -2.960559712159037815e+01 -9.810485089185538854e-01 -1.610739881535006024e-01 -1.076986234313512536e-01 6.458266596918564062e+01 -1.127944434257387440e-01 2.280745431952691665e-02 9.933565490596719672e-01 2.218848861639014558e+01
-1.613708211644369062e-01 9.860647752409564815e-01 -4.044399962562131995e-02 -2.883035969569005275e+01 -9.804785531017842226e-01 -1.648522891761468046e-01 -1.071705634062621593e-01 6.445310914195977148e+01 -1.123444034393654700e-01 2.236027241305441754e-02 9.934177133680811567e-01 2.221550298077044161e+01
-1.652864545558503373e-01 9.854415010493784433e-01 -3.981753319712508926e-02 -2.807004134680731866e+01 -9.798353579529197610e-01 -1.686738664974316571e-01 -1.071064800377631715e-01 6.431630582495549220e+01 -1.122633477392775969e-01 2.131137654760849320e-02 9.934499312919680136e-01 2.223844572083942595e+01
-1.686399826172768623e-01 9.849046458833774498e-01 -3.903069023452929165e-02 -2.729083643404316462e+01 -9.793698312885892321e-01 -1.719019941447570421e-01 -1.062282352805334618e-01 6.416229813548306993e+01 -1.113341359359517613e-01 2.031115275889497362e-02 9.935754461785978320e-01 2.229522888792616087e+01
-1.725899700932873593e-01 9.842011724192794020e-01 -3.950638469557311155e-02 -2.654181854039406119e+01 -9.787102226303194819e-01 -1.758741262574670117e-01 -1.058044981656436345e-01 6.402575650993867384e+01 -1.110810620317852215e-01 2.040450738657970803e-02 9.936018587624531051e-01 2.231952192731084139e+01
-1.761647019346808118e-01 9.835502549153567475e-01 -3.993612209769794447e-02 -2.577094302958399652e+01 -9.781174338687603775e-01 -1.794653739398037740e-01 -1.052542878871829402e-01 6.388997829426778452e+01 -1.106900327683421059e-01 2.052012701187714422e-02 9.936431155264749959e-01 2.235379231409677203e+01
-1.800397705930574244e-01 9.828237470184104652e-01 -4.053595072883964257e-02 -2.501048795118020962e+01 -9.774309634597251328e-01 -1.833778819751268330e-01 -1.048869108731414340e-01 6.374419380589987583e+01 -1.105187435460296130e-01 2.073727800383083630e-02 9.936576737619444710e-01 2.237246927239581140e+01
-1.850161283390019396e-01 9.818697675303313943e-01 -4.124065790429207179e-02 -2.422549641778672225e+01 -9.765215011758234809e-01 -1.883960476548494078e-01 -1.044638069828378174e-01 6.360880922796350490e+01 -1.103394308294267379e-01 2.094490004666042793e-02 9.936732466793465335e-01 2.239942712569967043e+01
-1.902685414415097309e-01 9.808632023849459536e-01 -4.129479803642504415e-02 -2.344453928924887265e+01 -9.755911690737961717e-01 -1.936084291931190471e-01 -1.036226180454677404e-01 6.345512529890588382e+01 -1.096346339572689121e-01 2.057071589716040483e-02 9.937590717495533577e-01 2.242940453780682830e+01
-1.956856533326143399e-01 9.798040585573537520e-01 -4.112337430617524908e-02 -2.267226742874564849e+01 -9.746010093272352570e-01 -1.989610315689653852e-01 -1.027977652254551122e-01 6.328870903684569527e+01 -1.089036165520802235e-01 1.996283425646420279e-02 9.938518438632221175e-01 2.247074891397003427e+01
-2.017134938083096074e-01 9.785931265138116952e-01 -4.083086033342683135e-02 -2.191473726857274684e+01 -9.734694681368154523e-01 -2.049063835901216990e-01 -1.018359885769429818e-01 6.313651564795320326e+01 -1.080225023829312903e-01 1.920590284107132756e-02 9.939629129273329644e-01 2.251184690943323830e+01
-2.067640940303518970e-01 9.775605434344867284e-01 -4.029880072507061733e-02 -2.114997923671401736e+01 -9.724921629285563363e-01 -2.098591793993911381e-01 -1.010847063820854985e-01 6.296558348456596121e+01 -1.072734937547299428e-01 1.828958014513475810e-02 9.940613103806870132e-01 2.254691406444364432e+01
-2.116392715570432070e-01 9.765051341421787656e-01 -4.057760131858223485e-02 -2.038178523934561781e+01 -9.714894964652770470e-01 -2.147283219641633600e-01 -1.004982885630257838e-01 6.279730770937295858e+01 -1.068502549947668578e-01 1.815132888854991550e-02 9.941094267067046575e-01 2.256850411012671742e+01
-2.163237454349131728e-01 9.754677607633788217e-01 -4.082505201823079244e-02 -1.962324857938576628e+01 -9.704108918630305336e-01 -2.194203054207930492e-01 -1.007840787160578511e-01 6.262512371742754880e+01 -1.072694649684129836e-01 1.781508575130122396e-02 9.940703619991213547e-01 2.259899558657951246e+01
-2.194860166761936071e-01 9.747535243967619945e-01 -4.100555035246603724e-02 -1.883264223833979401e+01 -9.697311489481907909e-01 -2.225787230603870626e-01 -1.004002529898655460e-01 6.242391732613860000e+01 -1.069924634880383141e-01 1.772790785452208612e-02 9.941017724759685370e-01 2.261163276153012092e+01
-2.228769615147438987e-01 9.739823631323544229e-01 -4.103920482988750867e-02 -1.808698372935657162e+01 -9.689061742905654695e-01 -2.259628349783728840e-01 -1.008048740396851328e-01 6.227229116369574768e+01 -1.074555045010513743e-01 1.729605491581167470e-02 9.940594353642913106e-01 2.265905053063707442e+01
-2.251738988760396687e-01 9.734552114019611180e-01 -4.100812918588673389e-02 -1.731876766597228112e+01 -9.683226010968081221e-01 -2.282521051469244000e-01 -1.012537243814238541e-01 6.208275319115492152e+01 -1.079261574877705410e-01 1.690940242470666960e-02 9.940150987985868491e-01 2.269593468457666319e+01
-2.263503273012696937e-01 9.731498337946792310e-01 -4.177236306455531234e-02 -1.655269136022401710e+01 -9.678777045238150523e-01 -2.295286864201453447e-01 -1.026125294296649781e-01 6.189206745482206173e+01 -1.094453215826028392e-01 1.720415925384139594e-02 9.938439205871559823e-01 2.272999123005981659e+01
-2.275451336969849248e-01 9.728467752083252984e-01 -4.233632125709340527e-02 -1.579817760827557827e+01 -9.675619328755317161e-01 -2.307817942779895048e-01 -1.027797133679468344e-01 6.170220380965977114e+01 -1.097593648896844631e-01 1.757598920670553483e-02 9.938027804461099235e-01 2.276506697831071691e+01
-2.286114409597674868e-01 9.725642215717662520e-01 -4.307718631484324517e-02 -1.503335950588778758e+01 -9.672815318971628162e-01 -2.319249719027089984e-01 -1.028457362198650638e-01 6.153015345613476228e+01 -1.100147586143660206e-01 1.815605481464959564e-02 9.937641121315411441e-01 2.278115490641386032e+01
-2.289304007229928661e-01 9.724722221940835798e-01 -4.345858586874330048e-02 -1.427214680224727594e+01 -9.671997143640409522e-01 -2.322834749814537414e-01 -1.028061271746871924e-01 6.135495395930158224e+01 -1.100708142921072163e-01 1.849768394803356919e-02 9.937516045419152455e-01 2.280785355745380372e+01
-2.291416543416933127e-01 9.724111435358600009e-01 -4.371121335347714215e-02 -1.350616775321081597e+01 -9.671290791460329661e-01 -2.325237062367966345e-01 -1.029275002516356896e-01 6.116016773145690166e+01 -1.102517415540384405e-01 1.868940783398927857e-02 9.937279605199383914e-01 2.284764683490005410e+01
-2.293386285576408667e-01 9.723472836961740695e-01 -4.409708992634719937e-02 -1.274247250606723192e+01 -9.670623196490407691e-01 -2.327638273005347980e-01 -1.030119925805883380e-01 6.097158814585928610e+01 -1.104276385979379438e-01 1.902000497052364070e-02 9.937021566065983302e-01 2.286681070257910520e+01
-2.295287138445170072e-01 9.722892781873240242e-01 -4.438613570535430292e-02 -1.197430705944011642e+01 -9.670605852975309169e-01 -2.329758104903894012e-01 -1.025480184613198481e-01 6.078192688271904842e+01 -1.100472347897883951e-01 1.938636758958502126e-02 9.937372765810904562e-01 2.287407402763340158e+01
-2.298528399709802716e-01 9.721660373202789529e-01 -4.539678224567700315e-02 -1.122082421247422879e+01 -9.668107245330865851e-01 -2.334360551908303272e-01 -1.038490783047797128e-01 6.058655257986889353e+01 -1.115557927007089778e-01 2.002009035769143630e-02 9.935564911453129699e-01 2.287712324843985812e+01
-2.294028699800900739e-01 9.722671556316005992e-01 -4.550715685400358312e-02 -1.045305627858114050e+01 -9.669243776582293615e-01 -2.329993162663268613e-01 -1.037717038005552678e-01 6.040707059249015742e+01 -1.114969557214181561e-01 2.019645264548164398e-02 9.935595262315162213e-01 2.295161513913190632e+01
-2.298503194321404042e-01 9.721287256221834427e-01 -4.620142289078503495e-02 -9.688186502591129567e+00 -9.668503670205043088e-01 -2.335121047673165418e-01 -1.033076217878160785e-01 6.023075325574558292e+01 -1.112168982181202109e-01 2.092457281112078404e-02 9.935758470310217527e-01 2.298959613441785521e+01
-2.290589364397148664e-01 9.722457625567411110e-01 -4.764641463496917251e-02 -8.947652826104288692e+00 -9.669074054315813793e-01 -2.329048367075494674e-01 -1.041412807670279439e-01 6.005472390531416238e+01 -1.123479993532324611e-01 2.221518014085020060e-02 9.934205619034849333e-01 2.304458233079396479e+01
-2.286564996603117628e-01 9.722781622496754483e-01 -4.890174204962397658e-02 -8.181997232777494133e+00 -9.670498106476084210e-01 -2.326291739564672056e-01 -1.034327373260367083e-01 5.986083015131603702e+01 -1.119413636218486163e-01 2.363985272217104805e-02 9.934335853361084823e-01 2.305128866894926531e+01
-2.289548821469400419e-01 9.721675574400692188e-01 -4.969811064910345522e-02 -7.407297386856407151e+00 -9.669676807169296229e-01 -2.330129303707308974e-01 -1.033367249769759910e-01 5.968472631102642367e+01 -1.120409139109593555e-01 2.439701910182261874e-02 9.934040562978099231e-01 2.307682206750368081e+01
-2.283885290822371683e-01 9.722852713629271948e-01 -5.000030874275832038e-02 -6.623038597451808229e+00 -9.671842110877068022e-01 -2.324636940147635222e-01 -1.025442967095704094e-01 5.949497934689192391e+01 -1.113255658252054747e-01 2.493956807423519662e-02 9.934710042764048898e-01 2.309210000628957005e+01
-2.272542655797800126e-01 9.725285718144376368e-01 -5.043486671307574609e-02 -5.875133659989331569e+00 -9.674576783855937112e-01 -2.313804930576917052e-01 -1.024143933494561926e-01 5.930979092546484566e+01 -1.112705680247590562e-01 2.551949131448978669e-02 9.934624382705654622e-01 2.312313229820829719e+01
-2.270363214971888866e-01 9.725349122638119459e-01 -5.128696860846150563e-02 -5.107559135895896496e+00 -9.674714923873412031e-01 -2.312623240431443961e-01 -1.025507137760396231e-01 5.913223338226542580e+01 -1.115948929782925453e-01 2.633594323702785622e-02 9.934047503183077721e-01 2.316947809132038572e+01
-2.264509025163414790e-01 9.726229162255668470e-01 -5.219819520259340317e-02 -4.353978998603718509e+00 -9.676303885893735579e-01 -2.307710499770336821e-01 -1.021574939535764837e-01 5.895045549489606884e+01 -1.114065519972319424e-01 2.737490320295431906e-02 9.933978029202182869e-01 2.320960449361815137e+01
-2.266845688919643109e-01 9.725160422675283023e-01 -5.316628403948618631e-02 -3.591110363309719666e+00 -9.675691089340849871e-01 -2.311065688005184970e-01 -1.019792787469695622e-01 5.876576192660959208e+01 -1.114635620405393240e-01 2.832492523475184376e-02 9.933647733575419192e-01 2.324363937008219239e+01
-2.260573880489040732e-01 9.726220043514313129e-01 -5.389335728929445235e-02 -2.835943731757845754e+00 -9.677031658238288703e-01 -2.305626029718845782e-01 -1.019385548522654117e-01 5.856390153607101468e+01 -1.115734742806122337e-01 2.910880901434190898e-02 9.933297725703785774e-01 2.327893476462806888e+01
-2.257305158524942623e-01 9.726785419564765167e-01 -5.424194161707447670e-02 -2.047163695171577036e+00 -9.677781889893759537e-01 -2.302745365887803874e-01 -1.018774494933316621e-01 5.836428702180947425e+01 -1.115845470009659141e-01 2.949731879757363368e-02 9.933170677353447831e-01 2.331319811190292057e+01
-2.254861872622202501e-01 9.727072032929897638e-01 -5.474190365594859553e-02 -1.274023625590440245e+00 -9.678480726078975138e-01 -2.300805188156147540e-01 -1.016516758873926840e-01 5.818620819721956394e+01 -1.114723629565862323e-01 3.006079711963392104e-02 9.933127708699850400e-01 2.334671426040334197e+01
-2.245534741158232706e-01 9.728940912447635592e-01 -5.525237084089891504e-02 -5.082939818604650384e-01 -9.680862840999918673e-01 -2.292007856886382200e-01 -1.013703426904587063e-01 5.799114357630163852e+01 -1.112864942388980954e-01 3.072599975162652874e-02 9.933132583124413273e-01 2.338065802906190527e+01
-2.236443164364980696e-01 9.730824924660992359e-01 -5.562088260371333970e-02 2.722307037952958475e-01 -9.682922961307296461e-01 -2.283366573354925766e-01 -1.013528498402178069e-01 5.780115568188238484e+01 -1.113249701528431501e-01 3.119028330776080216e-02 9.932944766018032556e-01 2.342615993769751981e+01
-2.223755988957789587e-01 9.733554191792439525e-01 -5.593139521004355380e-02 1.045846550011632736e+00 -9.685713463522314104e-01 -2.271115551198528149e-01 -1.014390879122440692e-01 5.761182129249547756e+01 -1.114389520821585655e-01 3.161596883602380698e-02 9.932682369196097483e-01 2.347268984028210070e+01
-2.195359946441151067e-01 9.739545788673455995e-01 -5.671353770442247311e-02 1.806124839504824164e+00 -9.692380013749688494e-01 -2.243647888548627733e-01 -1.011836855069484786e-01 5.742363729358128666e+01 -1.112728347184309685e-01 3.275545489601311422e-02 9.932499365357543297e-01 2.350660348383819809e+01
-2.175823690088092288e-01 9.743388259365460824e-01 -5.763475487158311455e-02 2.574548306310952661e+00 -9.696907466012908428e-01 -2.225147281676440603e-01 -1.009309254109505560e-01 5.724010982989181429e+01 -1.111655011788537650e-01 3.392709862444176494e-02 9.932226252591015436e-01 2.354117072266492983e+01
-2.163322082368817068e-01 9.745603048449571482e-01 -5.858829149120538260e-02 3.372794118073334069e+00 -9.699883158397168970e-01 -2.213650988858368862e-01 -1.005990066039087472e-01 5.706974649325657367e+01 -1.110092014825081047e-01 3.506715294642048092e-02 9.932005094493498998e-01 2.356661772547171907e+01
-2.145723401049006718e-01 9.749610716696079926e-01 -5.839194799590477492e-02 4.145563636580933853e+00 -9.704404463459617158e-01 -2.195760668696600248e-01 -1.001583294284672104e-01 5.687889963192608889e+01 -1.104719464740145096e-01 3.517470094969225858e-02 9.932566080602445169e-01 2.361539696496646812e+01
-2.137909656804801717e-01 9.750737838747191022e-01 -5.936782793437232753e-02 4.931507349224558467e+00 -9.706281214264699253e-01 -2.188944912715877766e-01 -9.983111532520599907e-02 5.669863507813817449e+01 -1.103379938621756734e-01 3.628109275077453372e-02 9.932316997656086555e-01 2.365523221722849101e+01
-2.138922681358337297e-01 9.749931554004576117e-01 -6.031952050512350005e-02 5.695493691269912340e+00 -9.706335683191336106e-01 -2.190831369257517647e-01 -9.936324857228873153e-02 5.653714824496382363e+01 -1.100934770264554302e-01 3.729512082071568396e-02 9.932212745804398502e-01 2.369198116345360816e+01
-2.144432184429720945e-01 9.747906379757329542e-01 -6.162238374716909328e-02 6.446157112534639744e+00 -9.705438611459487053e-01 -2.197522028264462524e-01 -9.876022957060051621e-02 5.636903994967401132e+01 -1.098122017616125351e-01 3.862876477170846395e-02 9.932014392239264522e-01 2.373497723757709110e+01
-2.150503347970871282e-01 9.746107481670315265e-01 -6.234775906927386702e-02 7.208688720039514664e+00 -9.704751354025819010e-01 -2.204055530189010792e-01 -9.797654700882824086e-02 5.618920789101608904e+01 -1.092307881002489156e-01 3.943706068829005290e-02 9.932337857600629372e-01 2.378272819977909691e+01
-2.153437385111243163e-01 9.745506130493726271e-01 -6.227501014969896720e-02 7.974804013127140045e+00 -9.705672651886287916e-01 -2.206327147719016057e-01 -9.654216134232301849e-02 5.599948594095027943e+01 -1.078251270730481159e-01 3.965233634318745398e-02 9.933787969320705402e-01 2.383554516751939190e+01
-2.159738901921905985e-01 9.744487490136314323e-01 -6.168398739559732835e-02 8.766736014378777142e+00 -9.707051511934662313e-01 -2.210982334796431914e-01 -9.405892088819135799e-02 5.583340830883389572e+01 -1.052938184402173460e-01 3.956269325955698302e-02 9.936538658407809699e-01 2.389622533305124463e+01
-2.163104212831179485e-01 9.744983650060192737e-01 -5.968867769448131522e-02 9.554877824665656050e+00 -9.711141232678013324e-01 -2.210613070577112094e-01 -8.982904937572341875e-02 5.568408315490525951e+01 -1.007331188543758999e-01 3.853355839436586883e-02 9.941669898177760700e-01 2.398172262611857164e+01
-2.165328331886018365e-01 9.745231770125003523e-01 -5.846460139930620414e-02 1.033484454424934285e+01 -9.714839472934803100e-01 -2.210092114543236175e-01 -8.587123268834567780e-02 5.551093599307220927e+01 -9.660472194667832357e-02 3.820348044093274664e-02 9.945893734500707017e-01 2.403679272031760306e+01
-2.158685615410278480e-01 9.745781325287630192e-01 -5.998522930652373103e-02 1.108227394968042567e+01 -9.715818006408609708e-01 -2.205022989704295000e-01 -8.606707159080954905e-02 5.531876119253276869e+01 -9.710596686954739432e-02 3.970138216113054674e-02 9.944818909627395342e-01 2.405697334834171386e+01
-2.155653456853579009e-01 9.744985430908451596e-01 -6.232311973395349147e-02 1.184294445526464301e+01 -9.714864889394433378e-01 -2.204760291882221779e-01 -8.720276579046920551e-02 5.513217629932618991e+01 -9.871972218186858550e-02 4.174817441774922311e-02 9.942391595512217739e-01 2.408664120689268628e+01
-2.162715938622525869e-01 9.742504856950583436e-01 -6.373844060865864469e-02 1.259137144962961585e+01 -9.713842416027930193e-01 -2.212811821805160672e-01 -8.629770320558789731e-02 5.498837921684047814e+01 -9.817969675063863144e-02 4.325077497266240079e-02 9.942284031399508670e-01 2.413337889372540701e+01
-2.155727508015654603e-01 9.743892379983178920e-01 -6.398438860303440334e-02 1.336315938570913708e+01 -9.716778204138449837e-01 -2.205455605502848471e-01 -8.486382643600715037e-02 5.480499414030550298e+01 -9.680187202552595349e-02 4.387788274995225307e-02 9.943360241778104180e-01 2.419668521703379582e+01
-2.155067025619856746e-01 9.743856406785375013e-01 -6.426106434176229176e-02 1.414306916730750352e+01 -9.717014265960427499e-01 -2.204998304293921407e-01 -8.471223248046744203e-02 5.461501780716496057e+01 -9.671193670936031883e-02 4.418651400694064563e-02 9.943311084733490457e-01 2.425840417280630490e+01
-2.174023205070729770e-01 9.739504287990520259e-01 -6.447319815460680892e-02 1.493988797339668295e+01 -9.712994540324565440e-01 -2.223954167104003066e-01 -8.436616159610307863e-02 5.443410629175429705e+01 -9.650700303290066229e-02 4.428138286402849566e-02 9.943467994101741203e-01 2.429607486294342422e+01
-2.194606359377748728e-01 9.735089567273621514e-01 -6.416650563488114634e-02 1.569847798599471034e+01 -9.708800894515227098e-01 -2.243974521238940589e-01 -8.389061560692386010e-02 5.425054604679688453e+01 -9.606706605487337625e-02 4.388729488027810766e-02 9.944068705352453463e-01 2.435417664421817818e+01
-2.210239147589045938e-01 9.731860420222335772e-01 -6.369738391604903849e-02 1.645427799920389234e+01 -9.705489815946779508e-01 -2.259022571982995942e-01 -8.368300017475058250e-02 5.406562451156546700e+01 -9.582851052887347842e-02 4.332548679257314239e-02 9.944545232256747358e-01 2.440626109886942885e+01
-2.225401702269809157e-01 9.728253606707444323e-01 -6.392722636860040386e-02 1.722299224280965291e+01 -9.702151842804929149e-01 -2.274253633043303857e-01 -8.342781501071593053e-02 5.387300218613071934e+01 -9.569936690968899873e-02 4.345712555760262996e-02 9.944612156395821190e-01 2.447007332119621026e+01
-2.247587111678892580e-01 9.723197623898094388e-01 -6.385766532197978407e-02 1.798565848376809839e+01 -9.697291890035424355e-01 -2.296160114682876952e-01 -8.307699604539944827e-02 5.370604341563563366e+01 -9.544014746783172076e-02 4.325236344547927353e-02 9.944950534355103677e-01 2.452968642601816995e+01
-2.260647854458099903e-01 9.719336540267623503e-01 -6.511286318022088682e-02 1.873453684330349134e+01 -9.693650636548999389e-01 -2.310510503075084987e-01 -8.334737858582753900e-02 5.350857863635206968e+01 -9.605251764879438325e-02 4.427622750397182394e-02 9.943910345187875199e-01 2.457822984566499613e+01
-2.275542020008174404e-01 9.715301037259924666e-01 -6.594196468056812144e-02 1.947213410885776952e+01 -9.689517278719521620e-01 -2.326346119515165789e-01 -8.374775445422677489e-02 5.333517761143139069e+01 -9.670384793651848332e-02 4.483742718231572416e-02 9.943027561653147162e-01 2.462903375572624398e+01
-2.291268862326123479e-01 9.711153725085636124e-01 -6.660182642316724022e-02 2.021783254728251578e+01 -9.685966813700263023e-01 -2.342492241053846236e-01 -8.335328334863281730e-02 5.315020041587619914e+01 -9.654708097254781352e-02 4.541182977572541524e-02 9.942919223608833734e-01 2.467078913483569380e+01
-2.295881909471977345e-01 9.710278812764334688e-01 -6.628813137654704368e-02 2.096195830861653420e+01 -9.684172547302047906e-01 -2.347139582889528064e-01 -8.412715688257806079e-02 5.294053014532625667e+01 -9.724856460846734163e-02 4.487996845066864748e-02 9.942477081258270788e-01 2.472888668163693282e+01
-2.297582444647643385e-01 9.709924639773694910e-01 -6.621770155801962043e-02 2.169453779815763284e+01 -9.682966618027510908e-01 -2.349138268471935298e-01 -8.495333246939719418e-02 5.274512467184718645e+01 -9.804449929556838250e-02 4.459965084128107715e-02 9.941821499618251901e-01 2.479834883583107441e+01
-2.289497134396036859e-01 9.711597902705644270e-01 -6.656343198451017407e-02 2.244502682657340031e+01 -9.684561158017377380e-01 -2.341541719563113855e-01 -8.523247926503893512e-02 5.255802665352290148e+01 -9.836046198617867664e-02 4.494981109067425901e-02 9.941351688783462981e-01 2.484199883106739648e+01
-2.276504771997456267e-01 9.714194310188025705e-01 -6.722759306887310382e-02 2.317494969179029596e+01 -9.687393851991278337e-01 -2.329302686019909530e-01 -8.536681751723215750e-02 5.239810811631490850e+01 -9.858632661147356813e-02 4.569222043313578285e-02 9.940789491771494513e-01 2.490040860710189463e+01
-2.262340417991464125e-01 9.716569526887124386e-01 -6.856328917800713629e-02 2.389654375828173016e+01 -9.690828177509405172e-01 -2.316325204497222678e-01 -8.499922240824393793e-02 5.223286274987543720e+01 -9.847157290872940449e-02 4.721378783569414594e-02 9.940192189123341349e-01 2.493225116927062146e+01
-2.249967862768995630e-01 9.719110525379809351e-01 -6.903152989454536259e-02 2.460429571469635590e+01 -9.694343516674096550e-01 -2.304114429314381152e-01 -8.430661168284524221e-02 5.206290175363925243e+01 -9.784418210735185140e-02 4.795281973739327908e-02 9.940457952765437977e-01 2.497494271135670374e+01
-2.236925657707129478e-01 9.721858643261074295e-01 -6.939943244303016512e-02 2.533419582107901746e+01 -9.697419448271005216e-01 -2.291427639527328086e-01 -8.422680197570596439e-02 5.188407679214133594e+01 -9.778648404492247537e-02 4.845863114659364201e-02 9.940269436013947635e-01 2.503163379406828781e+01
-2.224271838438447446e-01 9.724911291464232166e-01 -6.918924496489035902e-02 2.605158876342779095e+01 -9.700032053101869112e-01 -2.278801798448746307e-01 -8.464281021936508054e-02 5.171230295947048461e+01 -9.808123967028702095e-02 4.828692747921296824e-02 9.940062590644773710e-01 2.509476875275466412e+01
-2.207328695034562749e-01 9.728665560790554778e-01 -6.933732316471501178e-02 2.676230083414851180e+01 -9.703831018785415985e-01 -2.262107882702364403e-01 -8.476623654933736207e-02 5.153196875955528355e+01 -9.815108715317470700e-02 4.857307209798701619e-02 9.939854228094160415e-01 2.514338498467823868e+01
-2.192829692442739287e-01 9.735400461390074645e-01 -6.430208366043987933e-02 2.746578007408749400e+01 -9.709478175356508478e-01 -2.242196353078536042e-01 -8.358164131655729245e-02 5.137484506019580266e+01 -9.578786469157407613e-02 4.410593731089437058e-02 9.944241304754003474e-01 2.520653916489285251e+01
-2.173290752924057490e-01 9.741762603322037251e-01 -6.122652070557986492e-02 2.815376072129287621e+01 -9.716348711702833540e-01 -2.219010426784722156e-01 -8.176554521382493890e-02 5.123687369303785033e+01 -9.324028184457090751e-02 4.171979222587081371e-02 9.947691736167617593e-01 2.525385698869228790e+01
-2.160554177101687845e-01 9.746925113336126767e-01 -5.739829987255857385e-02 2.884387588651478396e+01 -9.721521258590255510e-01 -2.202131102222728565e-01 -8.016501901709210953e-02 5.108128828765813978e+01 -9.077610184328310794e-02 3.847979257232021083e-02 9.951276324661721961e-01 2.537782485732979509e+01
-2.142160177672614019e-01 9.750464647416567932e-01 -5.827425955543160535e-02 2.952226990974087784e+01 -9.724278317474350786e-01 -2.185098810832692973e-01 -8.147112317844898421e-02 5.090894820383087449e+01 -9.217163215935161857e-02 3.921509229586225831e-02 9.949706361301865476e-01 2.541548839414947025e+01
-2.133269198831808655e-01 9.751139604027206920e-01 -6.036877902423272435e-02 3.016609457323854215e+01 -9.725546080215389244e-01 -2.178298566302891981e-01 -8.177828548275471732e-02 5.075589797787480251e+01 -9.289327031182746663e-02 4.126642446528808184e-02 9.948205479093324977e-01 2.541975141539500527e+01
-2.124485325132083879e-01 9.751814515802758043e-01 -6.234386518953097256e-02 3.079755555642945097e+01 -9.727579732192007667e-01 -2.171154155418628662e-01 -8.125774961538795305e-02 5.061590053433539538e+01 -9.277686441919152927e-02 4.338240228330432491e-02 9.947413837780514356e-01 2.541012308462268265e+01
-2.106357355675541054e-01 9.754355372957111969e-01 -6.448332716712770751e-02 3.138713899980600885e+01 -9.732066350251681319e-01 -2.154616193523666290e-01 -8.028160517232592330e-02 5.051261802859448835e+01 -9.220321276888765460e-02 4.584542688953054113e-02 9.946842536143879476e-01 2.544933061629876647e+01
-2.091465210520908613e-01 9.757542211150879163e-01 -6.450916762674654970e-02 3.199258150474158668e+01 -9.735819315664199225e-01 -2.139540939747506254e-01 -7.976132019245153748e-02 5.038037214996442259e+01 -9.162944537214254281e-02 4.612315738901674733e-02 9.947244337469858255e-01 2.551521115029035514e+01
-2.087642731589194334e-01 9.758720294763290060e-01 -6.396296067396274598e-02 3.260498430762194744e+01 -9.736323574823093630e-01 -2.135445548757475276e-01 -8.024185657348327505e-02 5.024751177991271334e+01 -9.196472538896995064e-02 4.552477532805308813e-02 9.947210584457643057e-01 2.557843393953794120e+01
-2.094016995331142716e-01 9.757440982337460822e-01 -6.383089373224337670e-02 3.318215894888158601e+01 -9.734324859713040512e-01 -2.141991555147721993e-01 -8.091920064165941673e-02 5.011563460091576161e+01 -9.262895599309123318e-02 4.519044742832323269e-02 9.946746704188550448e-01 2.563659310788416335e+01
-2.100631648749435865e-01 9.756380066755542257e-01 -6.327674685753953421e-02 3.374931872374096997e+01 -9.732886318322383490e-01 -2.148122926362456830e-01 -8.102418205998299094e-02 4.998636710125911264e+01 -9.264289454055044115e-02 4.456634226084588840e-02 9.947015307259949868e-01 2.566878645161717287e+01
-2.107952947138940214e-01 9.754384780013970468e-01 -6.391493847920488858e-02 3.428925334049810658e+01 -9.731053108270318885e-01 -2.156062402528977628e-01 -8.111721891334465473e-02 4.985764379061659923e+01 -9.290531613803569566e-02 4.509683800808735044e-02 9.946531442844606108e-01 2.569578579690564624e+01
