0.0000 0.0000 0.0000 0.0000 0.0000 0.0000 0.0000 1.0000
1.0000 0.0204 0.0637 0.0024 -0.0000 -0.0001 0.0020 1.0000
2.0000 0.0116 0.1418 0.0059 0.0001 -0.0001 0.0041 1.0000
3.0000 -0.0035 0.2160 0.0072 0.0002 -0.0001 0.0057 1.0000
4.0000 0.0031 0.3085 0.0095 0.0003 0.0000 0.0073 1.0000
5.0000 0.0012 0.4081 0.0086 0.0004 0.0000 0.0091 1.0000
6.0000 -0.0140 0.4934 0.0071 0.0006 0.0001 0.0103 0.9999
7.0000 -0.0377 0.5994 0.0081 0.0007 0.0001 0.0111 0.9999
8.0000 -0.0674 0.7179 0.0118 0.0009 -0.0001 0.0117 0.9999
9.0000 -0.0869 0.8267 0.0084 0.0011 0.0001 0.0126 0.9999
10.0000 -0.0871 0.9348 0.0134 0.0013 0.0001 0.0137 0.9999
11.0000 -0.0913 1.0652 0.0084 0.0017 0.0001 0.0137 0.9999
12.0000 -0.0771 1.2002 0.0152 0.0017 0.0001 0.0143 0.9999
13.0000 -0.0648 1.3298 0.0218 0.0015 0.0001 0.0153 0.9999
14.0000 -0.0534 1.4749 0.0317 0.0014 0.0002 0.0154 0.9999
15.0000 -0.0415 1.6130 0.0393 0.0013 0.0003 0.0153 0.9999
16.0000 -0.0421 1.7266 0.0495 0.0014 0.0003 0.0158 0.9999
17.0000 -0.0585 1.8720 0.0485 0.0016 0.0003 0.0158 0.9999
18.0000 -0.0680 2.0019 0.0441 0.0018 0.0005 0.0150 0.9999
19.0000 -0.0580 2.1427 0.0389 0.0021 0.0007 0.0147 0.9999
20.0000 -0.0481 2.2683 0.0477 0.0021 0.0007 0.0146 0.9999
21.0000 -0.0367 2.4240 0.0607 0.0022 0.0010 0.0139 0.9999
22.0000 -0.0332 2.5813 0.0652 0.0024 0.0011 0.0131 0.9999
23.0000 -0.0306 2.7274 0.0696 0.0024 0.0024 0.0126 0.9999
24.0000 -0.0196 2.8721 0.0735 0.0025 0.0022 0.0116 0.9999
25.0000 -0.0251 3.0440 0.0799 0.0026 0.0026 0.0097 0.9999
26.0000 -0.0400 3.2003 0.0734 0.0026 0.0027 0.0079 1.0000
27.0000 -0.0535 3.3731 0.0775 0.0025 0.0020 0.0064 1.0000
28.0000 -0.0593 3.5378 0.0793 0.0027 0.0021 0.0047 1.0000
29.0000 -0.0757 3.6944 0.0890 0.0029 0.0014 0.0021 1.0000
30.0000 -0.0706 3.8679 0.0919 0.0030 0.0011 0.0002 1.0000
31.0000 -0.0598 4.0325 0.0987 0.0030 0.0013 -0.0016 1.0000
32.0000 -0.0571 4.1912 0.1153 0.0028 0.0014 -0.0038 1.0000
33.0000 -0.0476 4.3765 0.1174 0.0027 0.0015 -0.0058 1.0000
34.0000 -0.0541 4.5574 0.1115 0.0030 0.0012 -0.0076 1.0000
35.0000 -0.0485 4.7229 0.1100 0.0028 0.0010 -0.0090 1.0000
36.0000 -0.0492 4.9195 0.1244 0.0026 0.0004 -0.0110 0.9999
37.0000 -0.0313 5.1122 0.1450 0.0022 0.0011 -0.0130 0.9999
38.0000 -0.0061 5.2952 0.1429 0.0022 0.0021 -0.0147 0.9999
39.0000 0.0196 5.4667 0.1468 0.0023 0.0026 -0.0161 0.9999
40.0000 0.0245 5.6556 0.1553 0.0023 0.0028 -0.0178 0.9998
41.0000 0.0089 5.8578 0.1506 0.0023 0.0021 -0.0198 0.9998
42.0000 0.0088 6.0533 0.1585 0.0024 0.0007 -0.0213 0.9998
43.0000 0.0148 6.2526 0.1677 0.0023 0.0001 -0.0219 0.9998
44.0000 0.0255 6.4472 0.1715 0.0021 0.0005 -0.0232 0.9997
45.0000 0.0448 6.6341 0.1761 0.0023 0.0007 -0.0254 0.9997
46.0000 0.0671 6.8271 0.1820 0.0023 0.0017 -0.0261 0.9997
47.0000 0.0860 7.0383 0.1887 0.0023 0.0015 -0.0273 0.9996
48.0000 0.0839 7.2430 0.1938 0.0022 0.0011 -0.0284 0.9996
49.0000 0.0931 7.4401 0.2061 0.0023 0.0009 -0.0289 0.9996
50.0000 0.0944 7.6412 0.2145 0.0025 0.0007 -0.0294 0.9996
51.0000 0.1260 7.8448 0.2119 0.0027 0.0011 -0.0298 0.9996
52.0000 0.1492 8.0610 0.2325 0.0025 0.0016 -0.0305 0.9995
53.0000 0.1870 8.2773 0.2286 0.0024 0.0032 -0.0308 0.9995
54.0000 0.2045 8.4779 0.2333 0.0028 0.0030 -0.0318 0.9995
55.0000 0.1924 8.6914 0.2140 0.0030 0.0031 -0.0323 0.9995
56.0000 0.1838 8.9001 0.2273 0.0029 0.0031 -0.0320 0.9995
57.0000 0.1993 9.1193 0.2374 0.0028 0.0023 -0.0315 0.9995
58.0000 0.2048 9.3284 0.2546 0.0024 0.0018 -0.0309 0.9995
59.0000 0.2180 9.5532 0.2637 0.0021 0.0010 -0.0305 0.9995
60.0000 0.2186 9.7387 0.2744 0.0020 0.0010 -0.0304 0.9995
61.0000 0.2549 9.9436 0.2753 0.0023 0.0012 -0.0304 0.9995
62.0000 0.2832 10.1299 0.2710 0.0026 0.0022 -0.0299 0.9995
63.0000 0.3019 10.3198 0.2870 0.0025 0.0026 -0.0297 0.9996
64.0000 0.3125 10.5196 0.2892 0.0026 0.0034 -0.0292 0.9996
65.0000 0.3231 10.7165 0.2878 0.0025 0.0033 -0.0292 0.9996
66.0000 0.3351 10.9148 0.2991 0.0026 0.0031 -0.0293 0.9996
67.0000 0.3504 11.1138 0.3001 0.0024 0.0041 -0.0293 0.9996
68.0000 0.3685 11.3008 0.3036 0.0026 0.0047 -0.0297 0.9995
69.0000 0.3868 11.4943 0.2926 0.0033 0.0044 -0.0303 0.9995
70.0000 0.3865 11.6908 0.3092 0.0037 0.0036 -0.0310 0.9995
71.0000 0.3948 11.9036 0.3062 0.0035 0.0042 -0.0318 0.9995
72.0000 0.3948 12.1058 0.3267 0.0036 0.0031 -0.0330 0.9994
73.0000 0.4046 12.3011 0.3271 0.0038 0.0031 -0.0334 0.9994
74.0000 0.4579 12.5266 0.3348 0.0035 0.0037 -0.0335 0.9994
75.0000 0.5225 12.7578 0.3498 0.0024 0.0063 -0.0353 0.9994
76.0000 0.5457 12.9678 0.3627 0.0014 0.0096 -0.0366 0.9993
77.0000 0.5491 13.1677 0.3519 0.0018 0.0099 -0.0371 0.9993
78.0000 0.5433 13.3834 0.3465 0.0031 0.0073 -0.0382 0.9992
79.0000 0.5439 13.5993 0.3487 0.0036 0.0062 -0.0395 0.9992
80.0000 0.5657 13.8301 0.3422 0.0035 0.0058 -0.0408 0.9991
81.0000 0.5963 14.0608 0.3719 0.0027 0.0056 -0.0420 0.9991
82.0000 0.6244 14.2776 0.3996 0.0017 0.0072 -0.0426 0.9991
83.0000 0.6489 14.5005 0.4178 0.0018 0.0084 -0.0432 0.9990
84.0000 0.6780 14.7055 0.4069 0.0030 0.0084 -0.0439 0.9990
85.0000 0.6935 14.9301 0.3878 0.0033 0.0083 -0.0439 0.9990
86.0000 0.7221 15.1588 0.3912 0.0041 0.0083 -0.0434 0.9990
87.0000 0.7559 15.3920 0.3696 0.0063 0.0086 -0.0433 0.9990
88.0000 0.7572 15.6178 0.3807 0.0069 0.0079 -0.0435 0.9990
89.0000 0.7630 15.8556 0.4034 0.0060 0.0069 -0.0429 0.9990
90.0000 0.7489 16.0833 0.4159 0.0044 0.0027 -0.0422 0.9991
91.0000 0.7535 16.3205 0.4366 0.0045 0.0009 -0.0422 0.9991
92.0000 0.7870 16.5551 0.4364 0.0065 0.0008 -0.0416 0.9991
93.0000 0.8372 16.7826 0.4370 0.0069 0.0048 -0.0406 0.9991
94.0000 0.8650 17.0307 0.4393 0.0066 0.0068 -0.0402 0.9991
95.0000 0.8796 17.2703 0.4773 0.0056 0.0065 -0.0401 0.9992
96.0000 0.9020 17.4998 0.4716 0.0057 0.0067 -0.0396 0.9992
97.0000 0.8877 17.7524 0.4731 0.0057 0.0052 -0.0399 0.9992
98.0000 0.9222 17.9840 0.4884 0.0041 -0.0001 -0.0398 0.9992
99.0000 0.9284 18.2197 0.4910 0.0032 -0.0000 -0.0401 0.9992
100.0000 0.9459 18.4482 0.4984 0.0031 -0.0005 -0.0407 0.9992
101.0000 0.9623 18.6774 0.5042 0.0030 -0.0006 -0.0415 0.9991
102.0000 0.9390 18.8793 0.5070 0.0031 -0.0018 -0.0419 0.9991
103.0000 0.9702 19.1133 0.5312 0.0026 -0.0026 -0.0411 0.9991
104.0000 0.9874 19.3455 0.5308 0.0017 -0.0022 -0.0416 0.9991
105.0000 1.0016 19.5595 0.5211 0.0014 -0.0028 -0.0423 0.9991
106.0000 1.0291 19.7692 0.5230 0.0014 -0.0024 -0.0416 0.9991
107.0000 1.0573 19.9919 0.5437 0.0013 -0.0028 -0.0412 0.9991
108.0000 1.0660 20.2231 0.5733 0.0004 -0.0038 -0.0419 0.9991
109.0000 1.0637 20.4216 0.5659 -0.0002 -0.0088 -0.0424 0.9991
110.0000 1.0743 20.6463 0.5648 -0.0005 -0.0122 -0.0420 0.9990
111.0000 1.0958 20.8584 0.5859 -0.0015 -0.0125 -0.0413 0.9991
112.0000 1.1203 21.0680 0.5864 -0.0030 -0.0114 -0.0417 0.9991
113.0000 1.1381 21.2799 0.5875 -0.0050 -0.0055 -0.0412 0.9991
114.0000 1.1709 21.4896 0.5804 -0.0055 -0.0039 -0.0397 0.9992
115.0000 1.1786 21.7038 0.5931 -0.0057 -0.0048 -0.0381 0.9992
116.0000 1.1642 21.9052 0.5947 -0.0054 -0.0080 -0.0363 0.9993
117.0000 1.1791 22.1157 0.5903 -0.0057 -0.0105 -0.0347 0.9993
118.0000 1.2014 22.3200 0.6139 -0.0063 -0.0099 -0.0337 0.9994
119.0000 1.2157 22.5241 0.6131 -0.0069 -0.0092 -0.0322 0.9994
120.0000 1.2239 22.7509 0.5992 -0.0088 -0.0073 -0.0305 0.9995
121.0000 1.2229 22.9514 0.5850 -0.0102 -0.0129 -0.0291 0.9994
122.0000 1.2158 23.1799 0.6084 -0.0130 -0.0166 -0.0278 0.9994
123.0000 1.1951 23.3700 0.6019 -0.0141 -0.0200 -0.0260 0.9994
124.0000 1.2030 23.5663 0.6046 -0.0129 -0.0182 -0.0233 0.9995
125.0000 1.2219 23.7641 0.6112 -0.0095 -0.0163 -0.0220 0.9996
126.0000 1.2415 23.9876 0.5941 -0.0097 -0.0160 -0.0206 0.9996
127.0000 1.2442 24.1841 0.6084 -0.0117 -0.0164 -0.0186 0.9996
128.0000 1.2485 24.3994 0.5891 -0.0135 -0.0172 -0.0169 0.9996
129.0000 1.2340 24.5845 0.6168 -0.0138 -0.0200 -0.0149 0.9996
130.0000 1.2497 24.7872 0.6407 -0.0127 -0.0186 -0.0134 0.9997
131.0000 1.2863 24.9794 0.6266 -0.0102 -0.0098 -0.0120 0.9998
132.0000 1.3216 25.1601 0.6256 -0.0060 -0.0033 -0.0113 0.9999
133.0000 1.3396 25.3423 0.6194 -0.0053 0.0001 -0.0102 0.9999
134.0000 1.3347 25.5443 0.5962 -0.0051 -0.0049 -0.0090 0.9999
135.0000 1.3179 25.7543 0.5989 -0.0048 -0.0099 -0.0082 0.9999
136.0000 1.2846 25.9421 0.6005 -0.0044 -0.0136 -0.0082 0.9999
137.0000 1.2831 26.1358 0.6135 -0.0039 -0.0147 -0.0082 0.9999
138.0000 1.3053 26.3444 0.6247 -0.0041 -0.0137 -0.0087 0.9999
139.0000 1.3076 26.5505 0.6214 -0.0044 -0.0134 -0.0095 0.9999
140.0000 1.3020 26.7294 0.6151 -0.0040 -0.0129 -0.0102 0.9999
141.0000 1.3010 26.9361 0.5987 -0.0032 -0.0138 -0.0096 0.9999
142.0000 1.2923 27.1235 0.5776 -0.0019 -0.0150 -0.0100 0.9998
143.0000 1.3008 27.3059 0.6007 -0.0012 -0.0162 -0.0115 0.9998
144.0000 1.3170 27.5029 0.6382 -0.0021 -0.0144 -0.0109 0.9998
145.0000 1.3689 27.7188 0.6739 -0.0045 -0.0096 -0.0100 0.9999
146.0000 1.3750 27.9121 0.6305 -0.0066 -0.0036 -0.0112 0.9999
147.0000 1.3664 28.0815 0.6138 -0.0059 -0.0047 -0.0128 0.9999
148.0000 1.3694 28.2721 0.6342 -0.0038 -0.0093 -0.0126 0.9999
149.0000 1.3551 28.4490 0.6174 -0.0032 -0.0107 -0.0126 0.9999
150.0000 1.3596 28.6375 0.6358 -0.0030 -0.0134 -0.0139 0.9998
151.0000 1.3686 28.8016 0.6434 -0.0025 -0.0117 -0.0154 0.9998
152.0000 1.3956 28.9852 0.6386 -0.0014 -0.0084 -0.0159 0.9998
153.0000 1.4030 29.1848 0.6280 -0.0006 -0.0080 -0.0165 0.9998
154.0000 1.4054 29.3590 0.6544 -0.0023 -0.0101 -0.0176 0.9998
155.0000 1.3911 29.5633 0.6531 -0.0037 -0.0130 -0.0181 0.9997
156.0000 1.3907 29.7553 0.6582 -0.0047 -0.0160 -0.0186 0.9997
157.0000 1.3971 29.9457 0.6593 -0.0045 -0.0167 -0.0183 0.9997
158.0000 1.4145 30.1274 0.6826 -0.0031 -0.0128 -0.0190 0.9997
159.0000 1.4334 30.3152 0.6740 -0.0006 -0.0080 -0.0199 0.9998
160.0000 1.4608 30.4999 0.6656 0.0012 -0.0041 -0.0203 0.9998
161.0000 1.4812 30.6931 0.6681 0.0004 -0.0070 -0.0207 0.9998
162.0000 1.4568 30.8934 0.6711 -0.0016 -0.0129 -0.0217 0.9997
163.0000 1.4312 31.1208 0.6558 -0.0017 -0.0159 -0.0226 0.9996
164.0000 1.4173 31.3078 0.6376 -0.0006 -0.0171 -0.0229 0.9996
165.0000 1.4406 31.5062 0.6435 0.0013 -0.0170 -0.0239 0.9996
166.0000 1.4851 31.6930 0.7121 0.0042 -0.0174 -0.0257 0.9995
167.0000 1.5113 31.8991 0.7194 0.0046 -0.0162 -0.0278 0.9995
168.0000 1.5089 32.1373 0.6983 0.0039 -0.0180 -0.0289 0.9994
169.0000 1.5160 32.3466 0.6915 0.0036 -0.0192 -0.0309 0.9993
170.0000 1.5154 32.5382 0.6719 0.0047 -0.0200 -0.0327 0.9993
171.0000 1.5511 32.7372 0.7052 0.0051 -0.0192 -0.0325 0.9993
172.0000 1.6051 32.9492 0.7711 0.0042 -0.0158 -0.0345 0.9993
173.0000 1.6199 33.1596 0.7235 0.0010 -0.0082 -0.0374 0.9993
174.0000 1.6592 33.3450 0.7306 0.0010 -0.0073 -0.0394 0.9992
175.0000 1.6586 33.5519 0.6999 0.0007 -0.0110 -0.0403 0.9991
176.0000 1.6621 33.7623 0.7130 -0.0022 -0.0184 -0.0426 0.9989
177.0000 1.6647 33.9674 0.7383 -0.0053 -0.0216 -0.0451 0.9987
178.0000 1.6695 34.1438 0.7875 -0.0062 -0.0212 -0.0458 0.9987
179.0000 1.6996 34.3389 0.7941 -0.0054 -0.0195 -0.0464 0.9987
180.0000 1.7212 34.5384 0.7791 -0.0040 -0.0171 -0.0481 0.9987
181.0000 1.7298 34.7058 0.7573 -0.0029 -0.0178 -0.0505 0.9986
182.0000 1.7626 34.8924 0.7334 -0.0026 -0.0183 -0.0506 0.9985
183.0000 1.7771 35.0921 0.7489 -0.0038 -0.0200 -0.0506 0.9985
184.0000 1.8130 35.2744 0.8389 -0.0052 -0.0196 -0.0514 0.9985
185.0000 1.8381 35.4256 0.8743 -0.0052 -0.0182 -0.0516 0.9985
186.0000 1.8868 35.5733 0.8760 -0.0048 -0.0169 -0.0506 0.9986
187.0000 1.8945 35.7430 0.8575 -0.0045 -0.0171 -0.0504 0.9986
188.0000 1.8856 35.8970 0.8296 -0.0041 -0.0175 -0.0505 0.9986
189.0000 1.8858 36.0717 0.7883 -0.0038 -0.0188 -0.0503 0.9985
190.0000 1.8900 36.2379 0.7594 -0.0029 -0.0194 -0.0490 0.9986
191.0000 1.8932 36.4119 0.7645 -0.0026 -0.0198 -0.0478 0.9987
192.0000 1.9270 36.5902 0.7910 -0.0024 -0.0186 -0.0478 0.9987
193.0000 1.9579 36.7495 0.8249 -0.0031 -0.0185 -0.0479 0.9987
194.0000 1.9989 36.9146 0.8484 -0.0035 -0.0179 -0.0467 0.9987
195.0000 2.0201 37.0851 0.8599 -0.0042 -0.0182 -0.0455 0.9988
196.0000 2.0122 37.2569 0.8634 -0.0042 -0.0189 -0.0455 0.9988
197.0000 2.0221 37.4151 0.8457 -0.0041 -0.0191 -0.0445 0.9988
198.0000 2.0286 37.5712 0.8552 -0.0045 -0.0199 -0.0435 0.9988
199.0000 2.0671 37.7591 0.8882 -0.0053 -0.0202 -0.0430 0.9989
200.0000 2.0754 37.9276 0.8646 -0.0095 -0.0122 -0.0415 0.9990
201.0000 2.0993 38.1058 0.8722 -0.0092 -0.0111 -0.0408 0.9991
202.0000 2.1227 38.2543 0.8624 -0.0092 -0.0114 -0.0409 0.9991
203.0000 2.1285 38.4194 0.8772 -0.0096 -0.0123 -0.0401 0.9991
204.0000 2.1244 38.5864 0.8878 -0.0103 -0.0132 -0.0386 0.9991
205.0000 2.1580 38.7810 0.8987 -0.0110 -0.0132 -0.0377 0.9991
206.0000 2.1858 38.9518 0.9275 -0.0115 -0.0122 -0.0377 0.9991
207.0000 2.2419 39.1219 0.9466 -0.0121 -0.0111 -0.0365 0.9992
208.0000 2.2281 39.2972 0.8553 -0.0157 -0.0035 -0.0351 0.9993
209.0000 2.2328 39.4607 0.8738 -0.0156 -0.0041 -0.0356 0.9992
210.0000 2.2324 39.6263 0.8423 -0.0157 -0.0052 -0.0365 0.9992
211.0000 2.2218 39.7846 0.8323 -0.0169 -0.0092 -0.0361 0.9992
212.0000 2.1903 39.9720 0.7888 -0.0182 -0.0149 -0.0362 0.9991
213.0000 2.1820 40.1461 0.8290 -0.0192 -0.0233 -0.0373 0.9988
214.0000 2.1580 40.3315 0.8336 -0.0197 -0.0247 -0.0382 0.9988
215.0000 2.1967 40.4807 0.8824 -0.0191 -0.0216 -0.0392 0.9988
216.0000 2.2543 40.6602 0.9167 -0.0167 -0.0159 -0.0407 0.9989
217.0000 2.2960 40.8042 0.8706 -0.0153 -0.0067 -0.0426 0.9990
218.0000 2.3447 40.9443 0.8650 -0.0153 -0.0062 -0.0448 0.9989
219.0000 2.3548 41.1305 0.8514 -0.0154 -0.0062 -0.0461 0.9988
220.0000 2.3489 41.2873 0.8472 -0.0150 -0.0061 -0.0481 0.9987
221.0000 2.3703 41.4408 0.8550 -0.0129 -0.0055 -0.0506 0.9986
222.0000 2.4077 41.6061 0.8694 -0.0089 -0.0008 -0.0529 0.9986
223.0000 2.4669 41.7601 0.8947 -0.0087 0.0005 -0.0562 0.9984
224.0000 2.4855 41.9046 0.8229 -0.0111 0.0052 -0.0600 0.9981
225.0000 2.4873 42.0551 0.8141 -0.0117 0.0042 -0.0623 0.9980
226.0000 2.5014 42.2275 0.8010 -0.0115 0.0021 -0.0645 0.9978
227.0000 2.4977 42.3850 0.8464 -0.0093 -0.0032 -0.0686 0.9976
228.0000 2.5220 42.5213 0.8419 -0.0088 -0.0029 -0.0729 0.9973
229.0000 2.5522 42.6576 0.8398 -0.0085 -0.0032 -0.0764 0.9970
230.0000 2.5471 42.8103 0.7954 -0.0083 -0.0046 -0.0804 0.9967
231.0000 2.5791 42.9499 0.7777 -0.0086 -0.0066 -0.0840 0.9964
232.0000 2.6124 43.1217 0.8125 -0.0089 -0.0063 -0.0865 0.9962
233.0000 2.6606 43.2750 0.8592 -0.0093 -0.0055 -0.0904 0.9958
234.0000 2.6946 43.3886 0.8641 -0.0090 -0.0049 -0.0952 0.9954
235.0000 2.7707 43.5111 0.8752 -0.0084 -0.0042 -0.0984 0.9951
236.0000 2.8093 43.6649 0.8884 -0.0081 -0.0032 -0.1007 0.9949
237.0000 2.8747 43.8222 0.8814 -0.0075 -0.0028 -0.1047 0.9945
238.0000 2.8998 43.9617 0.8969 -0.0080 -0.0031 -0.1095 0.9939
239.0000 2.9491 44.0982 0.9058 -0.0088 -0.0033 -0.1123 0.9936
240.0000 2.9966 44.2652 0.9258 -0.0090 -0.0033 -0.1139 0.9934
241.0000 3.0297 44.4062 0.9159 -0.0084 -0.0032 -0.1179 0.9930
242.0000 3.0493 44.5222 0.8828 -0.0079 -0.0037 -0.1216 0.9925
243.0000 3.1190 44.6714 0.9093 -0.0078 -0.0031 -0.1227 0.9924
244.0000 3.1885 44.8626 0.9315 -0.0082 -0.0030 -0.1242 0.9922
245.0000 3.2268 45.0238 0.9479 -0.0077 -0.0020 -0.1274 0.9918
246.0000 3.2727 45.1547 0.9504 -0.0075 -0.0021 -0.1308 0.9914
247.0000 3.3243 45.3235 0.9160 -0.0077 -0.0030 -0.1329 0.9911
248.0000 3.3459 45.5213 0.8653 -0.0090 -0.0045 -0.1346 0.9908
249.0000 3.3628 45.7090 0.8616 -0.0148 -0.0066 -0.1375 0.9904
250.0000 3.4165 45.8813 0.8764 -0.0150 -0.0065 -0.1403 0.9900
251.0000 3.5068 46.0406 0.9178 -0.0159 -0.0061 -0.1425 0.9896
252.0000 3.5769 46.2345 0.9178 -0.0160 -0.0060 -0.1441 0.9894
253.0000 3.6153 46.4257 0.9167 -0.0159 -0.0062 -0.1466 0.9890
254.0000 3.6360 46.6085 0.8981 -0.0155 -0.0064 -0.1495 0.9886
255.0000 3.6812 46.7842 0.8691 -0.0152 -0.0069 -0.1518 0.9883
256.0000 3.7269 46.9621 0.8610 -0.0141 -0.0071 -0.1536 0.9880
257.0000 3.7885 47.1241 0.8495 -0.0121 -0.0067 -0.1566 0.9876
258.0000 3.8710 47.2861 0.9136 -0.0055 -0.0037 -0.1594 0.9872
259.0000 3.9720 47.4462 0.9089 -0.0050 -0.0034 -0.1616 0.9868
260.0000 4.0657 47.6353 0.9245 -0.0046 -0.0035 -0.1641 0.9864
261.0000 4.0816 47.8037 0.8810 -0.0033 -0.0036 -0.1678 0.9858
262.0000 4.1409 47.9806 0.8808 0.0037 -0.0026 -0.1700 0.9854
263.0000 4.2221 48.1508 0.8664 0.0058 -0.0022 -0.1718 0.9851
264.0000 4.2898 48.3445 0.8361 0.0089 -0.0019 -0.1752 0.9845
265.0000 4.3397 48.5151 0.8202 0.0140 -0.0022 -0.1788 0.9838
266.0000 4.4114 48.6989 0.8269 0.0154 -0.0035 -0.1813 0.9833
267.0000 4.4777 48.9160 0.8284 0.0157 -0.0037 -0.1838 0.9828
268.0000 4.5338 49.1163 0.8467 0.0156 -0.0043 -0.1876 0.9821
269.0000 4.6168 49.3048 0.8748 0.0156 -0.0043 -0.1906 0.9815
270.0000 4.7253 49.5049 0.9132 0.0151 -0.0037 -0.1924 0.9812
271.0000 4.8604 49.7139 0.9511 0.0146 -0.0029 -0.1963 0.9804
272.0000 4.9567 49.8887 0.9708 0.0142 -0.0023 -0.2004 0.9796
273.0000 5.0479 50.0691 0.9827 0.0141 -0.0023 -0.2037 0.9789
274.0000 5.1586 50.2706 1.0160 0.0138 -0.0021 -0.2073 0.9782
275.0000 5.2735 50.4719 1.0181 0.0136 -0.0020 -0.2115 0.9773
276.0000 5.3721 50.6652 1.0383 0.0132 -0.0018 -0.2163 0.9762
277.0000 5.4785 50.8559 1.0568 0.0129 -0.0017 -0.2208 0.9752
278.0000 5.5763 51.0744 1.0707 0.0128 -0.0017 -0.2260 0.9740
279.0000 5.6663 51.2902 1.0756 0.0125 -0.0016 -0.2319 0.9727
280.0000 5.7624 51.4933 1.0766 0.0124 -0.0016 -0.2381 0.9712
281.0000 5.8789 51.6956 1.0722 0.0122 -0.0015 -0.2448 0.9695
282.0000 5.9711 51.9108 1.0673 0.0118 -0.0015 -0.2523 0.9676
283.0000 6.0827 52.0942 1.0675 0.0053 -0.0003 -0.2601 0.9656
284.0000 6.1952 52.3118 1.0567 0.0036 -0.0003 -0.2678 0.9635
285.0000 6.3404 52.5234 1.0640 0.0029 -0.0002 -0.2762 0.9611
286.0000 6.5473 52.6753 1.1633 0.0027 0.0009 -0.2851 0.9585
287.0000 6.7508 52.8102 1.2246 0.0028 0.0025 -0.2950 0.9555
288.0000 6.9024 52.9249 1.2450 0.0035 0.0033 -0.3054 0.9522
289.0000 7.0004 53.0894 1.2200 0.0040 0.0029 -0.3158 0.9488
290.0000 7.1469 53.2944 1.1985 0.0043 0.0026 -0.3265 0.9452
291.0000 7.2666 53.4735 1.1681 0.0053 0.0021 -0.3382 0.9411
292.0000 7.4100 53.6312 1.1674 0.0061 0.0019 -0.3502 0.9367
293.0000 7.5848 53.7726 1.1866 0.0066 0.0022 -0.3625 0.9320
294.0000 7.7460 53.9090 1.1761 0.0072 0.0020 -0.3754 0.9268
295.0000 7.8603 54.0645 1.1577 0.0076 0.0018 -0.3887 0.9213
296.0000 8.0180 54.2225 1.1203 0.0103 -0.0006 -0.4013 0.9159
297.0000 8.1787 54.3514 1.1380 0.0108 -0.0003 -0.4137 0.9103
298.0000 8.3911 54.4455 1.1795 0.0106 0.0003 -0.4261 0.9046
299.0000 8.5956 54.5406 1.2163 0.0117 0.0013 -0.4393 0.8983
300.0000 8.7735 54.6101 1.1636 0.0192 0.0034 -0.4510 0.8923
301.0000 8.9978 54.7277 1.2625 0.0242 0.0050 -0.4635 0.8858
302.0000 9.1832 54.8079 1.2603 0.0243 0.0054 -0.4777 0.8782
303.0000 9.3435 54.9038 1.2763 0.0241 0.0056 -0.4905 0.8711
304.0000 9.5226 55.0110 1.2823 0.0243 0.0058 -0.5022 0.8644
305.0000 9.7216 55.0964 1.2853 0.0241 0.0059 -0.5150 0.8568
306.0000 9.9271 55.1717 1.2912 0.0244 0.0063 -0.5287 0.8484
307.0000 10.1324 55.2466 1.2862 0.0248 0.0065 -0.5422 0.8398
308.0000 10.3674 55.3057 1.3015 0.0249 0.0069 -0.5554 0.8312
309.0000 10.6164 55.3753 1.3053 0.0250 0.0071 -0.5689 0.8220
310.0000 10.8585 55.4358 1.3346 0.0247 0.0075 -0.5818 0.8129
311.0000 11.1442 55.4834 1.3419 0.0246 0.0077 -0.5942 0.8039
312.0000 11.4133 55.5403 1.3579 0.0242 0.0080 -0.6061 0.7950
313.0000 11.6979 55.5802 1.3784 0.0239 0.0083 -0.6180 0.7858
314.0000 11.9824 55.6195 1.4069 0.0236 0.0086 -0.6296 0.7765
315.0000 12.2669 55.6577 1.4337 0.0234 0.0089 -0.6411 0.7671
316.0000 12.5714 55.6696 1.4466 0.0232 0.0091 -0.6527 0.7572
317.0000 12.8764 55.6636 1.4533 0.0231 0.0093 -0.6642 0.7472
318.0000 13.1554 55.6712 1.4735 0.0230 0.0097 -0.6756 0.7369
319.0000 13.4396 55.6659 1.4729 0.0230 0.0098 -0.6864 0.7268
320.0000 13.7251 55.6710 1.4738 0.0231 0.0100 -0.6967 0.7170
321.0000 14.0117 55.6592 1.4857 0.0232 0.0102 -0.7061 0.7076
322.0000 14.3397 55.6300 1.4864 -0.0232 -0.0103 0.7150 -0.6987
323.0000 14.6690 55.5876 1.5014 -0.0234 -0.0105 0.7234 -0.6900
324.0000 14.9865 55.5433 1.5123 -0.0233 -0.0106 0.7309 -0.6820
325.0000 15.3506 55.5092 1.5134 -0.0232 -0.0106 0.7380 -0.6744
326.0000 15.6873 55.4551 1.5315 -0.0230 -0.0106 0.7443 -0.6673
327.0000 16.0396 55.3859 1.5395 -0.0229 -0.0105 0.7502 -0.6607
328.0000 16.4148 55.3368 1.5561 -0.0230 -0.0106 0.7558 -0.6543
329.0000 16.7844 55.2669 1.5646 -0.0229 -0.0105 0.7610 -0.6483
330.0000 17.1528 55.1982 1.5706 -0.0228 -0.0103 0.7655 -0.6430
331.0000 17.5465 55.1309 1.5949 -0.0225 -0.0102 0.7697 -0.6379
332.0000 17.9431 55.0610 1.6059 -0.0223 -0.0099 0.7737 -0.6331
333.0000 18.3497 55.0008 1.6657 -0.0209 -0.0096 0.7775 -0.6284
334.0000 18.7582 54.9079 1.6774 -0.0205 -0.0094 0.7812 -0.6239
335.0000 19.1485 54.7578 1.6774 -0.0211 -0.0094 0.7845 -0.6197
336.0000 19.5408 54.6228 1.6642 -0.0219 -0.0095 0.7872 -0.6162
337.0000 19.9542 54.4918 1.6958 -0.0228 -0.0099 0.7893 -0.6135
338.0000 20.3905 54.3707 1.7129 -0.0222 -0.0096 0.7914 -0.6108
339.0000 20.8440 54.2887 1.7145 -0.0211 -0.0088 0.7939 -0.6076
340.0000 21.2603 54.1931 1.7149 -0.0202 -0.0082 0.7960 -0.6050
341.0000 21.6782 54.0688 1.7448 -0.0203 -0.0081 0.7975 -0.6029
342.0000 22.1383 53.8989 1.7586 -0.0208 -0.0081 0.7990 -0.6009
343.0000 22.5410 53.7353 1.7653 -0.0216 -0.0082 0.8007 -0.5986
344.0000 22.9921 53.5835 1.7829 -0.0220 -0.0083 0.8021 -0.5968
345.0000 23.4381 53.4484 1.7906 -0.0218 -0.0078 0.8031 -0.5953
346.0000 23.8901 53.3360 1.8020 -0.0216 -0.0075 0.8044 -0.5936
347.0000 24.3525 53.1841 1.8050 -0.0210 -0.0070 0.8056 -0.5920
348.0000 24.8070 53.0320 1.8427 -0.0210 -0.0073 0.8069 -0.5903
349.0000 25.2689 52.8515 1.8712 -0.0214 -0.0076 0.8081 -0.5886
350.0000 25.7209 52.6986 1.8779 -0.0218 -0.0076 0.8089 -0.5875
351.0000 26.1701 52.5288 1.8968 -0.0220 -0.0076 0.8096 -0.5865
352.0000 26.6075 52.3815 1.8907 -0.0219 -0.0072 0.8101 -0.5859
353.0000 27.0619 52.2254 1.9064 -0.0223 -0.0070 0.8105 -0.5853
354.0000 27.5300 52.0804 1.9201 -0.0229 -0.0069 0.8108 -0.5848
355.0000 27.9874 51.9230 1.9401 -0.0233 -0.0067 0.8109 -0.5847
356.0000 28.4564 51.7431 1.9512 -0.0235 -0.0065 0.8107 -0.5849
357.0000 28.9511 51.5908 1.9985 -0.0237 -0.0065 0.8106 -0.5850
358.0000 29.4438 51.4096 2.0131 -0.0241 -0.0068 0.8106 -0.5850
359.0000 29.9260 51.2405 2.0295 -0.0241 -0.0070 0.8106 -0.5851
360.0000 30.4182 51.0767 2.0540 -0.0245 -0.0070 0.8104 -0.5853
361.0000 30.9053 50.9197 2.0642 -0.0245 -0.0068 0.8103 -0.5854
362.0000 31.3887 50.7710 2.0837 -0.0246 -0.0066 0.8102 -0.5856
363.0000 31.8840 50.6080 2.0963 -0.0253 -0.0062 0.8099 -0.5860
364.0000 32.3659 50.4351 2.1001 -0.0254 -0.0058 0.8096 -0.5864
365.0000 32.8799 50.2674 2.1135 -0.0256 -0.0056 0.8095 -0.5865
366.0000 33.3847 50.0796 2.1546 -0.0251 -0.0057 0.8092 -0.5870
367.0000 33.9055 49.9176 2.1753 -0.0250 -0.0057 0.8091 -0.5872
368.0000 34.4317 49.7480 2.2093 -0.0250 -0.0060 0.8088 -0.5876
369.0000 34.9544 49.5853 2.2211 -0.0249 -0.0058 0.8085 -0.5879
370.0000 35.4384 49.3968 2.2282 -0.0253 -0.0057 0.8080 -0.5887
371.0000 35.9839 49.2395 2.2455 -0.0250 -0.0054 0.8078 -0.5889
372.0000 36.4938 49.0709 2.2945 -0.0243 -0.0057 0.8072 -0.5897
373.0000 37.0558 48.8988 2.3387 -0.0231 -0.0060 0.8068 -0.5903
374.0000 37.5750 48.7374 2.3328 -0.0228 -0.0057 0.8065 -0.5908
375.0000 38.0780 48.5800 2.3284 -0.0231 -0.0058 0.8061 -0.5913
376.0000 38.5915 48.4018 2.3343 -0.0234 -0.0056 0.8055 -0.5922
377.0000 39.1258 48.2547 2.3467 -0.0239 -0.0049 0.8052 -0.5925
378.0000 39.6556 48.1241 2.3794 -0.0239 -0.0043 0.8049 -0.5929
379.0000 40.1532 47.9781 2.4001 -0.0237 -0.0035 0.8044 -0.5937
380.0000 40.6762 47.8072 2.4273 -0.0238 -0.0036 0.8038 -0.5944
381.0000 41.2192 47.6370 2.4380 -0.0236 -0.0037 0.8036 -0.5948
382.0000 41.7323 47.4665 2.4631 -0.0236 -0.0039 0.8032 -0.5952
383.0000 42.2398 47.3089 2.4895 -0.0236 -0.0037 0.8029 -0.5957
384.0000 42.7490 47.1611 2.5106 -0.0237 -0.0035 0.8027 -0.5959
385.0000 43.2611 47.0209 2.5480 -0.0236 -0.0034 0.8026 -0.5961
386.0000 43.7660 46.8487 2.5784 -0.0238 -0.0034 0.8023 -0.5965
387.0000 44.2841 46.6961 2.5864 -0.0242 -0.0029 0.8021 -0.5966
388.0000 44.7843 46.5334 2.6014 -0.0245 -0.0027 0.8022 -0.5966
389.0000 45.2932 46.3919 2.6305 -0.0242 -0.0029 0.8023 -0.5964
390.0000 45.7911 46.2371 2.6518 -0.0244 -0.0028 0.8025 -0.5962
391.0000 46.3005 46.0942 2.6696 -0.0245 -0.0027 0.8026 -0.5961
392.0000 46.7998 45.9308 2.7142 -0.0248 -0.0027 0.8027 -0.5959
393.0000 47.3024 45.7848 2.7429 -0.0251 -0.0027 0.8029 -0.5956
394.0000 47.8107 45.6140 2.7616 -0.0251 -0.0026 0.8029 -0.5956
395.0000 48.3121 45.4669 2.7722 -0.0249 -0.0026 0.8028 -0.5957
396.0000 48.8177 45.3344 2.7867 -0.0248 -0.0025 0.8028 -0.5957
397.0000 49.3306 45.1801 2.8172 -0.0248 -0.0024 0.8027 -0.5959
398.0000 49.8354 44.9971 2.8464 -0.0249 -0.0026 0.8024 -0.5962
399.0000 50.3431 44.8337 2.8682 -0.0249 -0.0028 0.8022 -0.5965
400.0000 50.8665 44.6933 2.8823 -0.0250 -0.0026 0.8017 -0.5972
401.0000 51.3936 44.5558 2.9132 -0.0251 -0.0025 0.8010 -0.5981
402.0000 51.9328 44.3917 2.9429 -0.0251 -0.0023 0.8005 -0.5988
403.0000 52.4826 44.2229 2.9847 -0.0248 -0.0028 0.8001 -0.5994
404.0000 53.0066 44.0722 3.0012 -0.0247 -0.0032 0.7994 -0.6003
405.0000 53.5544 43.9057 3.0083 -0.0247 -0.0031 0.7991 -0.6007
406.0000 54.0772 43.7558 3.0252 -0.0248 -0.0030 0.7986 -0.6013
407.0000 54.6283 43.6126 3.0504 -0.0251 -0.0026 0.7980 -0.6021
408.0000 55.1643 43.4688 3.0921 -0.0253 -0.0021 0.7975 -0.6027
409.0000 55.7075 43.3308 3.1068 -0.0253 -0.0021 0.7970 -0.6034
410.0000 56.2682 43.1649 3.1391 -0.0256 -0.0020 0.7966 -0.6039
411.0000 56.8261 42.9887 3.1699 -0.0256 -0.0027 0.7959 -0.6048
412.0000 57.3973 42.8177 3.1694 -0.0256 -0.0031 0.7954 -0.6055
413.0000 57.9578 42.6718 3.1815 -0.0257 -0.0026 0.7949 -0.6062
414.0000 58.5092 42.5310 3.2049 -0.0257 -0.0024 0.7940 -0.6074
415.0000 59.0796 42.3789 3.2515 -0.0262 -0.0023 0.7934 -0.6082
416.0000 59.6525 42.2153 3.2840 -0.0269 -0.0022 0.7928 -0.6088
417.0000 60.2405 42.0459 3.3139 -0.0276 -0.0023 0.7925 -0.6093
418.0000 60.8140 41.8661 3.3723 -0.0281 -0.0032 0.7920 -0.6098
419.0000 61.3763 41.7013 3.3818 -0.0279 -0.0028 0.7914 -0.6107
420.0000 61.9738 41.5652 3.3759 -0.0275 -0.0023 0.7911 -0.6111
421.0000 62.5498 41.4359 3.4024 -0.0276 -0.0018 0.7910 -0.6112
422.0000 63.1342 41.2855 3.4456 -0.0277 -0.0008 0.7911 -0.6111
423.0000 63.7203 41.1117 3.4728 -0.0282 -0.0002 0.7914 -0.6106
424.0000 64.3078 40.9635 3.4996 -0.0282 0.0002 0.7917 -0.6102
425.0000 64.9046 40.8280 3.5373 -0.0282 0.0006 0.7921 -0.6098
426.0000 65.5113 40.6840 3.5703 -0.0284 0.0010 0.7925 -0.6092
427.0000 66.1063 40.5308 3.6101 -0.0286 0.0010 0.7929 -0.6087
428.0000 66.7329 40.3418 3.6357 -0.0288 0.0010 0.7933 -0.6081
429.0000 67.2986 40.1997 3.6786 -0.0290 0.0010 0.7936 -0.6078
430.0000 67.9070 40.0582 3.7067 -0.0292 0.0014 0.7939 -0.6074
431.0000 68.5011 39.8917 3.7416 -0.0296 0.0022 0.7941 -0.6071
432.0000 69.0828 39.7304 3.7659 -0.0299 0.0027 0.7943 -0.6068
433.0000 69.6841 39.5753 3.8019 -0.0302 0.0029 0.7946 -0.6063
434.0000 70.3190 39.4133 3.8528 -0.0302 0.0028 0.7951 -0.6057
435.0000 70.9335 39.2459 3.8907 -0.0303 0.0028 0.7953 -0.6054
436.0000 71.5008 39.0828 3.9318 -0.0304 0.0028 0.7956 -0.6051
437.0000 72.1252 38.9136 3.9653 -0.0308 0.0030 0.7960 -0.6045
438.0000 72.7338 38.7279 4.0157 -0.0312 0.0032 0.7962 -0.6042
439.0000 73.3341 38.5596 4.0460 -0.0314 0.0037 0.7965 -0.6038
440.0000 73.9473 38.3951 4.0774 -0.0317 0.0044 0.7968 -0.6034
441.0000 74.5533 38.2237 4.1104 -0.0319 0.0052 0.7969 -0.6032
442.0000 75.1565 38.0533 4.1475 -0.0322 0.0056 0.7971 -0.6029
443.0000 75.7773 37.8684 4.2044 -0.0325 0.0058 0.7971 -0.6029
444.0000 76.3972 37.6916 4.2650 -0.0325 0.0052 0.7969 -0.6033
445.0000 77.0355 37.5149 4.3100 -0.0327 0.0049 0.7965 -0.6038
446.0000 77.6638 37.3510 4.3519 -0.0328 0.0051 0.7960 -0.6044
447.0000 78.2738 37.1845 4.4069 -0.0332 0.0049 0.7956 -0.6049
448.0000 78.8839 36.9790 4.4316 -0.0336 0.0050 0.7950 -0.6056
449.0000 79.5144 36.8062 4.4702 -0.0340 0.0051 0.7946 -0.6061
450.0000 80.1330 36.6396 4.5310 -0.0346 0.0050 0.7941 -0.6068
451.0000 80.7503 36.4806 4.5875 -0.0350 0.0049 0.7936 -0.6074
452.0000 81.3797 36.3079 4.6453 -0.0361 0.0044 0.7930 -0.6081
453.0000 81.9950 36.1417 4.6954 -0.0363 0.0049 0.7926 -0.6086
454.0000 82.6232 35.9562 4.7335 -0.0362 0.0057 0.7923 -0.6091
455.0000 83.2527 35.8023 4.7812 -0.0364 0.0064 0.7922 -0.6091
456.0000 83.8793 35.6433 4.8391 -0.0367 0.0066 0.7922 -0.6092
457.0000 84.4984 35.4810 4.8872 -0.0370 0.0068 0.7919 -0.6094
458.0000 85.1515 35.3047 4.9455 -0.0370 0.0068 0.7916 -0.6099
459.0000 85.7717 35.1309 5.0030 -0.0379 0.0057 0.7909 -0.6107
460.0000 86.3928 34.9885 5.0572 -0.0380 0.0061 0.7902 -0.6116
461.0000 87.0218 34.8193 5.1164 -0.0384 0.0061 0.7895 -0.6126
462.0000 87.6455 34.6620 5.1690 -0.0383 0.0068 0.7889 -0.6133
463.0000 88.2698 34.5037 5.2113 -0.0383 0.0073 0.7883 -0.6141
464.0000 88.9120 34.3415 5.2615 -0.0382 0.0078 0.7875 -0.6150
465.0000 89.5362 34.1889 5.3311 -0.0383 0.0079 0.7870 -0.6157
466.0000 90.1689 34.0354 5.3912 -0.0381 0.0081 0.7869 -0.6159
467.0000 90.7820 33.8805 5.4359 -0.0382 0.0086 0.7872 -0.6155
468.0000 91.3985 33.7323 5.4772 -0.0377 0.0094 0.7876 -0.6149
469.0000 92.0237 33.5671 5.5291 -0.0377 0.0097 0.7885 -0.6138
470.0000 92.6507 33.3976 5.5867 -0.0375 0.0097 0.7896 -0.6123
471.0000 93.2613 33.2546 5.6626 -0.0376 0.0091 0.7910 -0.6106
472.0000 93.8834 33.0668 5.7031 -0.0383 0.0086 0.7922 -0.6091
473.0000 94.4840 32.9062 5.7601 -0.0393 0.0073 0.7935 -0.6072
474.0000 95.1205 32.7498 5.8137 -0.0401 0.0064 0.7949 -0.6053
475.0000 95.7168 32.5527 5.8591 -0.0409 0.0060 0.7958 -0.6042
476.0000 96.3253 32.4029 5.9141 -0.0415 0.0056 0.7970 -0.6025
477.0000 96.9105 32.2232 5.9564 -0.0420 0.0053 0.7979 -0.6013
478.0000 97.5084 32.0431 6.0017 -0.0426 0.0052 0.7988 -0.6001
479.0000 98.1047 31.8525 6.0469 -0.0429 0.0055 0.7995 -0.5991
480.0000 98.6944 31.6899 6.1151 -0.0431 0.0051 0.7999 -0.5985
481.0000 99.2803 31.5063 6.1630 -0.0434 0.0047 0.7999 -0.5985
482.0000 99.8865 31.3283 6.2035 -0.0440 0.0043 0.7999 -0.5985
483.0000 100.4931 31.1623 6.2619 -0.0437 0.0049 0.8001 -0.5983
484.0000 101.0810 30.9932 6.3118 -0.0435 0.0051 0.8000 -0.5985
485.0000 101.6835 30.8183 6.3662 -0.0432 0.0053 0.7999 -0.5986
486.0000 102.2841 30.6749 6.4039 -0.0422 0.0060 0.8000 -0.5984
487.0000 102.8743 30.5083 6.4737 -0.0412 0.0068 0.8000 -0.5986
488.0000 103.4548 30.3487 6.5238 -0.0408 0.0073 0.8002 -0.5983
489.0000 104.0462 30.1670 6.5817 -0.0409 0.0076 0.8002 -0.5982
490.0000 104.6098 29.9724 6.6418 -0.0407 0.0082 0.8003 -0.5981
491.0000 105.1682 29.8057 6.7063 -0.0405 0.0091 0.8004 -0.5980
492.0000 105.7269 29.6546 6.7411 -0.0410 0.0099 0.8005 -0.5978
493.0000 106.2769 29.4744 6.7706 -0.0414 0.0110 0.8003 -0.5980
494.0000 106.8487 29.2846 6.8061 -0.0424 0.0113 0.8002 -0.5981
495.0000 107.4265 29.0978 6.8482 -0.0427 0.0112 0.8002 -0.5981
496.0000 107.9948 28.9030 6.9023 -0.0427 0.0104 0.8001 -0.5983
497.0000 108.5770 28.7178 6.9455 -0.0438 0.0096 0.7999 -0.5984
498.0000 109.1451 28.5452 6.9659 -0.0443 0.0090 0.7999 -0.5984
499.0000 109.7459 28.3740 6.9956 -0.0433 0.0076 0.8000 -0.5984
500.0000 110.3064 28.2109 7.0495 -0.0422 0.0067 0.8000 -0.5985
501.0000 110.8904 28.0268 7.0871 -0.0429 0.0067 0.7996 -0.5990
502.0000 111.4367 27.8504 7.1446 -0.0435 0.0066 0.7993 -0.5993
503.0000 111.9836 27.6848 7.1951 -0.0440 0.0071 0.7992 -0.5994
504.0000 112.5374 27.5183 7.2624 -0.0446 0.0079 0.7991 -0.5995
505.0000 113.1205 27.3532 7.2974 -0.0450 0.0088 0.7989 -0.5997
506.0000 113.6815 27.1922 7.3587 -0.0449 0.0092 0.7990 -0.5996
507.0000 114.2560 27.0162 7.4042 -0.0445 0.0091 0.7990 -0.5996
508.0000 114.8233 26.8542 7.4521 -0.0442 0.0091 0.7989 -0.5997
509.0000 115.3850 26.6901 7.5061 -0.0440 0.0094 0.7988 -0.5999
510.0000 115.9563 26.5285 7.5521 -0.0439 0.0095 0.7988 -0.5999
511.0000 116.5191 26.3625 7.5975 -0.0439 0.0099 0.7986 -0.6001
512.0000 117.0933 26.2086 7.6568 -0.0433 0.0102 0.7985 -0.6004
513.0000 117.6515 26.0300 7.7143 -0.0432 0.0106 0.7983 -0.6006
514.0000 118.2069 25.8690 7.7655 -0.0433 0.0109 0.7982 -0.6008
515.0000 118.7573 25.7057 7.8069 -0.0434 0.0112 0.7981 -0.6008
516.0000 119.3281 25.5370 7.8438 -0.0436 0.0116 0.7981 -0.6008
517.0000 119.8886 25.3746 7.8979 -0.0434 0.0118 0.7980 -0.6010
518.0000 120.4433 25.2155 7.9584 -0.0432 0.0119 0.7980 -0.6010
519.0000 121.0076 25.0493 8.0107 -0.0431 0.0122 0.7979 -0.6012
520.0000 121.5600 24.8874 8.0562 -0.0431 0.0125 0.7977 -0.6014
521.0000 122.1291 24.7304 8.0823 -0.0424 0.0122 0.7976 -0.6016
522.0000 122.6905 24.5740 8.1866 -0.0417 0.0121 0.7976 -0.6016
523.0000 123.2305 24.3952 8.2311 -0.0417 0.0121 0.7974 -0.6019
524.0000 123.7862 24.2416 8.2781 -0.0413 0.0123 0.7974 -0.6018
525.0000 124.3054 24.1074 8.3274 -0.0415 0.0125 0.7979 -0.6013
526.0000 124.8567 23.9461 8.3339 -0.0422 0.0131 0.7978 -0.6013
527.0000 125.3924 23.7892 8.3935 -0.0425 0.0139 0.7980 -0.6009
528.0000 125.9355 23.6369 8.4918 -0.0414 0.0142 0.7983 -0.6006
529.0000 126.4714 23.4657 8.5723 -0.0410 0.0139 0.7987 -0.6002
530.0000 127.0243 23.2980 8.6226 -0.0418 0.0131 0.7992 -0.5995
531.0000 127.5551 23.1401 8.6612 -0.0422 0.0127 0.7994 -0.5992
532.0000 128.0731 22.9735 8.7061 -0.0420 0.0124 0.7999 -0.5985
533.0000 128.6140 22.8106 8.7659 -0.0419 0.0124 0.8002 -0.5981
534.0000 129.1373 22.6590 8.8215 -0.0424 0.0119 0.8005 -0.5977
535.0000 129.6737 22.4914 8.8820 -0.0423 0.0117 0.8009 -0.5972
536.0000 130.1806 22.3360 8.9358 -0.0430 0.0109 0.8013 -0.5966
537.0000 130.6999 22.1783 9.0005 -0.0432 0.0104 0.8016 -0.5963
538.0000 131.2387 22.0203 9.0428 -0.0433 0.0106 0.8020 -0.5957
539.0000 131.7337 21.8601 9.0699 -0.0431 0.0110 0.8023 -0.5952
540.0000 132.2605 21.6988 9.1077 -0.0432 0.0110 0.8026 -0.5949
541.0000 132.8004 21.5266 9.1711 -0.0430 0.0111 0.8029 -0.5945
542.0000 133.2969 21.3832 9.2222 -0.0430 0.0110 0.8032 -0.5940
543.0000 133.8203 21.2312 9.2435 -0.0423 0.0118 0.8036 -0.5936
544.0000 134.3346 21.0601 9.3208 -0.0423 0.0121 0.8039 -0.5931
545.0000 134.8467 20.9038 9.3833 -0.0423 0.0119 0.8044 -0.5924
546.0000 135.3384 20.7312 9.4266 -0.0424 0.0119 0.8047 -0.5921
547.0000 135.8502 20.5794 9.4675 -0.0423 0.0118 0.8049 -0.5918
548.0000 136.3721 20.4232 9.5053 -0.0416 0.0122 0.8057 -0.5908
549.0000 136.8565 20.2806 9.5412 -0.0416 0.0123 0.8058 -0.5906
550.0000 137.3547 20.0995 9.6127 -0.0418 0.0123 0.8059 -0.5904
551.0000 137.8457 19.9389 9.6754 -0.0417 0.0118 0.8065 -0.5897
552.0000 138.3181 19.7780 9.7311 -0.0419 0.0116 0.8070 -0.5889
553.0000 138.7868 19.6168 9.7498 -0.0419 0.0118 0.8074 -0.5884
554.0000 139.2494 19.4644 9.7803 -0.0421 0.0117 0.8077 -0.5880
555.0000 139.6935 19.3190 9.8275 -0.0419 0.0120 0.8080 -0.5875
556.0000 140.1245 19.1709 9.8690 -0.0418 0.0121 0.8082 -0.5873
557.0000 140.5594 19.0239 9.9299 -0.0418 0.0121 0.8086 -0.5868
558.0000 140.9857 18.8967 9.9602 -0.0419 0.0124 0.8090 -0.5861
559.0000 141.4111 18.7614 10.0049 -0.0415 0.0127 0.8093 -0.5858
560.0000 141.8218 18.6260 10.0436 -0.0408 0.0132 0.8096 -0.5854
561.0000 142.2015 18.4986 10.0876 -0.0405 0.0134 0.8098 -0.5852
562.0000 142.5749 18.3778 10.1166 -0.0403 0.0136 0.8099 -0.5850
563.0000 142.9605 18.2520 10.1485 -0.0405 0.0136 0.8102 -0.5846
564.0000 143.3085 18.1264 10.1848 -0.0408 0.0135 0.8102 -0.5846
565.0000 143.6423 18.0031 10.2204 -0.0412 0.0134 0.8102 -0.5845
566.0000 143.9786 17.8844 10.2463 -0.0415 0.0136 0.8097 -0.5852
567.0000 144.3204 17.7755 10.2831 -0.0410 0.0140 0.8091 -0.5861
568.0000 144.6627 17.6772 10.3165 -0.0408 0.0143 0.8083 -0.5872
569.0000 145.0005 17.5756 10.3485 -0.0407 0.0146 0.8074 -0.5885
570.0000 145.3243 17.4520 10.3823 -0.0406 0.0150 0.8063 -0.5900
571.0000 145.6555 17.3648 10.4196 -0.0408 0.0152 0.8053 -0.5913
572.0000 145.9688 17.2677 10.4507 -0.0410 0.0154 0.8040 -0.5930
573.0000 146.2904 17.1688 10.4797 -0.0411 0.0156 0.8028 -0.5946
574.0000 146.6132 17.0673 10.5147 -0.0412 0.0157 0.8014 -0.5965
575.0000 146.9218 16.9605 10.5495 -0.0411 0.0159 0.7997 -0.5987
576.0000 147.2476 16.8854 10.5847 -0.0411 0.0162 0.7983 -0.6007
577.0000 147.5504 16.7929 10.6119 -0.0411 0.0163 0.7966 -0.6029
578.0000 147.8727 16.6999 10.6449 -0.0411 0.0167 0.7949 -0.6051
579.0000 148.1876 16.6179 10.6708 -0.0416 0.0170 0.7931 -0.6075
580.0000 148.5097 16.5352 10.6970 -0.0417 0.0179 0.7913 -0.6097
581.0000 148.8556 16.4492 10.7417 -0.0417 0.0183 0.7896 -0.6119
582.0000 149.2133 16.3728 10.7671 -0.0417 0.0189 0.7877 -0.6144
583.0000 149.5649 16.2987 10.8236 -0.0415 0.0192 0.7858 -0.6167
584.0000 149.9332 16.2192 10.8511 -0.0418 0.0196 0.7839 -0.6191
585.0000 150.3005 16.1244 10.8879 -0.0418 0.0202 0.7819 -0.6217
586.0000 150.6676 16.0465 10.9084 -0.0418 0.0209 0.7802 -0.6238
587.0000 151.0574 15.9796 10.9573 -0.0407 0.0217 0.7789 -0.6255
588.0000 151.4264 15.9098 11.0184 -0.0396 0.0222 0.7779 -0.6268
589.0000 151.8068 15.8448 11.0716 -0.0389 0.0226 0.7775 -0.6273
590.0000 152.1985 15.7359 11.1129 -0.0389 0.0228 0.7771 -0.6278
591.0000 152.5891 15.6441 11.1485 -0.0389 0.0227 0.7769 -0.6280
592.0000 152.9497 15.5402 11.1922 -0.0397 0.0223 0.7767 -0.6283
593.0000 153.3132 15.4462 11.2298 -0.0405 0.0223 0.7766 -0.6283
594.0000 153.6815 15.3740 11.2512 -0.0408 0.0227 0.7767 -0.6281
595.0000 154.0424 15.3175 11.2820 -0.0408 0.0234 0.7770 -0.6278
596.0000 154.4172 15.2508 11.3254 -0.0406 0.0238 0.7773 -0.6274
597.0000 154.7891 15.1653 11.3694 -0.0407 0.0239 0.7779 -0.6266
598.0000 155.1560 15.0780 11.3955 -0.0409 0.0242 0.7790 -0.6252
599.0000 155.5200 14.9793 11.4481 -0.0413 0.0241 0.7802 -0.6237
600.0000 155.8873 14.8699 11.4996 -0.0414 0.0239 0.7814 -0.6222
601.0000 156.2631 14.7612 11.5410 -0.0419 0.0234 0.7829 -0.6203
602.0000 156.6284 14.6791 11.5709 -0.0423 0.0233 0.7850 -0.6176
603.0000 157.0053 14.5973 11.6160 -0.0424 0.0232 0.7870 -0.6150
604.0000 157.3851 14.4773 11.6559 -0.0424 0.0231 0.7893 -0.6121
605.0000 157.7543 14.3593 11.6841 -0.0425 0.0232 0.7919 -0.6087
606.0000 158.1156 14.2630 11.7440 -0.0425 0.0229 0.7945 -0.6053
607.0000 158.4948 14.1487 11.7972 -0.0429 0.0224 0.7971 -0.6019
608.0000 158.8638 14.0511 11.8347 -0.0430 0.0224 0.7999 -0.5982
609.0000 159.2126 13.9479 11.8757 -0.0431 0.0224 0.8031 -0.5939
610.0000 159.5733 13.8215 11.9039 -0.0437 0.0223 0.8062 -0.5896
611.0000 159.9353 13.6808 11.9451 -0.0442 0.0221 0.8096 -0.5849
612.0000 160.2731 13.5316 11.9806 -0.0447 0.0219 0.8130 -0.5802
613.0000 160.6097 13.4149 12.0262 -0.0450 0.0215 0.8163 -0.5754
614.0000 160.9527 13.2770 12.0600 -0.0455 0.0214 0.8194 -0.5710
615.0000 161.2915 13.1504 12.0899 -0.0459 0.0213 0.8226 -0.5664
616.0000 161.6257 13.0230 12.1231 -0.0462 0.0212 0.8257 -0.5618
617.0000 161.9514 12.8839 12.1581 -0.0464 0.0210 0.8288 -0.5572
618.0000 162.2714 12.7434 12.1973 -0.0468 0.0209 0.8316 -0.5530
619.0000 162.6003 12.5944 12.2335 -0.0472 0.0208 0.8343 -0.5489
620.0000 162.9112 12.4354 12.2753 -0.0474 0.0207 0.8368 -0.5450
621.0000 163.2403 12.2803 12.3181 -0.0477 0.0203 0.8391 -0.5414
622.0000 163.5444 12.1235 12.3407 -0.0478 0.0203 0.8412 -0.5382
623.0000 163.8645 11.9693 12.3790 -0.0480 0.0201 0.8433 -0.5349
624.0000 164.1755 11.8172 12.4090 -0.0481 0.0201 0.8452 -0.5320
625.0000 164.4914 11.6673 12.4430 -0.0481 0.0200 0.8469 -0.5292
626.0000 164.7928 11.5032 12.4893 -0.0476 0.0197 0.8484 -0.5268
627.0000 165.1006 11.3529 12.5253 -0.0478 0.0196 0.8497 -0.5248
628.0000 165.3964 11.1734 12.5573 -0.0484 0.0192 0.8509 -0.5228
629.0000 165.6871 10.9983 12.6130 -0.0489 0.0187 0.8521 -0.5208
630.0000 165.9689 10.8400 12.6386 -0.0497 0.0182 0.8532 -0.5189
631.0000 166.2556 10.6941 12.6635 -0.0497 0.0186 0.8543 -0.5171
632.0000 166.5534 10.5573 12.6850 -0.0495 0.0191 0.8553 -0.5153
633.0000 166.8420 10.4393 12.7452 -0.0492 0.0194 0.8564 -0.5136
634.0000 167.1138 10.2985 12.8099 -0.0488 0.0197 0.8573 -0.5121
635.0000 167.3986 10.1446 12.8420 -0.0489 0.0197 0.8580 -0.5110
636.0000 167.6708 9.9779 12.8715 -0.0491 0.0196 0.8586 -0.5100
637.0000 167.9332 9.7997 12.9045 -0.0494 0.0195 0.8593 -0.5087
638.0000 168.2003 9.6545 12.9170 -0.0499 0.0193 0.8602 -0.5072
639.0000 168.4712 9.4951 12.9219 -0.0496 0.0196 0.8609 -0.5060
640.0000 168.7545 9.3635 12.9793 -0.0491 0.0196 0.8617 -0.5047
641.0000 169.0137 9.2151 13.0171 -0.0492 0.0197 0.8623 -0.5036
642.0000 169.2695 9.0923 13.0711 -0.0490 0.0197 0.8631 -0.5023
643.0000 169.5104 8.9535 13.1095 -0.0490 0.0197 0.8640 -0.5007
644.0000 169.7791 8.8239 13.1388 -0.0490 0.0198 0.8650 -0.4990
645.0000 170.0184 8.6708 13.1632 -0.0491 0.0199 0.8657 -0.4978
646.0000 170.2465 8.5014 13.1883 -0.0492 0.0198 0.8663 -0.4966
647.0000 170.4949 8.3485 13.2213 -0.0493 0.0198 0.8674 -0.4948
648.0000 170.7392 8.2127 13.2671 -0.0492 0.0196 0.8687 -0.4925
649.0000 170.9744 8.0589 13.2942 -0.0493 0.0196 0.8699 -0.4905
650.0000 171.2201 7.9118 13.3249 -0.0494 0.0196 0.8713 -0.4879
651.0000 171.4614 7.7800 13.3623 -0.0495 0.0195 0.8731 -0.4847
652.0000 171.6738 7.6306 13.3914 -0.0496 0.0197 0.8745 -0.4822
653.0000 171.9091 7.4907 13.4072 -0.0499 0.0200 0.8759 -0.4795
654.0000 172.1320 7.3424 13.4348 -0.0500 0.0202 0.8774 -0.4766
655.0000 172.3401 7.1963 13.4407 -0.0503 0.0205 0.8788 -0.4742
656.0000 172.5573 7.0154 13.4610 -0.0506 0.0206 0.8802 -0.4715
657.0000 172.7988 6.8490 13.4985 -0.0507 0.0207 0.8821 -0.4679
658.0000 173.0032 6.6802 13.5011 -0.0512 0.0211 0.8841 -0.4641
659.0000 173.2327 6.5246 13.5108 -0.0516 0.0217 0.8860 -0.4602
660.0000 173.4815 6.3682 13.5013 -0.0522 0.0227 0.8882 -0.4558
661.0000 173.7380 6.1881 13.5227 -0.0526 0.0230 0.8906 -0.4511
662.0000 173.9887 6.0057 13.5499 -0.0529 0.0231 0.8930 -0.4464
663.0000 174.2404 5.7843 13.5729 -0.0533 0.0229 0.8954 -0.4415
664.0000 174.4956 5.5473 13.6199 -0.0535 0.0226 0.8978 -0.4365
665.0000 174.7533 5.3156 13.6691 -0.0535 0.0221 0.9004 -0.4312
666.0000 175.0021 5.0621 13.7043 -0.0537 0.0219 0.9030 -0.4257
667.0000 175.3011 4.8245 13.7566 -0.0536 0.0215 0.9058 -0.4198
668.0000 175.5711 4.5763 13.8251 -0.0532 0.0208 0.9088 -0.4133
669.0000 175.8254 4.3517 13.8668 -0.0533 0.0205 0.9114 -0.4076
670.0000 176.0729 4.0898 13.9001 -0.0535 0.0202 0.9138 -0.4022
671.0000 176.3291 3.8286 13.9269 -0.0538 0.0201 0.9165 -0.3958
672.0000 176.5453 3.5756 13.9614 -0.0540 0.0199 0.9194 -0.3892
673.0000 176.7982 3.3187 13.9803 -0.0544 0.0199 0.9223 -0.3822
674.0000 177.0559 3.0610 14.0175 -0.0545 0.0196 0.9253 -0.3748
675.0000 177.3059 2.7845 14.0407 -0.0546 0.0193 0.9283 -0.3672
676.0000 177.5573 2.4886 14.1157 -0.0544 0.0187 0.9317 -0.3587
677.0000 177.7673 2.1733 14.1308 -0.0547 0.0182 0.9352 -0.3495
678.0000 177.9664 1.8660 14.1677 -0.0549 0.0177 0.9387 -0.3398
679.0000 178.2086 1.5656 14.1926 -0.0550 0.0172 0.9427 -0.3286
680.0000 178.4166 1.2795 14.2094 -0.0555 0.0169 0.9467 -0.3169
681.0000 178.6284 0.9577 14.2257 -0.0557 0.0164 0.9507 -0.3047
682.0000 178.8338 0.6536 14.2583 -0.0557 0.0158 0.9546 -0.2921
683.0000 179.0222 0.3495 14.2889 -0.0562 0.0156 0.9584 -0.2794
684.0000 179.1834 0.0555 14.3229 -0.0570 0.0163 0.9621 -0.2662
685.0000 179.3551 -0.2850 14.2754 -0.0581 0.0165 0.9657 -0.2525
686.0000 179.5181 -0.6315 14.2988 -0.0582 0.0158 0.9695 -0.2376
687.0000 179.6954 -1.0111 14.3305 -0.0580 0.0147 0.9725 -0.2251
688.0000 179.8378 -1.3611 14.3883 -0.0576 0.0138 0.9754 -0.2124
689.0000 179.9914 -1.6896 14.4301 -0.0578 0.0132 0.9781 -0.1997
690.0000 180.1223 -2.0672 14.4657 -0.0578 0.0127 0.9805 -0.1875
691.0000 180.2435 -2.4488 14.4691 -0.0585 0.0120 0.9824 -0.1771
692.0000 180.3483 -2.8540 14.4975 -0.0585 0.0113 0.9841 -0.1673
693.0000 180.4537 -3.2496 14.4956 -0.0588 0.0113 0.9857 -0.1574
694.0000 180.5999 -3.6306 14.4928 -0.0592 0.0112 0.9871 -0.1481
695.0000 180.7144 -4.0093 14.5207 -0.0593 0.0116 0.9884 -0.1396
696.0000 180.8261 -4.4221 14.5243 -0.0595 0.0116 0.9894 -0.1320
697.0000 180.9173 -4.8614 14.5532 -0.0595 0.0115 0.9905 -0.1236
698.0000 181.0276 -5.3151 14.5548 -0.0597 0.0110 0.9914 -0.1157
699.0000 181.1120 -5.7651 14.5701 -0.0600 0.0111 0.9923 -0.1075
700.0000 181.1781 -6.1827 14.5708 -0.0604 0.0113 0.9932 -0.0993
701.0000 181.2511 -6.6710 14.5930 -0.0607 0.0113 0.9939 -0.0909
702.0000 181.3182 -7.1323 14.6112 -0.0610 0.0112 0.9947 -0.0824
703.0000 181.4034 -7.6069 14.6332 -0.0610 0.0116 0.9953 -0.0741
704.0000 181.4737 -8.0924 14.6799 -0.0603 0.0124 0.9959 -0.0664
705.0000 181.5187 -8.5795 14.7081 -0.0598 0.0129 0.9963 -0.0596
706.0000 181.5497 -9.0914 14.7400 -0.0603 0.0132 0.9966 -0.0539
707.0000 181.5728 -9.6202 14.7280 -0.0614 0.0136 0.9968 -0.0490
708.0000 181.6053 -10.1442 14.7395 -0.0615 0.0138 0.9970 -0.0441
709.0000 181.6871 -10.6918 14.7531 -0.0614 0.0136 0.9972 -0.0398
710.0000 181.7460 -11.2374 14.7943 -0.0609 0.0136 0.9974 -0.0354
711.0000 181.7839 -11.7898 14.8204 -0.0610 0.0136 0.9975 -0.0321
712.0000 181.7996 -12.3515 14.8340 -0.0611 0.0139 0.9976 -0.0293
713.0000 181.8098 -12.9265 14.8305 -0.0615 0.0138 0.9976 -0.0276
714.0000 181.8366 -13.5001 14.8651 -0.0615 0.0137 0.9977 -0.0263
715.0000 181.8739 -14.0931 14.8892 -0.0613 0.0138 0.9977 -0.0255
716.0000 181.9026 -14.6906 14.9096 -0.0615 0.0139 0.9977 -0.0255
717.0000 181.9525 -15.3207 14.9490 -0.0614 0.0141 0.9977 -0.0259
718.0000 181.9692 -15.9065 14.9852 -0.0612 0.0143 0.9977 -0.0264
719.0000 182.0049 -16.5414 15.0149 -0.0613 0.0145 0.9976 -0.0276
720.0000 182.0249 -17.1862 15.0519 -0.0614 0.0146 0.9976 -0.0291
721.0000 182.0783 -17.8432 15.0694 -0.0617 0.0148 0.9975 -0.0303
722.0000 182.0999 -18.4826 15.1016 -0.0621 0.0147 0.9975 -0.0315
723.0000 182.1276 -19.1752 15.1544 -0.0624 0.0146 0.9974 -0.0330
724.0000 182.1763 -19.8183 15.1834 -0.0626 0.0150 0.9973 -0.0342
725.0000 182.2219 -20.4928 15.2035 -0.0626 0.0157 0.9973 -0.0356
726.0000 182.2482 -21.1693 15.2389 -0.0627 0.0161 0.9972 -0.0373
727.0000 182.2800 -21.8593 15.2673 -0.0630 0.0166 0.9971 -0.0389
728.0000 182.3410 -22.5485 15.3271 -0.0639 0.0169 0.9970 -0.0404
729.0000 182.3747 -23.2323 15.3711 -0.0640 0.0171 0.9969 -0.0420
730.0000 182.4472 -23.9377 15.4041 -0.0645 0.0167 0.9968 -0.0435
731.0000 182.5156 -24.6492 15.4183 -0.0657 0.0162 0.9967 -0.0455
732.0000 182.5629 -25.3567 15.4472 -0.0661 0.0161 0.9966 -0.0471
733.0000 182.6114 -26.0533 15.4886 -0.0667 0.0165 0.9964 -0.0490
734.0000 182.6700 -26.7528 15.5516 -0.0669 0.0164 0.9963 -0.0507
735.0000 182.7543 -27.4812 15.5892 -0.0681 0.0159 0.9962 -0.0525
736.0000 182.8219 -28.1954 15.5973 -0.0690 0.0155 0.9960 -0.0540
737.0000 182.8830 -28.8968 15.6254 -0.0690 0.0157 0.9959 -0.0556
738.0000 182.9544 -29.6192 15.6867 -0.0700 0.0152 0.9958 -0.0574
739.0000 183.0269 -30.3365 15.7292 -0.0705 0.0151 0.9957 -0.0586
740.0000 183.1128 -31.0528 15.7833 -0.0708 0.0151 0.9956 -0.0593
741.0000 183.1911 -31.7771 15.8313 -0.0711 0.0141 0.9956 -0.0597
742.0000 183.2670 -32.5064 15.8570 -0.0721 0.0134 0.9955 -0.0601
743.0000 183.3402 -33.2258 15.8715 -0.0727 0.0134 0.9954 -0.0603
744.0000 183.4127 -33.9530 15.9185 -0.0726 0.0129 0.9954 -0.0607
745.0000 183.5192 -34.6796 15.9533 -0.0725 0.0120 0.9955 -0.0606
746.0000 183.6030 -35.4001 15.9945 -0.0722 0.0111 0.9955 -0.0609
747.0000 183.6717 -36.1416 16.0239 -0.0728 0.0101 0.9954 -0.0613
748.0000 183.7530 -36.8275 16.0421 -0.0732 0.0099 0.9954 -0.0613
749.0000 183.8515 -37.5757 16.0900 -0.0726 0.0104 0.9954 -0.0613
750.0000 183.9374 -38.2834 16.1300 -0.0723 0.0098 0.9954 -0.0616
751.0000 184.0225 -39.0325 16.1842 -0.0728 0.0080 0.9954 -0.0620
752.0000 184.1114 -39.7421 16.1985 -0.0731 0.0063 0.9954 -0.0621
753.0000 184.1891 -40.4616 16.2185 -0.0727 0.0065 0.9954 -0.0622
754.0000 184.2942 -41.1656 16.2420 -0.0725 0.0069 0.9954 -0.0624
755.0000 184.3890 -41.8994 16.2735 -0.0718 0.0074 0.9954 -0.0624
756.0000 184.4730 -42.5890 16.3242 -0.0719 0.0069 0.9954 -0.0627
757.0000 184.5618 -43.3148 16.3424 -0.0716 0.0073 0.9954 -0.0627
758.0000 184.6403 -44.0232 16.3538 -0.0715 0.0082 0.9954 -0.0627
759.0000 184.7281 -44.7321 16.3865 -0.0712 0.0097 0.9954 -0.0626
760.0000 184.8160 -45.4353 16.4190 -0.0713 0.0110 0.9954 -0.0628
761.0000 184.9081 -46.1406 16.4610 -0.0711 0.0117 0.9954 -0.0629
762.0000 184.9959 -46.8481 16.4813 -0.0706 0.0112 0.9954 -0.0630
763.0000 185.0926 -47.5567 16.5108 -0.0700 0.0089 0.9955 -0.0636
764.0000 185.1895 -48.2624 16.5533 -0.0692 0.0081 0.9955 -0.0642
765.0000 185.2568 -48.9677 16.6228 -0.0681 0.0076 0.9955 -0.0651
766.0000 185.3534 -49.6401 16.6616 -0.0677 0.0081 0.9955 -0.0662
767.0000 185.4505 -50.3344 16.7037 -0.0665 0.0089 0.9955 -0.0673
768.0000 185.5521 -50.9907 16.6969 -0.0641 0.0097 0.9955 -0.0684
769.0000 185.6521 -51.6970 16.7214 -0.0633 0.0095 0.9955 -0.0698
770.0000 185.7262 -52.3647 16.7645 -0.0639 0.0078 0.9954 -0.0711
771.0000 185.8256 -53.0645 16.7927 -0.0645 0.0059 0.9953 -0.0723
772.0000 185.9173 -53.7249 16.8526 -0.0653 0.0042 0.9952 -0.0735
773.0000 186.0115 -54.3993 16.8934 -0.0657 0.0025 0.9950 -0.0750
774.0000 186.0957 -55.0635 16.9346 -0.0672 0.0009 0.9948 -0.0761
775.0000 186.1832 -55.7277 16.9193 -0.0686 0.0006 0.9946 -0.0776
776.0000 186.2810 -56.3792 16.9279 -0.0685 0.0014 0.9945 -0.0786
777.0000 186.3892 -57.0228 16.9399 -0.0683 0.0018 0.9945 -0.0794
778.0000 186.4950 -57.6567 16.9650 -0.0685 0.0017 0.9944 -0.0804
779.0000 186.5929 -58.3124 16.9951 -0.0682 0.0015 0.9944 -0.0812
780.0000 186.7021 -58.9499 17.0038 -0.0681 0.0013 0.9943 -0.0817
781.0000 186.8149 -59.5907 17.0232 -0.0679 0.0008 0.9943 -0.0824
782.0000 186.9068 -60.2252 17.0519 -0.0677 0.0010 0.9943 -0.0828
783.0000 187.0125 -60.8625 17.0715 -0.0677 0.0009 0.9942 -0.0834
784.0000 187.1321 -61.5089 17.0808 -0.0673 0.0009 0.9942 -0.0839
785.0000 187.2414 -62.1245 17.1118 -0.0664 0.0006 0.9942 -0.0844
786.0000 187.3500 -62.7408 17.1523 -0.0657 0.0000 0.9942 -0.0852
787.0000 187.4504 -63.3659 17.1804 -0.0660 -0.0001 0.9941 -0.0858
788.0000 187.5369 -63.9733 17.1960 -0.0661 -0.0003 0.9941 -0.0860
789.0000 187.6529 -64.5924 17.2059 -0.0660 -0.0001 0.9941 -0.0862
790.0000 187.7613 -65.2028 17.2161 -0.0658 0.0002 0.9941 -0.0866
791.0000 187.8633 -65.8164 17.2343 -0.0660 0.0006 0.9940 -0.0872
792.0000 187.9625 -66.4188 17.2626 -0.0659 0.0006 0.9940 -0.0878
793.0000 188.0618 -67.0124 17.2753 -0.0659 0.0008 0.9939 -0.0885
794.0000 188.1594 -67.6267 17.2966 -0.0661 0.0009 0.9938 -0.0891
795.0000 188.2606 -68.2306 17.3111 -0.0665 0.0013 0.9938 -0.0895
796.0000 188.3739 -68.8323 17.3264 -0.0663 0.0014 0.9937 -0.0900
797.0000 188.4915 -69.4172 17.3368 -0.0659 0.0015 0.9937 -0.0904
798.0000 188.6132 -70.0171 17.3587 -0.0658 0.0016 0.9937 -0.0909
799.0000 188.7139 -70.6293 17.4012 -0.0663 0.0016 0.9936 -0.0917
800.0000 188.8007 -71.2161 17.4315 -0.0665 0.0020 0.9935 -0.0923
801.0000 188.9249 -71.8384 17.4478 -0.0668 0.0021 0.9935 -0.0924
802.0000 189.0377 -72.4509 17.4528 -0.0665 0.0025 0.9935 -0.0924
803.0000 189.1390 -73.0672 17.4715 -0.0666 0.0023 0.9935 -0.0924
804.0000 189.2613 -73.6924 17.5078 -0.0666 0.0014 0.9935 -0.0921
805.0000 189.3690 -74.2974 17.5353 -0.0662 0.0006 0.9935 -0.0921
806.0000 189.4901 -74.9118 17.5733 -0.0663 -0.0001 0.9935 -0.0923
807.0000 189.5929 -75.5283 17.5837 -0.0664 0.0003 0.9935 -0.0923
808.0000 189.7178 -76.1313 17.6019 -0.0660 0.0004 0.9936 -0.0921
809.0000 189.8309 -76.7386 17.6175 -0.0660 0.0004 0.9936 -0.0919
810.0000 189.9569 -77.3294 17.6139 -0.0657 0.0010 0.9936 -0.0917
811.0000 190.0727 -77.9263 17.6259 -0.0649 0.0009 0.9937 -0.0914
812.0000 190.1852 -78.5328 17.6505 -0.0647 0.0009 0.9937 -0.0911
813.0000 190.2814 -79.1523 17.6865 -0.0644 0.0009 0.9938 -0.0911
814.0000 190.4050 -79.7191 17.7243 -0.0644 0.0009 0.9938 -0.0911
815.0000 190.5000 -80.3381 17.7479 -0.0644 0.0009 0.9937 -0.0912
816.0000 190.6027 -80.9340 17.7541 -0.0645 0.0016 0.9938 -0.0909
817.0000 190.7123 -81.5010 17.7838 -0.0646 0.0021 0.9938 -0.0906
818.0000 190.8235 -82.0895 17.7824 -0.0644 0.0023 0.9939 -0.0900
819.0000 190.9690 -82.6677 17.7788 -0.0641 0.0025 0.9939 -0.0895
820.0000 191.0686 -83.2457 17.8058 -0.0639 0.0022 0.9940 -0.0891
821.0000 191.1451 -83.8506 17.8491 -0.0639 0.0021 0.9940 -0.0888
822.0000 191.2349 -84.4334 17.8743 -0.0643 0.0017 0.9940 -0.0884
823.0000 191.3264 -85.0134 17.8733 -0.0645 0.0017 0.9941 -0.0875
824.0000 191.4467 -85.6082 17.8900 -0.0645 0.0006 0.9942 -0.0862
825.0000 191.5881 -86.1891 17.9256 -0.0640 -0.0009 0.9943 -0.0854
826.0000 191.6624 -86.7592 17.9181 -0.0643 -0.0020 0.9943 -0.0850
827.0000 191.7146 -87.3169 17.9569 -0.0646 -0.0019 0.9943 -0.0844
828.0000 191.7507 -87.8786 17.9660 -0.0656 -0.0018 0.9943 -0.0836
829.0000 191.8195 -88.4107 18.0019 -0.0662 -0.0020 0.9944 -0.0826
830.0000 191.9280 -88.9448 18.0112 -0.0661 -0.0016 0.9945 -0.0812
831.0000 192.0473 -89.4922 18.0265 -0.0655 -0.0015 0.9947 -0.0797
832.0000 192.1323 -90.0254 18.0571 -0.0654 -0.0020 0.9947 -0.0790
833.0000 192.2283 -90.5711 18.0351 -0.0651 -0.0028 0.9948 -0.0785
834.0000 192.2843 -91.1056 18.0285 -0.0655 -0.0030 0.9948 -0.0775
835.0000 192.3733 -91.6026 18.0390 -0.0653 -0.0030 0.9949 -0.0762
836.0000 192.4639 -92.0802 18.0422 -0.0652 -0.0031 0.9951 -0.0746
837.0000 192.5288 -92.5437 18.0854 -0.0650 -0.0029 0.9952 -0.0729
838.0000 192.6115 -92.9980 18.1020 -0.0646 -0.0017 0.9954 -0.0711
839.0000 192.6559 -93.4240 18.1250 -0.0646 0.0003 0.9955 -0.0689
840.0000 192.7115 -93.8554 18.1093 -0.0646 0.0010 0.9957 -0.0666
841.0000 192.7590 -94.2744 18.1270 -0.0648 0.0012 0.9958 -0.0642
842.0000 192.8158 -94.6875 18.1381 -0.0648 0.0015 0.9960 -0.0612
843.0000 192.8619 -95.1012 18.1487 -0.0648 0.0018 0.9962 -0.0579
844.0000 192.9037 -95.5236 18.1663 -0.0647 0.0015 0.9964 -0.0542
845.0000 192.9316 -95.9422 18.1946 -0.0650 0.0010 0.9966 -0.0505
846.0000 192.9750 -96.3723 18.1870 -0.0651 -0.0000 0.9968 -0.0468
847.0000 192.9793 -96.7768 18.1701 -0.0652 -0.0005 0.9970 -0.0420
848.0000 193.0057 -97.1913 18.1606 -0.0651 -0.0007 0.9972 -0.0363
849.0000 193.0325 -97.5916 18.1630 -0.0649 -0.0010 0.9974 -0.0301
850.0000 193.0528 -97.9658 18.1766 -0.0650 -0.0015 0.9976 -0.0230
851.0000 193.0454 -98.3573 18.1805 -0.0650 -0.0020 0.9978 -0.0151
852.0000 193.0270 -98.7292 18.1827 -0.0650 -0.0025 0.9979 -0.0061
853.0000 193.0194 -99.1062 18.1853 -0.0650 -0.0033 0.9979 0.0039
854.0000 192.9946 -99.4676 18.1771 -0.0651 -0.0041 0.9978 0.0145
855.0000 192.9582 -99.8549 18.1719 -0.0651 -0.0050 0.9975 0.0260
856.0000 192.9167 -100.2068 18.1698 -0.0650 -0.0057 0.9972 0.0377
857.0000 192.8591 -100.5367 18.1649 -0.0649 -0.0064 0.9966 0.0495
858.0000 192.8089 -100.8876 18.1658 -0.0649 -0.0071 0.9959 0.0619
859.0000 192.7275 -101.2316 18.1578 -0.0648 -0.0079 0.9951 0.0746
860.0000 192.6592 -101.5672 18.1508 -0.0646 -0.0087 0.9940 0.0880
861.0000 192.5895 -101.8950 18.1386 -0.0645 -0.0096 0.9926 0.1020
862.0000 192.4958 -102.2112 18.1335 -0.0645 -0.0105 0.9910 0.1166
863.0000 192.3753 -102.5184 18.1220 -0.0644 -0.0113 0.9891 0.1316
864.0000 192.2604 -102.8014 18.1112 -0.0642 -0.0123 0.9870 0.1470
865.0000 192.1397 -103.0883 18.1016 -0.0641 -0.0132 0.9846 0.1623
866.0000 192.0244 -103.3613 18.0960 -0.0640 -0.0140 0.9820 0.1772
867.0000 191.8969 -103.6475 18.0855 -0.0639 -0.0146 0.9792 0.1919
868.0000 191.7483 -103.9601 18.0721 -0.0636 -0.0153 0.9763 0.2062
869.0000 191.5744 -104.2639 18.0479 -0.0633 -0.0166 0.9734 0.2195
870.0000 191.3870 -104.6069 18.0360 -0.0631 -0.0182 0.9703 0.2327
871.0000 191.1978 -104.9357 18.0157 -0.0629 -0.0197 0.9671 0.2459
872.0000 191.0018 -105.2418 17.9940 -0.0626 -0.0202 0.9636 0.2590
873.0000 190.8054 -105.5263 17.9713 -0.0622 -0.0210 0.9601 0.2719
874.0000 190.5958 -105.8304 17.9484 -0.0619 -0.0217 0.9564 0.2845
875.0000 190.3844 -106.1454 17.9131 -0.0615 -0.0223 0.9526 0.2972
876.0000 190.1613 -106.4423 17.8956 -0.0611 -0.0230 0.9485 0.3100
877.0000 189.9188 -106.7370 17.8711 -0.0607 -0.0236 0.9442 0.3230
878.0000 189.6556 -107.0231 17.8380 -0.0604 -0.0243 0.9395 0.3363
879.0000 189.3661 -107.3150 17.8084 -0.0599 -0.0250 0.9344 0.3503
880.0000 189.0699 -107.6151 17.7712 -0.0594 -0.0258 0.9288 0.3650
881.0000 188.7681 -107.9148 17.7323 -0.0589 -0.0268 0.9225 0.3804
882.0000 188.4524 -108.2022 17.6959 -0.0583 -0.0276 0.9159 0.3962
883.0000 188.1288 -108.4899 17.6605 -0.0576 -0.0285 0.9088 0.4122
884.0000 187.7898 -108.7698 17.6192 -0.0569 -0.0294 0.9011 0.4288
885.0000 187.4080 -109.0464 17.5631 -0.0561 -0.0306 0.8928 0.4460
886.0000 187.0171 -109.2888 17.5223 -0.0556 -0.0316 0.8839 0.4632
887.0000 186.5921 -109.5130 17.4814 -0.0551 -0.0328 0.8747 0.4804
888.0000 186.1603 -109.7330 17.4276 -0.0548 -0.0338 0.8651 0.4974
889.0000 185.7160 -109.9536 17.3800 -0.0541 -0.0349 0.8552 0.5143
890.0000 185.2785 -110.1687 17.3106 -0.0534 -0.0360 0.8449 0.5311
891.0000 184.8273 -110.3647 17.2625 -0.0525 -0.0370 0.8344 0.5475
892.0000 184.3398 -110.5364 17.2164 -0.0517 -0.0380 0.8240 0.5629
893.0000 183.8719 -110.6765 17.1594 -0.0512 -0.0386 0.8143 0.5769
894.0000 183.3685 -110.8069 17.1263 -0.0511 -0.0388 0.8055 0.5891
895.0000 182.8686 -110.9001 17.0749 -0.0508 -0.0390 0.7985 0.5986
896.0000 182.3236 -111.0201 16.9960 -0.0504 -0.0392 0.7929 0.6060
897.0000 181.7484 -111.1911 16.9233 -0.0501 -0.0395 0.7872 0.6134
898.0000 181.1728 -111.3404 16.8619 -0.0492 -0.0402 0.7812 0.6210
899.0000 180.5882 -111.4415 16.8045 -0.0489 -0.0406 0.7759 0.6276
900.0000 180.0074 -111.5227 16.7491 -0.0489 -0.0404 0.7722 0.6322
901.0000 179.3896 -111.6015 16.6847 -0.0488 -0.0401 0.7696 0.6354
902.0000 178.7425 -111.7108 16.5990 -0.0482 -0.0401 0.7671 0.6385
903.0000 178.1102 -111.8566 16.5159 -0.0477 -0.0404 0.7643 0.6418
904.0000 177.4595 -111.9908 16.4279 -0.0471 -0.0406 0.7619 0.6447
905.0000 176.7846 -112.0990 16.3656 -0.0465 -0.0408 0.7595 0.6475
906.0000 176.0962 -112.1910 16.2950 -0.0461 -0.0406 0.7578 0.6496
907.0000 175.4082 -112.2765 16.2157 -0.0456 -0.0407 0.7568 0.6508
908.0000 174.6969 -112.4017 16.1272 -0.0453 -0.0407 0.7561 0.6517
909.0000 173.9698 -112.5047 16.0420 -0.0448 -0.0406 0.7559 0.6519
910.0000 173.2367 -112.6159 15.9775 -0.0443 -0.0406 0.7558 0.6520
911.0000 172.4947 -112.7088 15.9098 -0.0439 -0.0405 0.7559 0.6519
912.0000 171.7306 -112.8217 15.8261 -0.0436 -0.0404 0.7562 0.6517
913.0000 170.9485 -112.9350 15.7350 -0.0432 -0.0403 0.7566 0.6513
914.0000 170.1748 -113.0598 15.6527 -0.0427 -0.0403 0.7567 0.6511
915.0000 169.3952 -113.1687 15.5855 -0.0423 -0.0400 0.7571 0.6508
916.0000 168.5793 -113.2733 15.4908 -0.0419 -0.0396 0.7573 0.6505
917.0000 167.7514 -113.3962 15.4245 -0.0414 -0.0396 0.7573 0.6506
918.0000 166.9359 -113.5181 15.3485 -0.0408 -0.0395 0.7575 0.6503
919.0000 166.1235 -113.6325 15.2628 -0.0404 -0.0394 0.7579 0.6499
920.0000 165.2886 -113.7497 15.1754 -0.0398 -0.0392 0.7585 0.6493
921.0000 164.4327 -113.8914 15.0880 -0.0392 -0.0391 0.7594 0.6483
922.0000 163.5653 -114.0354 15.0049 -0.0386 -0.0390 0.7605 0.6471
923.0000 162.6965 -114.1875 14.9207 -0.0379 -0.0392 0.7616 0.6458
924.0000 161.8034 -114.3468 14.8310 -0.0371 -0.0392 0.7627 0.6444
925.0000 160.9159 -114.5079 14.7548 -0.0363 -0.0394 0.7636 0.6434
926.0000 160.0339 -114.6643 14.6844 -0.0356 -0.0394 0.7647 0.6422
927.0000 159.1281 -114.8341 14.6003 -0.0346 -0.0397 0.7657 0.6410
928.0000 158.2419 -114.9912 14.5148 -0.0339 -0.0398 0.7668 0.6397
929.0000 157.3523 -115.1397 14.4512 -0.0335 -0.0395 0.7677 0.6387
930.0000 156.4601 -115.3102 14.3687 -0.0328 -0.0393 0.7685 0.6378
931.0000 155.5594 -115.4715 14.3042 -0.0322 -0.0390 0.7694 0.6367
932.0000 154.6716 -115.6111 14.2235 -0.0317 -0.0388 0.7705 0.6355
933.0000 153.7676 -115.7866 14.1587 -0.0310 -0.0390 0.7714 0.6344
934.0000 152.8687 -115.9565 14.0974 -0.0307 -0.0387 0.7723 0.6334
935.0000 151.9760 -116.1382 14.0276 -0.0301 -0.0387 0.7732 0.6323
936.0000 151.0995 -116.3287 13.9681 -0.0295 -0.0391 0.7740 0.6313
937.0000 150.2270 -116.4955 13.9113 -0.0289 -0.0390 0.7751 0.6300
938.0000 149.3480 -116.6730 13.8682 -0.0284 -0.0389 0.7762 0.6287
939.0000 148.4992 -116.8451 13.8261 -0.0279 -0.0387 0.7771 0.6276
940.0000 147.6225 -117.0162 13.7663 -0.0273 -0.0380 0.7780 0.6265
941.0000 146.7678 -117.2085 13.7161 -0.0268 -0.0378 0.7787 0.6257
942.0000 145.8862 -117.3774 13.6511 -0.0262 -0.0375 0.7795 0.6247
943.0000 145.0143 -117.5704 13.6047 -0.0259 -0.0372 0.7803 0.6237
944.0000 144.1325 -117.7646 13.5517 -0.0254 -0.0366 0.7810 0.6229
945.0000 143.2477 -117.9650 13.5030 -0.0249 -0.0361 0.7815 0.6223
946.0000 142.3552 -118.1624 13.4532 -0.0243 -0.0358 0.7816 0.6223
947.0000 141.4528 -118.3386 13.3887 -0.0234 -0.0352 0.7816 0.6223
948.0000 140.5467 -118.5264 13.3462 -0.0230 -0.0345 0.7816 0.6224
949.0000 139.6421 -118.7337 13.2856 -0.0227 -0.0341 0.7814 0.6227
950.0000 138.7168 -118.9385 13.2288 -0.0224 -0.0338 0.7812 0.6230
951.0000 137.7551 -119.1388 13.1613 -0.0220 -0.0332 0.7811 0.6232
952.0000 136.8193 -119.3297 13.1232 -0.0216 -0.0329 0.7811 0.6232
953.0000 135.8676 -119.5386 13.0629 -0.0209 -0.0322 0.7806 0.6238
954.0000 134.9244 -119.7525 12.9899 -0.0204 -0.0319 0.7799 0.6248
955.0000 133.9712 -119.9570 12.9276 -0.0199 -0.0321 0.7789 0.6260
956.0000 133.0291 -120.1591 12.8734 -0.0197 -0.0320 0.7779 0.6273
957.0000 132.0575 -120.3536 12.8189 -0.0196 -0.0323 0.7768 0.6287
958.0000 131.0881 -120.5487 12.7655 -0.0195 -0.0325 0.7753 0.6304
959.0000 130.1045 -120.7393 12.7031 -0.0197 -0.0324 0.7741 0.6319
960.0000 129.1547 -120.9380 12.6623 -0.0196 -0.0328 0.7726 0.6337
961.0000 128.1732 -121.1328 12.5994 -0.0193 -0.0327 0.7713 0.6353
962.0000 127.1995 -121.3220 12.5199 -0.0191 -0.0327 0.7697 0.6372
963.0000 126.2172 -121.4957 12.4479 -0.0184 -0.0330 0.7682 0.6391
964.0000 125.2358 -121.6901 12.3845 -0.0181 -0.0331 0.7665 0.6411
965.0000 124.2577 -121.8399 12.3484 -0.0178 -0.0335 0.7648 0.6431
966.0000 123.2846 -122.0140 12.3252 -0.0176 -0.0341 0.7630 0.6453
967.0000 122.2784 -122.1709 12.2675 -0.0174 -0.0344 0.7612 0.6473
968.0000 121.3037 -122.3215 12.1871 -0.0175 -0.0344 0.7596 0.6492
969.0000 120.3150 -122.4713 12.1052 -0.0174 -0.0342 0.7582 0.6509
970.0000 119.3186 -122.6139 12.0342 -0.0172 -0.0341 0.7571 0.6522
971.0000 118.3464 -122.7639 12.0154 -0.0173 -0.0345 0.7562 0.6532
972.0000 117.3239 -122.8970 11.9874 -0.0180 -0.0341 0.7556 0.6539
973.0000 116.3279 -123.0392 11.9248 -0.0181 -0.0339 0.7549 0.6548
974.0000 115.3154 -123.1646 11.8458 -0.0181 -0.0335 0.7543 0.6555
975.0000 114.3260 -123.3001 11.8082 -0.0178 -0.0330 0.7536 0.6563
976.0000 113.3105 -123.4236 11.7417 -0.0176 -0.0325 0.7530 0.6570
977.0000 112.3030 -123.5687 11.6851 -0.0173 -0.0322 0.7521 0.6581
978.0000 111.2866 -123.7136 11.6378 -0.0170 -0.0324 0.7514 0.6588
979.0000 110.2706 -123.8297 11.5733 -0.0169 -0.0323 0.7509 0.6594
980.0000 109.2411 -123.9874 11.4918 -0.0163 -0.0331 0.7502 0.6602
981.0000 108.2094 -124.1097 11.4378 -0.0164 -0.0335 0.7497 0.6608
982.0000 107.1947 -124.2399 11.3779 -0.0163 -0.0338 0.7494 0.6611
983.0000 106.1535 -124.3809 11.3379 -0.0161 -0.0339 0.7490 0.6614
984.0000 105.1246 -124.4899 11.2750 -0.0156 -0.0340 0.7489 0.6616
985.0000 104.0751 -124.6275 11.2320 -0.0153 -0.0342 0.7487 0.6619
986.0000 103.0253 -124.7447 11.1600 -0.0151 -0.0342 0.7485 0.6621
987.0000 101.9662 -124.8844 11.1176 -0.0149 -0.0341 0.7482 0.6624
988.0000 100.9126 -124.9923 11.0640 -0.0151 -0.0337 0.7481 0.6626
989.0000 99.8181 -125.1281 11.0240 -0.0150 -0.0332 0.7480 0.6626
990.0000 98.7626 -125.2378 10.9634 -0.0151 -0.0325 0.7478 0.6630
991.0000 97.6872 -125.3643 10.9040 -0.0151 -0.0323 0.7476 0.6632
992.0000 96.6153 -125.4994 10.8420 -0.0151 -0.0323 0.7473 0.6635
993.0000 95.5128 -125.6252 10.7919 -0.0152 -0.0323 0.7473 0.6636
994.0000 94.4240 -125.7609 10.7287 -0.0150 -0.0325 0.7470 0.6638
995.0000 93.3149 -125.8816 10.6699 -0.0145 -0.0324 0.7469 0.6640
996.0000 92.2250 -126.0109 10.6030 -0.0137 -0.0320 0.7467 0.6642
997.0000 91.1354 -126.1382 10.5580 -0.0134 -0.0316 0.7465 0.6645
998.0000 90.0088 -126.2638 10.5050 -0.0132 -0.0314 0.7463 0.6647
999.0000 88.9063 -126.3896 10.4614 -0.0136 -0.0314 0.7463 0.6648
1000.0000 87.7855 -126.5179 10.4066 -0.0139 -0.0314 0.7467 0.6643
1001.0000 86.6504 -126.6288 10.3635 -0.0144 -0.0311 0.7473 0.6636
1002.0000 85.5364 -126.7649 10.2936 -0.0141 -0.0307 0.7476 0.6633
1003.0000 84.3940 -126.9015 10.2208 -0.0141 -0.0306 0.7480 0.6628
1004.0000 83.2786 -127.0396 10.1523 -0.0143 -0.0307 0.7483 0.6625
1005.0000 82.1685 -127.1828 10.1463 -0.0164 -0.0299 0.7486 0.6622
1006.0000 81.0161 -127.3099 10.1060 -0.0167 -0.0293 0.7489 0.6618
1007.0000 79.8720 -127.4526 10.0452 -0.0165 -0.0290 0.7493 0.6614
1008.0000 78.7445 -127.6130 9.9745 -0.0156 -0.0292 0.7495 0.6612
1009.0000 77.6010 -127.7531 9.8986 -0.0153 -0.0302 0.7498 0.6608
1010.0000 76.4550 -127.8958 9.8327 -0.0145 -0.0313 0.7500 0.6605
1011.0000 75.3155 -128.0432 9.7940 -0.0149 -0.0312 0.7502 0.6603
1012.0000 74.1693 -128.1847 9.7976 -0.0151 -0.0314 0.7504 0.6600
1013.0000 73.0222 -128.3138 9.7575 -0.0158 -0.0311 0.7507 0.6598
1014.0000 71.9049 -128.4680 9.7021 -0.0160 -0.0310 0.7507 0.6597
1015.0000 70.7776 -128.6077 9.6221 -0.0155 -0.0314 0.7507 0.6597
1016.0000 69.6401 -128.7561 9.5391 -0.0152 -0.0317 0.7509 0.6595
1017.0000 68.5234 -128.9093 9.4755 -0.0151 -0.0325 0.7511 0.6592
1018.0000 67.3955 -129.0503 9.4371 -0.0154 -0.0327 0.7512 0.6591
1019.0000 66.2762 -129.1789 9.4048 -0.0153 -0.0329 0.7513 0.6590
1020.0000 65.1569 -129.3392 9.3799 -0.0151 -0.0332 0.7511 0.6592
1021.0000 64.0422 -129.4821 9.3199 -0.0147 -0.0335 0.7506 0.6597
1022.0000 62.9359 -129.6273 9.2412 -0.0146 -0.0335 0.7500 0.6605
1023.0000 61.8449 -129.7628 9.1634 -0.0144 -0.0340 0.7494 0.6611
1024.0000 60.7387 -129.8784 9.1017 -0.0148 -0.0341 0.7493 0.6611
1025.0000 59.6302 -129.9919 9.0728 -0.0152 -0.0334 0.7492 0.6613
1026.0000 58.5420 -130.1335 9.0651 -0.0158 -0.0326 0.7488 0.6619
1027.0000 57.4643 -130.2754 9.0071 -0.0158 -0.0323 0.7483 0.6624
1028.0000 56.3853 -130.4068 8.9375 -0.0155 -0.0323 0.7481 0.6626
1029.0000 55.3057 -130.5254 8.8585 -0.0152 -0.0323 0.7478 0.6629
1030.0000 54.2265 -130.6624 8.7987 -0.0148 -0.0322 0.7475 0.6634
1031.0000 53.1623 -130.7869 8.7612 -0.0145 -0.0324 0.7471 0.6638
1032.0000 52.0891 -130.9059 8.7216 -0.0145 -0.0325 0.7468 0.6641
1033.0000 51.0279 -131.0166 8.7038 -0.0145 -0.0325 0.7467 0.6642
1034.0000 49.9631 -131.1513 8.6550 -0.0143 -0.0324 0.7464 0.6646
1035.0000 48.8980 -131.2653 8.5936 -0.0138 -0.0326 0.7462 0.6648
1036.0000 47.8536 -131.3863 8.5259 -0.0137 -0.0326 0.7460 0.6650
1037.0000 46.8202 -131.4961 8.4621 -0.0136 -0.0326 0.7462 0.6648
1038.0000 45.7611 -131.6094 8.4250 -0.0137 -0.0321 0.7466 0.6644
1039.0000 44.7123 -131.7262 8.4016 -0.0137 -0.0317 0.7471 0.6638
1040.0000 43.6866 -131.8483 8.3686 -0.0140 -0.0313 0.7474 0.6635
1041.0000 42.6436 -131.9535 8.3063 -0.0139 -0.0313 0.7478 0.6630
1042.0000 41.6066 -132.0853 8.2434 -0.0138 -0.0313 0.7482 0.6626
1043.0000 40.5709 -132.2088 8.1902 -0.0137 -0.0311 0.7486 0.6621
1044.0000 39.5457 -132.3304 8.1570 -0.0137 -0.0306 0.7490 0.6618
1045.0000 38.5047 -132.4532 8.1282 -0.0134 -0.0303 0.7492 0.6615
1046.0000 37.4927 -132.5780 8.0946 -0.0134 -0.0297 0.7493 0.6614
1047.0000 36.4463 -132.7096 8.0469 -0.0131 -0.0291 0.7496 0.6611
1048.0000 35.3953 -132.8358 7.9912 -0.0127 -0.0291 0.7500 0.6607
1049.0000 34.3648 -132.9735 7.9370 -0.0126 -0.0289 0.7502 0.6605
1050.0000 33.3033 -133.0938 7.8842 -0.0124 -0.0292 0.7505 0.6601
1051.0000 32.2510 -133.2306 7.8371 -0.0130 -0.0292 0.7507 0.6599
1052.0000 31.1676 -133.3638 7.8109 -0.0138 -0.0290 0.7509 0.6596
1053.0000 30.1087 -133.5039 7.7817 -0.0137 -0.0284 0.7513 0.6592
1054.0000 29.0544 -133.6288 7.7363 -0.0134 -0.0279 0.7514 0.6592
1055.0000 27.9950 -133.7787 7.6777 -0.0129 -0.0279 0.7512 0.6593
1056.0000 26.9315 -133.9270 7.6201 -0.0125 -0.0284 0.7510 0.6596
1057.0000 25.8548 -134.0513 7.5598 -0.0121 -0.0290 0.7509 0.6597
1058.0000 24.7814 -134.1978 7.5253 -0.0120 -0.0292 0.7506 0.6599
1059.0000 23.7061 -134.3308 7.4840 -0.0116 -0.0297 0.7506 0.6600
1060.0000 22.6365 -134.4705 7.4620 -0.0116 -0.0294 0.7504 0.6603
1061.0000 21.5545 -134.6036 7.4271 -0.0115 -0.0297 0.7503 0.6603
1062.0000 20.4629 -134.7429 7.3828 -0.0112 -0.0296 0.7499 0.6608
1063.0000 19.3884 -134.8716 7.3232 -0.0107 -0.0295 0.7496 0.6612
1064.0000 18.2927 -135.0082 7.2751 -0.0106 -0.0295 0.7491 0.6617
1065.0000 17.1956 -135.1466 7.2278 -0.0105 -0.0295 0.7488 0.6621
1066.0000 16.1133 -135.2627 7.1866 -0.0105 -0.0293 0.7484 0.6625
1067.0000 14.9961 -135.4003 7.1542 -0.0105 -0.0292 0.7480 0.6630
1068.0000 13.8915 -135.5286 7.1155 -0.0102 -0.0291 0.7476 0.6634
1069.0000 12.7895 -135.6456 7.0688 -0.0100 -0.0289 0.7472 0.6639
1070.0000 11.6756 -135.7758 7.0314 -0.0099 -0.0285 0.7469 0.6643
1071.0000 10.5722 -135.9068 6.9939 -0.0100 -0.0282 0.7468 0.6644
1072.0000 9.4589 -136.0236 6.9354 -0.0101 -0.0279 0.7467 0.6645
1073.0000 8.3268 -136.1503 6.8918 -0.0103 -0.0274 0.7469 0.6643
1074.0000 7.1917 -136.2854 6.8456 -0.0103 -0.0272 0.7469 0.6643
1075.0000 6.0701 -136.4161 6.8158 -0.0103 -0.0274 0.7470 0.6642
1076.0000 4.9461 -136.5550 6.7702 -0.0106 -0.0274 0.7471 0.6640
1077.0000 3.8068 -136.6731 6.7203 -0.0105 -0.0276 0.7472 0.6639
1078.0000 2.6792 -136.8065 6.6729 -0.0103 -0.0277 0.7474 0.6637
1079.0000 1.5516 -136.9450 6.6373 -0.0104 -0.0281 0.7475 0.6635
1080.0000 0.4375 -137.0727 6.6087 -0.0102 -0.0286 0.7479 0.6632
1081.0000 -0.7037 -137.2032 6.5674 -0.0102 -0.0289 0.7481 0.6629
1082.0000 -1.8142 -137.3364 6.5307 -0.0100 -0.0292 0.7483 0.6626
1083.0000 -2.9357 -137.4869 6.4857 -0.0099 -0.0293 0.7486 0.6623
1084.0000 -4.0481 -137.6192 6.4347 -0.0097 -0.0296 0.7489 0.6620
1085.0000 -5.1832 -137.7484 6.3961 -0.0094 -0.0301 0.7492 0.6616
1086.0000 -6.2774 -137.8916 6.3582 -0.0094 -0.0303 0.7495 0.6612
1087.0000 -7.3938 -138.0267 6.3264 -0.0095 -0.0306 0.7498 0.6609
1088.0000 -8.5134 -138.1640 6.2870 -0.0095 -0.0304 0.7502 0.6604
1089.0000 -9.6090 -138.3001 6.2405 -0.0097 -0.0302 0.7505 0.6601
1090.0000 -10.7017 -138.4371 6.2086 -0.0095 -0.0301 0.7508 0.6598
1091.0000 -11.7828 -138.5788 6.1662 -0.0094 -0.0302 0.7511 0.6594
1092.0000 -12.8719 -138.7162 6.1348 -0.0095 -0.0305 0.7513 0.6592
1093.0000 -13.9622 -138.8580 6.0765 -0.0095 -0.0307 0.7515 0.6589
1094.0000 -15.0393 -138.9867 6.0348 -0.0096 -0.0306 0.7518 0.6586
1095.0000 -16.1037 -139.1336 5.9760 -0.0097 -0.0300 0.7521 0.6583
1096.0000 -17.1580 -139.2537 5.9484 -0.0097 -0.0297 0.7525 0.6579
1097.0000 -18.2281 -139.4038 5.9275 -0.0104 -0.0293 0.7528 0.6576
1098.0000 -19.2961 -139.5449 5.9209 -0.0107 -0.0288 0.7531 0.6572
1099.0000 -20.3534 -139.6933 5.8718 -0.0109 -0.0286 0.7534 0.6569
1100.0000 -21.4067 -139.8319 5.8257 -0.0109 -0.0287 0.7536 0.6566
1101.0000 -22.4857 -139.9711 5.7679 -0.0110 -0.0286 0.7540 0.6562
1102.0000 -23.5339 -140.1198 5.7251 -0.0105 -0.0286 0.7541 0.6560
1103.0000 -24.5955 -140.2592 5.6955 -0.0106 -0.0284 0.7544 0.6557
1104.0000 -25.6824 -140.4104 5.6551 -0.0107 -0.0282 0.7547 0.6553
1105.0000 -26.7407 -140.5565 5.6018 -0.0107 -0.0279 0.7550 0.6550
1106.0000 -27.8107 -140.7061 5.5781 -0.0102 -0.0278 0.7551 0.6549
1107.0000 -28.8833 -140.8545 5.5403 -0.0103 -0.0275 0.7551 0.6550
1108.0000 -29.9686 -141.0102 5.5264 -0.0103 -0.0276 0.7547 0.6554
1109.0000 -31.0393 -141.1502 5.4876 -0.0104 -0.0272 0.7541 0.6561
1110.0000 -32.1141 -141.3000 5.4239 -0.0099 -0.0272 0.7539 0.6563
1111.0000 -33.1827 -141.4391 5.3647 -0.0101 -0.0273 0.7537 0.6565
1112.0000 -34.2430 -141.5929 5.3248 -0.0101 -0.0273 0.7535 0.6568
1113.0000 -35.3216 -141.7318 5.3134 -0.0099 -0.0275 0.7532 0.6571
1114.0000 -36.3745 -141.8814 5.2959 -0.0099 -0.0274 0.7529 0.6575
1115.0000 -37.4288 -142.0206 5.2677 -0.0096 -0.0273 0.7529 0.6575
1116.0000 -38.4967 -142.1610 5.2160 -0.0095 -0.0274 0.7529 0.6575
1117.0000 -39.5456 -142.2933 5.1761 -0.0099 -0.0272 0.7531 0.6573
1118.0000 -40.5936 -142.4360 5.1348 -0.0100 -0.0270 0.7532 0.6571
1119.0000 -41.6468 -142.5677 5.1139 -0.0102 -0.0270 0.7533 0.6570
1120.0000 -42.6921 -142.7121 5.0815 -0.0101 -0.0270 0.7533 0.6570
1121.0000 -43.7410 -142.8417 5.0593 -0.0105 -0.0272 0.7534 0.6569
1122.0000 -44.7958 -142.9945 5.0297 -0.0106 -0.0273 0.7534 0.6569
1123.0000 -45.8153 -143.1269 4.9956 -0.0106 -0.0274 0.7535 0.6568
1124.0000 -46.8256 -143.2807 4.9488 -0.0100 -0.0271 0.7535 0.6569
1125.0000 -47.8599 -143.4092 4.9045 -0.0099 -0.0269 0.7537 0.6566
1126.0000 -48.8743 -143.5494 4.8675 -0.0092 -0.0270 0.7538 0.6565
1127.0000 -49.8924 -143.7027 4.8392 -0.0086 -0.0272 0.7540 0.6563
1128.0000 -50.9170 -143.8421 4.8103 -0.0084 -0.0271 0.7541 0.6561
1129.0000 -51.9302 -143.9744 4.7931 -0.0082 -0.0270 0.7544 0.6558
1130.0000 -52.9510 -144.1138 4.7485 -0.0077 -0.0270 0.7545 0.6557
1131.0000 -53.9783 -144.2495 4.6967 -0.0073 -0.0271 0.7545 0.6557
1132.0000 -54.9953 -144.4035 4.6693 -0.0070 -0.0268 0.7547 0.6555
1133.0000 -56.0326 -144.5335 4.6552 -0.0067 -0.0269 0.7551 0.6551
1134.0000 -57.0557 -144.6789 4.6323 -0.0067 -0.0265 0.7551 0.6551
1135.0000 -58.0877 -144.8216 4.6190 -0.0066 -0.0267 0.7551 0.6550
1136.0000 -59.1175 -144.9647 4.5903 -0.0064 -0.0265 0.7553 0.6548
1137.0000 -60.1485 -145.1159 4.5641 -0.0065 -0.0264 0.7554 0.6547
1138.0000 -61.1561 -145.2563 4.5179 -0.0067 -0.0268 0.7556 0.6545
1139.0000 -62.1965 -145.4031 4.4788 -0.0066 -0.0269 0.7557 0.6543
1140.0000 -63.2191 -145.5418 4.4276 -0.0062 -0.0268 0.7559 0.6541
1141.0000 -64.2530 -145.6904 4.4072 -0.0062 -0.0271 0.7559 0.6540
1142.0000 -65.2829 -145.8429 4.3828 -0.0065 -0.0269 0.7561 0.6539
1143.0000 -66.3192 -145.9879 4.3968 -0.0070 -0.0263 0.7564 0.6536
1144.0000 -67.3224 -146.1336 4.3665 -0.0068 -0.0256 0.7564 0.6536
1145.0000 -68.3601 -146.2761 4.3196 -0.0070 -0.0255 0.7566 0.6533
1146.0000 -69.3695 -146.4248 4.2703 -0.0072 -0.0255 0.7567 0.6533
1147.0000 -70.3968 -146.5629 4.2299 -0.0069 -0.0256 0.7569 0.6530
1148.0000 -71.4191 -146.7142 4.2010 -0.0069 -0.0256 0.7571 0.6527
1149.0000 -72.4335 -146.8571 4.1924 -0.0070 -0.0260 0.7574 0.6524
1150.0000 -73.4360 -147.0086 4.1891 -0.0073 -0.0258 0.7575 0.6523
1151.0000 -74.4369 -147.1643 4.1716 -0.0073 -0.0256 0.7577 0.6521
1152.0000 -75.4462 -147.3050 4.1364 -0.0076 -0.0256 0.7578 0.6519
1153.0000 -76.4586 -147.4489 4.0813 -0.0073 -0.0257 0.7579 0.6518
1154.0000 -77.4485 -147.5976 4.0418 -0.0070 -0.0255 0.7580 0.6517
1155.0000 -78.4210 -147.7420 4.0023 -0.0067 -0.0252 0.7580 0.6517
1156.0000 -79.4083 -147.8947 3.9987 -0.0062 -0.0255 0.7580 0.6517
1157.0000 -80.3980 -148.0367 4.0038 -0.0060 -0.0254 0.7581 0.6516
1158.0000 -81.3828 -148.1919 4.0051 -0.0058 -0.0255 0.7580 0.6517
1159.0000 -82.3439 -148.3473 3.9663 -0.0054 -0.0256 0.7576 0.6522
1160.0000 -83.3352 -148.4953 3.9110 -0.0046 -0.0261 0.7572 0.6526
1161.0000 -84.3130 -148.6352 3.8787 -0.0041 -0.0265 0.7568 0.6531
1162.0000 -85.2480 -148.7732 3.8671 -0.0040 -0.0268 0.7561 0.6538
1163.0000 -86.1825 -148.8960 3.8475 -0.0039 -0.0269 0.7557 0.6544
1164.0000 -87.1124 -149.0187 3.8283 -0.0041 -0.0269 0.7551 0.6550
1165.0000 -88.0246 -149.1462 3.8320 -0.0039 -0.0273 0.7547 0.6554
1166.0000 -88.9077 -149.2700 3.8361 -0.0038 -0.0274 0.7542 0.6560
1167.0000 -89.7827 -149.3899 3.8011 -0.0036 -0.0274 0.7535 0.6569
1168.0000 -90.6263 -149.5075 3.7685 -0.0034 -0.0277 0.7526 0.6579
1169.0000 -91.4653 -149.6085 3.7487 -0.0032 -0.0279 0.7521 0.6584
1170.0000 -92.2505 -149.7107 3.7227 -0.0029 -0.0280 0.7516 0.6590
1171.0000 -93.0163 -149.7920 3.7102 -0.0028 -0.0279 0.7511 0.6596
1172.0000 -93.7583 -149.8863 3.7204 -0.0028 -0.0277 0.7507 0.6601
1173.0000 -94.4627 -149.9779 3.7207 -0.0027 -0.0279 0.7503 0.6605
1174.0000 -95.1414 -150.0564 3.7073 -0.0025 -0.0279 0.7502 0.6606
1175.0000 -95.7899 -150.1267 3.7029 -0.0025 -0.0277 0.7503 0.6605
1176.0000 -96.4367 -150.2128 3.6680 -0.0025 -0.0276 0.7505 0.6603
1177.0000 -97.0258 -150.2840 3.6590 -0.0025 -0.0274 0.7508 0.6599
1178.0000 -97.5860 -150.3553 3.6496 -0.0022 -0.0276 0.7513 0.6594
1179.0000 -98.1396 -150.4290 3.6514 -0.0023 -0.0274 0.7516 0.6590
1180.0000 -98.6628 -150.4852 3.6432 -0.0024 -0.0271 0.7522 0.6584
1181.0000 -99.1599 -150.5551 3.6164 -0.0022 -0.0268 0.7530 0.6574
1182.0000 -99.6379 -150.6221 3.6186 -0.0022 -0.0268 0.7538 0.6565
1183.0000 -100.0859 -150.6848 3.6167 -0.0022 -0.0266 0.7546 0.6557
1184.0000 -100.5078 -150.7441 3.6080 -0.0022 -0.0266 0.7553 0.6549
1185.0000 -100.8974 -150.8129 3.6070 -0.0020 -0.0265 0.7560 0.6540
1186.0000 -101.2810 -150.8713 3.5887 -0.0018 -0.0264 0.7570 0.6529
1187.0000 -101.6531 -150.9125 3.5781 -0.0015 -0.0264 0.7579 0.6518
1188.0000 -101.9832 -150.9719 3.5702 -0.0014 -0.0263 0.7584 0.6512
1189.0000 -102.3122 -151.0181 3.5662 -0.0014 -0.0262 0.7592 0.6504
1190.0000 -102.6243 -151.0678 3.5687 -0.0015 -0.0261 0.7599 0.6495
1191.0000 -102.9269 -151.1222 3.5695 -0.0016 -0.0260 0.7604 0.6489
1192.0000 -103.2007 -151.1600 3.5620 -0.0013 -0.0261 0.7610 0.6482
1193.0000 -103.4803 -151.2132 3.5483 -0.0012 -0.0261 0.7617 0.6474
1194.0000 -103.7285 -151.2601 3.5540 -0.0009 -0.0263 0.7621 0.6469
1195.0000 -103.9862 -151.2992 3.5421 -0.0005 -0.0264 0.7628 0.6461
1196.0000 -104.1979 -151.3393 3.5459 -0.0007 -0.0263 0.7631 0.6457
1197.0000 -104.4284 -151.3711 3.5396 -0.0007 -0.0261 0.7637 0.6451
1198.0000 -104.6416 -151.3992 3.5408 -0.0008 -0.0259 0.7640 0.6447
1199.0000 -104.8309 -151.4412 3.5382 -0.0006 -0.0260 0.7643 0.6443
1200.0000 -105.0223 -151.4692 3.5345 -0.0005 -0.0259 0.7649 0.6436
1201.0000 -105.2278 -151.5092 3.5297 -0.0006 -0.0257 0.7653 0.6432
1202.0000 -105.4092 -151.5454 3.5167 -0.0005 -0.0257 0.7655 0.6429
1203.0000 -105.5778 -151.5780 3.5249 -0.0005 -0.0257 0.7658 0.6426
1204.0000 -105.7413 -151.6076 3.5225 -0.0004 -0.0258 0.7662 0.6421
1205.0000 -105.9101 -151.6398 3.5180 -0.0004 -0.0258 0.7664 0.6418
1206.0000 -106.0769 -151.6600 3.5211 -0.0003 -0.0259 0.7668 0.6414
1207.0000 -106.2272 -151.6832 3.5224 -0.0004 -0.0258 0.7669 0.6412
1208.0000 -106.3718 -151.7184 3.5177 -0.0003 -0.0259 0.7671 0.6410
1209.0000 -106.5045 -151.7452 3.5075 -0.0002 -0.0258 0.7674 0.6406
1210.0000 -106.6283 -151.7656 3.5119 -0.0001 -0.0259 0.7678 0.6402
1211.0000 -106.7542 -151.7858 3.5087 -0.0002 -0.0257 0.7679 0.6400
1212.0000 -106.8769 -151.8109 3.5060 -0.0002 -0.0258 0.7680 0.6399
1213.0000 -106.9695 -151.8283 3.5068 -0.0001 -0.0258 0.7682 0.6397
1214.0000 -107.0736 -151.8513 3.5087 -0.0002 -0.0257 0.7685 0.6393
1215.0000 -107.1814 -151.8731 3.5082 -0.0001 -0.0258 0.7686 0.6392
1216.0000 -107.2671 -151.8843 3.5118 0.0000 -0.0259 0.7687 0.6391
1217.0000 -107.3467 -151.9035 3.5033 -0.0001 -0.0258 0.7688 0.6389
1218.0000 -107.4227 -151.9153 3.4987 -0.0000 -0.0258 0.7691 0.6386
1219.0000 -107.4805 -151.9275 3.4965 0.0001 -0.0257 0.7692 0.6385
1220.0000 -107.5433 -151.9363 3.4929 0.0000 -0.0255 0.7694 0.6383
1221.0000 -107.6010 -151.9336 3.4986 0.0001 -0.0256 0.7695 0.6381
1222.0000 -107.6328 -151.9413 3.4936 0.0001 -0.0256 0.7695 0.6381
1223.0000 -107.6738 -151.9519 3.4940 0.0001 -0.0256 0.7696 0.6380
1224.0000 -107.7057 -151.9593 3.4901 0.0001 -0.0255 0.7697 0.6379
1225.0000 -107.7234 -151.9603 3.4921 0.0001 -0.0256 0.7697 0.6379
1226.0000 -107.7317 -151.9715 3.4924 0.0002 -0.0256 0.7697 0.6379
1227.0000 -107.7488 -151.9572 3.4974 0.0002 -0.0257 0.7698 0.6378
1228.0000 -107.7438 -151.9625 3.4988 0.0002 -0.0257 0.7698 0.6378
1229.0000 -107.7370 -151.9572 3.4987 0.0001 -0.0256 0.7698 0.6378
1230.0000 -107.7381 -151.9598 3.4989 0.0001 -0.0255 0.7698 0.6378
1231.0000 -107.7374 -151.9626 3.4922 0.0002 -0.0254 0.7698 0.6378
1232.0000 -107.7392 -151.9607 3.4903 0.0002 -0.0254 0.7698 0.6378
1233.0000 -107.7388 -151.9667 3.4922 0.0002 -0.0254 0.7698 0.6378
1234.0000 -107.7391 -151.9642 3.4936 0.0002 -0.0255 0.7698 0.6378
1235.0000 -107.7386 -151.9602 3.4905 0.0001 -0.0254 0.7698 0.6378
1236.0000 -107.7397 -151.9663 3.4894 0.0002 -0.0254 0.7698 0.6378
1237.0000 -107.7399 -151.9670 3.4908 0.0002 -0.0254 0.7698 0.6378
1238.0000 -107.7382 -151.9699 3.4899 0.0001 -0.0254 0.7698 0.6378
1239.0000 -107.7426 -151.9642 3.4908 0.0002 -0.0254 0.7698 0.6378
1240.0000 -107.7384 -151.9655 3.4932 0.0002 -0.0255 0.7698 0.6378
1241.0000 -107.7389 -151.9630 3.4888 0.0002 -0.0254 0.7698 0.6378
1242.0000 -107.7444 -151.9615 3.4913 0.0001 -0.0254 0.7698 0.6377
1243.0000 -107.7367 -151.9626 3.4906 0.0002 -0.0254 0.7698 0.6378
1244.0000 -107.7377 -151.9635 3.4916 0.0002 -0.0254 0.7698 0.6378
1245.0000 -107.7379 -151.9612 3.4930 0.0002 -0.0254 0.7698 0.6378
1246.0000 -107.7428 -151.9637 3.4942 0.0001 -0.0254 0.7698 0.6378
1247.0000 -107.7449 -151.9591 3.4952 0.0002 -0.0255 0.7698 0.6378
1248.0000 -107.7389 -151.9621 3.4934 0.0002 -0.0254 0.7698 0.6378
1249.0000 -107.7400 -151.9622 3.4901 0.0002 -0.0254 0.7698 0.6378
1250.0000 -107.7407 -151.9629 3.4931 0.0002 -0.0254 0.7698 0.6378
1251.0000 -107.7419 -151.9619 3.4920 0.0002 -0.0254 0.7698 0.6378
1252.0000 -107.7340 -151.9611 3.4941 0.0002 -0.0254 0.7698 0.6378
1253.0000 -107.7389 -151.9605 3.4899 0.0002 -0.0254 0.7698 0.6378
1254.0000 -107.7376 -151.9654 3.4901 0.0002 -0.0254 0.7698 0.6378
1255.0000 -107.7411 -151.9620 3.4909 0.0002 -0.0254 0.7698 0.6378
1256.0000 -107.7424 -151.9617 3.4919 0.0002 -0.0254 0.7698 0.6378
1257.0000 -107.7396 -151.9642 3.4906 0.0001 -0.0254 0.7698 0.6378
1258.0000 -107.7399 -151.9623 3.4903 0.0002 -0.0254 0.7698 0.6378
1259.0000 -107.7429 -151.9602 3.4933 0.0002 -0.0254 0.7698 0.6378
1260.0000 -107.7381 -151.9608 3.4919 0.0002 -0.0254 0.7698 0.6378
1261.0000 -107.7406 -151.9629 3.4922 0.0002 -0.0254 0.7698 0.6378
1262.0000 -107.7367 -151.9647 3.4943 0.0002 -0.0254 0.7698 0.6378
1263.0000 -107.7403 -151.9611 3.4886 0.0002 -0.0254 0.7698 0.6378
1264.0000 -107.7393 -151.9629 3.4929 0.0002 -0.0254 0.7698 0.6378
1265.0000 -107.7412 -151.9603 3.4906 0.0001 -0.0254 0.7698 0.6378
1266.0000 -107.7412 -151.9618 3.4900 0.0002 -0.0254 0.7698 0.6378
1267.0000 -107.7373 -151.9628 3.4922 0.0002 -0.0254 0.7698 0.6378
1268.0000 -107.7368 -151.9602 3.4925 0.0002 -0.0255 0.7698 0.6378
1269.0000 -107.7348 -151.9635 3.4933 0.0002 -0.0254 0.7698 0.6378
1270.0000 -107.7342 -151.9607 3.4925 0.0001 -0.0254 0.7698 0.6378
1271.0000 -107.7394 -151.9605 3.4918 0.0001 -0.0254 0.7698 0.6378
1272.0000 -107.7393 -151.9565 3.4935 0.0002 -0.0254 0.7698 0.6378
1273.0000 -107.7400 -151.9620 3.4930 0.0001 -0.0254 0.7698 0.6378
1274.0000 -107.7426 -151.9646 3.4932 0.0002 -0.0255 0.7698 0.6378
1275.0000 -107.7367 -151.9617 3.4953 0.0002 -0.0255 0.7698 0.6378
1276.0000 -107.7409 -151.9605 3.4907 0.0001 -0.0254 0.7698 0.6378
1277.0000 -107.7439 -151.9620 3.4933 0.0001 -0.0255 0.7698 0.6378
1278.0000 -107.7404 -151.9609 3.4944 0.0002 -0.0255 0.7698 0.6378
1279.0000 -107.7377 -151.9630 3.4942 0.0001 -0.0254 0.7698 0.6378
1280.0000 -107.7374 -151.9626 3.4954 0.0001 -0.0254 0.7698 0.6378
1281.0000 -107.7382 -151.9607 3.4936 0.0001 -0.0254 0.7698 0.6378
1282.0000 -107.7422 -151.9614 3.4908 0.0002 -0.0254 0.7698 0.6378
1283.0000 -107.7404 -151.9618 3.4918 0.0001 -0.0254 0.7698 0.6378
1284.0000 -107.7376 -151.9615 3.4909 0.0002 -0.0254 0.7698 0.6378
1285.0000 -107.7414 -151.9635 3.4929 0.0002 -0.0254 0.7698 0.6378
1286.0000 -107.7412 -151.9630 3.4911 0.0002 -0.0254 0.7698 0.6378
1287.0000 -107.7437 -151.9608 3.4928 0.0002 -0.0255 0.7698 0.6378
1288.0000 -107.7398 -151.9619 3.4944 0.0001 -0.0255 0.7698 0.6378
1289.0000 -107.7403 -151.9606 3.4934 0.0001 -0.0254 0.7698 0.6378
1290.0000 -107.7363 -151.9637 3.4956 0.0002 -0.0255 0.7698 0.6378
1291.0000 -107.7341 -151.9653 3.4979 0.0001 -0.0255 0.7698 0.6378
1292.0000 -107.7407 -151.9584 3.4936 0.0001 -0.0255 0.7698 0.6377
1293.0000 -107.7383 -151.9610 3.4924 0.0002 -0.0254 0.7698 0.6378
1294.0000 -107.7360 -151.9657 3.4941 0.0002 -0.0255 0.7697 0.6378
1295.0000 -107.7407 -151.9646 3.4960 0.0001 -0.0255 0.7698 0.6378
1296.0000 -107.7363 -151.9613 3.4914 0.0002 -0.0254 0.7698 0.6378
1297.0000 -107.7416 -151.9622 3.4938 0.0002 -0.0255 0.7698 0.6378
1298.0000 -107.7389 -151.9631 3.4964 0.0001 -0.0255 0.7698 0.6378
1299.0000 -107.7385 -151.9630 3.4949 0.0001 -0.0255 0.7698 0.6378
1300.0000 -107.7435 -151.9623 3.4952 0.0001 -0.0254 0.7698 0.6378
1301.0000 -107.7410 -151.9662 3.4929 0.0001 -0.0254 0.7698 0.6378
1302.0000 -107.7403 -151.9577 3.4938 0.0002 -0.0254 0.7698 0.6378
1303.0000 -107.7484 -151.9643 3.4922 0.0002 -0.0255 0.7698 0.6378
1304.0000 -107.7419 -151.9606 3.4938 0.0002 -0.0254 0.7698 0.6378
1305.0000 -107.7416 -151.9612 3.4943 0.0001 -0.0255 0.7698 0.6377
1306.0000 -107.7399 -151.9638 3.4927 0.0002 -0.0255 0.7698 0.6378
1307.0000 -107.7426 -151.9614 3.4937 0.0002 -0.0255 0.7698 0.6378
1308.0000 -107.7377 -151.9622 3.4910 0.0002 -0.0254 0.7698 0.6378
1309.0000 -107.7398 -151.9631 3.4937 0.0001 -0.0255 0.7698 0.6378
1310.0000 -107.7403 -151.9606 3.4938 0.0001 -0.0254 0.7698 0.6378
1311.0000 -107.7419 -151.9631 3.4917 0.0002 -0.0255 0.7698 0.6378
1312.0000 -107.7379 -151.9609 3.4936 0.0001 -0.0255 0.7698 0.6378
1313.0000 -107.7438 -151.9645 3.4938 0.0002 -0.0255 0.7698 0.6378
1314.0000 -107.7348 -151.9624 3.4944 0.0002 -0.0255 0.7698 0.6378
1315.0000 -107.7378 -151.9623 3.4961 0.0002 -0.0255 0.7698 0.6378
1316.0000 -107.7420 -151.9664 3.4943 0.0002 -0.0255 0.7698 0.6378
1317.0000 -107.7412 -151.9662 3.4948 0.0002 -0.0255 0.7698 0.6378
1318.0000 -107.7449 -151.9598 3.4945 0.0001 -0.0255 0.7698 0.6378
1319.0000 -107.7400 -151.9648 3.4959 0.0001 -0.0255 0.7698 0.6378
1320.0000 -107.7377 -151.9638 3.4956 0.0001 -0.0255 0.7698 0.6378
1321.0000 -107.7404 -151.9641 3.4958 0.0001 -0.0255 0.7698 0.6378
1322.0000 -107.7364 -151.9649 3.4942 0.0002 -0.0255 0.7698 0.6378
1323.0000 -107.7362 -151.9623 3.4935 0.0002 -0.0255 0.7698 0.6378
1324.0000 -107.7385 -151.9644 3.4947 0.0001 -0.0255 0.7698 0.6378
1325.0000 -107.7406 -151.9629 3.4933 0.0001 -0.0255 0.7698 0.6378
1326.0000 -107.7363 -151.9636 3.4953 0.0002 -0.0255 0.7698 0.6378
1327.0000 -107.7374 -151.9641 3.4948 0.0002 -0.0255 0.7698 0.6378
1328.0000 -107.7367 -151.9613 3.4941 0.0002 -0.0255 0.7698 0.6378
1329.0000 -107.7393 -151.9612 3.4961 0.0002 -0.0255 0.7697 0.6378
1330.0000 -107.7365 -151.9639 3.4949 0.0002 -0.0254 0.7698 0.6378
1331.0000 -107.7373 -151.9596 3.4934 0.0002 -0.0254 0.7698 0.6378
1332.0000 -107.7395 -151.9568 3.4935 0.0002 -0.0255 0.7698 0.6378
1333.0000 -107.7353 -151.9650 3.4934 0.0001 -0.0254 0.7698 0.6378
1334.0000 -107.7373 -151.9671 3.4934 0.0002 -0.0255 0.7698 0.6378
1335.0000 -107.7361 -151.9644 3.4950 0.0001 -0.0255 0.7698 0.6378
1336.0000 -107.7365 -151.9653 3.4950 0.0002 -0.0255 0.7698 0.6378
1337.0000 -107.7374 -151.9639 3.4934 0.0002 -0.0255 0.7698 0.6378
1338.0000 -107.7374 -151.9641 3.4927 0.0002 -0.0254 0.7698 0.6378
1339.0000 -107.7400 -151.9611 3.4928 0.0002 -0.0254 0.7698 0.6378
1340.0000 -107.7401 -151.9665 3.4953 0.0002 -0.0255 0.7697 0.6378
1341.0000 -107.7407 -151.9637 3.4955 0.0002 -0.0255 0.7698 0.6378
1342.0000 -107.7424 -151.9655 3.4942 0.0002 -0.0255 0.7698 0.6378
1343.0000 -107.7460 -151.9649 3.4920 0.0002 -0.0254 0.7698 0.6378
1344.0000 -107.7386 -151.9621 3.4912 0.0001 -0.0254 0.7698 0.6378
1345.0000 -107.7411 -151.9621 3.4952 0.0001 -0.0254 0.7698 0.6378
1346.0000 -107.7392 -151.9615 3.4954 0.0002 -0.0255 0.7698 0.6378
1347.0000 -107.7396 -151.9608 3.4952 0.0002 -0.0255 0.7698 0.6378
1348.0000 -107.7437 -151.9627 3.4941 0.0001 -0.0254 0.7698 0.6378
1349.0000 -107.7406 -151.9597 3.4924 0.0002 -0.0254 0.7698 0.6378
1350.0000 -107.7375 -151.9619 3.4905 0.0001 -0.0254 0.7698 0.6378
1351.0000 -107.7408 -151.9624 3.4931 0.0002 -0.0254 0.7698 0.6378
1352.0000 -107.7387 -151.9627 3.4924 0.0002 -0.0255 0.7698 0.6378
1353.0000 -107.7392 -151.9635 3.4948 0.0002 -0.0255 0.7698 0.6378
1354.0000 -107.7426 -151.9623 3.4915 0.0002 -0.0254 0.7698 0.6378
1355.0000 -107.7373 -151.9640 3.4897 0.0002 -0.0254 0.7698 0.6378
1356.0000 -107.7377 -151.9620 3.4955 0.0002 -0.0255 0.7698 0.6378
1357.0000 -107.7357 -151.9633 3.4924 0.0001 -0.0254 0.7698 0.6378
1358.0000 -107.7411 -151.9653 3.4920 0.0002 -0.0254 0.7697 0.6378
1359.0000 -107.7463 -151.9678 3.4905 0.0002 -0.0254 0.7697 0.6378
1360.0000 -107.7419 -151.9629 3.4908 0.0001 -0.0254 0.7698 0.6378
1361.0000 -107.7396 -151.9620 3.4934 0.0002 -0.0255 0.7698 0.6378
1362.0000 -107.7392 -151.9664 3.4934 0.0002 -0.0255 0.7698 0.6378
1363.0000 -107.7387 -151.9647 3.4937 0.0002 -0.0254 0.7697 0.6378
1364.0000 -107.7427 -151.9665 3.4930 0.0002 -0.0255 0.7698 0.6378
1365.0000 -107.7465 -151.9609 3.4911 0.0001 -0.0254 0.7698 0.6378
1366.0000 -107.7442 -151.9616 3.4934 0.0001 -0.0255 0.7698 0.6378
1367.0000 -107.7410 -151.9620 3.4928 0.0002 -0.0254 0.7698 0.6378
1368.0000 -107.7296 -151.9639 3.4939 0.0002 -0.0255 0.7698 0.6378
1369.0000 -107.7349 -151.9624 3.4930 0.0002 -0.0254 0.7698 0.6378
1370.0000 -107.7365 -151.9613 3.4936 0.0002 -0.0255 0.7698 0.6378
1371.0000 -107.7348 -151.9623 3.4923 0.0002 -0.0254 0.7698 0.6378
1372.0000 -107.7374 -151.9629 3.4928 0.0002 -0.0255 0.7698 0.6378
1373.0000 -107.7392 -151.9639 3.4935 0.0002 -0.0255 0.7698 0.6378
1374.0000 -107.7412 -151.9652 3.4953 0.0001 -0.0255 0.7697 0.6378
1375.0000 -107.7425 -151.9649 3.4948 0.0002 -0.0255 0.7698 0.6378
1376.0000 -107.7402 -151.9667 3.4941 0.0001 -0.0254 0.7698 0.6378
1377.0000 -107.7399 -151.9630 3.4942 0.0002 -0.0254 0.7698 0.6378
1378.0000 -107.7359 -151.9672 3.4938 0.0001 -0.0254 0.7698 0.6378
1379.0000 -107.7328 -151.9639 3.4944 0.0001 -0.0254 0.7698 0.6378
1380.0000 -107.7367 -151.9630 3.4932 0.0002 -0.0254 0.7698 0.6378
1381.0000 -107.7368 -151.9631 3.4950 0.0002 -0.0255 0.7698 0.6378
1382.0000 -107.7370 -151.9602 3.4955 0.0002 -0.0255 0.7698 0.6378
1383.0000 -107.7365 -151.9609 3.4910 0.0001 -0.0254 0.7698 0.6378
1384.0000 -107.7349 -151.9578 3.4926 0.0002 -0.0254 0.7698 0.6378
1385.0000 -107.7338 -151.9608 3.4911 0.0002 -0.0254 0.7698 0.6378
1386.0000 -107.7393 -151.9636 3.4933 0.0002 -0.0254 0.7698 0.6378
1387.0000 -107.7437 -151.9694 3.4943 0.0001 -0.0255 0.7698 0.6378
1388.0000 -107.7379 -151.9691 3.4932 0.0001 -0.0254 0.7698 0.6378
1389.0000 -107.7422 -151.9677 3.4940 0.0001 -0.0254 0.7698 0.6378
1390.0000 -107.7376 -151.9616 3.4967 0.0002 -0.0255 0.7698 0.6378
1391.0000 -107.7377 -151.9627 3.4936 0.0001 -0.0254 0.7698 0.6378
1392.0000 -107.7353 -151.9622 3.4923 0.0002 -0.0254 0.7698 0.6378
1393.0000 -107.7365 -151.9635 3.4913 0.0001 -0.0254 0.7698 0.6378
1394.0000 -107.7345 -151.9672 3.4925 0.0001 -0.0254 0.7698 0.6378
1395.0000 -107.7319 -151.9649 3.4903 0.0001 -0.0254 0.7698 0.6378
1396.0000 -107.7379 -151.9638 3.4952 0.0002 -0.0255 0.7697 0.6379
1397.0000 -107.7397 -151.9634 3.4917 0.0002 -0.0254 0.7698 0.6378
1398.0000 -107.7423 -151.9655 3.4965 0.0002 -0.0255 0.7698 0.6378
1399.0000 -107.7373 -151.9629 3.4945 0.0002 -0.0255 0.7698 0.6378
1400.0000 -107.7378 -151.9628 3.4955 0.0002 -0.0255 0.7698 0.6378
1401.0000 -107.7363 -151.9648 3.4936 0.0001 -0.0254 0.7698 0.6378
1402.0000 -107.7352 -151.9636 3.4959 0.0002 -0.0255 0.7698 0.6378
1403.0000 -107.7366 -151.9615 3.4923 0.0002 -0.0254 0.7697 0.6378
1404.0000 -107.7329 -151.9626 3.4916 0.0001 -0.0254 0.7698 0.6378
1405.0000 -107.7390 -151.9629 3.4927 0.0002 -0.0254 0.7698 0.6378
1406.0000 -107.7378 -151.9652 3.4931 0.0002 -0.0254 0.7698 0.6378
1407.0000 -107.7342 -151.9623 3.4954 0.0001 -0.0254 0.7698 0.6378
1408.0000 -107.7326 -151.9637 3.4925 0.0002 -0.0254 0.7697 0.6378
1409.0000 -107.7341 -151.9683 3.4919 0.0001 -0.0254 0.7697 0.6379
1410.0000 -107.7348 -151.9642 3.4933 0.0002 -0.0254 0.7698 0.6378
1411.0000 -107.7368 -151.9644 3.4941 0.0002 -0.0255 0.7698 0.6378
1412.0000 -107.7379 -151.9626 3.4944 0.0001 -0.0254 0.7698 0.6378
1413.0000 -107.7390 -151.9617 3.4913 0.0002 -0.0254 0.7698 0.6378
1414.0000 -107.7344 -151.9649 3.4902 0.0002 -0.0254 0.7697 0.6379
1415.0000 -107.7331 -151.9666 3.4933 0.0002 -0.0255 0.7697 0.6379
1416.0000 -107.7437 -151.9658 3.4943 0.0001 -0.0255 0.7698 0.6378
1417.0000 -107.7352 -151.9664 3.4931 0.0001 -0.0254 0.7698 0.6378
1418.0000 -107.7314 -151.9663 3.4890 0.0001 -0.0254 0.7697 0.6379
1419.0000 -107.7413 -151.9628 3.4919 0.0002 -0.0254 0.7698 0.6378
1420.0000 -107.7374 -151.9642 3.4964 0.0002 -0.0255 0.7698 0.6378
1421.0000 -107.7454 -151.9688 3.4952 0.0001 -0.0254 0.7698 0.6378
1422.0000 -107.7295 -151.9639 3.4913 0.0001 -0.0254 0.7698 0.6378
1423.0000 -107.7391 -151.9626 3.4904 0.0002 -0.0254 0.7698 0.6378
1424.0000 -107.7323 -151.9622 3.4929 0.0002 -0.0255 0.7698 0.6378
1425.0000 -107.7419 -151.9642 3.4960 0.0002 -0.0255 0.7698 0.6378
1426.0000 -107.7446 -151.9656 3.4931 0.0001 -0.0254 0.7698 0.6378
1427.0000 -107.7377 -151.9622 3.4913 0.0001 -0.0254 0.7698 0.6378
1428.0000 -107.7384 -151.9652 3.4888 0.0002 -0.0254 0.7698 0.6378
1429.0000 -107.7446 -151.9654 3.4913 0.0002 -0.0255 0.7698 0.6378
1430.0000 -107.7392 -151.9676 3.4921 0.0002 -0.0254 0.7698 0.6378
1431.0000 -107.7435 -151.9679 3.4950 0.0002 -0.0255 0.7698 0.6378
1432.0000 -107.7423 -151.9687 3.4934 0.0001 -0.0254 0.7698 0.6378
1433.0000 -107.7411 -151.9630 3.4910 0.0002 -0.0254 0.7698 0.6378
1434.0000 -107.7363 -151.9690 3.4920 0.0002 -0.0254 0.7698 0.6378
1435.0000 -107.7417 -151.9702 3.4908 0.0002 -0.0254 0.7698 0.6378
1436.0000 -107.7402 -151.9642 3.4931 0.0001 -0.0254 0.7698 0.6378
1437.0000 -107.7349 -151.9687 3.4882 0.0001 -0.0253 0.7698 0.6378
1438.0000 -107.7316 -151.9661 3.4927 0.0002 -0.0254 0.7697 0.6378
1439.0000 -107.7411 -151.9687 3.4870 0.0002 -0.0254 0.7697 0.6379
1440.0000 -107.7385 -151.9653 3.4940 0.0002 -0.0255 0.7697 0.6378
1441.0000 -107.7407 -151.9629 3.4978 0.0001 -0.0255 0.7698 0.6378
1442.0000 -107.7410 -151.9607 3.4925 0.0001 -0.0254 0.7698 0.6378
1443.0000 -107.7378 -151.9686 3.4890 0.0002 -0.0254 0.7698 0.6378
1444.0000 -107.7449 -151.9717 3.4879 0.0002 -0.0254 0.7697 0.6379
1445.0000 -107.7361 -151.9654 3.4937 0.0002 -0.0255 0.7697 0.6378
1446.0000 -107.7420 -151.9632 3.4933 0.0002 -0.0255 0.7698 0.6378
1447.0000 -107.7437 -151.9668 3.4933 0.0001 -0.0254 0.7698 0.6378
1448.0000 -107.7402 -151.9656 3.4916 0.0001 -0.0254 0.7698 0.6378
1449.0000 -107.7350 -151.9631 3.4927 0.0001 -0.0254 0.7698 0.6378
1450.0000 -107.7397 -151.9658 3.4921 0.0002 -0.0254 0.7698 0.6378
1451.0000 -107.7396 -151.9673 3.4903 0.0002 -0.0254 0.7698 0.6378
1452.0000 -107.7362 -151.9636 3.4923 0.0002 -0.0254 0.7698 0.6378
1453.0000 -107.7391 -151.9679 3.4918 0.0002 -0.0255 0.7698 0.6378
1454.0000 -107.7399 -151.9678 3.4901 0.0002 -0.0254 0.7698 0.6378
1455.0000 -107.7361 -151.9687 3.4927 0.0002 -0.0254 0.7698 0.6378
1456.0000 -107.7365 -151.9646 3.4905 0.0002 -0.0254 0.7698 0.6378
1457.0000 -107.7376 -151.9622 3.4913 0.0001 -0.0254 0.7698 0.6378
1458.0000 -107.7390 -151.9666 3.4868 0.0002 -0.0254 0.7697 0.6379
1459.0000 -107.7399 -151.9631 3.4918 0.0002 -0.0254 0.7698 0.6378
1460.0000 -107.7404 -151.9597 3.4924 0.0002 -0.0255 0.7698 0.6378
1461.0000 -107.7375 -151.9664 3.4936 0.0001 -0.0255 0.7698 0.6378
1462.0000 -107.7392 -151.9656 3.4925 0.0001 -0.0254 0.7698 0.6378
1463.0000 -107.7421 -151.9599 3.4919 0.0002 -0.0255 0.7698 0.6377
1464.0000 -107.7453 -151.9650 3.4887 0.0002 -0.0254 0.7698 0.6378
1465.0000 -107.7412 -151.9638 3.4914 0.0002 -0.0255 0.7698 0.6378
1466.0000 -107.7344 -151.9642 3.4907 0.0002 -0.0255 0.7698 0.6378
1467.0000 -107.7439 -151.9615 3.4912 0.0002 -0.0254 0.7698 0.6378
1468.0000 -107.7464 -151.9612 3.4920 0.0002 -0.0254 0.7698 0.6378
1469.0000 -107.7395 -151.9610 3.4888 0.0001 -0.0254 0.7698 0.6378
1470.0000 -107.7396 -151.9638 3.4900 0.0002 -0.0254 0.7698 0.6378
1471.0000 -107.7423 -151.9697 3.4903 0.0002 -0.0255 0.7698 0.6378
1472.0000 -107.7401 -151.9651 3.4937 0.0002 -0.0255 0.7698 0.6378
1473.0000 -107.7430 -151.9627 3.4946 0.0002 -0.0255 0.7698 0.6378
1474.0000 -107.7402 -151.9645 3.4940 0.0001 -0.0255 0.7698 0.6378
1475.0000 -107.7361 -151.9658 3.4920 0.0002 -0.0254 0.7698 0.6378
1476.0000 -107.7390 -151.9637 3.4895 0.0002 -0.0254 0.7698 0.6378
1477.0000 -107.7390 -151.9665 3.4900 0.0002 -0.0254 0.7697 0.6378
1478.0000 -107.7363 -151.9637 3.4923 0.0002 -0.0255 0.7697 0.6378
1479.0000 -107.7423 -151.9656 3.4937 0.0002 -0.0255 0.7698 0.6378
1480.0000 -107.7460 -151.9589 3.4939 0.0002 -0.0254 0.7698 0.6378
1481.0000 -107.7395 -151.9644 3.4898 0.0001 -0.0254 0.7698 0.6378
1482.0000 -107.7321 -151.9665 3.4888 0.0002 -0.0254 0.7698 0.6378
1483.0000 -107.7380 -151.9662 3.4927 0.0002 -0.0254 0.7698 0.6378
1484.0000 -107.7411 -151.9674 3.4932 0.0002 -0.0255 0.7698 0.6378
1485.0000 -107.7394 -151.9655 3.4934 0.0002 -0.0255 0.7698 0.6378
1486.0000 -107.7442 -151.9642 3.4919 0.0001 -0.0254 0.7698 0.6378
1487.0000 -107.7409 -151.9600 3.4952 0.0002 -0.0255 0.7698 0.6378
1488.0000 -107.7427 -151.9625 3.4898 0.0002 -0.0254 0.7698 0.6378
1489.0000 -107.7405 -151.9640 3.4887 0.0002 -0.0254 0.7698 0.6378
1490.0000 -107.7351 -151.9639 3.4945 0.0002 -0.0255 0.7698 0.6377
1491.0000 -107.7420 -151.9648 3.4944 0.0002 -0.0255 0.7698 0.6378
1492.0000 -107.7406 -151.9649 3.4909 0.0002 -0.0254 0.7698 0.6378
1493.0000 -107.7393 -151.9616 3.4959 0.0002 -0.0255 0.7698 0.6378
1494.0000 -107.7369 -151.9643 3.4918 0.0002 -0.0254 0.7698 0.6378
1495.0000 -107.7385 -151.9656 3.4907 0.0002 -0.0254 0.7698 0.6378
1496.0000 -107.7345 -151.9651 3.4893 0.0001 -0.0254 0.7698 0.6378
1497.0000 -107.7361 -151.9615 3.4908 0.0002 -0.0254 0.7698 0.6378
1498.0000 -107.7375 -151.9659 3.4933 0.0002 -0.0255 0.7698 0.6378
1499.0000 -107.7432 -151.9651 3.4925 0.0002 -0.0255 0.7698 0.6378
1500.0000 -107.7423 -151.9629 3.4933 0.0001 -0.0255 0.7698 0.6378
1501.0000 -107.7396 -151.9674 3.4901 0.0001 -0.0254 0.7698 0.6378
1502.0000 -107.7345 -151.9652 3.4910 0.0002 -0.0254 0.7698 0.6378
1503.0000 -107.7422 -151.9657 3.4897 0.0002 -0.0254 0.7698 0.6378
1504.0000 -107.7416 -151.9664 3.4930 0.0002 -0.0255 0.7698 0.6378
1505.0000 -107.7379 -151.9667 3.4892 0.0002 -0.0254 0.7698 0.6378
1506.0000 -107.7460 -151.9655 3.4905 0.0001 -0.0254 0.7698 0.6378
1507.0000 -107.7392 -151.9601 3.4912 0.0001 -0.0254 0.7698 0.6377
1508.0000 -107.7415 -151.9663 3.4892 0.0002 -0.0254 0.7698 0.6378
1509.0000 -107.7422 -151.9631 3.4927 0.0002 -0.0255 0.7698 0.6378
1510.0000 -107.7404 -151.9662 3.4944 0.0002 -0.0255 0.7698 0.6378
1511.0000 -107.7400 -151.9630 3.4954 0.0002 -0.0255 0.7698 0.6378
1512.0000 -107.7392 -151.9610 3.4923 0.0001 -0.0254 0.7698 0.6378
1513.0000 -107.7418 -151.9649 3.4889 0.0002 -0.0254 0.7698 0.6378
1514.0000 -107.7404 -151.9619 3.4891 0.0001 -0.0254 0.7698 0.6378
1515.0000 -107.7424 -151.9632 3.4931 0.0002 -0.0255 0.7698 0.6378
1516.0000 -107.7398 -151.9685 3.4965 0.0002 -0.0255 0.7698 0.6378
1517.0000 -107.7423 -151.9660 3.4962 0.0001 -0.0255 0.7698 0.6378
1518.0000 -107.7506 -151.9627 3.4909 0.0002 -0.0254 0.7698 0.6378
1519.0000 -107.7452 -151.9644 3.4869 0.0001 -0.0253 0.7698 0.6378
1520.0000 -107.7413 -151.9678 3.4911 0.0002 -0.0254 0.7698 0.6378
1521.0000 -107.7401 -151.9674 3.4881 0.0002 -0.0254 0.7698 0.6378
1522.0000 -107.7426 -151.9614 3.4914 0.0002 -0.0255 0.7698 0.6378
1523.0000 -107.7360 -151.9700 3.4908 0.0002 -0.0255 0.7698 0.6378
1524.0000 -107.7379 -151.9671 3.4931 0.0001 -0.0254 0.7698 0.6378
1525.0000 -107.7377 -151.9649 3.4881 0.0001 -0.0254 0.7698 0.6378
1526.0000 -107.7379 -151.9696 3.4885 0.0002 -0.0254 0.7698 0.6378
1527.0000 -107.7394 -151.9658 3.4908 0.0002 -0.0254 0.7698 0.6378
1528.0000 -107.7387 -151.9633 3.4919 0.0002 -0.0254 0.7698 0.6378
1529.0000 -107.7374 -151.9644 3.4926 0.0002 -0.0254 0.7698 0.6378
1530.0000 -107.7420 -151.9655 3.4931 0.0001 -0.0254 0.7698 0.6378
1531.0000 -107.7479 -151.9646 3.4931 0.0002 -0.0254 0.7698 0.6378
1532.0000 -107.7468 -151.9591 3.4891 0.0001 -0.0254 0.7698 0.6377
1533.0000 -107.7425 -151.9649 3.4899 0.0001 -0.0254 0.7698 0.6378
1534.0000 -107.7425 -151.9671 3.4937 0.0002 -0.0255 0.7698 0.6378
1535.0000 -107.7472 -151.9569 3.4896 0.0002 -0.0254 0.7698 0.6377
1536.0000 -107.7437 -151.9639 3.4906 0.0001 -0.0254 0.7698 0.6378
1537.0000 -107.7444 -151.9619 3.4916 0.0001 -0.0254 0.7698 0.6378
1538.0000 -107.7451 -151.9587 3.4877 0.0001 -0.0254 0.7699 0.6377
1539.0000 -107.7412 -151.9617 3.4891 0.0002 -0.0254 0.7698 0.6378
1540.0000 -107.7455 -151.9620 3.4891 0.0002 -0.0254 0.7698 0.6377
1541.0000 -107.7399 -151.9619 3.4933 0.0002 -0.0255 0.7698 0.6378
1542.0000 -107.7454 -151.9615 3.4947 0.0001 -0.0254 0.7698 0.6377
1543.0000 -107.7420 -151.9614 3.4931 0.0001 -0.0254 0.7698 0.6377
1544.0000 -107.7391 -151.9616 3.4877 0.0001 -0.0253 0.7698 0.6378
1545.0000 -107.7400 -151.9607 3.4902 0.0002 -0.0255 0.7698 0.6378
1546.0000 -107.7405 -151.9623 3.4908 0.0002 -0.0254 0.7698 0.6378
1547.0000 -107.7405 -151.9642 3.4928 0.0002 -0.0255 0.7698 0.6378
1548.0000 -107.7488 -151.9588 3.4910 0.0002 -0.0254 0.7698 0.6377
1549.0000 -107.7406 -151.9575 3.4889 0.0001 -0.0254 0.7698 0.6377
1550.0000 -107.7432 -151.9584 3.4870 0.0001 -0.0254 0.7698 0.6378
1551.0000 -107.7410 -151.9638 3.4868 0.0002 -0.0254 0.7698 0.6378
1552.0000 -107.7401 -151.9662 3.4910 0.0002 -0.0255 0.7698 0.6378
1553.0000 -107.7400 -151.9589 3.4909 0.0002 -0.0254 0.7698 0.6378
1554.0000 -107.7426 -151.9612 3.4926 0.0002 -0.0254 0.7698 0.6377
1555.0000 -107.7401 -151.9614 3.4968 0.0002 -0.0255 0.7698 0.6378
1556.0000 -107.7372 -151.9595 3.4893 0.0001 -0.0254 0.7698 0.6378
1557.0000 -107.7347 -151.9619 3.4878 0.0001 -0.0254 0.7698 0.6378
1558.0000 -107.7392 -151.9681 3.4895 0.0002 -0.0254 0.7698 0.6378
1559.0000 -107.7422 -151.9627 3.4900 0.0002 -0.0255 0.7698 0.6378
1560.0000 -107.7457 -151.9685 3.4949 0.0001 -0.0255 0.7698 0.6378
1561.0000 -107.7390 -151.9618 3.4938 0.0001 -0.0255 0.7698 0.6378
1562.0000 -107.7368 -151.9633 3.4914 0.0001 -0.0254 0.7698 0.6378
1563.0000 -107.7393 -151.9591 3.4895 0.0002 -0.0254 0.7698 0.6378
1564.0000 -107.7394 -151.9666 3.4899 0.0002 -0.0254 0.7698 0.6378
1565.0000 -107.7407 -151.9633 3.4892 0.0002 -0.0254 0.7698 0.6378
1566.0000 -107.7389 -151.9631 3.4910 0.0002 -0.0254 0.7698 0.6378
1567.0000 -107.7413 -151.9666 3.4934 0.0001 -0.0254 0.7698 0.6378
1568.0000 -107.7388 -151.9667 3.4917 0.0001 -0.0254 0.7698 0.6378
1569.0000 -107.7408 -151.9574 3.4905 0.0002 -0.0254 0.7698 0.6378
1570.0000 -107.7396 -151.9635 3.4854 0.0002 -0.0254 0.7698 0.6378
1571.0000 -107.7340 -151.9637 3.4888 0.0002 -0.0254 0.7698 0.6378
1572.0000 -107.7368 -151.9598 3.4921 0.0002 -0.0255 0.7698 0.6378
1573.0000 -107.7396 -151.9631 3.4931 0.0001 -0.0254 0.7698 0.6378
1574.0000 -107.7376 -151.9633 3.4908 0.0001 -0.0254 0.7698 0.6378
1575.0000 -107.7394 -151.9619 3.4865 0.0001 -0.0254 0.7698 0.6378
1576.0000 -107.7390 -151.9644 3.4897 0.0002 -0.0254 0.7698 0.6378
1577.0000 -107.7381 -151.9644 3.4920 0.0002 -0.0255 0.7698 0.6378
1578.0000 -107.7407 -151.9692 3.4924 0.0001 -0.0255 0.7698 0.6378
1579.0000 -107.7447 -151.9644 3.4922 0.0001 -0.0254 0.7698 0.6378
1580.0000 -107.7374 -151.9603 3.4873 0.0001 -0.0254 0.7698 0.6378
1581.0000 -107.7421 -151.9629 3.4852 0.0002 -0.0253 0.7698 0.6378
1582.0000 -107.7447 -151.9636 3.4908 0.0002 -0.0255 0.7698 0.6378
1583.0000 -107.7427 -151.9652 3.4906 0.0002 -0.0254 0.7698 0.6378
1584.0000 -107.7432 -151.9665 3.4897 0.0001 -0.0254 0.7698 0.6378
1585.0000 -107.7421 -151.9631 3.4884 0.0001 -0.0254 0.7698 0.6378
1586.0000 -107.7383 -151.9655 3.4894 0.0001 -0.0254 0.7698 0.6378
1587.0000 -107.7358 -151.9642 3.4891 0.0001 -0.0254 0.7698 0.6378
1588.0000 -107.7382 -151.9655 3.4898 0.0002 -0.0254 0.7698 0.6378
1589.0000 -107.7350 -151.9651 3.4902 0.0002 -0.0254 0.7698 0.6378
1590.0000 -107.7411 -151.9616 3.4915 0.0002 -0.0254 0.7698 0.6378
1591.0000 -107.7434 -151.9636 3.4903 0.0002 -0.0254 0.7698 0.6378
1592.0000 -107.7434 -151.9673 3.4921 0.0002 -0.0254 0.7698 0.6378
1593.0000 -107.7375 -151.9637 3.4901 0.0001 -0.0254 0.7698 0.6378
1594.0000 -107.7360 -151.9641 3.4907 0.0002 -0.0255 0.7698 0.6378
1595.0000 -107.7390 -151.9677 3.4885 0.0002 -0.0254 0.7698 0.6378
1596.0000 -107.7412 -151.9642 3.4941 0.0002 -0.0255 0.7698 0.6378
1597.0000 -107.7397 -151.9651 3.4909 0.0002 -0.0255 0.7698 0.6378
1598.0000 -107.7403 -151.9641 3.4924 0.0001 -0.0254 0.7698 0.6378
1599.0000 -107.7360 -151.9652 3.4923 0.0001 -0.0254 0.7698 0.6378
1600.0000 -107.7405 -151.9617 3.4882 0.0001 -0.0254 0.7698 0.6377
1601.0000 -107.7379 -151.9610 3.4885 0.0002 -0.0254 0.7698 0.6378
1602.0000 -107.7411 -151.9667 3.4921 0.0002 -0.0255 0.7697 0.6378
1603.0000 -107.7396 -151.9654 3.4916 0.0002 -0.0255 0.7698 0.6378
1604.0000 -107.7392 -151.9676 3.4935 0.0002 -0.0255 0.7698 0.6378
1605.0000 -107.7388 -151.9609 3.4946 0.0001 -0.0255 0.7698 0.6378
1606.0000 -107.7369 -151.9612 3.4921 0.0001 -0.0254 0.7698 0.6377
1607.0000 -107.7353 -151.9665 3.4912 0.0001 -0.0254 0.7698 0.6378
1608.0000 -107.7390 -151.9704 3.4886 0.0002 -0.0254 0.7697 0.6378
1609.0000 -107.7384 -151.9644 3.4909 0.0002 -0.0254 0.7698 0.6378
1610.0000 -107.7414 -151.9629 3.4928 0.0002 -0.0255 0.7698 0.6378
1611.0000 -107.7362 -151.9670 3.4942 0.0001 -0.0255 0.7698 0.6378
1612.0000 -107.7330 -151.9646 3.4884 0.0001 -0.0254 0.7698 0.6378
1613.0000 -107.7399 -151.9618 3.4898 0.0002 -0.0254 0.7698 0.6378
1614.0000 -107.7330 -151.9640 3.4911 0.0002 -0.0254 0.7698 0.6378
1615.0000 -107.7391 -151.9615 3.4917 0.0002 -0.0255 0.7698 0.6377
1616.0000 -107.7391 -151.9624 3.4931 0.0002 -0.0255 0.7698 0.6378
1617.0000 -107.7453 -151.9679 3.4936 0.0002 -0.0254 0.7698 0.6378
1618.0000 -107.7297 -151.9610 3.4931 0.0001 -0.0254 0.7698 0.6378
1619.0000 -107.7342 -151.9647 3.4904 0.0001 -0.0254 0.7698 0.6378
1620.0000 -107.7363 -151.9698 3.4923 0.0001 -0.0254 0.7698 0.6378
1621.0000 -107.7410 -151.9653 3.4933 0.0002 -0.0255 0.7698 0.6378
1622.0000 -107.7397 -151.9680 3.4956 0.0001 -0.0255 0.7698 0.6378
1623.0000 -107.7388 -151.9689 3.4919 0.0001 -0.0254 0.7698 0.6378
1624.0000 -107.7372 -151.9662 3.4927 0.0001 -0.0254 0.7698 0.6378
1625.0000 -107.7418 -151.9658 3.4927 0.0001 -0.0255 0.7698 0.6377
1626.0000 -107.7375 -151.9659 3.4902 0.0002 -0.0254 0.7698 0.6378
1627.0000 -107.7354 -151.9635 3.4894 0.0002 -0.0254 0.7698 0.6377
1628.0000 -107.7307 -151.9691 3.4906 0.0002 -0.0254 0.7698 0.6378
1629.0000 -107.7365 -151.9655 3.4893 0.0002 -0.0254 0.7698 0.6378
1630.0000 -107.7381 -151.9651 3.4905 0.0002 -0.0254 0.7698 0.6377
1631.0000 -107.7352 -151.9641 3.4931 0.0001 -0.0254 0.7698 0.6378
1632.0000 -107.7428 -151.9691 3.4916 0.0001 -0.0254 0.7698 0.6378
1633.0000 -107.7492 -151.9723 3.4872 0.0002 -0.0253 0.7698 0.6377
1634.0000 -107.7559 -151.9754 3.4881 0.0002 -0.0254 0.7699 0.6377
1635.0000 -107.7724 -151.9801 3.4856 0.0002 -0.0253 0.7698 0.6377
1636.0000 -107.7814 -151.9844 3.4844 0.0002 -0.0253 0.7698 0.6378
1637.0000 -107.8153 -151.9921 3.4889 0.0002 -0.0253 0.7699 0.6377
1638.0000 -107.8381 -151.9869 3.4871 0.0002 -0.0252 0.7699 0.6376
1639.0000 -107.8696 -151.9999 3.4852 0.0003 -0.0251 0.7699 0.6376
1640.0000 -107.9139 -151.9982 3.4860 0.0004 -0.0250 0.7701 0.6375
1641.0000 -107.9632 -152.0137 3.4776 0.0003 -0.0247 0.7701 0.6374
1642.0000 -108.0361 -152.0268 3.4659 0.0003 -0.0246 0.7702 0.6373
1643.0000 -108.1208 -152.0447 3.4616 0.0002 -0.0245 0.7704 0.6371
1644.0000 -108.2286 -152.0639 3.4630 0.0004 -0.0245 0.7705 0.6369
1645.0000 -108.3508 -152.0958 3.4548 0.0004 -0.0245 0.7706 0.6369
1646.0000 -108.4945 -152.1212 3.4532 0.0006 -0.0245 0.7704 0.6371
1647.0000 -108.6615 -152.1486 3.4472 0.0006 -0.0243 0.7702 0.6374
1648.0000 -108.8604 -152.1761 3.4429 0.0008 -0.0243 0.7699 0.6377
1649.0000 -109.0495 -152.2158 3.4326 0.0006 -0.0240 0.7694 0.6383
1650.0000 -109.2586 -152.2486 3.4244 0.0007 -0.0238 0.7689 0.6389
1651.0000 -109.4748 -152.2977 3.4191 0.0007 -0.0236 0.7681 0.6399
1652.0000 -109.7269 -152.3473 3.4125 0.0009 -0.0236 0.7675 0.6406
1653.0000 -109.9936 -152.3960 3.4051 0.0010 -0.0233 0.7667 0.6415
1654.0000 -110.2692 -152.4419 3.3914 0.0012 -0.0232 0.7660 0.6424
1655.0000 -110.5793 -152.4999 3.4033 0.0016 -0.0235 0.7652 0.6434
1656.0000 -110.8913 -152.5524 3.4027 0.0014 -0.0232 0.7645 0.6442
1657.0000 -111.2180 -152.5889 3.4033 0.0015 -0.0232 0.7637 0.6452
1658.0000 -111.5585 -152.6418 3.3921 0.0013 -0.0226 0.7628 0.6463
1659.0000 -111.8947 -152.6985 3.3882 0.0018 -0.0227 0.7622 0.6469
1660.0000 -112.2563 -152.7578 3.3794 0.0015 -0.0223 0.7615 0.6477
1661.0000 -112.6223 -152.8128 3.3741 0.0017 -0.0221 0.7606 0.6488
1662.0000 -113.0061 -152.8788 3.3797 0.0015 -0.0218 0.7598 0.6498
1663.0000 -113.4195 -152.9281 3.3555 0.0015 -0.0215 0.7592 0.6505
1664.0000 -113.8240 -152.9967 3.3538 0.0016 -0.0212 0.7586 0.6512
1665.0000 -114.2535 -153.0545 3.3477 0.0017 -0.0209 0.7584 0.6514
1666.0000 -114.6871 -153.1275 3.3363 0.0017 -0.0207 0.7584 0.6515
1667.0000 -115.1508 -153.1858 3.3339 0.0019 -0.0207 0.7586 0.6512
1668.0000 -115.6249 -153.2587 3.3245 0.0018 -0.0206 0.7588 0.6510
1669.0000 -116.1037 -153.3358 3.3275 0.0019 -0.0207 0.7590 0.6508
1670.0000 -116.5931 -153.4022 3.3292 0.0019 -0.0205 0.7593 0.6505
1671.0000 -117.0882 -153.4883 3.3220 0.0019 -0.0203 0.7594 0.6503
1672.0000 -117.5991 -153.5700 3.3254 0.0020 -0.0204 0.7595 0.6502
1673.0000 -118.1223 -153.6397 3.3175 0.0021 -0.0204 0.7596 0.6501
1674.0000 -118.6466 -153.7338 3.3016 0.0023 -0.0205 0.7599 0.6498
1675.0000 -119.1915 -153.8134 3.2947 0.0022 -0.0202 0.7600 0.6496
1676.0000 -119.7252 -153.8957 3.2854 0.0022 -0.0201 0.7602 0.6494
1677.0000 -120.2784 -153.9888 3.2861 0.0025 -0.0200 0.7603 0.6492
1678.0000 -120.8448 -154.0790 3.2777 0.0026 -0.0198 0.7604 0.6491
1679.0000 -121.4278 -154.1713 3.2721 0.0028 -0.0196 0.7602 0.6494
1680.0000 -122.0085 -154.2592 3.2502 0.0032 -0.0193 0.7598 0.6499
1681.0000 -122.6094 -154.3536 3.2311 0.0034 -0.0191 0.7595 0.6503
1682.0000 -123.2256 -154.4434 3.2446 0.0035 -0.0192 0.7592 0.6505
1683.0000 -123.8417 -154.5334 3.2427 0.0035 -0.0191 0.7590 0.6508
1684.0000 -124.4749 -154.6425 3.2387 0.0036 -0.0189 0.7586 0.6513
1685.0000 -125.0935 -154.7291 3.2440 0.0039 -0.0188 0.7583 0.6516
1686.0000 -125.7299 -154.8210 3.2420 0.0038 -0.0186 0.7581 0.6518
1687.0000 -126.3837 -154.9076 3.2265 0.0039 -0.0183 0.7578 0.6523
1688.0000 -127.0350 -155.0241 3.2158 0.0038 -0.0183 0.7576 0.6524
1689.0000 -127.6888 -155.1296 3.2135 0.0038 -0.0180 0.7574 0.6527
1690.0000 -128.3475 -155.2303 3.2490 0.0033 -0.0177 0.7571 0.6530
1691.0000 -129.0116 -155.3342 3.2398 0.0030 -0.0171 0.7570 0.6532
1692.0000 -129.6879 -155.4043 3.2396 0.0026 -0.0165 0.7571 0.6530
1693.0000 -130.3712 -155.5085 3.2188 0.0028 -0.0163 0.7571 0.6531
1694.0000 -131.0504 -155.6253 3.2147 0.0029 -0.0166 0.7568 0.6534
1695.0000 -131.7385 -155.7218 3.2320 0.0028 -0.0168 0.7570 0.6532
1696.0000 -132.4384 -155.8213 3.2151 0.0029 -0.0166 0.7571 0.6531
1697.0000 -133.1046 -155.9077 3.2105 0.0030 -0.0168 0.7571 0.6531
1698.0000 -133.7831 -156.0213 3.1963 0.0032 -0.0168 0.7570 0.6532
1699.0000 -134.4689 -156.1168 3.1714 0.0038 -0.0167 0.7571 0.6531
1700.0000 -135.1395 -156.2068 3.1608 0.0041 -0.0168 0.7571 0.6531
1701.0000 -135.8184 -156.3137 3.1632 0.0040 -0.0169 0.7571 0.6531
1702.0000 -136.4991 -156.4118 3.1660 0.0041 -0.0168 0.7571 0.6530
1703.0000 -137.1615 -156.5108 3.1738 0.0042 -0.0169 0.7569 0.6533
1704.0000 -137.8235 -156.6080 3.1665 0.0043 -0.0168 0.7569 0.6533
1705.0000 -138.4971 -156.7057 3.1523 0.0046 -0.0165 0.7570 0.6532
1706.0000 -139.1680 -156.7963 3.1345 0.0048 -0.0167 0.7570 0.6532
1707.0000 -139.8167 -156.8958 3.1373 0.0048 -0.0167 0.7570 0.6532
1708.0000 -140.4792 -156.9811 3.1356 0.0047 -0.0163 0.7571 0.6530
1709.0000 -141.1280 -157.0863 3.1574 0.0048 -0.0162 0.7570 0.6532
1710.0000 -141.7796 -157.1927 3.1544 0.0051 -0.0158 0.7568 0.6534
1711.0000 -142.4374 -157.2846 3.1548 0.0055 -0.0155 0.7568 0.6534
1712.0000 -143.1064 -157.3686 3.1585 0.0056 -0.0154 0.7568 0.6534
1713.0000 -143.7779 -157.4703 3.1564 0.0054 -0.0153 0.7566 0.6536
1714.0000 -144.4334 -157.5560 3.1492 0.0056 -0.0154 0.7567 0.6536
1715.0000 -145.1154 -157.6654 3.1197 0.0057 -0.0154 0.7567 0.6535
1716.0000 -145.7841 -157.7586 3.1396 0.0057 -0.0157 0.7566 0.6537
1717.0000 -146.4424 -157.8743 3.1376 0.0057 -0.0156 0.7563 0.6540
1718.0000 -147.1074 -157.9727 3.1553 0.0059 -0.0158 0.7559 0.6545
1719.0000 -147.7724 -158.0658 3.1632 0.0060 -0.0158 0.7553 0.6552
1720.0000 -148.4327 -158.1729 3.1408 0.0063 -0.0160 0.7545 0.6561
1721.0000 -149.0944 -158.2668 3.1188 0.0065 -0.0162 0.7535 0.6572
1722.0000 -149.7724 -158.3670 3.1254 0.0069 -0.0166 0.7522 0.6587
1723.0000 -150.4260 -158.4375 3.1330 0.0071 -0.0167 0.7508 0.6603
1724.0000 -151.0821 -158.5197 3.1458 0.0072 -0.0169 0.7491 0.6622
1725.0000 -151.7443 -158.5988 3.1535 0.0077 -0.0168 0.7469 0.6647
1726.0000 -152.4030 -158.6646 3.1499 0.0079 -0.0170 0.7444 0.6674
1727.0000 -153.0464 -158.7432 3.1531 0.0083 -0.0173 0.7416 0.6706
1728.0000 -153.7024 -158.7942 3.1469 0.0083 -0.0173 0.7381 0.6744
1729.0000 -154.3297 -158.8351 3.1466 0.0083 -0.0171 0.7346 0.6782
1730.0000 -154.9493 -158.8754 3.1616 0.0084 -0.0169 0.7308 0.6823
1731.0000 -155.5692 -158.9057 3.1917 0.0090 -0.0170 0.7268 0.6866
1732.0000 -156.1670 -158.9398 3.1873 0.0095 -0.0170 0.7223 0.6913
1733.0000 -156.7550 -158.9531 3.1934 0.0100 -0.0170 0.7178 0.6960
1734.0000 -157.3701 -158.9680 3.1914 0.0104 -0.0167 0.7131 0.7008
1735.0000 -157.9781 -158.9871 3.1911 0.0112 -0.0171 0.7081 0.7058
1736.0000 -158.5539 -158.9767 3.2180 0.0114 -0.0176 0.7029 0.7110
1737.0000 -159.1252 -158.9640 3.2530 0.0121 -0.0181 0.6979 0.7159
1738.0000 -159.7022 -158.9312 3.2771 0.0125 -0.0180 0.6927 0.7209
1739.0000 -160.2591 -158.9013 3.2806 0.0130 -0.0182 0.6871 0.7262
1740.0000 -160.8196 -158.8693 3.2887 0.0135 -0.0180 0.6814 0.7316
1741.0000 -161.3500 -158.8126 3.2706 0.0140 -0.0179 0.6756 0.7369
1742.0000 -161.8903 -158.7630 3.2774 0.0143 -0.0177 0.6693 0.7426
1743.0000 -162.4056 -158.6854 3.2919 0.0146 -0.0174 0.6629 0.7484
1744.0000 -162.9004 -158.5898 3.3146 0.0149 -0.0174 0.6564 0.7540
1745.0000 -163.3860 -158.5045 3.3320 0.0149 -0.0173 0.6500 0.7596
1746.0000 -163.8779 -158.4036 3.3536 0.0144 -0.0173 0.6435 0.7651
1747.0000 -164.3630 -158.2984 3.3534 0.0140 -0.0171 0.6370 0.7705
1748.0000 -164.8286 -158.1845 3.3645 0.0137 -0.0171 0.6303 0.7760
1749.0000 -165.2750 -158.0815 3.3539 0.0140 -0.0169 0.6234 0.7816
1750.0000 -165.7279 -157.9714 3.3533 0.0144 -0.0165 0.6158 0.7876
1751.0000 -166.1626 -157.8406 3.3711 0.0147 -0.0161 0.6074 0.7941
1752.0000 -166.5818 -157.7044 3.3838 0.0153 -0.0157 0.5983 0.8010
1753.0000 -166.9943 -157.5684 3.4384 0.0151 -0.0147 0.5887 0.8081
1754.0000 -167.4001 -157.4185 3.4561 0.0150 -0.0139 0.5785 0.8154
1755.0000 -167.7899 -157.2534 3.4634 0.0151 -0.0132 0.5677 0.8230
1756.0000 -168.1509 -157.0794 3.4556 0.0151 -0.0125 0.5561 0.8309
1757.0000 -168.5470 -156.9157 3.4612 0.0153 -0.0124 0.5444 0.8386
1758.0000 -168.9015 -156.7283 3.4763 0.0156 -0.0123 0.5325 0.8462
1759.0000 -169.2658 -156.5299 3.4902 0.0157 -0.0126 0.5201 0.8539
1760.0000 -169.6186 -156.3264 3.5374 0.0152 -0.0126 0.5074 0.8615
1761.0000 -169.9534 -156.0998 3.5643 0.0143 -0.0127 0.4948 0.8688
1762.0000 -170.2503 -155.8704 3.5605 0.0137 -0.0127 0.4824 0.8757
1763.0000 -170.5658 -155.6388 3.5548 0.0135 -0.0124 0.4704 0.8822
1764.0000 -170.8590 -155.4073 3.5648 0.0140 -0.0121 0.4582 0.8887
1765.0000 -171.1605 -155.1847 3.5588 0.0147 -0.0119 0.4456 0.8950
1766.0000 -171.4667 -154.9310 3.5682 0.0153 -0.0118 0.4335 0.9010
1767.0000 -171.8031 -154.6598 3.5932 0.0158 -0.0120 0.4209 0.9069
1768.0000 -172.1056 -154.3738 3.6210 0.0163 -0.0120 0.4087 0.9125
1769.0000 -172.4069 -154.0775 3.6394 0.0163 -0.0116 0.3972 0.9175
1770.0000 -172.6936 -153.7488 3.6524 0.0159 -0.0109 0.3867 0.9220
1771.0000 -172.9713 -153.4238 3.6735 0.0151 -0.0105 0.3767 0.9262
1772.0000 -173.2769 -153.0786 3.6948 0.0148 -0.0105 0.3668 0.9301
1773.0000 -173.5767 -152.7516 3.7205 0.0144 -0.0104 0.3573 0.9338
1774.0000 -173.8526 -152.4154 3.7311 0.0147 -0.0103 0.3488 0.9370
1775.0000 -174.1328 -152.0512 3.7541 0.0147 -0.0100 0.3411 0.9399
1776.0000 -174.3994 -151.6845 3.7616 0.0145 -0.0093 0.3335 0.9426
1777.0000 -174.6694 -151.3170 3.7648 0.0147 -0.0088 0.3265 0.9451
1778.0000 -174.9549 -150.9382 3.7836 0.0147 -0.0083 0.3201 0.9472
1779.0000 -175.2317 -150.5448 3.8104 0.0147 -0.0082 0.3144 0.9491
1780.0000 -175.5016 -150.1592 3.8333 0.0144 -0.0076 0.3089 0.9509
1781.0000 -175.7866 -149.7487 3.8315 0.0145 -0.0070 0.3038 0.9526
1782.0000 -176.0593 -149.3420 3.8631 0.0143 -0.0066 0.2996 0.9539
1783.0000 -176.3359 -148.9259 3.8801 0.0140 -0.0063 0.2958 0.9551
1784.0000 -176.6256 -148.4910 3.9085 0.0143 -0.0060 0.2920 0.9563
1785.0000 -176.9116 -148.0596 3.9348 0.0143 -0.0057 0.2881 0.9575
1786.0000 -177.1833 -147.6272 3.9621 0.0143 -0.0056 0.2847 0.9585
1787.0000 -177.4536 -147.1865 3.9737 0.0142 -0.0052 0.2818 0.9593
1788.0000 -177.7281 -146.7401 4.0027 0.0139 -0.0049 0.2795 0.9600
1789.0000 -178.0110 -146.2923 4.0217 0.0138 -0.0046 0.2776 0.9606
1790.0000 -178.2703 -145.8421 4.0479 0.0133 -0.0043 0.2767 0.9608
1791.0000 -178.5509 -145.4050 4.0758 0.0132 -0.0042 0.2762 0.9610
1792.0000 -178.8170 -144.9651 4.0999 0.0130 -0.0039 0.2755 0.9612
1793.0000 -179.1023 -144.5161 4.1359 0.0127 -0.0038 0.2750 0.9614
1794.0000 -179.3786 -144.0623 4.1509 0.0126 -0.0036 0.2746 0.9615
1795.0000 -179.6478 -143.6255 4.1587 0.0125 -0.0034 0.2742 0.9616
1796.0000 -179.9203 -143.1819 4.1851 0.0124 -0.0033 0.2737 0.9617
1797.0000 -180.1955 -142.7416 4.1990 0.0123 -0.0031 0.2731 0.9619
1798.0000 -180.4658 -142.3064 4.2286 0.0122 -0.0031 0.2724 0.9621
1799.0000 -180.7264 -141.8604 4.2692 0.0121 -0.0032 0.2715 0.9623
1800.0000 -180.9963 -141.4144 4.2874 0.0120 -0.0031 0.2699 0.9628
1801.0000 -181.2597 -140.9775 4.3015 0.0120 -0.0032 0.2676 0.9635
1802.0000 -181.5295 -140.5392 4.3192 0.0121 -0.0032 0.2644 0.9643
1803.0000 -181.7743 -140.0998 4.3362 0.0123 -0.0032 0.2604 0.9654
1804.0000 -182.0152 -139.6553 4.3524 0.0125 -0.0031 0.2561 0.9666
1805.0000 -182.2569 -139.2218 4.3670 0.0127 -0.0029 0.2512 0.9679
1806.0000 -182.4817 -138.7772 4.3869 0.0127 -0.0029 0.2458 0.9692
1807.0000 -182.7112 -138.3414 4.4099 0.0129 -0.0028 0.2402 0.9706
1808.0000 -182.9127 -137.8795 4.4403 0.0132 -0.0029 0.2349 0.9719
1809.0000 -183.1435 -137.4425 4.4566 0.0135 -0.0028 0.2292 0.9733
1810.0000 -183.3573 -136.9932 4.4799 0.0139 -0.0026 0.2238 0.9745
1811.0000 -183.5464 -136.5373 4.4939 0.0141 -0.0024 0.2196 0.9755
1812.0000 -183.7568 -136.0781 4.5071 0.0144 -0.0023 0.2159 0.9763
1813.0000 -183.9661 -135.6199 4.5380 0.0146 -0.0023 0.2131 0.9769
1814.0000 -184.1637 -135.1524 4.5812 0.0147 -0.0023 0.2113 0.9773
1815.0000 -184.3721 -134.6841 4.6060 0.0146 -0.0023 0.2107 0.9774
1816.0000 -184.5691 -134.2114 4.6254 0.0149 -0.0023 0.2116 0.9772
1817.0000 -184.7821 -133.7300 4.6488 0.0149 -0.0021 0.2145 0.9766
1818.0000 -184.9961 -133.2580 4.6807 0.0150 -0.0024 0.2180 0.9758
1819.0000 -185.2310 -132.7929 4.6948 0.0153 -0.0024 0.2223 0.9749
1820.0000 -185.4645 -132.3217 4.7103 0.0155 -0.0024 0.2274 0.9737
1821.0000 -185.7083 -131.8556 4.7421 0.0157 -0.0027 0.2332 0.9723
1822.0000 -185.9716 -131.3858 4.7694 0.0156 -0.0030 0.2389 0.9709
1823.0000 -186.2360 -130.9030 4.7966 0.0156 -0.0031 0.2446 0.9695
1824.0000 -186.4950 -130.4381 4.8165 0.0157 -0.0032 0.2511 0.9678
1825.0000 -186.7705 -129.9861 4.8389 0.0158 -0.0033 0.2576 0.9661
1826.0000 -187.0566 -129.5024 4.8641 0.0159 -0.0035 0.2643 0.9643
1827.0000 -187.3443 -129.0364 4.8865 0.0162 -0.0038 0.2709 0.9624
1828.0000 -187.6349 -128.5945 4.9095 0.0164 -0.0038 0.2776 0.9605
1829.0000 -187.9408 -128.1254 4.9392 0.0167 -0.0041 0.2845 0.9585
1830.0000 -188.2587 -127.6742 4.9662 0.0166 -0.0043 0.2908 0.9566
1831.0000 -188.5766 -127.2029 4.9923 0.0166 -0.0044 0.2972 0.9547
1832.0000 -188.9120 -126.7417 5.0112 0.0167 -0.0047 0.3030 0.9528
1833.0000 -189.2543 -126.2866 5.0380 0.0167 -0.0049 0.3077 0.9513
1834.0000 -189.6168 -125.8239 5.0646 0.0167 -0.0052 0.3119 0.9500
1835.0000 -189.9524 -125.3491 5.0911 0.0170 -0.0053 0.3154 0.9488
1836.0000 -190.3049 -124.9170 5.1165 0.0172 -0.0054 0.3184 0.9478
1837.0000 -190.6629 -124.4434 5.1513 0.0172 -0.0056 0.3211 0.9469
1838.0000 -191.0303 -123.9693 5.1711 0.0173 -0.0057 0.3228 0.9463
1839.0000 -191.4004 -123.5131 5.1965 0.0175 -0.0058 0.3233 0.9461
1840.0000 -191.7761 -123.0384 5.2318 0.0176 -0.0060 0.3230 0.9462
1841.0000 -192.1430 -122.5560 5.2710 0.0177 -0.0062 0.3220 0.9465
1842.0000 -192.5099 -122.0632 5.2946 0.0178 -0.0061 0.3207 0.9470
1843.0000 -192.8831 -121.5874 5.3116 0.0179 -0.0060 0.3195 0.9474
1844.0000 -193.2462 -121.0939 5.3529 0.0179 -0.0062 0.3185 0.9477
1845.0000 -193.6162 -120.5872 5.3832 0.0180 -0.0062 0.3176 0.9480
1846.0000 -193.9974 -120.0921 5.4144 0.0183 -0.0061 0.3166 0.9483
1847.0000 -194.3809 -119.5740 5.4436 0.0184 -0.0062 0.3159 0.9486
1848.0000 -194.7631 -119.0566 5.4956 0.0182 -0.0065 0.3154 0.9488
1849.0000 -195.1459 -118.5429 5.5226 0.0184 -0.0065 0.3149 0.9489
1850.0000 -195.5427 -118.0053 5.5449 0.0184 -0.0065 0.3148 0.9490
1851.0000 -195.9384 -117.4649 5.5640 0.0185 -0.0064 0.3147 0.9490
1852.0000 -196.3366 -116.9221 5.5959 0.0183 -0.0064 0.3145 0.9491
1853.0000 -196.7355 -116.3855 5.6318 0.0183 -0.0064 0.3144 0.9491
1854.0000 -197.1550 -115.8298 5.6777 0.0183 -0.0065 0.3143 0.9491
1855.0000 -197.5637 -115.2682 5.7048 0.0183 -0.0065 0.3142 0.9492
1856.0000 -197.9846 -114.7040 5.7388 0.0182 -0.0065 0.3142 0.9492
1857.0000 -198.3972 -114.1417 5.7714 0.0181 -0.0066 0.3141 0.9492
1858.0000 -198.8314 -113.5777 5.8021 0.0181 -0.0066 0.3140 0.9492
1859.0000 -199.2567 -112.9918 5.8403 0.0181 -0.0067 0.3138 0.9493
1860.0000 -199.6845 -112.4145 5.8831 0.0180 -0.0066 0.3138 0.9493
1861.0000 -200.1193 -111.8335 5.9181 0.0179 -0.0068 0.3136 0.9494
1862.0000 -200.5509 -111.2230 5.9363 0.0180 -0.0066 0.3137 0.9493
1863.0000 -201.0026 -110.6218 5.9766 0.0179 -0.0067 0.3136 0.9494
1864.0000 -201.4465 -110.0156 6.0057 0.0177 -0.0070 0.3134 0.9494
1865.0000 -201.8903 -109.4025 6.0598 0.0171 -0.0074 0.3134 0.9494
1866.0000 -202.3291 -108.8045 6.0967 0.0166 -0.0071 0.3136 0.9494
1867.0000 -202.7880 -108.2125 6.1246 0.0165 -0.0068 0.3133 0.9495
1868.0000 -203.2188 -107.6033 6.1697 0.0166 -0.0069 0.3135 0.9494
1869.0000 -203.6541 -107.0010 6.2091 0.0166 -0.0064 0.3135 0.9494
1870.0000 -204.0903 -106.3871 6.2419 0.0167 -0.0061 0.3135 0.9494
1871.0000 -204.5431 -105.7872 6.2617 0.0167 -0.0059 0.3134 0.9495
1872.0000 -204.9768 -105.1979 6.3036 0.0163 -0.0053 0.3137 0.9494
1873.0000 -205.4199 -104.6022 6.3364 0.0163 -0.0050 0.3137 0.9494
1874.0000 -205.8622 -104.0086 6.3679 0.0165 -0.0049 0.3138 0.9493
1875.0000 -206.3158 -103.3991 6.4187 0.0162 -0.0045 0.3142 0.9492
1876.0000 -206.7490 -102.8182 6.4369 0.0162 -0.0048 0.3146 0.9491
1877.0000 -207.1893 -102.2108 6.4793 0.0161 -0.0051 0.3154 0.9488
1878.0000 -207.6379 -101.6115 6.5224 0.0158 -0.0048 0.3162 0.9486
1879.0000 -208.0829 -101.0247 6.5526 0.0161 -0.0052 0.3169 0.9483
1880.0000 -208.5288 -100.4463 6.5815 0.0165 -0.0050 0.3175 0.9481
1881.0000 -208.9628 -99.8660 6.6182 0.0170 -0.0052 0.3182 0.9479
1882.0000 -209.4129 -99.2813 6.6652 0.0169 -0.0050 0.3190 0.9476
1883.0000 -209.8508 -98.7036 6.6998 0.0173 -0.0055 0.3198 0.9473
1884.0000 -210.3071 -98.1196 6.7490 0.0174 -0.0057 0.3204 0.9471
1885.0000 -210.7394 -97.5343 6.7623 0.0177 -0.0059 0.3214 0.9468
1886.0000 -211.1875 -96.9449 6.7730 0.0176 -0.0061 0.3220 0.9466
1887.0000 -211.6396 -96.3666 6.8189 0.0171 -0.0062 0.3225 0.9464
1888.0000 -212.0829 -95.7991 6.8949 0.0167 -0.0064 0.3229 0.9463
1889.0000 -212.5186 -95.2394 6.9502 0.0169 -0.0062 0.3231 0.9462
1890.0000 -212.9665 -94.6850 6.9677 0.0179 -0.0060 0.3228 0.9463
1891.0000 -213.4003 -94.1027 6.9754 0.0185 -0.0059 0.3228 0.9463
1892.0000 -213.8506 -93.5296 7.0028 0.0183 -0.0061 0.3228 0.9463
1893.0000 -214.2939 -92.9479 7.0323 0.0176 -0.0063 0.3227 0.9463
1894.0000 -214.7343 -92.4034 7.0892 0.0176 -0.0066 0.3226 0.9464
1895.0000 -215.1503 -91.8392 7.1424 0.0174 -0.0069 0.3224 0.9464
1896.0000 -215.5747 -91.3037 7.1828 0.0172 -0.0073 0.3221 0.9465
1897.0000 -215.9856 -90.7450 7.2088 0.0165 -0.0074 0.3220 0.9466
1898.0000 -216.3923 -90.2134 7.2334 0.0161 -0.0075 0.3219 0.9466
1899.0000 -216.7861 -89.7001 7.2650 0.0162 -0.0075 0.3222 0.9465
1900.0000 -217.1794 -89.1962 7.3002 0.0161 -0.0078 0.3225 0.9464
1901.0000 -217.5547 -88.6850 7.3354 0.0161 -0.0077 0.3230 0.9462
1902.0000 -217.9260 -88.1980 7.3716 0.0160 -0.0076 0.3233 0.9461
1903.0000 -218.2958 -87.6945 7.4009 0.0159 -0.0077 0.3235 0.9461
1904.0000 -218.6725 -87.2342 7.4303 0.0157 -0.0079 0.3237 0.9460
1905.0000 -219.0281 -86.7721 7.4573 0.0156 -0.0080 0.3241 0.9459
1906.0000 -219.3647 -86.3259 7.4942 0.0156 -0.0082 0.3242 0.9458
1907.0000 -219.7070 -85.8881 7.5115 0.0155 -0.0082 0.3243 0.9458
1908.0000 -220.0144 -85.4706 7.5468 0.0155 -0.0083 0.3246 0.9457
1909.0000 -220.3279 -85.0678 7.5751 0.0157 -0.0082 0.3250 0.9456
1910.0000 -220.6319 -84.6690 7.6085 0.0156 -0.0082 0.3250 0.9455
1911.0000 -220.9282 -84.2851 7.6328 0.0156 -0.0083 0.3251 0.9455
1912.0000 -221.2132 -83.9216 7.6473 0.0159 -0.0084 0.3255 0.9454
1913.0000 -221.4745 -83.5800 7.6938 0.0161 -0.0080 0.3258 0.9453
1914.0000 -221.7357 -83.2466 7.7027 0.0167 -0.0079 0.3261 0.9452
1915.0000 -221.9923 -82.9192 7.6882 0.0175 -0.0074 0.3263 0.9451
1916.0000 -222.2333 -82.6043 7.7034 0.0182 -0.0073 0.3265 0.9450
1917.0000 -222.4846 -82.2770 7.7223 0.0184 -0.0070 0.3268 0.9449
1918.0000 -222.7333 -81.9609 7.7637 0.0186 -0.0068 0.3271 0.9448
1919.0000 -222.9715 -81.6565 7.7947 0.0192 -0.0064 0.3271 0.9448
1920.0000 -223.2126 -81.3523 7.8014 0.0190 -0.0065 0.3273 0.9447
1921.0000 -223.4432 -81.0229 7.8438 0.0178 -0.0069 0.3272 0.9448
1922.0000 -223.6686 -80.7249 7.8710 0.0174 -0.0069 0.3272 0.9448
1923.0000 -223.8792 -80.4495 7.8899 0.0178 -0.0065 0.3274 0.9447
1924.0000 -224.1219 -80.1949 7.8766 0.0187 -0.0065 0.3273 0.9447
1925.0000 -224.3432 -79.9095 7.9195 0.0190 -0.0068 0.3264 0.9450
1926.0000 -224.5704 -79.6241 7.9449 0.0185 -0.0069 0.3250 0.9455
1927.0000 -224.7794 -79.3317 7.9713 0.0176 -0.0068 0.3238 0.9460
1928.0000 -224.9789 -79.0629 7.9868 0.0177 -0.0068 0.3225 0.9464
1929.0000 -225.1916 -78.7910 7.9920 0.0183 -0.0064 0.3206 0.9470
1930.0000 -225.3763 -78.5174 8.0162 0.0188 -0.0064 0.3179 0.9479
1931.0000 -225.5799 -78.2471 8.0290 0.0188 -0.0063 0.3145 0.9491
1932.0000 -225.7747 -78.0108 8.0757 0.0185 -0.0067 0.3119 0.9499
1933.0000 -225.9497 -77.7496 8.0795 0.0191 -0.0063 0.3099 0.9506
1934.0000 -226.1378 -77.4620 8.0971 0.0200 -0.0053 0.3068 0.9516
1935.0000 -226.3287 -77.1961 8.0752 0.0206 -0.0051 0.3024 0.9529
1936.0000 -226.5095 -76.9465 8.0788 0.0206 -0.0054 0.2981 0.9543
1937.0000 -226.7031 -76.6831 8.1146 0.0202 -0.0059 0.2937 0.9557
1938.0000 -226.8881 -76.3974 8.1445 0.0201 -0.0061 0.2885 0.9572
1939.0000 -227.0489 -76.1195 8.1863 0.0198 -0.0063 0.2816 0.9593
1940.0000 -227.2139 -75.8695 8.2076 0.0198 -0.0064 0.2737 0.9616
1941.0000 -227.3615 -75.6053 8.2223 0.0196 -0.0064 0.2655 0.9639
1942.0000 -227.5028 -75.3217 8.2423 0.0196 -0.0063 0.2569 0.9662
1943.0000 -227.6293 -75.0484 8.2439 0.0199 -0.0059 0.2472 0.9688
1944.0000 -227.7481 -74.7725 8.2564 0.0202 -0.0056 0.2364 0.9714
1945.0000 -227.8808 -74.4727 8.2698 0.0209 -0.0052 0.2243 0.9743
1946.0000 -228.0055 -74.1704 8.2830 0.0219 -0.0052 0.2097 0.9775
1947.0000 -228.1336 -73.8688 8.2919 0.0225 -0.0053 0.1932 0.9809
1948.0000 -228.2477 -73.5404 8.3038 0.0228 -0.0054 0.1750 0.9843
1949.0000 -228.3438 -73.2256 8.3271 0.0227 -0.0050 0.1552 0.9876
1950.0000 -228.3989 -72.8923 8.3522 0.0228 -0.0045 0.1347 0.9906
1951.0000 -228.4285 -72.5528 8.3818 0.0227 -0.0038 0.1135 0.9933
1952.0000 -228.4576 -72.2031 8.4016 0.0227 -0.0031 0.0914 0.9956
1953.0000 -228.4830 -71.8672 8.4340 0.0227 -0.0026 0.0686 0.9974
1954.0000 -228.4948 -71.5251 8.4652 0.0225 -0.0022 0.0456 0.9987
1955.0000 -228.4918 -71.1623 8.4867 0.0224 -0.0018 0.0224 0.9995
1956.0000 -228.4776 -70.8225 8.5095 0.0221 -0.0012 -0.0011 0.9998
1957.0000 -228.3970 -70.4494 8.5243 0.0221 -0.0005 -0.0245 0.9995
1958.0000 -228.3327 -70.0807 8.5543 0.0219 0.0005 -0.0485 0.9986
1959.0000 -228.2527 -69.7027 8.5867 0.0214 0.0018 -0.0726 0.9971
1960.0000 -228.1604 -69.3563 8.6159 0.0192 0.0016 -0.0965 0.9951
1961.0000 -228.0447 -69.0010 8.6338 0.0182 0.0022 -0.1197 0.9926
1962.0000 -227.9168 -68.6608 8.6476 0.0178 0.0025 -0.1431 0.9895
1963.0000 -227.7913 -68.3045 8.6757 0.0177 0.0031 -0.1654 0.9861
1964.0000 -227.6118 -67.9761 8.7157 0.0170 0.0044 -0.1853 0.9825
1965.0000 -227.4311 -67.6381 8.7204 0.0174 0.0111 -0.2015 0.9793
1966.0000 -227.2377 -67.2910 8.7272 0.0175 0.0122 -0.2164 0.9761
1967.0000 -227.0400 -66.9383 8.7405 0.0175 0.0125 -0.2304 0.9728
1968.0000 -226.8405 -66.6082 8.7776 0.0170 0.0122 -0.2425 0.9699
1969.0000 -226.6135 -66.2417 8.7959 0.0168 0.0131 -0.2518 0.9675
1970.0000 -226.3550 -65.8654 8.7994 0.0163 0.0140 -0.2593 0.9656
1971.0000 -226.1017 -65.4945 8.8075 0.0143 0.0207 -0.2646 0.9640
1972.0000 -225.8300 -65.1092 8.8211 0.0138 0.0223 -0.2681 0.9630
1973.0000 -225.6062 -64.7194 8.8481 0.0141 0.0218 -0.2698 0.9626
1974.0000 -225.3707 -64.3158 8.8649 0.0142 0.0209 -0.2699 0.9626
1975.0000 -225.1252 -63.9018 8.9091 0.0141 0.0202 -0.2689 0.9628
1976.0000 -224.8761 -63.4980 8.9093 0.0150 0.0209 -0.2675 0.9632
1977.0000 -224.6075 -63.0754 8.8864 0.0158 0.0214 -0.2643 0.9641
1978.0000 -224.3407 -62.6356 8.8820 0.0163 0.0224 -0.2611 0.9649
1979.0000 -224.1010 -62.1617 8.9034 0.0164 0.0217 -0.2578 0.9658
1980.0000 -223.8611 -61.7047 8.9425 0.0165 0.0198 -0.2545 0.9667
1981.0000 -223.6147 -61.2626 8.9665 0.0174 0.0195 -0.2499 0.9679
1982.0000 -223.3225 -60.7805 8.9935 0.0186 0.0194 -0.2458 0.9689
1983.0000 -223.0598 -60.3003 8.9888 0.0196 0.0197 -0.2425 0.9698
1984.0000 -222.8033 -59.8133 8.9950 0.0202 0.0193 -0.2387 0.9707
1985.0000 -222.5517 -59.3125 9.0121 0.0205 0.0198 -0.2343 0.9718
1986.0000 -222.3133 -58.8045 9.0393 0.0208 0.0201 -0.2299 0.9728
1987.0000 -222.0585 -58.2632 9.0914 0.0213 0.0199 -0.2256 0.9738
1988.0000 -221.8151 -57.7436 9.1205 0.0216 0.0204 -0.2213 0.9748
1989.0000 -221.5446 -57.2248 9.1534 0.0220 0.0208 -0.2168 0.9757
1990.0000 -221.2940 -56.6708 9.1665 0.0224 0.0207 -0.2128 0.9766
1991.0000 -221.0561 -56.1194 9.2086 0.0229 0.0201 -0.2087 0.9775
1992.0000 -220.8198 -55.5602 9.2385 0.0235 0.0187 -0.2054 0.9782
1993.0000 -220.5640 -54.9946 9.2625 0.0239 0.0174 -0.2023 0.9789
1994.0000 -220.3291 -54.4403 9.3159 0.0240 0.0165 -0.1998 0.9794
1995.0000 -220.0837 -53.8502 9.3597 0.0241 0.0163 -0.1982 0.9797
1996.0000 -219.8463 -53.2663 9.3961 0.0246 0.0160 -0.1973 0.9799
1997.0000 -219.6041 -52.6726 9.4332 0.0247 0.0162 -0.1968 0.9800
1998.0000 -219.3502 -52.0904 9.4692 0.0246 0.0158 -0.1968 0.9800
1999.0000 -219.1046 -51.4544 9.5194 0.0243 0.0160 -0.1972 0.9799
2000.0000 -218.8290 -50.8577 9.5528 0.0242 0.0158 -0.1973 0.9799
2001.0000 -218.5769 -50.2539 9.5918 0.0239 0.0166 -0.1975 0.9799
2002.0000 -218.3052 -49.6443 9.6269 0.0239 0.0174 -0.1979 0.9798
2003.0000 -218.0552 -49.0250 9.6769 0.0240 0.0182 -0.1981 0.9797
2004.0000 -217.7934 -48.3867 9.7244 0.0237 0.0190 -0.1984 0.9797
2005.0000 -217.5232 -47.7544 9.7466 0.0238 0.0194 -0.1986 0.9796
2006.0000 -217.2479 -47.1191 9.7952 0.0239 0.0205 -0.1987 0.9795
2007.0000 -216.9675 -46.4758 9.8189 0.0240 0.0214 -0.1990 0.9795
2008.0000 -216.6931 -45.8572 9.8665 0.0239 0.0219 -0.1990 0.9795
2009.0000 -216.4191 -45.2015 9.9154 0.0240 0.0218 -0.1994 0.9794
2010.0000 -216.1471 -44.5647 9.9494 0.0240 0.0226 -0.1993 0.9794
2011.0000 -215.8555 -43.8869 9.9908 0.0241 0.0231 -0.1997 0.9793
2012.0000 -215.5758 -43.2318 10.0258 0.0240 0.0235 -0.1999 0.9792
2013.0000 -215.2922 -42.5760 10.0622 0.0236 0.0236 -0.2001 0.9792
2014.0000 -214.9959 -41.9141 10.1010 0.0234 0.0237 -0.2002 0.9792
2015.0000 -214.7255 -41.2617 10.1514 0.0232 0.0230 -0.2004 0.9792
2016.0000 -214.4451 -40.6246 10.1806 0.0235 0.0230 -0.2008 0.9791
2017.0000 -214.1602 -39.9635 10.2197 0.0236 0.0230 -0.2010 0.9790
2018.0000 -213.8812 -39.3004 10.2583 0.0236 0.0224 -0.2013 0.9790
2019.0000 -213.6034 -38.6474 10.3002 0.0234 0.0220 -0.2015 0.9790
2020.0000 -213.3119 -37.9950 10.3464 0.0232 0.0213 -0.2018 0.9789
2021.0000 -213.0463 -37.3347 10.3951 0.0231 0.0205 -0.2019 0.9789
2022.0000 -212.7531 -36.6844 10.4351 0.0228 0.0202 -0.2022 0.9789
2023.0000 -212.4821 -36.0446 10.4721 0.0228 0.0197 -0.2025 0.9788
2024.0000 -212.1866 -35.3912 10.5158 0.0227 0.0192 -0.2022 0.9789
2025.0000 -211.9122 -34.7472 10.5550 0.0224 0.0187 -0.2023 0.9789
2026.0000 -211.6372 -34.1135 10.5872 0.0222 0.0183 -0.2024 0.9789
2027.0000 -211.3389 -33.4523 10.6445 0.0220 0.0175 -0.2022 0.9789
2028.0000 -211.0716 -32.8210 10.6913 0.0226 0.0178 -0.2021 0.9789
2029.0000 -210.7787 -32.1625 10.7319 0.0231 0.0182 -0.2022 0.9789
2030.0000 -210.4853 -31.4997 10.7527 0.0237 0.0179 -0.2019 0.9790
2031.0000 -210.2083 -30.8421 10.7829 0.0235 0.0178 -0.2019 0.9790
2032.0000 -209.9256 -30.1788 10.8349 0.0226 0.0177 -0.2018 0.9790
2033.0000 -209.6361 -29.5173 10.8662 0.0223 0.0178 -0.2014 0.9791
2034.0000 -209.3451 -28.8564 10.9149 0.0225 0.0180 -0.2013 0.9791
2035.0000 -209.0625 -28.1854 10.9934 0.0226 0.0183 -0.2016 0.9790
2036.0000 -208.7539 -27.5087 11.0175 0.0232 0.0181 -0.2016 0.9790
2037.0000 -208.4733 -26.8270 11.0406 0.0235 0.0181 -0.2021 0.9789
2038.0000 -208.1659 -26.1446 11.0812 0.0234 0.0179 -0.2019 0.9790
2039.0000 -207.8581 -25.4564 11.1340 0.0232 0.0180 -0.2017 0.9790
2040.0000 -207.5621 -24.7759 11.1889 0.0233 0.0181 -0.2018 0.9790
2041.0000 -207.2558 -24.0601 11.2185 0.0235 0.0183 -0.2020 0.9789
2042.0000 -206.9564 -23.3920 11.2621 0.0236 0.0178 -0.2020 0.9789
2043.0000 -206.6418 -22.6673 11.3135 0.0235 0.0174 -0.2021 0.9789
2044.0000 -206.3479 -21.9830 11.3661 0.0234 0.0176 -0.2021 0.9789
2045.0000 -206.0243 -21.2761 11.4143 0.0232 0.0174 -0.2024 0.9789
2046.0000 -205.7180 -20.5843 11.4460 0.0233 0.0175 -0.2027 0.9788
2047.0000 -205.4141 -19.8780 11.4910 0.0234 0.0173 -0.2031 0.9787
2048.0000 -205.1126 -19.1777 11.5407 0.0231 0.0174 -0.2029 0.9788
2049.0000 -204.8051 -18.4805 11.6129 0.0233 0.0219 -0.2026 0.9787
2050.0000 -204.5015 -17.7811 11.6579 0.0234 0.0224 -0.2026 0.9787
2051.0000 -204.1943 -17.0936 11.7026 0.0235 0.0225 -0.2029 0.9787
2052.0000 -203.9001 -16.3847 11.7141 0.0238 0.0219 -0.2034 0.9786
2053.0000 -203.5939 -15.6889 11.7641 0.0238 0.0219 -0.2036 0.9785
2054.0000 -203.2952 -14.9948 11.8078 0.0240 0.0218 -0.2036 0.9785
2055.0000 -202.9838 -14.3022 11.8572 0.0244 0.0217 -0.2037 0.9785
2056.0000 -202.6734 -13.6020 11.8996 0.0249 0.0214 -0.2040 0.9784
2057.0000 -202.3807 -12.9110 11.9650 0.0251 0.0208 -0.2043 0.9784
2058.0000 -202.0816 -12.2300 11.9892 0.0254 0.0204 -0.2041 0.9784
2059.0000 -201.7812 -11.5336 12.0403 0.0255 0.0204 -0.2043 0.9784
2060.0000 -201.4739 -10.8371 12.0807 0.0256 0.0202 -0.2036 0.9785
2061.0000 -201.1699 -10.1586 12.1406 0.0256 0.0194 -0.2028 0.9787
2062.0000 -200.8658 -9.4625 12.1914 0.0257 0.0188 -0.2024 0.9788
2063.0000 -200.5766 -8.7722 12.2342 0.0258 0.0182 -0.2022 0.9788
2064.0000 -200.2833 -8.0966 12.2837 0.0258 0.0194 -0.2017 0.9789
2065.0000 -199.9959 -7.4124 12.3508 0.0258 0.0191 -0.2013 0.9790
2066.0000 -199.6935 -6.7310 12.3960 0.0259 0.0194 -0.2009 0.9791
2067.0000 -199.3995 -6.0440 12.4409 0.0260 0.0203 -0.2003 0.9792
2068.0000 -199.1048 -5.3680 12.4739 0.0262 0.0197 -0.1996 0.9793
2069.0000 -198.8102 -4.6969 12.5233 0.0263 0.0197 -0.1990 0.9795
2070.0000 -198.5161 -4.0086 12.5745 0.0259 0.0200 -0.1984 0.9796
2071.0000 -198.2226 -3.3265 12.6380 0.0260 0.0209 -0.1979 0.9797
2072.0000 -197.9377 -2.6587 12.6732 0.0263 0.0213 -0.1976 0.9797
2073.0000 -197.6389 -1.9681 12.7182 0.0264 0.0218 -0.1975 0.9797
2074.0000 -197.3556 -1.2980 12.7755 0.0264 0.0217 -0.1975 0.9797
2075.0000 -197.0605 -0.6336 12.8190 0.0263 0.0220 -0.1977 0.9797
2076.0000 -196.7808 0.0421 12.8639 0.0263 0.0220 -0.1982 0.9796
2077.0000 -196.4848 0.7084 12.9152 0.0265 0.0212 -0.1985 0.9795
2078.0000 -196.2034 1.3825 12.9654 0.0268 0.0210 -0.1988 0.9794
2079.0000 -195.9239 2.0509 13.0094 0.0270 0.0206 -0.1991 0.9794
2080.0000 -195.6385 2.7200 13.0509 0.0271 0.0202 -0.1994 0.9793
2081.0000 -195.3629 3.3706 13.1085 0.0269 0.0202 -0.2005 0.9791
2082.0000 -195.0724 4.0432 13.1485 0.0271 0.0200 -0.2020 0.9788
2083.0000 -194.7688 4.7028 13.2047 0.0272 0.0197 -0.2040 0.9784
2084.0000 -194.4844 5.3562 13.2279 0.0277 0.0197 -0.2064 0.9779
2085.0000 -194.1876 6.0095 13.2890 0.0276 0.0196 -0.2084 0.9775
2086.0000 -193.8765 6.6474 13.3412 0.0274 0.0198 -0.2108 0.9769
2087.0000 -193.5725 7.3114 13.4121 0.0273 0.0201 -0.2128 0.9765
2088.0000 -193.2781 7.9418 13.4597 0.0273 0.0202 -0.2148 0.9761
2089.0000 -192.9683 8.5712 13.4798 0.0277 0.0206 -0.2163 0.9757
2090.0000 -192.6658 9.2176 13.5281 0.0277 0.0205 -0.2171 0.9755
2091.0000 -192.3499 9.8499 13.5696 0.0276 0.0205 -0.2170 0.9756
2092.0000 -192.0503 10.4860 13.6236 0.0275 0.0207 -0.2170 0.9756
2093.0000 -191.7592 11.1144 13.6880 0.0274 0.0205 -0.2167 0.9756
2094.0000 -191.4598 11.7548 13.7356 0.0273 0.0205 -0.2160 0.9758
2095.0000 -191.1601 12.3800 13.7921 0.0274 0.0200 -0.2151 0.9760
2096.0000 -190.8732 13.0075 13.8220 0.0277 0.0198 -0.2147 0.9761
2097.0000 -190.5850 13.6418 13.8563 0.0277 0.0197 -0.2140 0.9762
2098.0000 -190.2990 14.2790 13.9085 0.0276 0.0194 -0.2131 0.9764
2099.0000 -190.0024 14.9079 13.9592 0.0273 0.0193 -0.2123 0.9766
2100.0000 -189.7141 15.5444 14.0291 0.0270 0.0192 -0.2114 0.9768
2101.0000 -189.4278 16.1703 14.0712 0.0273 0.0197 -0.2101 0.9771
2102.0000 -189.1371 16.7863 14.1221 0.0275 0.0196 -0.2090 0.9773
2103.0000 -188.8599 17.4154 14.1664 0.0275 0.0192 -0.2077 0.9776
2104.0000 -188.5694 18.0676 14.1754 0.0262 0.0196 -0.2065 0.9779
2105.0000 -188.2947 18.7080 14.2356 0.0249 0.0203 -0.2049 0.9783
2106.0000 -188.0225 19.3290 14.2848 0.0252 0.0196 -0.2037 0.9785
2107.0000 -187.7663 19.9484 14.3485 0.0266 0.0182 -0.2037 0.9785
2108.0000 -187.5043 20.5675 14.3780 0.0281 0.0168 -0.2035 0.9785
2109.0000 -187.2285 21.2006 14.3951 0.0283 0.0162 -0.2031 0.9786
2110.0000 -186.9800 21.8388 14.4206 0.0259 0.0167 -0.2024 0.9788
2111.0000 -186.6860 22.4877 14.4810 0.0241 0.0156 -0.2016 0.9791
2112.0000 -186.4169 23.0957 14.5593 0.0236 0.0156 -0.2008 0.9792
2113.0000 -186.1474 23.6984 14.6177 0.0241 0.0154 -0.2003 0.9793
2114.0000 -185.8829 24.3226 14.6565 0.0250 0.0149 -0.1999 0.9794
2115.0000 -185.6123 24.9445 14.6873 0.0249 0.0149 -0.1991 0.9796
2116.0000 -185.3642 25.5757 14.7107 0.0249 0.0149 -0.1985 0.9797
2117.0000 -185.1073 26.1872 14.7596 0.0243 0.0150 -0.1977 0.9798
2118.0000 -184.8284 26.8119 14.8138 0.0245 0.0149 -0.1968 0.9800
2119.0000 -184.5677 27.4298 14.8753 0.0246 0.0149 -0.1964 0.9801
2120.0000 -184.3104 28.0384 14.9278 0.0249 0.0153 -0.1959 0.9802
2121.0000 -184.0641 28.6486 14.9538 0.0250 0.0147 -0.1952 0.9803
2122.0000 -183.7953 29.2732 14.9886 0.0244 0.0140 -0.1946 0.9805
2123.0000 -183.5523 29.8932 15.0318 0.0242 0.0140 -0.1938 0.9806
2124.0000 -183.2814 30.5181 15.0858 0.0238 0.0139 -0.1930 0.9808
2125.0000 -183.0330 31.1311 15.1472 0.0236 0.0142 -0.1923 0.9810
2126.0000 -182.7739 31.7531 15.1828 0.0240 0.0140 -0.1915 0.9811
2127.0000 -182.5322 32.3522 15.2315 0.0242 0.0137 -0.1911 0.9812
2128.0000 -182.2851 32.9851 15.2605 0.0244 0.0133 -0.1903 0.9813
2129.0000 -182.0473 33.6040 15.2811 0.0246 0.0128 -0.1901 0.9814
2130.0000 -181.8025 34.2243 15.3287 0.0246 0.0124 -0.1900 0.9814
2131.0000 -181.5479 34.8428 15.3852 0.0246 0.0123 -0.1904 0.9813
2132.0000 -181.2966 35.4590 15.4373 0.0248 0.0121 -0.1910 0.9812
2133.0000 -181.0453 36.0756 15.4817 0.0251 0.0120 -0.1916 0.9811
2134.0000 -180.7859 36.6990 15.5228 0.0253 0.0120 -0.1921 0.9810
2135.0000 -180.5383 37.3191 15.5517 0.0256 0.0121 -0.1928 0.9808
2136.0000 -180.2790 37.9318 15.6061 0.0255 0.0117 -0.1934 0.9807
2137.0000 -180.0147 38.5660 15.6436 0.0257 0.0116 -0.1940 0.9806
2138.0000 -179.7535 39.1831 15.6915 0.0256 0.0113 -0.1946 0.9805
2139.0000 -179.4909 39.8137 15.7433 0.0256 0.0111 -0.1949 0.9804
2140.0000 -179.2251 40.4374 15.8076 0.0257 0.0114 -0.1949 0.9804
2141.0000 -178.9722 41.0667 15.8485 0.0259 0.0114 -0.1952 0.9804
2142.0000 -178.7038 41.7135 15.8925 0.0262 0.0112 -0.1952 0.9803
2143.0000 -178.4237 42.3398 15.9119 0.0263 0.0110 -0.1951 0.9804
2144.0000 -178.1674 42.9658 15.9836 0.0260 0.0107 -0.1952 0.9804
2145.0000 -177.8956 43.6100 16.0242 0.0258 0.0106 -0.1952 0.9804
2146.0000 -177.6338 44.2597 16.0847 0.0258 0.0106 -0.1953 0.9804
2147.0000 -177.3775 44.8946 16.1350 0.0258 0.0109 -0.1953 0.9803
2148.0000 -177.1073 45.5268 16.1837 0.0257 0.0106 -0.1956 0.9803
2149.0000 -176.8320 46.1646 16.2015 0.0258 0.0105 -0.1960 0.9802
2150.0000 -176.5808 46.8023 16.2449 0.0260 0.0102 -0.1966 0.9801
2151.0000 -176.3223 47.4313 16.2939 0.0261 0.0100 -0.1968 0.9800
2152.0000 -176.0429 48.0820 16.3666 0.0261 0.0101 -0.1969 0.9800
2153.0000 -175.7756 48.7338 16.4038 0.0250 0.0087 -0.1973 0.9800
2154.0000 -175.5234 49.3843 16.4336 0.0217 0.0020 -0.1984 0.9799
2155.0000 -175.2716 50.0333 16.4781 0.0206 0.0010 -0.1994 0.9797
2156.0000 -174.9930 50.6788 16.5408 0.0207 0.0011 -0.2006 0.9795
2157.0000 -174.7066 51.2731 16.5925 0.0228 0.0021 -0.2023 0.9791
2158.0000 -174.4417 51.8998 16.6276 0.0285 0.0076 -0.2042 0.9785
2159.0000 -174.1444 52.4927 16.6767 0.0305 0.0078 -0.2056 0.9781
2160.0000 -173.8689 53.1421 16.7314 0.0305 0.0080 -0.2071 0.9778
2161.0000 -173.5802 53.7535 16.7867 0.0287 0.0081 -0.2085 0.9776
2162.0000 -173.2692 54.3863 16.8115 0.0242 0.0096 -0.2088 0.9776
2163.0000 -172.9724 55.0326 16.8495 0.0229 0.0105 -0.2097 0.9774
2164.0000 -172.6846 55.6573 16.9176 0.0222 0.0112 -0.2106 0.9773
2165.0000 -172.4182 56.2710 16.9886 0.0213 0.0106 -0.2111 0.9772
2166.0000 -172.1309 56.8983 17.0392 0.0213 0.0099 -0.2114 0.9771
2167.0000 -171.8568 57.5207 17.0378 0.0222 0.0099 -0.2115 0.9771
2168.0000 -171.5697 58.1169 17.0700 0.0233 0.0102 -0.2105 0.9773
2169.0000 -171.2977 58.7295 17.0928 0.0247 0.0107 -0.2095 0.9774
2170.0000 -171.0163 59.3544 17.1517 0.0257 0.0112 -0.2082 0.9777
2171.0000 -170.7323 59.9663 17.2205 0.0258 0.0110 -0.2075 0.9778
2172.0000 -170.4597 60.5806 17.2430 0.0261 0.0120 -0.2059 0.9782
2173.0000 -170.1913 61.2075 17.2644 0.0267 0.0114 -0.2048 0.9784
2174.0000 -169.9168 61.8305 17.3044 0.0273 0.0113 -0.2038 0.9786
2175.0000 -169.6517 62.4405 17.3717 0.0275 0.0109 -0.2026 0.9788
2176.0000 -169.3872 63.0552 17.4337 0.0273 0.0111 -0.2016 0.9790
2177.0000 -169.1312 63.6879 17.5045 0.0268 0.0109 -0.2008 0.9792
2178.0000 -168.8732 64.3278 17.5435 0.0262 0.0101 -0.2001 0.9794
2179.0000 -168.6116 64.9501 17.5972 0.0258 0.0100 -0.1993 0.9796
2180.0000 -168.3532 65.5617 17.6394 0.0256 0.0096 -0.1983 0.9798
2181.0000 -168.0862 66.1664 17.6837 0.0256 0.0092 -0.1978 0.9799
2182.0000 -167.8212 66.7931 17.7403 0.0255 0.0092 -0.1973 0.9800
2183.0000 -167.5674 67.4383 17.7988 0.0253 0.0090 -0.1971 0.9800
2184.0000 -167.3135 68.0390 17.8501 0.0254 0.0091 -0.1975 0.9799
2185.0000 -167.0684 68.6574 17.8901 0.0254 0.0092 -0.1976 0.9799
2186.0000 -166.7906 69.2601 17.9343 0.0253 0.0091 -0.1976 0.9799
2187.0000 -166.5256 69.8627 17.9895 0.0253 0.0096 -0.1977 0.9799
2188.0000 -166.2819 70.4652 18.0248 0.0256 0.0097 -0.1978 0.9799
2189.0000 -166.0318 71.0693 18.0618 0.0258 0.0096 -0.1980 0.9798
2190.0000 -165.7901 71.6544 18.1240 0.0257 0.0097 -0.1981 0.9798
2191.0000 -165.5555 72.2406 18.1718 0.0257 0.0099 -0.1982 0.9798
2192.0000 -165.3257 72.8196 18.2111 0.0258 0.0098 -0.1984 0.9797
2193.0000 -165.0975 73.3874 18.2639 0.0258 0.0100 -0.1987 0.9797
2194.0000 -164.8650 73.9430 18.3003 0.0261 0.0098 -0.1987 0.9797
2195.0000 -164.6291 74.4869 18.3325 0.0265 0.0089 -0.1987 0.9797
2196.0000 -164.3968 75.0160 18.4011 0.0262 0.0049 -0.1991 0.9796
2197.0000 -164.1745 75.5525 18.4515 0.0264 0.0038 -0.1991 0.9796
2198.0000 -163.9627 76.0650 18.4965 0.0267 0.0033 -0.1992 0.9796
2199.0000 -163.7608 76.5635 18.5434 0.0269 0.0032 -0.1995 0.9795
2200.0000 -163.5573 77.0655 18.5778 0.0272 0.0031 -0.1999 0.9794
2201.0000 -163.3299 77.5454 18.6082 0.0275 0.0032 -0.1998 0.9794
2202.0000 -163.1163 78.0491 18.6523 0.0275 0.0030 -0.2000 0.9794
2203.0000 -162.9115 78.5216 18.6936 0.0273 0.0034 -0.2003 0.9793
2204.0000 -162.7148 78.9932 18.7632 0.0267 0.0036 -0.2007 0.9793
2205.0000 -162.5151 79.4722 18.8029 0.0266 0.0040 -0.2013 0.9792
2206.0000 -162.3065 79.9325 18.8324 0.0267 0.0046 -0.2023 0.9789
2207.0000 -162.0968 80.3851 18.8618 0.0266 0.0052 -0.2034 0.9787
2208.0000 -161.8956 80.8285 18.8914 0.0265 0.0055 -0.2049 0.9784
2209.0000 -161.6797 81.2713 18.9514 0.0262 0.0055 -0.2070 0.9780
2210.0000 -161.4953 81.7030 18.9704 0.0264 0.0055 -0.2092 0.9775
2211.0000 -161.2772 82.1529 19.0197 0.0267 0.0056 -0.2121 0.9769
2212.0000 -161.0616 82.5868 19.0607 0.0268 0.0063 -0.2153 0.9762
2213.0000 -160.8359 82.9916 19.0837 0.0273 0.0066 -0.2188 0.9754
2214.0000 -160.6471 83.4105 19.0977 0.0279 0.0066 -0.2228 0.9745
2215.0000 -160.4471 83.8411 19.1155 0.0284 0.0062 -0.2275 0.9733
2216.0000 -160.2724 84.2518 19.1553 0.0287 0.0057 -0.2330 0.9720
2217.0000 -160.0572 84.6325 19.1988 0.0292 0.0056 -0.2391 0.9705
2218.0000 -159.8460 85.0030 19.1989 0.0293 0.0060 -0.2461 0.9688
2219.0000 -159.6083 85.3548 19.2589 0.0289 0.0063 -0.2540 0.9668
2220.0000 -159.4121 85.6937 19.3123 0.0283 0.0066 -0.2623 0.9645
2221.0000 -159.2059 86.0151 19.3566 0.0281 0.0068 -0.2708 0.9622
2222.0000 -158.9949 86.3192 19.3692 0.0286 0.0072 -0.2795 0.9597
2223.0000 -158.7773 86.6108 19.3844 0.0289 0.0074 -0.2888 0.9569
2224.0000 -158.5599 86.8850 19.3914 0.0297 0.0080 -0.2984 0.9539
2225.0000 -158.3494 87.1407 19.3852 0.0306 0.0081 -0.3088 0.9506
2226.0000 -158.1571 87.3873 19.4049 0.0309 0.0083 -0.3197 0.9470
2227.0000 -157.9298 87.6390 19.4330 0.0308 0.0087 -0.3304 0.9433
2228.0000 -157.6870 87.8812 19.4623 0.0305 0.0090 -0.3418 0.9392
2229.0000 -157.4578 88.1059 19.5035 0.0296 0.0097 -0.3535 0.9349
2230.0000 -157.2381 88.3155 19.5246 0.0292 0.0103 -0.3649 0.9305
2231.0000 -157.0074 88.5364 19.5361 0.0292 0.0105 -0.3766 0.9259
2232.0000 -156.7680 88.7373 19.5564 0.0290 0.0109 -0.3892 0.9206
2233.0000 -156.5408 88.9152 19.5806 0.0291 0.0116 -0.4021 0.9151
2234.0000 -156.2940 89.0780 19.5886 0.0291 0.0120 -0.4146 0.9095
2235.0000 -156.0371 89.2380 19.6037 0.0290 0.0127 -0.4276 0.9034
2236.0000 -155.7916 89.3769 19.6038 0.0290 0.0133 -0.4404 0.8972
2237.0000 -155.5475 89.5063 19.6176 0.0291 0.0136 -0.4527 0.8911
2238.0000 -155.2946 89.6440 19.6128 0.0294 0.0140 -0.4649 0.8848
2239.0000 -155.0560 89.7979 19.6192 0.0294 0.0142 -0.4773 0.8782
2240.0000 -154.7982 89.9495 19.6210 0.0299 0.0146 -0.4896 0.8713
2241.0000 -154.5215 90.0982 19.6264 0.0300 0.0149 -0.5021 0.8642
2242.0000 -154.2147 90.2412 19.6553 0.0303 0.0154 -0.5148 0.8567
2243.0000 -153.9085 90.3640 19.6662 0.0303 0.0156 -0.5274 0.8490
2244.0000 -153.5829 90.5109 19.6770 0.0300 0.0159 -0.5399 0.8410
2245.0000 -153.2492 90.6240 19.6829 0.0300 0.0162 -0.5523 0.8329
2246.0000 -152.8894 90.7277 19.6815 0.0305 0.0168 -0.5647 0.8246
2247.0000 -152.5391 90.8180 19.7288 0.0311 0.0179 -0.5774 0.8156
2248.0000 -152.1803 90.9070 19.7113 0.0314 0.0180 -0.5911 0.8058
2249.0000 -151.8260 91.0202 19.7151 0.0316 0.0181 -0.6043 0.7959
2250.0000 -151.4243 91.0908 19.7284 0.0314 0.0184 -0.6173 0.7859
2251.0000 -151.0227 91.1676 19.7499 0.0312 0.0189 -0.6303 0.7755
2252.0000 -150.6066 91.2011 19.7810 0.0302 0.0198 -0.6433 0.7648
2253.0000 -150.1644 91.2312 19.7949 0.0295 0.0213 -0.6557 0.7542
2254.0000 -149.7371 91.2642 19.7820 0.0291 0.0222 -0.6676 0.7436
2255.0000 -149.3077 91.2900 19.7533 0.0319 0.0300 -0.6783 0.7335
2256.0000 -148.8587 91.2878 19.7828 0.0325 0.0301 -0.6885 0.7239
2257.0000 -148.4012 91.2818 19.8001 0.0331 0.0301 -0.6983 0.7144
2258.0000 -147.9643 91.2738 19.8278 -0.0336 -0.0299 0.7071 -0.7057
2259.0000 -147.4895 91.2445 19.8435 -0.0338 -0.0299 0.7152 -0.6975
2260.0000 -147.0089 91.2157 19.8475 -0.0343 -0.0297 0.7220 -0.6904
2261.0000 -146.5099 91.1455 19.8288 -0.0345 -0.0302 0.7279 -0.6842
2262.0000 -145.9533 91.0874 19.8357 -0.0351 -0.0315 0.7331 -0.6784
2263.0000 -145.4257 91.0350 19.8467 -0.0359 -0.0324 0.7381 -0.6730
2264.0000 -144.8764 90.9821 19.8777 -0.0361 -0.0326 0.7430 -0.6675
2265.0000 -144.3319 90.9011 19.9016 -0.0357 -0.0326 0.7480 -0.6620
2266.0000 -143.7694 90.8459 19.9017 -0.0355 -0.0325 0.7531 -0.6561
2267.0000 -143.2038 90.7453 19.8822 -0.0354 -0.0324 0.7578 -0.6507
2268.0000 -142.6041 90.6344 19.8882 -0.0356 -0.0330 0.7617 -0.6461
2269.0000 -142.0089 90.5074 19.8834 -0.0363 -0.0334 0.7647 -0.6425
2270.0000 -141.3918 90.3922 19.9003 -0.0368 -0.0342 0.7672 -0.6394
2271.0000 -140.7621 90.2671 19.9162 -0.0368 -0.0342 0.7697 -0.6365
2272.0000 -140.1294 90.1445 19.9274 -0.0365 -0.0342 0.7726 -0.6330
2273.0000 -139.4752 90.0140 19.9298 -0.0360 -0.0342 0.7751 -0.6299
2274.0000 -138.8296 89.8689 19.9060 -0.0357 -0.0344 0.7774 -0.6271
2275.0000 -138.1590 89.7019 19.8989 -0.0361 -0.0346 0.7794 -0.6246
2276.0000 -137.4765 89.5483 19.9075 -0.0366 -0.0348 0.7812 -0.6222
2277.0000 -136.7813 89.3748 19.9163 -0.0367 -0.0348 0.7827 -0.6203
2278.0000 -136.0570 89.2326 19.9381 -0.0367 -0.0347 0.7842 -0.6184
2279.0000 -135.3509 89.0468 19.9602 -0.0365 -0.0354 0.7851 -0.6172
2280.0000 -134.6066 88.8614 19.9524 -0.0371 -0.0365 0.7858 -0.6163
2281.0000 -133.8967 88.6827 19.9482 -0.0369 -0.0371 0.7862 -0.6157
2282.0000 -133.1540 88.4992 19.9568 -0.0369 -0.0375 0.7864 -0.6154
2283.0000 -132.3970 88.3036 19.9623 -0.0373 -0.0380 0.7867 -0.6150
2284.0000 -131.6480 88.1060 19.9823 -0.0375 -0.0384 0.7869 -0.6148
2285.0000 -130.8847 87.9280 20.0011 -0.0374 -0.0390 0.7871 -0.6145
2286.0000 -130.1256 87.7365 19.9836 -0.0379 -0.0387 0.7871 -0.6145
2287.0000 -129.3696 87.5468 19.9602 -0.0383 -0.0374 0.7872 -0.6143
2288.0000 -128.5966 87.3592 19.9253 -0.0387 -0.0361 0.7873 -0.6142
2289.0000 -127.8398 87.1752 19.9369 -0.0389 -0.0356 0.7875 -0.6141
2290.0000 -127.0215 86.9899 20.0145 -0.0392 -0.0374 0.7877 -0.6136
2291.0000 -126.2349 86.7762 20.0635 -0.0390 -0.0388 0.7877 -0.6136
2292.0000 -125.4448 86.6003 20.0681 -0.0391 -0.0386 0.7879 -0.6134
2293.0000 -124.6690 86.4102 20.0552 -0.0395 -0.0381 0.7876 -0.6138
2294.0000 -123.8631 86.2044 20.0361 -0.0400 -0.0379 0.7876 -0.6138
2295.0000 -123.0596 86.0042 20.0415 -0.0403 -0.0384 0.7875 -0.6137
2296.0000 -122.2666 85.8073 20.0655 -0.0405 -0.0386 0.7874 -0.6139
2297.0000 -121.4602 85.5931 20.0875 -0.0408 -0.0385 0.7872 -0.6141
2298.0000 -120.6431 85.4043 20.1116 -0.0411 -0.0388 0.7872 -0.6140
2299.0000 -119.8389 85.2024 20.1044 -0.0416 -0.0390 0.7872 -0.6141
2300.0000 -119.0435 85.0064 20.0969 -0.0421 -0.0387 0.7870 -0.6143
2301.0000 -118.2037 84.8038 20.1151 -0.0424 -0.0379 0.7869 -0.6145
2302.0000 -117.3877 84.5950 20.1088 -0.0428 -0.0375 0.7868 -0.6146
2303.0000 -116.5836 84.3806 20.1454 -0.0425 -0.0387 0.7867 -0.6147
2304.0000 -115.7530 84.1843 20.1744 -0.0420 -0.0412 0.7866 -0.6147
2305.0000 -114.9456 83.9652 20.1825 -0.0416 -0.0418 0.7864 -0.6149
2306.0000 -114.1313 83.7621 20.1795 -0.0417 -0.0416 0.7863 -0.6150
2307.0000 -113.3558 83.5597 20.1671 -0.0425 -0.0416 0.7861 -0.6152
2308.0000 -112.5494 83.3490 20.1583 -0.0427 -0.0414 0.7861 -0.6153
2309.0000 -111.7449 83.1436 20.1446 -0.0429 -0.0415 0.7858 -0.6156
2310.0000 -110.9683 82.9428 20.1531 -0.0431 -0.0417 0.7856 -0.6159
2311.0000 -110.1689 82.7392 20.1533 -0.0432 -0.0415 0.7852 -0.6163
2312.0000 -109.3787 82.5421 20.1646 -0.0433 -0.0414 0.7851 -0.6165
2313.0000 -108.6152 82.3448 20.1756 -0.0433 -0.0415 0.7849 -0.6167
2314.0000 -107.8002 82.1521 20.1935 -0.0432 -0.0419 0.7848 -0.6169
2315.0000 -107.0278 81.9693 20.1893 -0.0432 -0.0416 0.7846 -0.6171
2316.0000 -106.2268 81.7717 20.1799 -0.0436 -0.0416 0.7846 -0.6171
2317.0000 -105.4655 81.5751 20.2070 -0.0432 -0.0411 0.7844 -0.6174
2318.0000 -104.6558 81.3862 20.1995 -0.0428 -0.0404 0.7843 -0.6176
2319.0000 -103.8741 81.1960 20.2182 -0.0433 -0.0400 0.7842 -0.6177
2320.0000 -103.0944 80.9908 20.2316 -0.0441 -0.0391 0.7841 -0.6179
2321.0000 -102.3187 80.8125 20.2266 -0.0444 -0.0390 0.7842 -0.6177
2322.0000 -101.5378 80.5997 20.2232 -0.0454 -0.0402 0.7840 -0.6178
2323.0000 -100.7158 80.3873 20.2364 -0.0459 -0.0409 0.7837 -0.6181
2324.0000 -99.9304 80.1984 20.2429 -0.0461 -0.0406 0.7836 -0.6182
2325.0000 -99.1551 80.0085 20.2465 -0.0468 -0.0401 0.7833 -0.6186
2326.0000 -98.3904 79.8283 20.2594 -0.0468 -0.0398 0.7830 -0.6189
2327.0000 -97.5611 79.6411 20.2808 -0.0459 -0.0395 0.7831 -0.6189
2328.0000 -96.7580 79.4442 20.3185 -0.0447 -0.0402 0.7829 -0.6193
2329.0000 -95.9425 79.2432 20.3275 -0.0446 -0.0407 0.7825 -0.6197
2330.0000 -95.1507 79.0748 20.3268 -0.0448 -0.0406 0.7824 -0.6199
2331.0000 -94.3745 78.8687 20.3412 -0.0445 -0.0397 0.7820 -0.6204
2332.0000 -93.5811 78.6998 20.3503 -0.0450 -0.0392 0.7819 -0.6206
2333.0000 -92.8039 78.5137 20.3591 -0.0452 -0.0390 0.7818 -0.6207
2334.0000 -92.0237 78.3254 20.3582 -0.0452 -0.0385 0.7816 -0.6210
2335.0000 -91.2283 78.1423 20.3708 -0.0450 -0.0382 0.7814 -0.6212
2336.0000 -90.4412 77.9606 20.4048 -0.0446 -0.0384 0.7811 -0.6216
2337.0000 -89.6555 77.7702 20.4134 -0.0445 -0.0385 0.7809 -0.6219
2338.0000 -88.8864 77.5877 20.4377 -0.0443 -0.0386 0.7807 -0.6221
2339.0000 -88.1232 77.4050 20.4439 -0.0451 -0.0388 0.7805 -0.6224
2340.0000 -87.3287 77.2220 20.4556 -0.0451 -0.0382 0.7804 -0.6225
2341.0000 -86.5582 77.0475 20.4618 -0.0454 -0.0379 0.7801 -0.6228
2342.0000 -85.7928 76.8640 20.4722 -0.0450 -0.0374 0.7800 -0.6230
2343.0000 -85.0114 76.6941 20.4947 -0.0454 -0.0377 0.7799 -0.6232
2344.0000 -84.2312 76.5075 20.5094 -0.0455 -0.0374 0.7797 -0.6234
2345.0000 -83.4691 76.3265 20.5242 -0.0455 -0.0370 0.7795 -0.6236
2346.0000 -82.7114 76.1532 20.5443 -0.0456 -0.0368 0.7794 -0.6237
2347.0000 -81.9291 75.9619 20.5677 -0.0459 -0.0369 0.7794 -0.6238
2348.0000 -81.1553 75.7996 20.5843 -0.0461 -0.0369 0.7795 -0.6236
2349.0000 -80.3803 75.6173 20.5882 -0.0462 -0.0368 0.7795 -0.6237
2350.0000 -79.5940 75.4323 20.6060 -0.0465 -0.0370 0.7795 -0.6236
2351.0000 -78.8172 75.2628 20.6154 -0.0469 -0.0371 0.7795 -0.6236
2352.0000 -78.0342 75.0773 20.6401 -0.0474 -0.0371 0.7791 -0.6240
2353.0000 -77.2652 74.8874 20.6476 -0.0482 -0.0367 0.7784 -0.6248
2354.0000 -76.4979 74.7146 20.6663 -0.0485 -0.0362 0.7778 -0.6256
2355.0000 -75.7104 74.5587 20.7023 -0.0485 -0.0360 0.7773 -0.6262
2356.0000 -74.9280 74.3840 20.7240 -0.0480 -0.0358 0.7770 -0.6266
2357.0000 -74.1437 74.2130 20.7367 -0.0476 -0.0357 0.7766 -0.6271
2358.0000 -73.3621 74.0530 20.7779 -0.0478 -0.0359 0.7769 -0.6268
2359.0000 -72.5943 73.8748 20.7948 -0.0480 -0.0355 0.7774 -0.6262
2360.0000 -71.8573 73.7087 20.8449 -0.0482 -0.0357 0.7780 -0.6254
2361.0000 -71.0863 73.5461 20.8487 -0.0482 -0.0359 0.7785 -0.6248
2362.0000 -70.3012 73.3671 20.8447 -0.0478 -0.0357 0.7791 -0.6241
2363.0000 -69.5468 73.1848 20.8701 -0.0480 -0.0361 0.7794 -0.6236
2364.0000 -68.7912 73.0074 20.8815 -0.0480 -0.0360 0.7797 -0.6232
2365.0000 -68.0413 72.8418 20.9073 -0.0481 -0.0360 0.7804 -0.6224
2366.0000 -67.3079 72.6524 20.9484 -0.0485 -0.0358 0.7806 -0.6221
2367.0000 -66.5652 72.4843 20.9677 -0.0486 -0.0356 0.7811 -0.6215
2368.0000 -65.8198 72.3020 20.9773 -0.0496 -0.0361 0.7814 -0.6210
2369.0000 -65.0750 72.1216 20.9898 -0.0501 -0.0363 0.7817 -0.6206
2370.0000 -64.3189 71.9612 20.9927 -0.0495 -0.0356 0.7822 -0.6200
2371.0000 -63.5890 71.7829 21.0342 -0.0498 -0.0360 0.7824 -0.6197
2372.0000 -62.8423 71.6099 21.0626 -0.0496 -0.0359 0.7826 -0.6195
2373.0000 -62.1097 71.4404 21.0980 -0.0493 -0.0356 0.7832 -0.6188
2374.0000 -61.3768 71.2848 21.0997 -0.0496 -0.0357 0.7836 -0.6183
2375.0000 -60.6405 71.0770 21.0982 -0.0494 -0.0360 0.7838 -0.6180
2376.0000 -59.9119 70.8981 21.1349 -0.0487 -0.0361 0.7842 -0.6175
2377.0000 -59.1928 70.7143 21.1603 -0.0490 -0.0362 0.7844 -0.6173
2378.0000 -58.4701 70.5318 21.2204 -0.0496 -0.0366 0.7845 -0.6170
2379.0000 -57.7501 70.3545 21.2000 -0.0502 -0.0361 0.7848 -0.6167
2380.0000 -57.0158 70.1787 21.1945 -0.0506 -0.0357 0.7852 -0.6161
2381.0000 -56.2933 69.9913 21.1959 -0.0504 -0.0354 0.7854 -0.6159
2382.0000 -55.5659 69.8138 21.2257 -0.0506 -0.0354 0.7857 -0.6155
2383.0000 -54.8391 69.6182 21.2776 -0.0507 -0.0356 0.7859 -0.6153
2384.0000 -54.1014 69.4366 21.2916 -0.0508 -0.0357 0.7862 -0.6148
2385.0000 -53.3611 69.2665 21.3184 -0.0511 -0.0358 0.7864 -0.6145
2386.0000 -52.6207 69.0662 21.3324 -0.0513 -0.0357 0.7864 -0.6146
2387.0000 -51.8720 68.8783 21.3362 -0.0518 -0.0353 0.7860 -0.6151
2388.0000 -51.1242 68.6893 21.3347 -0.0521 -0.0349 0.7855 -0.6157
2389.0000 -50.3691 68.5000 21.3632 -0.0520 -0.0348 0.7850 -0.6163
2390.0000 -49.6033 68.3048 21.4158 -0.0520 -0.0351 0.7845 -0.6170
2391.0000 -48.8373 68.1215 21.4378 -0.0517 -0.0352 0.7838 -0.6179
2392.0000 -48.0836 67.9341 21.4601 -0.0517 -0.0352 0.7828 -0.6191
2393.0000 -47.3189 67.7596 21.4610 -0.0522 -0.0346 0.7815 -0.6207
2394.0000 -46.5512 67.5850 21.4538 -0.0528 -0.0341 0.7803 -0.6223
2395.0000 -45.7908 67.4088 21.4739 -0.0527 -0.0339 0.7789 -0.6240
2396.0000 -45.0153 67.2547 21.5288 -0.0526 -0.0341 0.7776 -0.6257
2397.0000 -44.2481 67.0862 21.5735 -0.0526 -0.0341 0.7761 -0.6274
2398.0000 -43.4919 66.9234 21.6091 -0.0532 -0.0333 0.7746 -0.6293
2399.0000 -42.7227 66.7611 21.6123 -0.0541 -0.0322 0.7731 -0.6311
2400.0000 -41.9573 66.6016 21.5964 -0.0545 -0.0313 0.7716 -0.6330
2401.0000 -41.1700 66.4646 21.6213 -0.0543 -0.0315 0.7699 -0.6351
2402.0000 -40.4030 66.3357 21.6723 -0.0535 -0.0328 0.7683 -0.6370
2403.0000 -39.6288 66.1801 21.7104 -0.0532 -0.0328 0.7665 -0.6392
2404.0000 -38.8753 66.0363 21.7692 -0.0532 -0.0324 0.7650 -0.6410
2405.0000 -38.1191 65.9208 21.7984 -0.0533 -0.0316 0.7635 -0.6428
2406.0000 -37.3516 65.7986 21.8188 -0.0538 -0.0305 0.7621 -0.6445
2407.0000 -36.5847 65.6723 21.8364 -0.0541 -0.0297 0.7606 -0.6463
2408.0000 -35.8370 65.5451 21.8719 -0.0540 -0.0294 0.7591 -0.6480
2409.0000 -35.0404 65.4092 21.9083 -0.0542 -0.0289 0.7577 -0.6497
2410.0000 -34.2717 65.2855 21.9397 -0.0541 -0.0287 0.7566 -0.6510
2411.0000 -33.4846 65.1743 21.9986 -0.0534 -0.0286 0.7560 -0.6517
2412.0000 -32.7181 65.0573 22.0943 -0.0518 -0.0281 0.7563 -0.6516
2413.0000 -31.9314 64.9534 22.1325 -0.0510 -0.0279 0.7569 -0.6509
2414.0000 -31.1532 64.8214 22.1459 -0.0510 -0.0278 0.7578 -0.6498
2415.0000 -30.3925 64.7048 22.1682 -0.0508 -0.0277 0.7590 -0.6485
2416.0000 -29.6056 64.5827 22.1885 -0.0504 -0.0279 0.7603 -0.6471
2417.0000 -28.8304 64.4531 22.2155 -0.0502 -0.0278 0.7615 -0.6456
2418.0000 -28.0700 64.3163 22.2384 -0.0498 -0.0281 0.7628 -0.6441
2419.0000 -27.2908 64.1623 22.2952 -0.0492 -0.0281 0.7639 -0.6429
2420.0000 -26.5418 64.0258 22.3195 -0.0492 -0.0279 0.7652 -0.6413
2421.0000 -25.7709 63.8900 22.3538 -0.0491 -0.0276 0.7664 -0.6399
2422.0000 -25.0105 63.7442 22.3725 -0.0492 -0.0274 0.7676 -0.6384
2423.0000 -24.2255 63.6088 22.3994 -0.0493 -0.0271 0.7693 -0.6364
2424.0000 -23.4445 63.4551 22.4294 -0.0489 -0.0269 0.7710 -0.6344
2425.0000 -22.6723 63.2887 22.4707 -0.0485 -0.0268 0.7727 -0.6323
2426.0000 -21.9147 63.1365 22.5118 -0.0480 -0.0267 0.7747 -0.6299
2427.0000 -21.1500 62.9656 22.5469 -0.0475 -0.0267 0.7763 -0.6280
2428.0000 -20.3818 62.7973 22.5685 -0.0474 -0.0265 0.7779 -0.6260
2429.0000 -19.6232 62.6251 22.5990 -0.0475 -0.0266 0.7794 -0.6242
2430.0000 -18.8326 62.4239 22.6116 -0.0474 -0.0265 0.7804 -0.6229
2431.0000 -18.0870 62.2723 22.6591 -0.0475 -0.0267 0.7815 -0.6215
2432.0000 -17.3188 62.0828 22.6959 -0.0476 -0.0270 0.7822 -0.6206
2433.0000 -16.5527 61.8921 22.7300 -0.0483 -0.0273 0.7826 -0.6201
2434.0000 -15.7982 61.7022 22.7651 -0.0486 -0.0272 0.7830 -0.6196
2435.0000 -15.0334 61.5302 22.7812 -0.0489 -0.0270 0.7833 -0.6191
2436.0000 -14.2721 61.3550 22.8079 -0.0490 -0.0269 0.7834 -0.6190
2437.0000 -13.5062 61.1602 22.8476 -0.0491 -0.0269 0.7835 -0.6189
2438.0000 -12.7425 60.9716 22.8668 -0.0493 -0.0268 0.7836 -0.6188
2439.0000 -11.9743 60.7819 22.8741 -0.0493 -0.0265 0.7836 -0.6187
2440.0000 -11.2208 60.5866 22.8771 -0.0501 -0.0267 0.7837 -0.6185
2441.0000 -10.4531 60.4071 22.9516 -0.0501 -0.0267 0.7836 -0.6187
2442.0000 -9.6882 60.2308 22.9896 -0.0502 -0.0263 0.7837 -0.6185
2443.0000 -8.9477 60.0547 23.0446 -0.0511 -0.0261 0.7835 -0.6188
2444.0000 -8.1820 59.8608 23.0513 -0.0513 -0.0255 0.7834 -0.6189
2445.0000 -7.4073 59.6847 23.0768 -0.0516 -0.0252 0.7835 -0.6188
2446.0000 -6.6230 59.4950 23.0921 -0.0515 -0.0248 0.7833 -0.6190
2447.0000 -5.8751 59.3098 23.1231 -0.0516 -0.0246 0.7830 -0.6194
2448.0000 -5.1076 59.1322 23.1695 -0.0520 -0.0243 0.7829 -0.6195
2449.0000 -4.3540 58.9505 23.2096 -0.0523 -0.0239 0.7827 -0.6197
2450.0000 -3.5911 58.7658 23.2436 -0.0526 -0.0235 0.7828 -0.6196
2451.0000 -2.8359 58.5639 23.2789 -0.0529 -0.0233 0.7826 -0.6198
2452.0000 -2.0472 58.3643 23.3132 -0.0530 -0.0231 0.7825 -0.6199
2453.0000 -1.2740 58.1862 23.3467 -0.0531 -0.0229 0.7824 -0.6200
2454.0000 -0.5083 57.9911 23.3807 -0.0532 -0.0226 0.7822 -0.6204
2455.0000 0.2722 57.8012 23.4262 -0.0534 -0.0224 0.7819 -0.6207
2456.0000 1.0458 57.6118 23.4727 -0.0535 -0.0223 0.7815 -0.6212
2457.0000 1.8061 57.4236 23.5066 -0.0538 -0.0219 0.7806 -0.6224
2458.0000 2.5745 57.2401 23.5412 -0.0541 -0.0215 0.7800 -0.6231
2459.0000 3.3728 57.0697 23.5666 -0.0544 -0.0210 0.7796 -0.6236
2460.0000 4.1456 56.8789 23.6154 -0.0542 -0.0209 0.7790 -0.6243
2461.0000 4.9315 56.6986 23.6552 -0.0545 -0.0204 0.7788 -0.6246
2462.0000 5.6955 56.5371 23.6920 -0.0547 -0.0199 0.7788 -0.6245
2463.0000 6.4462 56.3690 23.7350 -0.0550 -0.0193 0.7790 -0.6243
2464.0000 7.2087 56.1892 23.7827 -0.0550 -0.0188 0.7792 -0.6241
2465.0000 7.9748 55.9995 23.8355 -0.0546 -0.0182 0.7793 -0.6240
2466.0000 8.7667 55.8334 23.8962 -0.0536 -0.0175 0.7795 -0.6238
2467.0000 9.5549 55.6841 23.9817 -0.0514 -0.0164 0.7797 -0.6239
2468.0000 10.3348 55.5109 24.0368 -0.0497 -0.0153 0.7798 -0.6239
2469.0000 11.0823 55.3188 24.0570 -0.0504 -0.0149 0.7796 -0.6241
2470.0000 11.8429 55.1322 24.0866 -0.0517 -0.0146 0.7795 -0.6241
2471.0000 12.5914 54.9884 24.1334 -0.0519 -0.0138 0.7797 -0.6238
2472.0000 13.3632 54.8050 24.1967 -0.0516 -0.0131 0.7795 -0.6241
2473.0000 14.1431 54.6150 24.2584 -0.0516 -0.0130 0.7795 -0.6242
2474.0000 14.9399 54.4341 24.2961 -0.0516 -0.0128 0.7801 -0.6234
2475.0000 15.6985 54.2505 24.3542 -0.0513 -0.0128 0.7807 -0.6226
2476.0000 16.4543 54.0656 24.4063 -0.0510 -0.0129 0.7812 -0.6220
2477.0000 17.2230 53.8730 24.4701 -0.0510 -0.0128 0.7817 -0.6214
2478.0000 17.9857 53.7060 24.5297 -0.0509 -0.0127 0.7824 -0.6205
2479.0000 18.7345 53.5086 24.5782 -0.0515 -0.0125 0.7829 -0.6199
2480.0000 19.4721 53.3352 24.6290 -0.0519 -0.0124 0.7833 -0.6193
2481.0000 20.2178 53.1502 24.6708 -0.0520 -0.0121 0.7838 -0.6187
2482.0000 20.9620 52.9405 24.7289 -0.0521 -0.0125 0.7840 -0.6185
2483.0000 21.6945 52.7451 24.7983 -0.0524 -0.0129 0.7840 -0.6184
2484.0000 22.4450 52.5580 24.8420 -0.0526 -0.0128 0.7838 -0.6187
2485.0000 23.1749 52.3981 24.9004 -0.0529 -0.0127 0.7834 -0.6192
2486.0000 23.8965 52.2329 24.9323 -0.0533 -0.0121 0.7829 -0.6197
2487.0000 24.6043 52.0629 24.9749 -0.0533 -0.0116 0.7825 -0.6202
2488.0000 25.3342 51.8841 25.0316 -0.0534 -0.0114 0.7821 -0.6207
2489.0000 26.0516 51.7123 25.0948 -0.0535 -0.0116 0.7817 -0.6212
2490.0000 26.7623 51.5320 25.1434 -0.0536 -0.0116 0.7812 -0.6219
2491.0000 27.4658 51.3748 25.2065 -0.0513 -0.0126 0.7807 -0.6227
2492.0000 28.1538 51.2369 25.2539 -0.0495 -0.0128 0.7801 -0.6236
2493.0000 28.8439 51.0813 25.3778 -0.0475 -0.0134 0.7796 -0.6243
2494.0000 29.5223 50.9089 25.4155 -0.0483 -0.0136 0.7791 -0.6249
2495.0000 30.1661 50.7559 25.4198 -0.0492 -0.0130 0.7788 -0.6252
2496.0000 30.7976 50.6159 25.4101 -0.0498 -0.0122 0.7785 -0.6255
2497.0000 31.3871 50.5126 25.4493 -0.0504 -0.0111 0.7779 -0.6262
2498.0000 31.9926 50.3804 25.5152 -0.0502 -0.0108 0.7775 -0.6268
2499.0000 32.6050 50.2475 25.5784 -0.0501 -0.0112 0.7773 -0.6270
2500.0000 33.1822 50.1156 25.6366 -0.0503 -0.0115 0.7775 -0.6267
2501.0000 33.7493 49.9864 25.6688 -0.0501 -0.0117 0.7777 -0.6265
2502.0000 34.2893 49.8576 25.6958 -0.0504 -0.0116 0.7780 -0.6261
