1.000000000000000000e+00 0.000000000000000000e+00 0.000000000000000000e+00 0.000000000000000000e+00 0.000000000000000000e+00 1.000000000000000000e+00 0.000000000000000000e+00 0.000000000000000000e+00 0.000000000000000000e+00 0.000000000000000000e+00 1.000000000000000000e+00 0.000000000000000000e+00
9.999917875530219824e-01 -4.050938562164008508e-03 -1.213395125128580924e-04 2.044939115986000103e-02 4.050946377690810632e-03 9.999917928200381390e-01 6.423403306610883331e-05 6.368003377005307386e-02 1.210783085360916088e-04 -6.472504540620281958e-05 9.999999905753558238e-01 2.448844530820459570e-03
9.999658165239738716e-01 -8.266218985973893332e-03 -1.881680582542823708e-04 1.160050928030181491e-02 8.266189445189248489e-03 9.999658221110808709e-01 -1.572315692788084731e-04 1.418120930021667114e-01 1.894613376504561864e-04 1.556707617401661753e-04 9.999999699355073268e-01 5.854148845617294927e-03
9.999359940235412747e-01 -1.131316021228709161e-02 -1.423452269972588465e-04 -3.508741691095968764e-03 1.131311682627780292e-02 9.999359590428457123e-01 -3.019946015710809630e-04 2.160279008265629241e-01 1.457526243834950444e-04 3.003649039290391090e-04 9.999999442685468809e-01 7.195868931828626643e-03
9.998930479904587498e-01 -1.462479236188829815e-02 8.960313502782034833e-05 3.096192792975897834e-03 1.462484291833935496e-02 9.998928758607122935e-01 -5.922605914053216854e-04 3.084573545214905899e-01 -8.093184819567100883e-05 5.935076797196714524e-04 9.999998205993189115e-01 9.459290424025308328e-03
9.998353439957200495e-01 -1.814618085977387149e-02 3.189301839110164453e-05 1.228873311680284131e-03 1.814620215449412252e-02 9.998349427540367262e-01 -8.958768890219773314e-04 4.081011832851466625e-01 -1.563101016103618678e-05 8.963081146721461933e-04 9.999995981936368183e-01 8.565954327725184420e-03
9.997876517923964812e-01 -2.060593804794939865e-02 2.159643716506032447e-04 -1.399336152257233193e-02 2.060619487810790018e-02 9.997868715410045404e-01 -1.263418733544107277e-03 4.933826612573896098e-01 -1.898844153448468947e-04 1.267600652769546770e-03 9.999991785659095855e-01 7.122345297156054515e-03
9.997542791615461333e-01 -2.216608255781977316e-02 2.146676901727569272e-04 -3.768622527991902921e-02 2.216636877199663208e-02 9.997532616452271537e-01 -1.438028231247952260e-03 5.993502077167713882e-01 -1.827392709257431706e-04 1.442433280929051632e-03 9.999989429957358844e-01 8.068270518759915882e-03
9.997285073641867248e-01 -2.329900699047569509e-02 -2.604546658518814141e-04 -6.737753567799696641e-02 2.329852396125560790e-02 9.997270643739499807e-01 -1.724975208740493543e-03 7.179073969942006972e-01 3.005737879414414741e-04 1.718438681401189246e-03 9.999984783107903619e-01 1.176140788960803110e-02
9.996799788534351805e-01 -2.529631580027268123e-02 1.904902315610302796e-04 -8.689252143713581400e-02 2.529666785739633633e-02 9.996776659458236347e-01 -2.154716784825646408e-03 8.266891866514672893e-01 -1.359224338233124961e-04 2.158845998007521624e-03 9.999976604517877288e-01 8.388296067387546878e-03
9.996222888422851005e-01 -2.748185973535633916e-02 1.644238342681408384e-04 -8.706706386354289007e-02 2.748220314946635615e-02 9.996186633556229939e-01 -2.693767096313926142e-03 9.347970928101265731e-01 -9.033140393430798515e-05 2.697268359641334136e-03 9.999963582851857380e-01 1.337808103767817829e-02
9.996240962419365994e-01 -2.741524317678463094e-02 2.658082939695421499e-04 -9.133761129305070781e-02 2.741597217282009183e-02 9.996186557374773241e-01 -3.302661262973654276e-03 1.065194165430987105e+00 -1.751636678467365343e-04 3.308707172984065581e-03 9.999945108722011478e-01 8.424892499904093612e-03
9.995914124142596391e-01 -2.858234505659989003e-02 2.403720678061569652e-04 -7.705917713029974969e-02 2.858299880964039821e-02 9.995856115964324440e-01 -3.408411423832270141e-03 1.200230298190108069e+00 -1.428520689978856728e-04 3.413889343765370583e-03 9.999941624593789991e-01 1.519189749132635568e-02
9.995296087939941065e-01 -3.066743996887172016e-02 2.631917187817554914e-04 -6.482383277191566817e-02 3.066810413634526652e-02 9.995249082813243424e-01 -3.070034835720629116e-03 1.329780180610064644e+00 -1.689165695489309332e-04 3.076662309371197036e-03 9.999952527968453131e-01 2.176848766465023371e-02
9.995234840131376197e-01 -3.086528919932372481e-02 3.725974785663511632e-04 -5.343969002003648439e-02 3.086619142668060520e-02 9.995198125449022974e-01 -2.724437008804249556e-03 1.474856206896976607e+00 -2.883280257492588667e-04 2.734639436112882432e-03 9.999962192999051203e-01 3.174752390320052797e-02
9.995323779269531528e-01 -3.057319866035551267e-02 5.522674759303201680e-04 -4.149235220261394963e-02 3.057455254472187314e-02 9.995290112795726101e-01 -2.636730393869734027e-03 1.612984107695522473e+00 -4.713940820329213426e-04 2.652382731498459899e-03 9.999963713201488469e-01 3.929948900464876743e-02
9.994984003334795863e-01 -3.166301072878948547e-02 6.336263914492540686e-04 -4.208798270004548980e-02 3.166461803418831739e-02 9.994948716467340066e-01 -2.711736828602215668e-03 1.726586283789675713e+00 -5.474445764958699341e-04 2.730440159974919373e-03 9.999961224929666548e-01 4.946564768034274889e-02
9.995003509592490509e-01 -3.160275197118558171e-02 5.608031612105745297e-04 -5.847403455926074994e-02 3.160436053313887134e-02 9.994955296065242134e-01 -3.138581186642743458e-03 1.872013785643708017e+00 -4.613324498362761459e-04 3.154736822858541720e-03 9.999949173910581690e-01 4.850284594131564625e-02
9.995473031217334547e-01 -3.007016532569366588e-02 9.869039238538422978e-04 -6.797084595723541789e-02 3.007348481512417057e-02 9.995414169847793850e-01 -3.541361762648813707e-03 2.001926879146070259e+00 -8.799620127957684347e-04 3.569438239402054902e-03 9.999932423659227965e-01 4.409531516805208218e-02
9.995674380897593414e-01 -2.937232299300746724e-02 1.484369451815862207e-03 -5.795430444705063078e-02 2.937833641483271474e-02 9.995595135194718095e-01 -4.206219468104787328e-03 2.142728561793052933e+00 -1.360169170343578267e-03 4.248008322896119730e-03 9.999900521330783443e-01 3.885347628182080765e-02
9.995724970862902570e-01 -2.920019862292957610e-02 1.473590533278214655e-03 -4.807129780422182697e-02 2.920623880470472541e-02 9.995643334911754607e-01 -4.258970207082639174e-03 2.268314658333358658e+00 -1.348585763259191979e-03 4.300187521924983720e-03 9.999898448002936258e-01 4.770091091119089272e-02
9.996092865776384784e-01 -2.787949776993619080e-02 2.001947012484328256e-03 -3.666337091778894969e-02 2.788814951711253085e-02 9.996012235603736196e-01 -4.432265009568204205e-03 2.423967228214468861e+00 -1.877579360732346435e-03 4.486363861747002905e-03 9.999881735475896205e-01 6.068295897481986584e-02
9.996567126477439169e-01 -2.609387908584477611e-02 2.359307644046460851e-03 -3.322351466597901759e-02 2.610493901889014007e-02 9.996477547190460999e-01 -4.785252761343680196e-03 2.581290535581350021e+00 -2.233610782112820277e-03 4.845199626767997432e-03 9.999857674104420946e-01 6.519405840988432010e-02
9.996737228292855715e-01 -2.509126676390576946e-02 4.782908824068486837e-03 -3.056745040963392696e-02 2.511440072085423594e-02 9.996728685835616357e-01 -4.839699819762057972e-03 2.727418546722058412e+00 -4.659909985095298142e-03 4.958240625016725051e-03 9.999768502764627698e-01 6.956194563067064074e-02
9.997228085791933783e-01 -2.309972202762827082e-02 4.550697614194912193e-03 -1.962249381144124533e-02 2.312229286911878651e-02 9.997202837260440456e-01 -4.971305582299428809e-03 2.872141501496089155e+00 -4.434588932948855915e-03 5.075150142036021460e-03 9.999772883781068433e-01 7.351783626587377052e-02
9.997970129732244304e-01 -1.943150662568332923e-02 5.324415467838719898e-03 -2.509456743290219144e-02 1.945935894634240673e-02 9.997969687960835961e-01 -5.230156360999864244e-03 3.044049488389209746e+00 -5.221704627374004065e-03 5.332704418878704035e-03 9.999721476443057533e-01 7.986546605616680339e-02
9.998614604454123533e-01 -1.574376803069127764e-02 5.403118003780816095e-03 -4.000104274480231759e-02 1.577210124125981786e-02 9.998618719168600455e-01 -5.241937556670897211e-03 3.200334938372996429e+00 -5.319843832524378743e-03 5.326429865150724210e-03 9.999716638017744907e-01 7.343655639916460420e-02
9.999105073053015103e-01 -1.274801419476073901e-02 4.057772115923896639e-03 -5.351441306953523547e-02 1.276842142637845019e-02 9.999057601385591409e-01 -5.043635197812989385e-03 3.373084681555687414e+00 -3.993093378947019240e-03 5.094995173736384386e-03 9.999790478952279571e-01 7.748694628127865414e-02
9.999471700928718176e-01 -9.407144360648741002e-03 4.142783875035265309e-03 -5.926699369728262445e-02 9.429088535343787061e-03 9.999414480971898778e-01 -5.309676702736542721e-03 3.537763811718553253e+00 -4.092592411905434172e-03 5.348458868949958374e-03 9.999773220803945817e-01 7.932721973181708353e-02
9.999871749973879842e-01 -4.254233333588161060e-03 2.747970066544435080e-03 -7.574530515642584338e-02 4.269854380705358741e-03 9.999746163468565818e-01 -5.703946486816648294e-03 3.694426786802391227e+00 -2.723634393748199361e-03 5.715606765714738823e-03 9.999799566266260875e-01 8.896065071349611164e-02
9.999976785965261072e-01 -3.797246641196634089e-04 2.120992866185419760e-03 -7.058364835461837516e-02 3.926349968702327864e-04 9.999813797139193161e-01 -6.089832773191553202e-03 3.867868279407299603e+00 -2.118640912987130968e-03 6.090651412259974300e-03 9.999792074468629721e-01 9.187404105237018115e-02
9.999917425930333614e-01 3.188899878498929665e-03 2.519060005930316183e-03 -5.982455430901843091e-02 -3.173515812521122883e-03 9.999764344590462706e-01 -6.087636976729524953e-03 4.032542576061638684e+00 -2.538413507734019539e-03 6.079592431872033777e-03 9.999782972708588513e-01 9.874709271140579003e-02
9.999669457227106095e-01 7.605632982213045463e-03 2.874336259619016728e-03 -5.709564854348114782e-02 -7.589574087237702278e-03 9.999557569581579708e-01 -5.557201760931470939e-03 4.191169526432389603e+00 -2.916475127241367152e-03 5.535203083649500345e-03 9.999804276582892060e-01 1.153433145148391875e-01
9.999286675937006930e-01 1.154680828725147823e-02 3.054659173120458874e-03 -4.755348649158647190e-02 -1.152988658195069557e-02 9.999184001576476577e-01 -5.500431035634547466e-03 4.376504341078521598e+00 -3.117922336079212171e-03 5.464818802840498702e-03 9.999802069619969647e-01 1.174252531504649255e-01
9.998824060452892182e-01 1.515927054373972759e-02 2.317454997401665641e-03 -5.411917856049482112e-02 -1.514528509868364077e-02 9.998676730028583926e-01 -5.937745626810752957e-03 4.557380425165197479e+00 -2.407160227917579977e-03 5.901948867181413226e-03 9.999796860832755874e-01 1.114540319195853058e-01
9.998346712421640747e-01 1.807838724197576713e-02 1.949896613346646917e-03 -4.851989280260413095e-02 -1.806699216506997552e-02 9.998204664569231293e-01 -5.711273760557072400e-03 4.722943929315314371e+00 -2.052797160187305129e-03 5.675100755924548414e-03 9.999817894618027170e-01 1.099829240306104683e-01
9.997574951402482535e-01 2.201206772082728302e-02 6.479085971186118167e-04 -4.920540522959587076e-02 -2.200841318961764548e-02 9.997443082908781253e-01 -5.191125973102539946e-03 4.919484823449432831e+00 -7.620103487293382978e-04 5.175607659711987767e-03 9.999863161191663297e-01 1.244275171451273143e-01
9.996597481125143458e-01 2.599878445885002443e-02 2.109789156929390425e-03 -3.130856645665872073e-02 -2.598903337781253292e-02 9.996519883690906383e-01 -4.524631897781713000e-03 5.112209417614356433e+00 -2.226689855230076440e-03 4.468261002418729561e-03 9.999875381703028365e-01 1.449598489474341889e-01
9.995601582156854459e-01 2.936524106783202845e-02 4.143998656133183675e-03 -6.103684496682028685e-03 -2.934645736132137153e-02 9.995590666521120271e-01 -4.523020439800165028e-03 5.295164041568169111e+00 -4.274991014501555026e-03 4.399419346551847014e-03 9.999811846036099627e-01 1.428913217823824799e-01
9.994699050833263376e-01 3.213841392532226088e-02 5.199152151205642912e-03 1.962507144185079641e-02 -3.211375374989822867e-02 9.994728901955660660e-01 -4.759052869310323973e-03 5.466684056703510208e+00 -5.349360038138386599e-03 4.589565827684049214e-03 9.999751598078302495e-01 1.468388047312090272e-01
9.993467263196971206e-01 3.570649286092038993e-02 5.582737829902198121e-03 2.449879322199340417e-02 -3.568031369744462805e-02 9.993521054717301455e-01 -4.720646531134264391e-03 5.655568202872651717e+00 -5.747678536272313871e-03 4.518368819939958848e-03 9.999732739101834245e-01 1.552580524646134941e-01
9.992041925866068652e-01 3.967051602331493620e-02 4.151105369775539601e-03 8.859576325542458525e-03 -3.965133212993622591e-02 9.992029609264325707e-01 -4.605945741264869976e-03 5.857776720195865927e+00 -4.330517020928699619e-03 4.437683437774953867e-03 9.999807766092494443e-01 1.505941457491911661e-01
9.990954485634246929e-01 4.250162065901202241e-02 1.377280366034000676e-03 8.774738660777686716e-03 -4.249457798320104701e-02 9.990852022540361865e-01 -4.792648437059835419e-03 6.053271339146335528e+00 -1.579715758883516556e-03 4.729786292111928976e-03 9.999875667325829331e-01 1.585127982979188110e-01
9.990432955252700475e-01 4.373178407122386979e-02 1.572512507786192953e-04 1.476904056016482142e-02 -4.373062450050152483e-02 9.990330917186023285e-01 -4.529252914857676698e-03 6.252577194389869142e+00 -3.551715137184985587e-04 4.518043062926814166e-03 9.999897305173075512e-01 1.677335314774603126e-01
9.989200870998031778e-01 4.645256359457363565e-02 9.049442047990891198e-04 2.546541345051429872e-02 -4.644839303515297529e-02 9.989119255359165672e-01 -4.184711050891061143e-03 6.447187882380933210e+00 -1.098350114334858962e-03 4.138158723344215542e-03 9.999908345927009945e-01 1.715047245724884151e-01
9.987042713176317310e-01 5.087167106746388195e-02 1.360711108912673710e-03 4.479315440400818971e-02 -5.086478841740284945e-02 9.986945459642909695e-01 -4.687980421409084289e-03 6.634057948563189200e+00 -1.597420161072743254e-03 4.612693788062631819e-03 9.999880855814465841e-01 1.761307306527622463e-01
9.986296713693652016e-01 5.223479655770862234e-02 3.210216392773500467e-03 6.709598940739019968e-02 -5.221919974897242661e-02 9.986242827148601453e-01 -4.764152580266432790e-03 6.827108535612916640e+00 -3.454654583393021970e-03 4.589989194533315719e-03 9.999834985443026847e-01 1.819699834233339253e-01
9.985088801488294363e-01 5.451743216686994603e-02 2.804612961069113779e-03 8.597162419793501209e-02 -5.450412374272859545e-02 9.985028529105151041e-01 -4.620954944540543036e-03 7.038303949168770224e+00 -3.052336640672469181e-03 4.461201575010802570e-03 9.999853903540486533e-01 1.886978268485088317e-01
9.983869607746683750e-01 5.673530833560376518e-02 2.140407247415207666e-03 8.394529923741515798e-02 -5.672512720039414591e-02 9.983794644749721670e-01 -4.550259197768911565e-03 7.243009536233475210e+00 -2.395099000025080124e-03 4.421504577827211138e-03 9.999873568190991158e-01 1.937727994733313142e-01
9.983298209167864590e-01 5.775010723305000482e-02 1.579171563913405211e-03 9.307159322244863697e-02 -5.774231390683082221e-02 9.983209172939702114e-01 -4.601225707441375899e-03 7.440094454187806683e+00 -1.842241282258790013e-03 4.502355816351434788e-03 9.999881673995751896e-01 2.060703651078835963e-01
9.982653963767496030e-01 5.886022315927898207e-02 1.293261926617259028e-03 9.435911669397603618e-02 -5.885291331644715296e-02 9.982536072901077029e-01 -5.105891347664995306e-03 7.641150533245742338e+00 -1.591537287567226615e-03 5.020922417970745399e-03 9.999861285773593567e-01 2.144512656015237217e-01
9.982202709920104944e-01 5.959817867969459393e-02 2.085108798217855976e-03 1.260093943244622594e-01 -5.958624068897420967e-02 9.982086474940427001e-01 -5.382934949405120302e-03 7.844759676947649751e+00 -2.402186752282793950e-03 5.249110989214236973e-03 9.999833380275043870e-01 2.118886884175990581e-01
9.981344480911584771e-01 6.097556600569122714e-02 3.099013398511528319e-03 1.492172466310331402e-01 -6.095935454907746437e-02 9.981273163597145226e-01 -5.081085466134935280e-03 8.060994455903228939e+00 -3.403031989039979627e-03 4.882692580932395179e-03 9.999822891863844321e-01 2.324649503255311889e-01
9.980776804039653838e-01 6.166381875229743487e-02 6.206233666551074987e-03 1.870330583183971718e-01 -6.163342500906306837e-02 9.980864540615861369e-01 -4.975051800883332175e-03 8.277320326972644082e+00 -6.501138445858560197e-03 4.582976724039108073e-03 9.999683652612489926e-01 2.285924061789990913e-01
9.979655013929255025e-01 6.349280741345326995e-02 5.789769971677299551e-03 2.045354204467695336e-01 -6.345978235632231124e-02 9.979680049598342872e-01 -5.719886342950716851e-03 8.477924254644319646e+00 -6.141176829810962925e-03 5.340831699857547660e-03 9.999668801834882270e-01 2.332544564795203945e-01
9.978992549290512937e-01 6.451243358291904040e-02 5.934890500578163079e-03 1.924179580921504540e-01 -6.447625690501625206e-02 9.979006124136642342e-01 -6.097543763853316943e-03 8.691375997040102774e+00 -6.315798252219516178e-03 5.702074854228089858e-03 9.999637978620996570e-01 2.139724288921077688e-01
9.979329772710958668e-01 6.398342331780604297e-02 5.991194820814103351e-03 1.838010422070772698e-01 -6.394748815321607549e-02 9.979351732791269525e-01 -6.009050778047143361e-03 8.900138077714565554e+00 -6.363303681328111826e-03 5.613508073682161627e-03 9.999639977986036765e-01 2.272534211340601074e-01
9.980070426391208782e-01 6.294453832827399953e-02 4.464071835935571643e-03 1.992801545790848783e-01 -6.291865527657054813e-02 9.980022710634587346e-01 -5.719245611677292555e-03 9.119274853273232395e+00 -4.815149105067158437e-03 5.426974002061746814e-03 9.999736807997883226e-01 2.374164264721174700e-01
9.980782882222691832e-01 6.187089765814383913e-02 3.423828599751297958e-03 2.047650501752754926e-01 -6.185354008329406461e-02 9.980728996244826456e-01 -4.962520966384851261e-03 9.328353870827882588e+00 -3.724266165208600220e-03 4.741208511863467638e-03 9.999818252265276763e-01 2.545646508288297860e-01
9.981322959074765411e-01 6.106350241100542975e-02 1.780039261060025564e-03 2.179673391190629084e-01 -6.105539495615341927e-02 9.981251172837255492e-01 -4.299883032983488340e-03 9.553188663200806729e+00 -2.039267814166802542e-03 4.183171123723933293e-03 9.999891711744340883e-01 2.637024013795659094e-01
9.981483292995557699e-01 6.079819739799602329e-02 1.868665208106992616e-03 2.186408573816663869e-01 -6.079041896258891020e-02 9.981426560840950257e-01 -3.970273005847876728e-03 9.738735534211455658e+00 -2.106579896085326083e-03 3.849324426748546111e-03 9.999903724649548131e-01 2.743985799857706631e-01
9.981494655159525164e-01 6.076402285068832620e-02 2.319055242824341785e-03 2.548750164690124498e-01 -6.075261639972495686e-02 9.981417534413945525e-01 -4.707402418130512273e-03 9.943567555419468462e+00 -2.600786574502815009e-03 4.557802534048395471e-03 9.999862310778356855e-01 2.753071168470743180e-01
9.981967796880596433e-01 5.987915933350069358e-02 4.204200030993683265e-03 2.831677206628441246e-01 -5.985648750461059625e-02 9.981927841382568500e-01 -5.326030222016102378e-03 1.012987864954158646e+01 -4.515520346290873011e-03 5.064777569515697964e-03 9.999769787870986804e-01 2.709508547319858240e-01
9.982276275643082730e-01 5.928924518223124829e-02 5.137019861150625248e-03 3.019178699645409525e-01 -5.926240812258973256e-02 9.982287491864730855e-01 -5.227932777013934336e-03 1.031981393616460529e+01 -5.437881098755060864e-03 4.914234765518947674e-03 9.999731395121697064e-01 2.869878139504070114e-01
9.982732688094526630e-01 5.836667171157826350e-02 6.619094636206438072e-03 3.125100518753822776e-01 -5.833210312216072224e-02 9.982831600847547060e-01 -5.300758110093278276e-03 1.051960435909618674e+01 -6.917118318766512196e-03 4.905499414836498283e-03 9.999640441284152192e-01 2.891540667519807983e-01
9.982725596254713452e-01 5.840526845927589833e-02 6.381325490029506747e-03 3.230922858390548602e-01 -5.837264910452106409e-02 9.982814041917463799e-01 -5.183809552393627527e-03 1.071651300477092761e+01 -6.673120359340549770e-03 4.802359956827726394e-03 9.999662028306330885e-01 2.878310891047424769e-01
9.982680375314051391e-01 5.851053880942779645e-02 6.118994315039966332e-03 3.350667634824944230e-01 -5.847810330326824041e-02 9.982743452267743844e-01 -5.351924523681546135e-03 1.091476918485336611e+01 -6.421579030840874301e-03 4.984828009604759004e-03 9.999669568603081204e-01 2.991078243409791004e-01
9.982487294263618915e-01 5.859516215931776656e-02 8.129032548675522996e-03 3.504213086074069450e-01 -5.855621815993448248e-02 9.982718452842846979e-01 -4.948962266505277374e-03 1.111375371337856954e+01 -8.404969569268547214e-03 4.464289891168449556e-03 9.999547122756646811e-01 3.000902468023642911e-01
9.981893273285568080e-01 5.942965588791183917e-02 9.283469631962281907e-03 3.684649283682629450e-01 -5.938037884993765947e-02 9.982202949160178251e-01 -5.496674032194602891e-03 1.130083576902262443e+01 -9.593613240122629213e-03 4.935465410952865478e-03 9.999418001894790908e-01 3.035547407740994408e-01
9.981299041425899521e-01 6.052960662343551818e-02 8.535875954840430740e-03 3.868076133222810298e-01 -6.047275317355258611e-02 9.981468991758594145e-01 -6.768588422072407268e-03 1.149425751124232775e+01 -8.929758110657735892e-03 6.239742593166647255e-03 9.999406607556551307e-01 2.925859716565372137e-01
9.980507145041390693e-01 6.201348085085317541e-02 7.007101436286078400e-03 3.864801020219811312e-01 -6.195993945284884730e-02 9.980495786030054717e-01 -7.616072042887722660e-03 1.169079295259100881e+01 -7.465733773504170875e-03 7.167066563386833428e-03 9.999464465540638392e-01 3.091811884357902329e-01
9.979387185353291168e-01 6.364263380472207077e-02 8.241917887440209506e-03 3.947843118704530974e-01 -6.358249301648805085e-02 9.979494130469707125e-01 -7.364481041794405589e-03 1.190358737216968521e+01 -8.693712088257025961e-03 6.825259087005399600e-03 9.999389157386173732e-01 3.061953533954680506e-01
9.977985660022813397e-01 6.605428470220825465e-02 5.903656178225529134e-03 3.947793310331946248e-01 -6.601016430051373507e-02 9.977916608070779292e-01 -7.379690567520922999e-03 1.210583770327474795e+01 -6.378079084666843888e-03 6.973743351514527684e-03 9.999553425082826630e-01 3.266782623815714381e-01
9.977546332131065343e-01 6.671766872875256604e-02 5.868950602936967229e-03 4.046443649517812990e-01 -6.667160944033184711e-02 9.977450922470303407e-01 -7.721877466059428284e-03 1.230105172843376060e+01 -6.370902323465181191e-03 7.313246636441062855e-03 9.999529629073656833e-01 3.271470937576029248e-01
9.977311340604593237e-01 6.695155493692767079e-02 7.076257341082831109e-03 4.578845280243970528e-01 -6.690009325512250027e-02 9.977331561136513205e-01 -7.275074841417709243e-03 1.252659701619302623e+01 -7.547294143306406203e-03 6.785166395886721435e-03 9.999484986078506221e-01 3.348216129208282377e-01
9.974285857593182536e-01 7.056816814491317924e-02 1.250399755428380916e-02 5.225235269584208586e-01 -7.050755988339985070e-02 9.974975660973912639e-01 -5.223947651847339613e-03 1.275781763736775076e+01 -1.284135154316162070e-02 4.328888362122251809e-03 9.999081759922223700e-01 3.497780977599942442e-01
9.971379022682747006e-01 7.318054577725484344e-02 1.898977566396646208e-02 5.457007160356148745e-01 -7.312836038694135732e-02 9.973166421610989429e-01 -3.429019630750455069e-03 1.296780871177114491e+01 -1.918975682863882301e-02 2.030514283021534350e-03 9.998137977866699000e-01 3.627346524243640902e-01
9.970580794480200515e-01 7.409183257052559535e-02 1.963635795576616078e-02 5.491369780202306483e-01 -7.401947586946214241e-02 9.972471449657835940e-01 -4.387373884636540204e-03 1.316767829726622629e+01 -1.990737048019874250e-02 2.920993655365153839e-03 9.997975617076836352e-01 3.519473183480543166e-01
9.969709800508494979e-01 7.645701931807470653e-02 1.425444258623363887e-02 5.432994251412921471e-01 -7.636618161100876268e-02 9.970565671781026484e-01 -6.812352983530001183e-03 1.338338725991385481e+01 -1.473333779573076339e-02 5.703160879138217607e-03 9.998751935683690695e-01 3.465105210826389670e-01
9.968028429605910734e-01 7.897626435736787576e-02 1.211783536108409533e-02 5.439454584981283647e-01 -7.888810451789488032e-02 9.968545887057828070e-01 -7.589199022178332553e-03 1.359931963623690088e+01 -1.267908637311410992e-02 6.608982098605256129e-03 9.998977758372920022e-01 3.487284044502759750e-01
9.966026467579874870e-01 8.158618412056711788e-02 1.126317165006747098e-02 5.657187106148182654e-01 -8.150574777764854617e-02 9.966452095917758269e-01 -7.425582601490518866e-03 1.383011141908503205e+01 -1.183121101917732759e-02 6.482342046678753189e-03 9.999089967029047843e-01 3.422277552425314617e-01
9.964097161361084032e-01 8.394293636410783688e-02 1.101185834140723518e-02 5.962786323107397424e-01 -8.388151376762660594e-02 9.964581102134190127e-01 -5.926739234456373032e-03 1.406079871514456414e+01 -1.147036344722116019e-02 4.981769211145506068e-03 9.999218033115967463e-01 3.718894971169903751e-01
9.962636176913237662e-01 8.519841381996060004e-02 1.414334992703996166e-02 6.244139360379830084e-01 -8.515004982045651372e-02 9.963601569092893628e-01 -3.988325371643803435e-03 1.427761080089579337e+01 -1.443166934799047785e-02 2.769116512368346387e-03 9.998920236273370898e-01 3.996258188711084292e-01
9.961299606268478879e-01 8.631339695373421717e-02 1.658611008831229264e-02 6.488857094535869230e-01 -8.625370857618805398e-02 9.962640009467114144e-01 -4.282309482629498634e-03 1.450047366407078187e+01 -1.689376507497756044e-02 2.835123270353839299e-03 9.998532706240618184e-01 4.177660623355560765e-01
9.960099174212618811e-01 8.768648047277453894e-02 1.659293647275404682e-02 6.780259876860119661e-01 -8.758488386186051577e-02 9.961341566552961435e-01 -6.755002853165554232e-03 1.470547763801471675e+01 -1.712111320549939558e-02 5.274759420068418810e-03 9.998395093192031791e-01 4.068611768330514522e-01
9.960012269602031010e-01 8.782831610139095468e-02 1.636284769115964322e-02 6.934924624952804040e-01 -8.771867652723173980e-02 9.961185150242514164e-01 -7.303274210312878448e-03 1.493009428486382895e+01 -1.694076981960444123e-02 5.838742730613242712e-03 9.998394468119593537e-01 3.878022721676150364e-01
9.960895401952394312e-01 8.685220886000183382e-02 1.619634927306739733e-02 7.221362052531885567e-01 -8.671705394540574208e-02 9.961934965868507463e-01 -8.869606140848048867e-03 1.515882551488635954e+01 -1.690504269932980100e-02 7.430422208918987040e-03 9.998294896416743960e-01 3.911709637725027111e-01
9.961026396420336049e-01 8.662424564602418109e-02 1.660636517815659158e-02 7.558788115689086817e-01 -8.640896234075411131e-02 9.961713463207446662e-01 -1.327177443709788400e-02 1.539203262365070835e+01 -1.769244260601597618e-02 1.178511076623072439e-02 9.997740187856756222e-01 3.696473156090165357e-01
9.960918396478443126e-01 8.700011847883086513e-02 1.523241187870764957e-02 7.572490327529224352e-01 -8.678104163464674115e-02 9.961219120468300936e-01 -1.449783269916688454e-02 1.561781940553114900e+01 -1.643465240821689877e-02 1.311928827477759803e-02 9.997788687881857816e-01 3.806763650917930897e-01
9.962178121708999967e-01 8.587591569511966727e-02 1.324378408726716375e-02 7.630271932164411908e-01 -8.570928340475285345e-02 9.962395568445262528e-01 -1.267533496463438443e-02 1.585562934906930543e+01 -1.428248758687397299e-02 1.149227922331444267e-02 9.998319549137165696e-01 4.034087316156918512e-01
9.964300927716415179e-01 8.427573356965745166e-02 4.966986047295572464e-03 7.488830642302456431e-01 -8.422833362020812342e-02 9.964050693794510583e-01 -9.084356361032072322e-03 1.608330242706272273e+01 -5.714720873396471855e-03 8.633565093715310848e-03 9.999464003230932319e-01 4.158610312361290529e-01
9.964396237332254769e-01 8.429580356091949389e-02 1.514515238266953608e-03 7.534949251369619239e-01 -8.427881219975009996e-02 9.964012002119445599e-01 -9.040466270918482566e-03 1.632045841880941950e+01 -2.271138170020934634e-03 8.880637264027369665e-03 9.999579872240620393e-01 4.366247647008184574e-01
9.965302702940150859e-01 8.322325340456369902e-02 1.144762201071789984e-03 7.870040940288532960e-01 -8.320148588197982809e-02 9.964481878871271903e-01 -1.298158709446109969e-02 1.655508192107178544e+01 -2.221066133175413678e-03 1.284129857997791911e-02 9.999150803523326747e-01 4.363629262675994824e-01
9.966535373984847235e-01 8.123751381984561926e-02 9.066021148090979212e-03 8.372394775109481824e-01 -8.110408743598682135e-02 9.966041202989754932e-01 -1.422513283878519379e-02 1.678257515247535281e+01 -1.019084845648506911e-02 1.344223759184733601e-02 9.998577163058057771e-01 4.370159949895478513e-01
9.966737079576661884e-01 8.044419688433637750e-02 1.304802872279264836e-02 8.649603424523242268e-01 -8.026504501615885911e-02 9.966791542222321887e-01 -1.371809343202795572e-02 1.703067621552106203e+01 -1.410823924062414719e-02 1.262516243420192322e-02 9.998207653669928252e-01 4.393072837683630327e-01
9.967059915649412183e-01 8.012458101342344319e-02 1.253865606716727220e-02 8.795846485639625678e-01 -7.998011861291522140e-02 9.967286330964703067e-01 -1.162809495600135301e-02 1.727027978132245067e+01 -1.342933375902831232e-02 1.058694871363403261e-02 9.998537740648496541e-01 4.772609037884675276e-01
9.967769361161168407e-01 7.918871451979098142e-02 1.284083796603108403e-02 9.019782865208256784e-01 -7.903696557108749743e-02 9.968003681623684997e-01 -1.192409764641584255e-02 1.749977323736118606e+01 -1.374400597648124146e-02 1.087076464971866926e-02 9.998464525994222862e-01 4.716359006750290295e-01
9.967584860571259142e-01 7.983640933822455654e-02 9.933187659853643520e-03 8.876691813591668367e-01 -7.971877549827494081e-02 9.967484522192061602e-01 -1.172347353272296805e-02 1.775236706378848694e+01 -1.083684945738635011e-02 1.089361017276962301e-02 9.998819390064217494e-01 4.730564490425718804e-01
9.968327474934418619e-01 7.952410451834271421e-02 -6.247601393641437351e-04 9.221783685471734993e-01 -7.952655433642080718e-02 9.967993567606729943e-01 -8.159014455484217207e-03 1.798395497405731902e+01 -2.607781327670883687e-05 8.182857817669411324e-03 9.999665195184703759e-01 4.884009315734482159e-01
9.967780422888468106e-01 8.020873547798246239e-02 -3.052275165294180163e-04 9.283631578487107072e-01 -8.020905268353575868e-02 9.967577947860266629e-01 -6.356602937642153416e-03 1.821973548597277670e+01 -2.056171772800273890e-04 6.360604241744251090e-03 9.999797500125972016e-01 4.909627826404399653e-01
9.966807638163889260e-01 8.140002836466898872e-02 -1.220827838214086098e-03 9.458585400699667245e-01 -8.140596552555241783e-02 9.966626245019021280e-01 -6.056541738732568528e-03 1.844817609922210266e+01 7.237508079748019739e-04 6.135821315156107444e-03 9.999809137586359586e-01 4.983823080022691254e-01
9.965508883895792813e-01 8.297026213486402568e-02 -1.504144677974122383e-03 9.623398203347496294e-01 -8.297787997097372248e-02 9.965331838477207160e-01 -6.023697024878807080e-03 1.867742406924863019e+01 9.991423637339619593e-04 6.127731358080555635e-03 9.999807261257289692e-01 5.041867403818220961e-01
9.964902406612899943e-01 8.361581431336549686e-02 -3.949159849538324933e-03 9.389535545654756898e-01 -8.363838371790631443e-02 9.964784393650208960e-01 -5.944800224456129115e-03 1.887934774482743805e+01 3.438173331972773153e-03 6.254236753210613495e-03 9.999745314190627843e-01 5.069887185958805720e-01
9.966136522396078501e-01 8.205198048537587496e-02 -5.357300444959594080e-03 9.701899775157163397e-01 -8.207871339390096499e-02 9.966134247730478180e-01 -4.976582134197166628e-03 1.911328786352786935e+01 4.930819123830337825e-03 5.399450024219476334e-03 9.999732661237519249e-01 5.312106475281466178e-01
9.965267239953875533e-01 8.315187154653991275e-02 -4.500513451631950844e-03 9.874417614093107254e-01 -8.316705207816160739e-02 9.965301630630718499e-01 -3.297810503325957713e-03 1.934545303027695340e+01 4.210678288464946191e-03 3.660650733847338033e-03 9.999844347911400755e-01 5.307544696874646473e-01
9.964090225276538426e-01 8.447640590969296426e-02 -5.726837702109476708e-03 1.001594554903758150e+00 -8.449217574415004983e-02 9.964208294120281417e-01 -2.569620957555165258e-03 1.955951827589793979e+01 5.489268029999513562e-03 3.044266484168974343e-03 9.999802999949889415e-01 5.211093286358714494e-01
9.965294112113339819e-01 8.309396206172445232e-02 -4.952379193544080745e-03 1.029104021758389331e+00 -8.310708772745353801e-02 9.965374715760796365e-01 -2.505935796385349527e-03 1.976923633925560253e+01 4.727003305826441883e-03 2.908816535802780882e-03 9.999845969944275437e-01 5.230326304129657711e-01
9.965818056560410421e-01 8.241659339475986001e-02 -5.675365058546276258e-03 1.057299167993177358e+00 -8.243054536814957423e-02 9.965942275275945228e-01 -2.269548189993158497e-03 1.999188753876854108e+01 5.468987626094548408e-03 2.729613870146091557e-03 9.999813195167525093e-01 5.436917000397264443e-01
9.964539599158634964e-01 8.378649750307368138e-02 -7.702506355863208282e-03 1.065989694518594488e+00 -8.379210304115256025e-02 9.964831747243531046e-01 -4.073809215638635162e-04 2.022311371470403074e+01 7.641284966257667552e-03 1.051345538732108157e-03 9.999702522758477929e-01 5.732608037143160917e-01
9.962432205949262043e-01 8.481198992795993541e-02 -1.750347917154853467e-02 1.063676837455152846e+00 -8.480566727439250996e-02 9.963968982668143237e-01 1.104500980837320448e-03 2.042161469162718390e+01 1.753408728147094753e-02 3.840426164669775294e-04 9.998461923188358691e-01 5.659229142591963857e-01
9.961729339208388323e-01 8.394483848872594245e-02 -2.434645384136524190e-02 1.074260784663980672e+00 -8.392028152066552393e-02 9.964704028073797515e-01 2.030437979967531989e-03 2.064627797570827639e+01 2.443096545452625237e-02 2.049390074870143831e-05 9.997015192080883628e-01 5.647898031097842164e-01
9.962787147503364693e-01 8.255825566308611085e-02 -2.475594791734532507e-02 1.095755950273503254e+00 -8.248474668898650441e-02 9.965843890932554183e-01 3.977685165588987735e-03 2.085837083864018737e+01 2.499978198048000144e-02 -1.920894971446503565e-03 9.996856111115319798e-01 5.858782196657885688e-01
9.962572069610239334e-01 8.345326633388390480e-02 -2.251954520911325988e-02 1.120327875843914356e+00 -8.331508503756050732e-02 9.964986144787123523e-01 7.007706271714611579e-03 2.106803552803176061e+01 2.302551157745511348e-02 -5.105260053357190547e-03 9.997218423823619471e-01 5.864454386437027988e-01
9.965487489355275841e-01 8.232700891916451547e-02 -1.062330445099599410e-02 1.138143798724328581e+00 -8.221635153361787907e-02 9.965595661183785925e-01 1.046435465996793657e-02 2.127990429059695288e+01 1.144825469385248734e-02 -9.554830211616970742e-03 9.998888151610116903e-01 5.875263606813605488e-01
9.968184744077083215e-01 7.935803394857492143e-02 -7.431791661887507568e-03 1.170883283942251607e+00 -7.927222681791219749e-02 9.967900242770177943e-01 1.120542534452286486e-02 2.148964580886467246e+01 8.297176315973453856e-03 -1.058064032273213669e-02 9.999095993716344832e-01 5.803517844529563208e-01
9.970543964884948096e-01 7.614612318798925916e-02 -9.181414183174080659e-03 1.178619407928906515e+00 -7.603671239211197419e-02 9.970360303733234453e-01 1.172913065851843677e-02 2.170384616648030374e+01 1.004732857841678269e-02 -1.099645674046493583e-02 9.998890584097779310e-01 5.931218805889874046e-01
9.972430122308977296e-01 7.254575344620663169e-02 -1.560410886810864595e-02 1.164185391145668991e+00 -7.237394103689685776e-02 9.973134633250346770e-01 1.130789677228010923e-02 2.190517596231390129e+01 1.638252774859130789e-02 -1.014739018403084878e-02 9.998143043870795221e-01 5.946669868133441783e-01
9.973755594117017509e-01 6.943261949494156093e-02 -2.052083912187075559e-02 1.179136952075697797e+00 -6.919315321290150922e-02 9.975291856454893136e-01 1.215859095055435608e-02 2.211572310874757008e+01 2.131433875706631453e-02 -1.070677988555029762e-02 9.997154914413557414e-01 5.903356544228067770e-01
9.975340974132400618e-01 6.743246694444759992e-02 -1.945730967370358153e-02 1.201426683888463964e+00 -6.718172440301564685e-02 9.976525647296200505e-01 1.326559439484408486e-02 2.231997925743675992e+01 2.030616665423759862e-02 -1.192570711518804553e-02 9.997226800996429352e-01 6.138723173177423886e-01
9.977525177168916626e-01 6.454764225503423214e-02 -1.798653020790878451e-02 1.215665289785475389e+00 -6.429341831085036429e-02 9.978275467151179745e-01 1.437161711134213316e-02 2.252412569474060078e+01 1.887510931120422661e-02 -1.318290164588694843e-02 9.997349355467602949e-01 6.130793685431260576e-01
9.980346568955381636e-01 6.105174767266607211e-02 -1.412472093595272538e-02 1.223905285691929246e+00 -6.079437043798131129e-02 9.979882612684269905e-01 1.798540779274472937e-02 2.275094153242873318e+01 1.519434626612586187e-02 -1.709135677864490402e-02 9.997384744847075400e-01 5.992003031772650257e-01
9.979709170780476368e-01 5.847207861323233669e-02 -2.520048985731239075e-02 1.222870757925600183e+00 -5.794776604720502933e-02 9.980975161097032089e-01 2.105717801081383872e-02 2.295138824152509827e+01 2.638380329935239785e-02 -1.955413916000108693e-02 9.994606198170953304e-01 5.850284235567502211e-01
9.979029060111079819e-01 5.601577092117598217e-02 -3.243491302118938630e-02 1.215849134434714651e+00 -5.515095241906285001e-02 9.981136817050313415e-01 2.697129660393823847e-02 2.317990289698862227e+01 3.388454842337509237e-02 -2.512591891520944004e-02 9.991098666196878142e-01 6.084351522794548828e-01
9.978483336749857102e-01 5.245489845027219433e-02 -3.933429306122068758e-02 1.195082080746260766e+00 -5.132542992365918266e-02 9.982551443379868994e-01 2.919532575424666626e-02 2.337000893186238670e+01 4.079709824492315506e-02 -2.711365765286307544e-02 9.987995025747046229e-01 6.018908787672786476e-01
9.982470721707574768e-01 4.710940366318693007e-02 -3.582578664885730652e-02 1.202953898102058217e+00 -4.616864479616053507e-02 9.985781438492794537e-01 2.664858090431279983e-02 2.356629658386700754e+01 3.703024628862858908e-02 -2.494783984690168363e-02 9.990026857555373008e-01 6.046003763035944223e-01
9.985072582132786811e-01 4.419897319427409932e-02 -3.208903339106019409e-02 1.221852110850593087e+00 -4.357831010064999733e-02 9.988539748945167718e-01 1.979059691357824835e-02 2.376409159632728318e+01 3.292698261566528312e-02 -1.836266881463546191e-02 9.992890603873494371e-01 6.112244196000710117e-01
9.986396941799801086e-01 4.152957449514286387e-02 -3.152864808976358485e-02 1.241487696867714874e+00 -4.090830847838129031e-02 9.989606934670484106e-01 2.010082598480159369e-02 2.398762447192212832e+01 3.233065890997848663e-02 -1.878369905226488432e-02 9.993007060661773799e-01 5.941354961604470297e-01
9.987677413393726278e-01 3.761422380651169989e-02 -3.237543864230697094e-02 1.244166796800763031e+00 -3.684805196022448298e-02 9.990339540911329363e-01 2.394534693364477190e-02 2.418413852655891816e+01 3.324484812094547631e-02 -2.272286822717727028e-02 9.991888967222092299e-01 6.083608486524942904e-01
9.988365728610244521e-01 3.426885555355603519e-02 -3.392854630385717246e-02 1.248536669511997932e+00 -3.334263265044841440e-02 9.990656061134665089e-01 2.749879141106116240e-02 2.439939019994299940e+01 3.483919578837490344e-02 -2.633553151507126919e-02 9.990458799357705422e-01 5.891375879824166661e-01
9.987562241219878345e-01 3.040951372878779313e-02 -3.951286186000928236e-02 1.233962429853707299e+00 -2.930938667658244956e-02 9.991745038397666923e-01 2.812953482016062462e-02 2.458448914388993245e+01 4.033564961956211115e-02 -2.693645023633820662e-02 9.988230388904899559e-01 6.167949980345035499e-01
9.989526882317691925e-01 2.722698468633041879e-02 -3.677251663147510646e-02 1.249745107092466556e+00 -2.628297494749147478e-02 9.993185606819783295e-01 2.591562278643267520e-02 2.478716968457527514e+01 3.745306265756272873e-02 -2.492198991632613853e-02 9.989875687495711754e-01 6.406569784947536705e-01
9.995214232997412518e-01 2.413526852313293072e-02 -1.934975912448727228e-02 1.286255141944177893e+00 -2.373619064676215154e-02 9.995060886027411495e-01 2.059543880644044631e-02 2.497943181826462933e+01 1.983727850386666700e-02 -2.012629273774832125e-02 9.996006276119451250e-01 6.265753695000637613e-01
9.997224774194041208e-01 2.266961831317625825e-02 -6.407538368501514842e-03 1.321564619142394870e+00 -2.259074695535708693e-02 9.996712724016738605e-01 1.212457367569616008e-02 2.516006519381413753e+01 6.680291491240471571e-03 -1.197645775483149704e-02 9.999059646612968866e-01 6.256445317292355091e-01
9.997934293653998328e-01 2.032151793147128627e-02 3.667515973524682299e-04 1.339576239398466484e+00 -2.032427618951072185e-02 9.997364111799327269e-01 1.067857473827230758e-02 2.534226214178704595e+01 -1.496500777053073905e-04 -1.068382281906953349e-02 9.999429151380717640e-01 6.194253360829949928e-01
9.997916217471428668e-01 1.800931129850710105e-02 -9.611336575704633109e-03 1.334724044480390948e+00 -1.790969315646877974e-02 9.997860167230383510e-01 1.035198802750328384e-02 2.554434966273713314e+01 9.795712085353907791e-03 -1.017769480943010035e-02 9.999002242989581957e-01 5.962418515383282047e-01
9.996702113231804576e-01 1.645880566363100081e-02 -1.971233900871408040e-02 1.317917288976472090e+00 -1.627020060812858424e-02 9.998206728595202541e-01 9.690340288524159837e-03 2.575426717635996710e+01 1.986829547895075515e-02 -9.366420813895258782e-03 9.997587313926786790e-01 5.988985550621609422e-01
9.994988732408446319e-01 1.644034741933756219e-02 -2.705027480476682525e-02 1.284622573986991867e+00 -1.620394926301682234e-02 9.998287811761834565e-01 8.935343307845573790e-03 2.594213605847872017e+01 2.719254343682287259e-02 -8.492544287724668184e-03 9.995941387748117357e-01 6.005490715863168738e-01
9.994346234597133449e-01 1.658675882314225927e-02 -2.924573236702844581e-02 1.283115631541015267e+00 -1.635566828537542497e-02 9.998332382196777335e-01 8.123291579896026529e-03 2.613583302500989092e+01 2.937559437491788633e-02 -7.640365364048861026e-03 9.995392434878302979e-01 6.135391638183221863e-01
9.994733732103476820e-01 1.748164290887800273e-02 -2.733803951887277262e-02 1.305278015745364506e+00 -1.725722457722561262e-02 9.998155991622542649e-01 8.423530834142534812e-03 2.634437684400592161e+01 2.748025551955756568e-02 -7.947316089663557237e-03 9.995907541206805469e-01 6.246640880165592602e-01
9.994602088639225057e-01 1.912964409122627774e-02 -2.670856818752061906e-02 1.307593819456975170e+00 -1.889395663504739309e-02 9.997805421534236014e-01 9.049084709483201996e-03 2.655047761630115133e+01 2.687581255250481860e-02 -8.539569564648187908e-03 9.996023041446499002e-01 6.213903085552867633e-01
9.994577786227648586e-01 2.053681295409796187e-02 -2.573690082618247318e-02 1.301994070878649934e+00 -2.033055063063611556e-02 9.997592700509750907e-01 8.250494421346383708e-03 2.672941572014977041e+01 2.590014404406854390e-02 -7.722775461576006882e-03 9.996347039182196248e-01 6.150746568351512789e-01
9.994339605357609457e-01 1.924182600667602785e-02 -2.759548259646642937e-02 1.300988511652230839e+00 -1.906232253198501467e-02 9.997954900296296410e-01 6.753219683918036328e-03 2.693614493521681652e+01 2.771978332328108030e-02 -6.223363105386639504e-03 9.995963602195482300e-01 5.987491107639494325e-01
9.993506765278611370e-01 2.001241632245589694e-02 -2.996211801997520838e-02 1.292327925439129555e+00 -1.989941973354599283e-02 9.997937240200561737e-01 4.064788355605658370e-03 2.712348634163329919e+01 3.003728379155449699e-02 -3.465920230531558191e-03 9.995427699600358817e-01 5.775579761049269845e-01
9.992091907473001910e-01 2.301838349847510137e-02 -3.242139952627723365e-02 1.300830448182921595e+00 -2.294036981248790200e-02 9.997329803812302629e-01 2.776215216615247287e-03 2.730590492561525906e+01 3.247664636306610286e-02 -2.030260864963241967e-03 9.994704325200564066e-01 6.006958983349891534e-01
9.993469065471536350e-01 2.186670083868475639e-02 -2.876817284893086815e-02 1.317040540739156107e+00 -2.174351840781987150e-02 9.997530551804305610e-01 4.587816980201064182e-03 2.750285097147019187e+01 2.886138911908603735e-02 -3.959299411068366303e-03 9.995755820178333639e-01 6.381760565808538566e-01
9.996164317065242555e-01 2.009907493792057256e-02 -1.905299580001770104e-02 1.368924669286269546e+00 -1.992774562980602002e-02 9.997596449128687279e-01 9.139877340993791607e-03 2.771882084245044808e+01 1.923211939515211133e-02 -8.756688320051013788e-03 9.997766980647408985e-01 6.738736990659955906e-01
9.997209400954240044e-01 2.251629618833795449e-02 -7.145511925729462928e-03 1.375048014302898913e+00 -2.242039284938635718e-02 9.996611000801746139e-01 1.322917121267848904e-02 2.791207876482425831e+01 7.440962249661624457e-03 -1.306527429693742949e-02 9.998869589550335446e-01 6.304832617529169125e-01
9.996281236633333123e-01 2.564434094922243140e-02 -9.272656501970665335e-03 1.366364510925522469e+00 -2.553219480343746350e-02 9.996017711958040675e-01 1.201690687035011397e-02 2.808153590954379553e+01 9.577129519998476767e-03 -1.177568679489142921e-02 9.998847992597276191e-01 6.138139284292422060e-01
9.995113803365380800e-01 2.517454432156326569e-02 -1.852681559119176424e-02 1.369412263619012249e+00 -2.503457530097646586e-02 9.996565562760991730e-01 7.748518162194336333e-03 2.827213313826860741e+01 1.871551808655370214e-02 -7.280921123852601880e-03 9.997983384514800287e-01 6.342179024479863703e-01
9.994571497123215797e-01 2.518354292861957680e-02 -2.124135246363296342e-02 1.355141954816552197e+00 -2.504736602525560116e-02 9.996641281479475838e-01 6.652845210945812146e-03 2.844901375507816965e+01 2.140176030420821995e-02 -6.117193781981090928e-03 9.997522416059465566e-01 6.174089308512570318e-01
9.992569558655418627e-01 2.787248223923742552e-02 -2.662068534342820758e-02 1.359621554601263105e+00 -2.770998087034461099e-02 9.995951700629195358e-01 6.453909439100743474e-03 2.863748891373658978e+01 2.678979496927057224e-02 -5.711455217925836929e-03 9.996247726846299031e-01 6.357571311854681717e-01
9.992522979214938372e-01 3.078760647222930635e-02 -2.338735526572754617e-02 1.368614702920648352e+00 -3.067094306123331615e-02 9.995153202953743765e-01 5.330829820002413663e-03 2.880156906195827204e+01 2.354014337995403647e-02 -4.609531705757870593e-03 9.997122655379920841e-01 6.434410030352348819e-01
9.993536639656016574e-01 3.181807181188271022e-02 -1.672915493087131014e-02 1.395603727333997846e+00 -3.177170127962260920e-02 9.994905580286274072e-01 3.030414067634048473e-03 2.898524753962285416e+01 1.681705432962765298e-02 -2.496941688698820546e-03 9.998554655378334433e-01 6.386125927343008213e-01
9.993299417014218644e-01 3.293028363325964381e-02 -1.597698466125189315e-02 1.402990087411258413e+00 -3.291206356126828714e-02 9.994572678656792331e-01 1.402063697173961624e-03 2.918481273613083360e+01 1.601448379348651557e-02 -8.752886980700042528e-04 9.998713768172999838e-01 6.279623598212566993e-01
9.991785221632856206e-01 3.514893583713937786e-02 -2.017010553044221860e-02 1.405383689871633202e+00 -3.505745158657359861e-02 9.993734252328898560e-01 4.871552784947822366e-03 2.935901844906905112e+01 2.032869734753226659e-02 -4.160438414175044765e-03 9.997846942298898032e-01 6.544378212939579997e-01
9.990064177367251608e-01 3.633291321456620648e-02 -2.580884999721080875e-02 1.391145171888390930e+00 -3.614344032227105596e-02 9.993164019937487152e-01 7.770484408254526784e-03 2.956325337505421302e+01 2.607353145444932935e-02 -6.829943163108797080e-03 9.996366954218329770e-01 6.531483645990234788e-01
9.988006456479319173e-01 3.728853985332362952e-02 -3.173066417334301226e-02 1.390726392643452547e+00 -3.698632613346607145e-02 9.992651462946132712e-01 1.005878123601359163e-02 2.975526013598111419e+01 3.208242404219580068e-02 -8.873116499414924682e-03 9.994458393885906622e-01 6.582221160377326186e-01
9.987717737415658936e-01 3.676560877699899116e-02 -3.321496633120402803e-02 1.397087427712805807e+00 -3.646471274201442542e-02 9.992886367743630815e-01 9.620038371927201737e-03 2.994567397974793366e+01 3.354502499281723088e-02 -8.397048582188620935e-03 9.994019315937605619e-01 6.592929332941485088e-01
9.989517744840765712e-01 3.802749513259506831e-02 -2.548061751714574344e-02 1.414480073891670742e+00 -3.787123486123913918e-02 9.992609144128935528e-01 6.587449946132324825e-03 3.012740372744432804e+01 2.571228938075100987e-02 -5.615562362612690032e-03 9.996536118246920344e-01 6.826009537073893796e-01
9.990772573140498380e-01 3.987208378114799612e-02 -1.596404875916074273e-02 1.433437289142343474e+00 -3.985309089778538150e-02 9.992044147437664225e-01 1.506221252027867188e-03 3.031521023514905266e+01 1.601140417729195881e-02 -8.686147110886248066e-04 9.998714319575067178e-01 6.739749972027875291e-01
9.991461235880388925e-01 4.048543051326378150e-02 -8.243399489949232439e-03 1.460811349309018903e+00 -4.050430946219636674e-02 9.991770801870271113e-01 -2.136198473410165413e-03 3.049986938811822412e+01 8.150130918324914597e-03 2.468267627883868279e-03 9.999637408531028004e-01 6.656241149090290632e-01
9.990440258970016973e-01 4.142235953171259644e-02 -1.397220277324230826e-02 1.481207182987594795e+00 -4.143333012682251515e-02 9.991411475108442630e-01 -4.964930162260162766e-04 3.069308306209888215e+01 1.393963679988842290e-02 1.074933271862838369e-03 9.999022607456932166e-01 6.680879330209630318e-01
9.987234559726727579e-01 4.350015321907577809e-02 -2.567479620011918137e-02 1.456838274001154510e+00 -4.341646686256624837e-02 9.990498024393131837e-01 3.808234648883608055e-03 3.089337212177353464e+01 2.581605886211932668e-02 -2.688664331262299173e-03 9.996630943417593729e-01 6.710777573833051068e-01
9.984774286890265582e-01 4.520317028146762089e-02 -3.161483504708816061e-02 1.431173793958537610e+00 -4.509445442228341566e-02 9.989741336884402356e-01 4.143718352760385366e-03 3.112082516660543163e+01 3.176971165916610274e-02 -2.711755507976793163e-03 9.994915366340819673e-01 6.557586064889643351e-01
9.983668646020628090e-01 4.581774966951041722e-02 -3.412238971509116287e-02 1.417261694927129723e+00 -4.578010030773823485e-02 9.989497645157432437e-01 1.884247795391593653e-03 3.130784497294328261e+01 3.417288516440931262e-02 -3.190441397218456284e-04 9.994158854702965833e-01 6.376221035590152741e-01
9.982801542224787328e-01 4.772133287687902597e-02 -3.405008185009388705e-02 1.440611152975051823e+00 -4.781157881515153002e-02 9.988546766151217282e-01 -1.840634483876458279e-03 3.150620153560877057e+01 3.392324596418421628e-02 3.465457048469527349e-03 9.994184328851948296e-01 6.435477301914088732e-01
9.980732472760855956e-01 5.118189851322779704e-02 -3.507429737502056055e-02 1.485080716736458362e+00 -5.147493365218401562e-02 9.986461041098341207e-01 -7.502662977474742860e-03 3.169300317579941506e+01 3.464280989286200318e-02 9.293654331422436521e-03 9.993565448386751982e-01 7.121299161730011429e-01
9.979286016794423064e-01 5.544162275875680335e-02 -3.263023775562720608e-02 1.511280021099447257e+00 -5.574102832580180023e-02 9.984104443337810109e-01 -8.338009738786343258e-03 3.189913081395222605e+01 3.211609738581604201e-02 1.013958140643069113e-02 9.994327116807850686e-01 7.193820794373432248e-01
9.976827355804265274e-01 5.758313184892997066e-02 -3.624006141310360390e-02 1.508880451145299784e+00 -5.786573040818990959e-02 9.983012352050707472e-01 -6.797134128202105864e-03 3.213730808688891472e+01 3.578709780190982709e-02 8.878440994838653760e-03 9.993199972563431288e-01 6.983430768240175279e-01
9.973498650383402220e-01 6.171903797205154085e-02 -3.852281220016329222e-02 1.515980957785286964e+00 -6.199363019723193313e-02 9.980586688927624017e-01 -5.973546934287570637e-03 3.234662904095106484e+01 3.807934509643572107e-02 8.345885202406236672e-03 9.992398659367103253e-01 6.914986012268672377e-01
9.970670472710266852e-01 6.507675251108947789e-02 -4.027802786689974046e-02 1.515426701112373431e+00 -6.545483669188524589e-02 9.978223393213361270e-01 -8.139011299600930685e-03 3.253824611804677858e+01 3.966065556537076708e-02 1.075153170049774655e-02 9.991553617762446438e-01 6.718624687016951924e-01
9.971503947670558032e-01 6.474556604427192386e-02 -3.871823722112839594e-02 1.551092937553207207e+00 -6.513548615374536999e-02 9.978367910588066270e-01 -8.894203335813016115e-03 3.273715039463243670e+01 3.805862135469434415e-02 1.139078957185865257e-02 9.992105840379742476e-01 7.052111579017683596e-01
9.971249263308624711e-01 6.871680978920902128e-02 -3.193558112929540532e-02 1.605076635783725392e+00 -6.898335898558452528e-02 9.975909573885584081e-01 -7.319693958456660772e-03 3.294917138167353698e+01 3.135566093607528720e-02 9.501672956545999596e-03 9.994631262524339421e-01 7.711492535463869702e-01
9.970697110286593778e-01 7.471835056900516525e-02 -1.640607928399913720e-02 1.619884415753971796e+00 -7.475000878627482970e-02 9.972014254081639217e-01 -1.324141373808927855e-03 3.315958635929717246e+01 1.626122798799211136e-02 2.546615827572016461e-03 9.998645344306144045e-01 7.234514441552312158e-01
9.967816801160047646e-01 7.879993861947302836e-02 -1.472589076022342083e-02 1.659240271195392857e+00 -7.882987433751449668e-02 9.968870103783213921e-01 -1.462686194692845764e-03 3.334503986910683437e+01 1.456478963275552665e-02 2.618818920764798795e-03 9.998904983499011800e-01 7.306275345465944593e-01
9.965096618846637222e-01 8.049922074882202849e-02 -2.209907756775618404e-02 1.658583826235663805e+00 -8.052953889691567835e-02 9.967521051466575743e-01 -4.839945833340744729e-04 3.355185521936297732e+01 2.198834090065521218e-02 2.261933805170825672e-03 9.997556684109860647e-01 6.998707513270953084e-01
9.956891677784831529e-01 8.521008382038264273e-02 -3.663772350890591445e-02 1.662120021575226758e+00 -8.505100131250273310e-02 9.963592385903903281e-01 5.881738800580661730e-03 3.376231930462605391e+01 3.700551775522581410e-02 -2.740308541197503805e-03 9.993113040313147399e-01 7.130197608578946467e-01
9.949974393911367176e-01 9.037239532878893478e-02 -4.257846600827942113e-02 1.664714790254288035e+00 -8.991911407639019416e-02 9.958712861603871147e-01 1.244726174600057668e-02 3.396739491701911362e+01 4.352756056567202297e-02 -8.556375622505643999e-03 9.990155854176692163e-01 7.383402216924691563e-01
9.949055045883634651e-01 9.176215545654557715e-02 -4.174618264874881135e-02 1.669534957926356089e+00 -9.123792579793467417e-02 9.957264705798068993e-01 1.429813563970810941e-02 3.414381275491667367e+01 4.287980685432829508e-02 -1.041645873844308789e-02 9.990259353747958926e-01 7.874647661008558064e-01
9.949309013423510706e-01 9.293526233494445177e-02 -3.841273966839633264e-02 1.699612383968942764e+00 -9.251474745902554808e-02 9.956317485736413397e-01 1.258740381437433407e-02 3.433893112486408228e+01 3.941475683915427602e-02 -8.969852112964625881e-03 9.991826753383896698e-01 7.940844342659547639e-01
9.947957130649524027e-01 9.615984329327909030e-02 -3.368640386572884643e-02 1.721213252477242550e+00 -9.588663424364024523e-02 9.953456009476380206e-01 9.637844552160957159e-03 3.453840871713835270e+01 3.445638752131949950e-02 -6.357610557219435174e-03 9.993859805635575411e-01 7.791257634595473158e-01
9.942691820973252881e-01 1.009467880299487752e-01 -3.519289016196769371e-02 1.729757813511736853e+00 -1.007419060715009085e-01 9.948839332767361876e-01 7.551666630063159913e-03 3.470578103570498740e+01 3.577515747829239368e-02 -3.962990568662965243e-03 9.993520064587633200e-01 7.572892930150841861e-01
9.942162936629207470e-01 1.010915810042962992e-01 -3.625539498083996115e-02 1.762618528789011485e+00 -1.009013858941133213e-01 9.948715054762945487e-01 7.042578787529762616e-03 3.489239880638198343e+01 3.678140481020464314e-02 -3.343626980261715700e-03 9.993177414710522344e-01 7.334257007743242296e-01
9.940775666381135300e-01 1.011784715393973660e-01 -3.965738775812457234e-02 1.777067561147317232e+00 -1.008766428895765260e-01 9.948531567177730794e-01 9.544605178365550904e-03 3.509214510597284686e+01 4.041898596174504227e-02 -5.487573747421368650e-03 9.991677497338427028e-01 7.488645871356811590e-01
9.939376598269858976e-01 1.029320914862068836e-01 -3.863823132507614860e-02 1.812994644590602888e+00 -1.025244480640501166e-01 9.946532852795080260e-01 1.239272495634278180e-02 3.527443003396971477e+01 3.970725282384626048e-02 -8.356232701212306865e-03 9.991764145776391715e-01 8.389193421532488149e-01
9.940032470533072262e-01 1.033063213607049308e-01 -3.585176166383754331e-02 1.838099742558684691e+00 -1.029250522610082735e-01 9.946127275632938858e-01 1.232703476808818914e-02 3.542558050404891645e+01 3.693207907159529874e-02 -8.563068143118980277e-03 9.992810892834036451e-01 8.743466521301231920e-01
9.943199677403627978e-01 1.011265028493015111e-01 -3.318481843063227771e-02 1.886818033464786604e+00 -1.007995034814134355e-01 9.948415880296365144e-01 1.138748543672149158e-02 3.557329187993098429e+01 3.416521404446836579e-02 -7.977790931156174964e-03 9.993843569924207859e-01 8.760385612435562797e-01
9.943217509772337426e-01 1.009094162813844592e-01 -3.378676130259185284e-02 1.894535308396233519e+00 -1.006009443133482201e-01 9.948691771100834913e-01 1.071309663766058934e-02 3.574297303330641995e+01 3.469445974259675880e-02 -7.253284914816561513e-03 9.993716447453939722e-01 8.575324520287554986e-01
9.942922273772967223e-01 1.009591063073765616e-01 -3.449964392149394710e-02 1.885577056961360576e+00 -1.006743188150689416e-01 9.948701880624123417e-01 9.899011858874432607e-03 3.589701615141699875e+01 3.532206262686102272e-02 -6.369282398835697523e-03 9.993556844955193696e-01 8.296221934791515595e-01
9.942248425273803036e-01 1.006665084975695013e-01 -3.719161959789731714e-02 1.885766758494297868e+00 -1.003816096165526250e-01 9.949040876155013091e-01 9.454570151884097995e-03 3.607166615421304101e+01 3.795385292952433570e-02 -5.666613880937580727e-03 9.992634259968331545e-01 7.883139937548678811e-01
9.944443865280290229e-01 9.795720018466137768e-02 -3.853244133031422103e-02 1.890035587236102543e+00 -9.773414215438962216e-02 9.951832711457384573e-01 7.635069679652409409e-03 3.623787096945842734e+01 3.909475105736689993e-02 -3.826717085148087678e-03 9.992281804853747618e-01 7.594133061443932853e-01
9.946422431993756641e-01 9.560765641015787908e-02 -3.931900404475197758e-02 1.893169443056754497e+00 -9.540204588577867739e-02 9.954136652312746136e-01 7.077055294947138392e-03 3.641190037984274852e+01 3.981529460046486640e-02 -3.288024725751696655e-03 9.992016469208210294e-01 7.645451963910119275e-01
9.947262086324596408e-01 9.566272872681620687e-02 -3.699205579894131873e-02 1.926981450972869547e+00 -9.548020843147024539e-02 9.954089573874458363e-01 6.673630999763427267e-03 3.659018951737706260e+01 3.746064144639563859e-02 -3.106426464215230297e-03 9.992932754987632338e-01 7.910071386295870477e-01
9.947287758116835077e-01 9.576369467687580184e-02 -3.666029669852186729e-02 1.957851598509171342e+00 -9.553395180824213184e-02 9.953942482767895727e-01 7.972110723356878870e-03 3.674951242118287809e+01 3.725488725107104632e-02 -4.427784922407537217e-03 9.992959862306016738e-01 8.248913316386978778e-01
9.949937168925261366e-01 9.342249196023423574e-02 -3.549283505632422342e-02 1.998861047174379069e+00 -9.317128336175979630e-02 9.956123405088728173e-01 8.670604544484677989e-03 3.691455222461330266e+01 3.614713406506982196e-02 -5.320284051077052087e-03 9.993323167377795579e-01 8.484082179935561463e-01
9.951883148824771652e-01 9.112007421246187677e-02 -3.601874507656872837e-02 2.020062126630236765e+00 -9.081481564634677484e-02 9.958173319726841832e-01 1.002549758989258050e-02 3.708508551248467455e+01 3.678161470756079188e-02 -6.706222358402184197e-03 9.993008252779461698e-01 8.598591433102265036e-01
9.951531549388223929e-01 9.098353529360354852e-02 -3.731212297344735362e-02 2.012190963798445420e+00 -9.066677104046562408e-02 9.958300785554861090e-01 1.009907289161732918e-02 3.725692511595845957e+01 3.807538370658718196e-02 -6.667154539382873224e-03 9.992526278203845980e-01 8.633815694136398600e-01
9.952979867227867983e-01 8.914420074361625868e-02 -3.788441763244129734e-02 2.022108378867278677e+00 -8.883270206863272400e-02 9.959980438486404353e-01 9.830955847084325155e-03 3.741512917324362064e+01 3.860917855579058811e-02 -6.419355377577324294e-03 9.992337680481897522e-01 8.456981276869192099e-01
9.954178991876100335e-01 8.716439129122041662e-02 -3.931379996586543968e-02 2.028600961556513926e+00 -8.680750440584766858e-02 9.961676548695911348e-01 1.069862469889882629e-02 3.757122988226112170e+01 4.009567502554112206e-02 -7.236869658227068278e-03 9.991696375299822241e-01 8.551934245733965323e-01
9.954867677774342782e-01 8.610418085617412010e-02 -3.990194505439395578e-02 2.067127967363855845e+00 -8.567805398086268676e-02 9.962472897056452448e-01 1.227227852554792741e-02 3.775914335107249542e+01 4.080889910410467891e-02 -8.798169880350341018e-03 9.991282329914751292e-01 8.881867935429207384e-01
9.962577776815225716e-01 8.313129639563263118e-02 -2.365645722958816324e-02 2.075352914729675646e+00 -8.266777618593112997e-02 9.963776240464560230e-01 1.994164185848073048e-02 3.792759282407259747e+01 2.522853918772657508e-02 -1.791138908964319196e-02 9.995212368685983950e-01 8.646061815315524424e-01
9.964271877662059795e-01 8.169437558736840355e-02 -2.142168242039264175e-02 2.099269459511320601e+00 -8.128465149347181840e-02 9.965031190776884040e-01 1.934784484182095962e-02 3.810581305157980836e+01 2.292738345112680515e-02 -1.753746463512710282e-02 9.995832993914297582e-01 8.721854021598629547e-01
9.963985156224202111e-01 8.187823133052454794e-02 -2.204434847353693716e-02 2.122718048294341742e+00 -8.145726298478941918e-02 9.964887346189571504e-01 1.936274992185741187e-02 3.825431155721419429e+01 2.355233263319109899e-02 -1.749734298956961628e-02 9.995694726310127010e-01 8.624245126822731589e-01
9.964803928211473094e-01 8.039298734348734876e-02 -2.374435320243274347e-02 2.128549596453741088e+00 -7.992115314364603429e-02 9.965965955756032058e-01 2.019492429566096744e-02 3.841937377596200065e+01 2.528707185899290236e-02 -1.822617000654512195e-02 9.995140672965492357e-01 8.771519924173694083e-01
9.966738563141054330e-01 7.740795122516901106e-02 -2.548005547662253456e-02 2.124352583135961314e+00 -7.686367759687993961e-02 9.968056548814983042e-01 2.169012361767827871e-02 3.858642376155544440e+01 2.707765141685675864e-02 -1.965948838065533985e-02 9.994399958528565886e-01 8.878391407668506652e-01
9.968078470416513737e-01 7.565068732593903389e-02 -2.551645710714673873e-02 2.158041911473900676e+00 -7.507290250261088038e-02 9.969152981605916564e-01 2.288990177375666707e-02 3.878101158934090620e+01 2.716938324698106241e-02 -2.090123920947638270e-02 9.994123087162208874e-01 8.987308292583084945e-01
9.968567736191122908e-01 7.562575417864618454e-02 -2.360758764899448942e-02 2.185757448100632772e+00 -7.506083519510929614e-02 9.968909687503115791e-01 2.396387789732696769e-02 3.895180586108894971e+01 2.534647726029434778e-02 -2.211654875825644698e-02 9.994340470293759937e-01 9.274908949590742191e-01
9.970905745025364642e-01 7.319818397543609301e-02 -2.126998121531599450e-02 2.241892576271985238e+00 -7.266070516219008679e-02 9.970425712261538065e-01 2.503064298161903484e-02 3.912186345508482077e+01 2.303927437084266061e-02 -2.341232635681900903e-02 9.994603818116187810e-01 9.466437125441747868e-01
9.975179927486045317e-01 7.016134669117565781e-02 -5.936292889978611771e-03 2.228073877198929686e+00 -6.993995550296841501e-02 9.970487841241165716e-01 3.165635324644341247e-02 3.929724881827040406e+01 8.139825983259853584e-03 -3.116259788755531418e-02 9.994811832775346572e-01 8.553496264282907102e-01
9.974293205037720877e-01 7.130621757740328304e-02 -7.083356138696115210e-03 2.232824549220937094e+00 -7.105025058426690798e-02 9.969758948510343277e-01 3.147899264417990117e-02 3.946069962164035871e+01 9.306583223528496276e-03 -3.089479601459563241e-02 9.994793139869979637e-01 8.738461790224576475e-01
9.972863879432209977e-01 7.304742996524972443e-02 -9.161517267087212688e-03 2.232379826985412485e+00 -7.272415477353851021e-02 9.968482742567216226e-01 3.169724631368524281e-02 3.962633797242927614e+01 1.144804505745923746e-02 -3.094496868422963801e-02 9.994555273635212789e-01 8.422878186466349337e-01
9.972203326757603792e-01 7.252256315175432955e-02 -1.709052169905022137e-02 2.221777076331151957e+00 -7.190391647521764129e-02 9.968184402532290767e-01 3.439220793500435275e-02 3.978459456644622350e+01 1.953035825505582482e-02 -3.306773359363256864e-02 9.992622729300900675e-01 8.322544275872763020e-01
9.969335735774428331e-01 7.290810607208264571e-02 -2.842284192496188910e-02 2.190295891136850859e+00 -7.182317746899699595e-02 9.967126634562240017e-01 3.748730030632792254e-02 3.997204717427970166e+01 3.106253454511376938e-02 -3.533092943840847322e-02 9.988928092506481615e-01 7.887510109456767893e-01
9.961349456222156062e-01 7.542379734058012042e-02 -4.501578506427178494e-02 2.182021476707825425e+00 -7.363581281209270746e-02 9.964771147819758701e-01 4.013884387088503120e-02 4.014610285197237971e+01 4.788462364609392952e-02 -3.666893113408054711e-02 9.981795691696739858e-01 8.290071003171955999e-01
9.958542925048616823e-01 7.734087419376850514e-02 -4.788128317605028217e-02 2.158004289517544194e+00 -7.539052150972597177e-02 9.962991521485486945e-01 4.128278932648014182e-02 4.033146073711515101e+01 5.089692884775061377e-02 -3.750184804815184098e-02 9.979995561255727843e-01 8.335885469045072327e-01
9.960009905063129665e-01 7.908475672492015773e-02 -4.156474665150337866e-02 2.196678624164405846e+00 -7.743821216684884656e-02 9.962009885448531721e-01 3.983608563425092980e-02 4.048073313128977446e+01 4.455726884410186883e-02 -3.645808107974778806e-02 9.983413535044699527e-01 8.823710838427246683e-01
9.961765437656164845e-01 8.190126382697912599e-02 -3.040520736213420810e-02 2.254348492038127816e+00 -8.084067935571617736e-02 9.961258968913982992e-01 3.461187807117087345e-02 4.066024722008555159e+01 3.312217101122908597e-02 -3.202156345106958735e-02 9.989382069285627219e-01 9.167090348946830280e-01
9.962761650361225962e-01 8.537892550994440055e-02 -1.201008158523830111e-02 2.296035328685507082e+00 -8.497188573489454499e-02 9.958984829852387533e-01 3.108038324017655882e-02 4.080423451650320743e+01 1.461443175675133238e-02 -2.994412574224844872e-02 9.994447296964248384e-01 8.706366769816810125e-01
9.959106178448553504e-01 8.967857608947482628e-02 -1.094505616444199810e-02 2.344652239103818481e+00 -8.930171207643544662e-02 9.955193933552822783e-01 3.108603663621697932e-02 4.094426888017515154e+01 1.368376717486597706e-02 -2.998150169846524465e-02 9.994567844943617052e-01 8.650429027536667981e-01
9.956776283290750262e-01 9.223667352764951255e-02 -1.088377239481059383e-02 2.354772838779761290e+00 -9.185756521631004146e-02 9.952797865434136471e-01 3.131028921342566412e-02 4.113047508075750613e+01 1.372035559012921291e-02 -3.017519767376529438e-02 9.994504536433157504e-01 8.513595377375863249e-01
9.952986255259199666e-01 9.626168407689450479e-02 -1.069271737655087817e-02 2.348945880981487377e+00 -9.589594800653064577e-02 9.949198695723074914e-01 3.063364630845449854e-02 4.128734211904592399e+01 1.358724336071931785e-02 -2.946423779606168608e-02 9.994734841450040319e-01 8.471954726555075421e-01
9.948102486148810986e-01 1.012903929862208896e-01 -9.634601159128432235e-03 2.370289779456107304e+00 -1.010085672825646319e-01 9.945391942639044691e-01 2.624996016048791736e-02 4.144080833606326308e+01 1.224085725438213423e-02 -2.514055213396320515e-02 9.996089805779444504e-01 8.550087545487184970e-01
9.944064192877489772e-01 1.056194260479165897e-01 -6.404066101145705668e-04 2.407721139336828298e+00 -1.055914257410745655e-01 9.942506105462098898e-01 1.778128899872101834e-02 4.160611846457392460e+01 2.514774201541288001e-03 -1.761420647652280416e-02 9.998416952902682286e-01 8.693870434225361432e-01
9.936911026212724707e-01 1.121343851083786841e-01 1.967802755754043814e-03 2.466857994097130913e+00 -1.121516498047067240e-01 9.935387844432793658e-01 1.739802440086964802e-02 4.176011482578210376e+01 -4.171589683921997013e-06 -1.750895437588002868e-02 9.998467065001820364e-01 8.947137889202558814e-01
9.927493974687235934e-01 1.196296207843985382e-01 1.172124807634643447e-02 2.485474751680636807e+00 -1.198598905013924520e-01 9.925591904917403507e-01 2.144434702609035112e-02 4.190463796514001160e+01 -9.068653399511050414e-03 -2.269377010023195321e-02 9.997013315606603223e-01 8.229476383504832349e-01
9.922043398628053179e-01 1.242265863668852721e-01 9.914796873644014796e-03 2.487348823414171850e+00 -1.244255494442959298e-01 9.919641983673223029e-01 2.291968156324701578e-02 4.205513210937893831e+01 -6.987889731520906950e-03 -2.397466156395895720e-02 9.996881438728748570e-01 8.140559742825776990e-01
9.916647369947120261e-01 1.287158120066372868e-01 5.769674226561005009e-03 2.501441790457354930e+00 -1.288148138830518263e-01 9.914076414096579803e-01 2.275153354861522356e-02 4.222746830277165486e+01 -2.791617001550681168e-03 -2.330511304437417677e-02 9.997245013404970626e-01 8.010079569432480007e-01
9.905760089066762974e-01 1.368699220522852922e-01 -5.078879396248942198e-03 2.497662871072046542e+00 -1.367517535874550327e-01 9.904240403125867953e-01 1.895199888263719018e-02 4.238499332818086884e+01 7.624202861694778961e-03 -1.807884975027029828e-02 9.998074948320956334e-01 8.463939693314729285e-01
9.893597493187518133e-01 1.454204296608140046e-01 -4.492779229026973298e-03 2.522013236447007589e+00 -1.453192049560073917e-01 9.892233325398211985e-01 1.787531901154058162e-02 4.252132970376060683e+01 7.043798612286098978e-03 -1.703223403064544478e-02 9.998301295245282105e-01 8.418932124806834949e-01
9.882985603134231134e-01 1.524493537353755757e-01 -5.015000307228800053e-03 2.552226622748928975e+00 -1.523414118084323310e-01 9.881735056841561837e-01 1.747045826813396763e-02 4.265760534016625627e+01 7.619050507039275624e-03 -1.650203652738958110e-02 9.998348027848500408e-01 8.397964255252611254e-01
9.870369610882968603e-01 1.602994215531507727e-01 -7.882442217057058012e-03 2.547111960083607851e+00 -1.601463627830067848e-01 9.869425951809309705e-01 1.724692160655125900e-02 4.281030117993993400e+01 1.054418953516872946e-02 -1.576100463974953320e-02 9.998201892339403374e-01 7.954421902630406382e-01
9.857955156863885682e-01 1.675449904125620726e-01 -1.165664789988010708e-02 2.579139843803025745e+00 -1.673198586336849536e-01 9.857351788534217674e-01 1.817201358177791132e-02 4.294985651379024461e+01 1.453499774375560660e-02 -1.596350082115823021e-02 9.997669230786353500e-01 7.777038710986007297e-01
9.849661864692765834e-01 1.723968299507512569e-01 -1.099747857929165955e-02 2.612357712931221432e+00 -1.721727704923914082e-01 9.848868877967491553e-01 1.882432859381730911e-02 4.312172263733268807e+01 1.407652702709536428e-02 -1.664786079246942385e-02 9.997623218134847889e-01 8.124972334138341745e-01
9.836030945057770980e-01 1.801071925187860412e-01 -9.292560554570512832e-03 2.660564912129239623e+00 -1.799023003580638713e-01 9.834909204335953170e-01 1.951337363339442424e-02 4.327497694018397567e+01 1.265364787468024887e-02 -1.752166167007035077e-02 9.997664110019816031e-01 8.592427800565551888e-01
9.818434678686994710e-01 1.895186732044564781e-01 -8.128782835612684277e-03 2.694584922150989659e+00 -1.893406450176032263e-01 9.817302490298593920e-01 1.886367631423269131e-02 4.338858556490311713e+01 1.155529090434739836e-02 -1.698206838381594724e-02 9.997890200464912835e-01 8.640993726095651528e-01
9.805988453299014918e-01 1.959137011078146973e-01 -6.612583148951720752e-03 2.770702039082663326e+00 -1.957746766814574824e-01 9.804930628358462519e-01 1.748226818956707257e-02 4.351106647830482643e+01 9.908607769749878252e-03 -1.584851567242186177e-02 9.998253067626595714e-01 8.752317204073412071e-01
9.796961020081327298e-01 2.004325316984444938e-01 -4.727361528636313780e-03 2.809296264552063160e+00 -2.003293357562538901e-01 9.795859792745889028e-01 1.671724989652296350e-02 4.366491558076588575e+01 7.981537792209877913e-03 -1.543079536500802616e-02 9.998490814162279694e-01 8.884269478821107402e-01
9.780636692597073356e-01 2.082683858167417579e-01 -3.967158117161051836e-03 2.874657799886159992e+00 -2.081849020236257453e-01 9.779667549268132865e-01 1.549428369856935273e-02 4.382220537108118918e+01 7.106718205409253558e-03 -1.432849354284020452e-02 9.998720862336050175e-01 8.814130746135117045e-01
9.759927943129279582e-01 2.177570010580733573e-01 -4.466983259079216305e-03 2.899801978899888777e+00 -2.176570880380192807e-01 9.758847531587809820e-01 1.656322972837591043e-02 4.396166505522079859e+01 7.966020088637993518e-03 -1.519332229695880172e-02 9.998528419130128242e-01 8.968564283263954495e-01
9.747779309089555921e-01 2.231310221045963715e-01 -4.531267749053719505e-03 2.949120341344878327e+00 -2.230155622025797590e-01 9.746440874485298167e-01 1.824724135560961205e-02 4.409818624385682284e+01 8.487898934527848133e-03 -1.677646494887182968e-02 9.998232372752178243e-01 9.058092823981214181e-01
9.740159820780323052e-01 2.264351125984064572e-01 -4.472855811817362873e-03 2.996579599481042244e+00 -2.263172210713569055e-01 9.738761624088061453e-01 1.859397048602606101e-02 4.426522077446758630e+01 8.566335453675376355e-03 -1.709854012609324930e-02 9.998171121872496681e-01 9.258370352717253393e-01
9.721915951478046214e-01 2.341454805396146477e-01 -4.404119303581153014e-03 3.029706025995530183e+00 -2.340366971425331677e-01 9.720696787757628909e-01 1.753179954823065947e-02 4.440623451002708322e+01 8.386102466666933708e-03 -1.601354263297411970e-02 9.998366065201655939e-01 9.158873358709993528e-01
9.704097185555096150e-01 2.414042571638437551e-01 -5.381705695161434141e-03 3.049346292260567637e+00 -2.412877952711931229e-01 9.703116235293715031e-01 1.659979207586586777e-02 4.452221727242907434e+01 9.229192065578015886e-03 -1.481005965443705011e-02 9.998477304804210819e-01 8.828377478156931302e-01
9.698929206286128757e-01 2.434942310951249134e-01 -4.275738286313462803e-03 3.119043490252587869e+00 -2.433961881567839325e-01 9.697893145113340996e-01 1.633955477925400079e-02 4.467138577619005702e+01 8.125152629124925835e-03 -1.480692010617715680e-02 9.998573583325387482e-01 9.092866112277475654e-01
9.691388127014156639e-01 2.464829463185130298e-01 -4.014833724507482424e-03 3.188510216067699687e+00 -2.463829001955413212e-01 9.690228835489781423e-01 1.703284032853739915e-02 4.486259817890832835e+01 8.088770421042610834e-03 -1.551800027608450649e-02 9.998468700058560366e-01 9.314682880450931846e-01
9.675110630476233542e-01 2.528205185779198172e-01 -2.031813586319810780e-03 3.226801650546166744e+00 -2.527589156438084239e-01 9.674016272078409528e-01 1.571694112057868409e-02 4.502375081880739316e+01 5.939144974152120449e-03 -1.469275541255943458e-02 9.998744168621190864e-01 9.479048492226996858e-01
9.657739525227863053e-01 2.593765315613048572e-01 -2.118372899736457957e-03 3.272690987498354076e+00 -2.593144569775617803e-01 9.656691238340339156e-01 1.546465893712489943e-02 4.515472737438398099e+01 6.056816898932258081e-03 -1.438604006795280409e-02 9.998781709889540403e-01 9.504163562134230192e-01
9.646836950735544480e-01 2.633835553457261058e-01 -3.804107343148345824e-03 3.324253183166739678e+00 -2.632927831617111192e-01 9.645827677057441374e-01 1.603105049853617570e-02 4.532345358487507525e+01 7.891691465935109229e-03 -1.446329902101519543e-02 9.998642578806561376e-01 9.160403154408119919e-01
9.637192794527339457e-01 2.668399164744280072e-01 -6.450533855709237457e-03 3.345935034204444047e+00 -2.666790470319975737e-01 9.635978652106729214e-01 1.901157635598411597e-02 4.552127231467647306e+01 1.128876809970860359e-02 -1.660160044556146727e-02 9.997984549785206010e-01 8.653154286140367635e-01
9.621248797926784668e-01 2.724583282151337715e-01 -9.065046615350659531e-03 3.362799660013098713e+00 -2.720650556560642586e-01 9.617735519386179099e-01 3.118076782629655361e-02 4.570900184911789665e+01 1.721398195615193860e-02 -2.753351008478879466e-02 9.994726532765286775e-01 8.615634848442090821e-01
9.605327464371993251e-01 2.780292030927185576e-01 -8.752442484179405804e-03 3.416519832616927932e+00 -2.776370095076372002e-01 9.601694567102241340e-01 3.150087859805322799e-02 4.588129446332914796e+01 1.716199211825923665e-02 -2.782762347777769860e-02 9.994654018014389463e-01 8.763708651980041120e-01
9.593063874266370972e-01 2.822668308207919030e-01 -7.529359922416374411e-03 3.506802414487861341e+00 -2.818797839253723292e-01 9.588759534058474143e-01 3.317669956780600060e-02 4.604059715829541233e+01 1.658440401824091276e-02 -2.970424546110375999e-02 9.994211401331003497e-01 9.177845894603344767e-01
9.584122738334123204e-01 2.852957396535384382e-01 -7.228713648276855266e-03 3.576853038683071251e+00 -2.849121156234856733e-01 9.579705542534320273e-01 3.342908246305527353e-02 4.623447235136418243e+01 1.646206962741560836e-02 -2.997929483681452401e-02 9.994149499305428064e-01 9.177914836794036635e-01
9.569344626320656078e-01 2.902053080025072118e-01 -7.570563667899843710e-03 3.615275282044289717e+00 -2.898105320636543691e-01 9.565027554594075498e-01 3.335167617290431957e-02 4.642571760592969099e+01 1.692009846488466002e-02 -2.972133923178103473e-02 9.994150050215415693e-01 9.166621556167615648e-01
9.552114180372226482e-01 2.958181017443611283e-01 -7.924489364060708502e-03 3.635996564635987749e+00 -2.954236543546608362e-01 9.548105692986359472e-01 3.258283602378261173e-02 4.660851452562449282e+01 1.720497890310294931e-02 -2.878241539512623598e-02 9.994376224982558510e-01 8.981062075476287099e-01
9.538378632112985978e-01 3.001879894203892118e-01 -8.972274641824182911e-03 3.681192017242828296e+00 -2.997683291982366494e-01 9.534675947562565312e-01 3.222568167497241037e-02 4.678424502430932819e+01 1.822853571194410147e-02 -2.804847157089584639e-02 9.994403452574520674e-01 8.691201403816066762e-01
9.526966519773829578e-01 3.037672956516636047e-01 -9.722109007823567794e-03 3.726866321474811894e+00 -3.033660643924678268e-01 9.524000887351110611e-01 3.005165473609750990e-02 4.696211073372460021e+01 1.838804737078543819e-02 -2.568075290616236503e-02 9.995010648538912301e-01 8.610012872708692200e-01
9.508801132152946423e-01 3.094156924436408662e-01 -9.430777342866186394e-03 3.788547647236933713e+00 -3.090915403431762076e-01 9.506766261589967293e-01 2.600715600041499098e-02 4.712407181726949545e+01 1.701264176873092809e-02 -2.181471394654239948e-02 9.996172708969565113e-01 8.495468098428302639e-01
9.491729991012606282e-01 3.147075506681269452e-01 -5.456677522679683444e-03 3.871032506769435333e+00 -3.146267958718196311e-01 9.491387149449820315e-01 1.206976023044576199e-02 4.728608097936214705e+01 8.977588571020515482e-03 -9.739473551298838405e-03 9.999122689308262979e-01 9.135593261669332499e-01
9.477267017163193419e-01 3.190410688128675343e-01 -5.186064466422211396e-03 3.971969119707519535e+00 -3.189719672529900407e-01 9.477002824426350447e-01 1.100267080790806769e-02 4.744622979577289357e+01 8.425138613945169427e-03 -8.773315729693623513e-03 9.999260202487196825e-01 9.089025329539079934e-01
9.460864472009539172e-01 3.238691449677494338e-01 -5.404753512936633260e-03 4.065676229314301615e+00 -3.238044628111089729e-01 9.460685200948052431e-01 1.024817784946799662e-02 4.763530258783039528e+01 8.432335755045788916e-03 -7.945578864003790404e-03 9.999328794925337327e-01 9.244991124466749310e-01
9.436892816979149945e-01 3.307773152428295504e-01 -6.075140263317283483e-03 4.081620952835868898e+00 -3.307288480763472260e-01 9.436937980484628730e-01 7.774610920129180688e-03 4.780371934603262218e+01 8.304737115984939938e-03 -5.327592853508311688e-03 9.999513228631790041e-01 8.809958649960852872e-01
9.422039476642225519e-01 3.349786349644903738e-01 -6.405866317814230305e-03 4.140891510787819918e+00 -3.350171342710812072e-01 9.421905469502839248e-01 -6.363409645557711013e-03 4.798059627767099755e+01 3.903940412882997597e-03 8.141704664966832941e-03 9.999592351163126835e-01 8.808254154520410717e-01
9.409412911469627883e-01 3.385117893108972598e-01 -6.265390029462665836e-03 4.222077373955582580e+00 -3.385621391528989554e-01 9.408831835946308564e-01 -1.070106354738648534e-02 4.815079929712972273e+01 2.272563948427474157e-03 1.219029640192566093e-02 9.999231131075696499e-01 8.663630900302317084e-01
9.385918472927569089e-01 3.449608738354781878e-01 -6.880386488659948063e-03 4.289757772887413445e+00 -3.450288918102020763e-01 9.384405176932254511e-01 -1.686589955783262748e-02 4.834446857009224630e+01 6.387580088561676563e-04 1.820412794764844980e-02 9.998340870933896118e-01 8.360858749297601644e-01
9.360375839164239986e-01 3.517758898682258328e-01 -9.346914106878823070e-03 4.339691006933468209e+00 -3.518994008962047504e-01 9.356548158690717321e-01 -2.677456236627579617e-02 4.851512019071435589e+01 -6.731603046132451224e-04 2.835117014218734716e-02 9.995977981202104345e-01 8.201985047580758748e-01
9.342713501026507217e-01 3.563470734866144296e-01 -1.240191900052574694e-02 4.411385587546823750e+00 -3.565607571835146539e-01 9.338189506960984376e-01 -2.909628425686748565e-02 4.869889506782659083e+01 1.212771243419578406e-03 3.160586240499016486e-02 9.994996741608013213e-01 8.269013288947654194e-01
9.324364441157040329e-01 3.610976527726508789e-01 -1.306762591075976213e-02 4.477677612966398435e+00 -3.613308510757901604e-01 9.319698742975611738e-01 -2.953251534551564611e-02 4.891603386481857996e+01 1.514511705680338452e-03 3.225892998643994231e-02 9.994783978107897315e-01 8.284376384151873607e-01
9.295546724284671214e-01 3.684049757448212281e-01 -1.434868679924421186e-02 4.533830733667221224e+00 -3.686749418520994803e-01 9.291041066331586773e-01 -2.905763733945237667e-02 4.911626067488036540e+01 2.626445650728028575e-03 3.230066382998519892e-02 9.994747465040755285e-01 8.466589234562378330e-01
9.273378192666892339e-01 3.739497197225585268e-01 -1.435883272139801617e-02 4.616831864296203847e+00 -3.742170363273812361e-01 9.268893638056970863e-01 -2.894334096509281265e-02 4.930475321401743116e+01 2.485695084398130417e-03 3.221357451898359398e-02 9.994779171830947551e-01 8.748215476053208262e-01
9.259285613503734913e-01 3.774717867619226119e-01 -1.309005249757459396e-02 4.725299259270522079e+00 -3.776958904425303798e-01 9.254988588347613510e-01 -2.824316976506942647e-02 4.950494104164983611e+01 1.453828893551336980e-03 3.109521658255600188e-02 9.995153695102603209e-01 9.131747872058296744e-01
9.229004108895942915e-01 3.848718567536150159e-01 -1.133514264766227742e-02 4.860385937737675910e+00 -3.850387225989709838e-01 9.224914222774137640e-01 -2.747285795011179116e-02 4.971391613861528214e+01 -1.169579868284947866e-04 2.971918073600263166e-02 9.995582807506574463e-01 9.511468007765880861e-01
9.196526493653062184e-01 3.926002085640242223e-01 -1.020199739550509827e-02 4.956709707031298429e+00 -3.927309333654241952e-01 9.192592999696227452e-01 -2.692124434868872068e-02 4.988868997249042536e+01 -1.191005162014316214e-03 2.876483364881070315e-02 9.995854970195697797e-01 9.707930200506534879e-01
9.170228782240397170e-01 3.987027624072586041e-01 -1.025417293198356908e-02 5.047859880444458547e+00 -3.988326137879060762e-01 9.166339605468455387e-01 -2.673440762970100831e-02 5.006914033061239877e+01 -1.259759026507123805e-03 2.860576202489935327e-02 9.995899776339146614e-01 9.826505031174664895e-01
9.140620919473781969e-01 4.054567457853748835e-01 -9.763163519912371885e-03 5.158626067182417785e+00 -4.055707617894532269e-01 9.136891100220211337e-01 -2.616423911925341503e-02 5.027060218841521078e+01 -1.687971061734695397e-03 2.787539280980206799e-02 9.996099805571140307e-01 1.015970830491931931e+00
9.104970962053919870e-01 4.134020075770376557e-01 -9.685965766203482111e-03 5.273523479028328076e+00 -4.135115197071543292e-01 9.101363182099984073e-01 -2.569251534256945801e-02 5.047185677695696171e+01 -1.805788201561532233e-03 2.739821903743624998e-02 9.996229672844395564e-01 1.018076207023723256e+00
9.064392964202422354e-01 4.222365988235903256e-01 -9.168234239078544220e-03 5.372050209221280959e+00 -4.223302396420907101e-01 9.060984657360993122e-01 -2.495474052241437174e-02 5.066519254250838600e+01 -2.229481785171227252e-03 2.649198000477185483e-02 9.996465397361190552e-01 1.038348105285660239e+00
9.024873228057455066e-01 4.306218531845390496e-01 -9.025061486298014898e-03 5.478548322811348292e+00 -4.307100788534597990e-01 9.021622264793884849e-01 -2.433403147443890038e-02 5.085589110534078827e+01 -2.336696164381783878e-03 2.584833986285784910e-02 9.996631448529897934e-01 1.056751302743941023e+00
8.978179909827980199e-01 4.402745285737865721e-01 -9.010802225239120805e-03 5.576262514469179088e+00 -4.403592496854155103e-01 8.974955228815534314e-01 -2.419747143948922097e-02 5.107443753665096864e+01 -2.566375675975531272e-03 2.569291530163581722e-02 9.996665883279248765e-01 1.070687722959493549e+00
8.924439391626437512e-01 4.510703208506237627e-01 -8.909607150641160947e-03 5.666274850587322831e+00 -4.511502103661651497e-01 8.921355983456398242e-01 -2.361274763834540075e-02 5.129021712779749009e+01 -2.702431947031425866e-03 2.509262465711003393e-02 9.996814777964975196e-01 1.075618282190173414e+00
8.866055081949273386e-01 4.624391676984760391e-01 -8.982706538426331322e-03 5.762445615410692668e+00 -4.625177041496992825e-01 8.863025153619110696e-01 -2.335004520853625060e-02 5.149330254183158928e+01 -2.836580072192149398e-03 2.485693950369224914e-02 9.996869941996864295e-01 1.076619080053226263e+00
8.801111152942640015e-01 4.746840990136801941e-01 -8.912400297192148504e-03 5.878906506193794179e+00 -4.747578879389480755e-01 8.798166851299874525e-01 -2.296842194469983153e-02 5.169561946163801736e+01 -3.061466190558768518e-03 2.444599579586041391e-02 9.996964642901928766e-01 1.072247398957541620e+00
8.727173210022028949e-01 4.881454092973530612e-01 -8.862110620929185972e-03 5.971084867321495793e+00 -4.882163723422230373e-01 8.724435196160276185e-01 -2.206986309422582018e-02 5.191077219090995243e+01 -3.041611371917366316e-03 2.358737929312368017e-02 9.997171520676958467e-01 1.067276821622093586e+00
8.647290401643129565e-01 5.022270319838600949e-01 -3.419859820046652031e-03 6.082657100786164506e+00 -5.022342285460948963e-01 8.646726828530780784e-01 -1.009609847264019040e-02 5.209419516136681239e+01 -2.113474204949681960e-03 1.044796020010745584e-02 9.999431850632525265e-01 1.067549389075360233e+00
8.565304556852098017e-01 5.160901165804736568e-01 -2.563211196901403737e-03 6.195241692935148592e+00 -5.160949620785135750e-01 8.565053172030866468e-01 -6.680697569690201461e-03 5.231177661619228303e+01 -1.252437968319761955e-03 7.045081319125874077e-03 9.999743987864601058e-01 1.056748718091196748e+00
8.473966764680054276e-01 5.309564762518494963e-01 -2.023125601063639149e-03 6.340426123442422401e+00 -5.309590354776565491e-01 8.473800419536680062e-01 -5.437567768455251610e-03 5.252340648588362626e+01 -1.172755565012786275e-03 5.681973672849432305e-03 9.999831697681544895e-01 1.063958789913298286e+00
8.374371662908166591e-01 5.465335552841957822e-01 2.558578198747617910e-04 6.547287323460348141e+00 -5.465233010670439429e-01 8.374241466153189428e-01 -5.751526439667343192e-03 5.267530912033777923e+01 -3.357663709845924108e-03 4.676709743159957432e-03 9.999834271028644750e-01 1.163299323559076281e+00
8.259539322185902588e-01 5.637286329848998356e-01 3.182798395226689187e-03 6.750771978451548527e+00 -5.636998225112888061e-01 8.259507697849287622e-01 -6.916356875198108670e-03 5.281024767520874974e+01 -6.527783191098862972e-03 3.918449267218458362e-03 9.999710164809528790e-01 1.224597604446039600e+00
8.134022870651842485e-01 5.816869878955615025e-01 4.119163764231664401e-03 6.902416010468303220e+00 -5.816408796594219055e-01 8.133993171779887454e-01 -8.685500756750397233e-03 5.292494178767937996e+01 -8.402767766729107510e-03 4.668932144558241015e-03 9.999537962158491222e-01 1.245032047237343065e+00
8.004799091159967572e-01 5.993524203522493377e-01 2.931095281019545622e-03 7.000358267501507470e+00 -5.993061378512396509e-01 8.004642622458397749e-01 -9.440233103822621638e-03 5.308942817493716859e+01 -8.004263581159085442e-03 5.800093544439938534e-03 9.999511441462523020e-01 1.220021082529181511e+00
7.867937660651679321e-01 6.172121785580668707e-01 2.167099581163271175e-03 7.146879132191032546e+00 -6.171675455315359660e-01 7.867711578406495487e-01 -9.765548252047513700e-03 5.329440974743434367e+01 -7.732426758087981855e-03 6.346008957490625185e-03 9.999499676217517008e-01 1.198530866262481842e+00
7.712925161451318345e-01 6.364807052794875242e-01 4.078546774600073921e-04 7.266609872872936471e+00 -6.364356136024783561e-01 7.712451955536918646e-01 -1.142620119656697839e-02 5.347346423359073952e+01 -7.587112556731404056e-03 8.553370228970760131e-03 9.999346356541399805e-01 1.168139462911398363e+00
7.547599525650541263e-01 6.560007608415769909e-01 -6.448094831894846113e-04 7.410031575983500929e+00 -6.559532087962742786e-01 7.546926381941015949e-01 -1.282223558894236663e-02 5.363120191690838823e+01 -7.924763332035287752e-03 1.010067477444850058e-02 9.999175838514052783e-01 1.167398688186404021e+00
7.371582577444508733e-01 6.757197280124641603e-01 -7.431109789576093722e-04 7.584769358547856832e+00 -6.756629335489107158e-01 7.370810985844472585e-01 -1.382224068755109198e-02 5.377257524991956927e+01 -8.792227661174600861e-03 1.069127140735452383e-02 9.999041921346506490e-01 1.186559008343292865e+00
7.181984214672609834e-01 6.958365529686976192e-01 -1.587121474655073857e-03 7.745966463634291976e+00 -6.957778041338702479e-01 7.181039572306352481e-01 -1.483084233453253221e-02 5.390903469844013784e+01 -9.180123996127819222e-03 1.175577144822031149e-02 9.998887573930776984e-01 1.176089677292913027e+00
6.977828061780748659e-01 7.163046097792187261e-01 -2.619429573871551783e-03 7.860260779125221475e+00 -7.162505512974324251e-01 6.976739416244654990e-01 -1.536941587394301603e-02 5.406446762300301145e+01 -9.181675684508620178e-03 1.260068201420810538e-02 9.998784524352953840e-01 1.157697542003785385e+00
6.778404309373020631e-01 7.351507087742276125e-01 -9.262050285079394957e-03 8.017987604718030070e+00 -7.351736238778919796e-01 6.776303061415602791e-01 -1.835513423386626181e-02 5.422249321104281705e+01 -7.217543971495998106e-03 1.925106717161701592e-02 9.997886293971208760e-01 1.120323871449389719e+00
6.576321524443811128e-01 7.532788432298266335e-01 -9.536058604291266366e-03 8.178666557914764823e+00 -7.532927859226102862e-01 6.573984325770945158e-01 -1.942368456631845750e-02 5.435144608729009974e+01 -8.362460661953011881e-03 1.995708364249655989e-02 9.997658646223943624e-01 1.138020523418857843e+00
6.369039764790600522e-01 7.708952204457623081e-01 -8.595570896728445265e-03 8.391067065320831020e+00 -7.708839535807153753e-01 6.366773435290151717e-01 -1.949077598768338832e-02 5.444552240085400996e+01 -9.552740807039772353e-03 1.903994040737148896e-02 9.997730871614605164e-01 1.179451415261163039e+00
6.139799392031002334e-01 7.892810285373129675e-01 -8.005763376398843459e-03 8.595565268716720553e+00 -7.892222534936815803e-01 6.137101218774916322e-01 -2.209345820530441221e-02 5.454060967004789973e+01 -1.252472939877670617e-02 1.988326673853771723e-02 9.997238553006982942e-01 1.216264582752372148e+00
5.931636648310649740e-01 8.050049640518047722e-01 -1.112989560295682759e-02 8.773459940659709133e+00 -8.047406358948393512e-01 5.924530876031832705e-01 -3.730747819170626006e-02 5.461008452864888341e+01 -2.343876412590511701e-02 3.108611975476417016e-02 9.992418513527356883e-01 1.163634573386020499e+00
5.703032690742726452e-01 8.213218116797450508e-01 -1.358907437242530547e-02 8.997826328333983881e+00 -8.208393825153826873e-01 5.691828394755763521e-01 -4.747213243878564692e-02 5.472769374047356195e+01 -3.125522988178239259e-02 3.822795973658348057e-02 9.987801227995154463e-01 1.262473811024292347e+00
5.436395372648319402e-01 8.392057268511942114e-01 -1.377684806615977683e-02 9.183177146694774251e+00 -8.386863323807473014e-01 5.425195824069983797e-01 -4.772565958335910768e-02 5.480785316581618360e+01 -3.257743698036788538e-02 3.750000966793057972e-02 9.987654679025979032e-01 1.260275761652403403e+00
5.187630080516787423e-01 8.548039832586972198e-01 -1.396752240874723008e-02 9.343459259933094785e+00 -8.542668557035185684e-01 5.176610738480231788e-01 -4.748843931880007696e-02 5.490376465602190592e+01 -3.336286443934081969e-02 3.656723707878926921e-02 9.987741268419130236e-01 1.276343137863030330e+00
4.954314407216620086e-01 8.685273236874792024e-01 -1.442135752010920320e-02 9.522642667319797027e+00 -8.679671665497116217e-01 4.943187150299606092e-01 -4.777034396771474151e-02 5.501095838443325903e+01 -3.436110207958157498e-02 3.618419516022382959e-02 9.987542333749996892e-01 1.282326486273156707e+00
4.695475620344052858e-01 8.827836257790914187e-01 -1.477014027920743947e-02 9.721620733090647448e+00 -8.822151372042909001e-01 4.684516348572034250e-01 -4.742907849861469072e-02 5.509642220731041107e+01 -3.495051752350325502e-02 3.530064951151057340e-02 9.987654006166336584e-01 1.285305287301384158e+00
4.407911158122310713e-01 8.974812962798096594e-01 -1.518272205240612030e-02 9.927054497395987553e+00 -8.968677889539150572e-01 4.396761914979375740e-01 -4.809382254286310304e-02 5.517166154611480522e+01 -3.648782479024624548e-02 3.481622405978738316e-02 9.987274248684147038e-01 1.291210825111954286e+00
4.119180257978798387e-01 9.110808347304678589e-01 -1.597662697853347025e-02 1.013237621063398386e+01 -9.104325805947334205e-01 4.107692369341827687e-01 -4.879703044370143489e-02 5.524659240823392281e+01 -3.789533235626127428e-02 3.464601817443419690e-02 9.986809286304937361e-01 1.286191829467191905e+00
3.829637178042520906e-01 9.236202213711528497e-01 -1.626276482790590255e-02 1.036736105685973897e+01 -9.229368230347703150e-01 3.818171775107096488e-01 -4.902309296893054419e-02 5.530574276424455604e+01 -3.906931701515076183e-02 3.378357044567421169e-02 9.986652386239904811e-01 1.301458055778549117e+00
3.526183970529194189e-01 9.356164742369633691e-01 -1.679521349145941811e-02 1.061638824761718070e+01 -9.349100589442281839e-01 3.514706280661989979e-01 -4.910783330235217459e-02 5.537533275080889439e+01 -4.004307361741411830e-02 3.301833949709861993e-02 9.986522625579560275e-01 1.305273956670759627e+00
3.229723463322535792e-01 9.462635109526073007e-01 -1.655993189248684133e-02 1.085847593358571928e+01 -9.455264998121958309e-01 3.218667830852725009e-01 -4.879971413067697716e-02 5.543577877596292325e+01 -4.084729682043200527e-02 3.141881261255941027e-02 9.986712955504831735e-01 1.334630679533401310e+00
2.938023825301517844e-01 9.557168801605336883e-01 -1.689393369889951452e-02 1.114418551751846209e+01 -9.549624262433803468e-01 2.927103742847967371e-01 -4.865594772903781423e-02 5.548340998787050893e+01 -4.155628090870259334e-02 3.042830528094973147e-02 9.986727160360227007e-01 1.341860231069491816e+00
2.651381574439503064e-01 9.640674990913170594e-01 -1.660164639548081245e-02 1.141334388513153009e+01 -9.632918405208071855e-01 2.640949059365947926e-01 -4.819450844626434194e-02 5.554030905854195765e+01 -4.207834898451830175e-02 2.877043368033775639e-02 9.986999923363283349e-01 1.357904503466263568e+00
2.361293880262095302e-01 9.715818994854538149e-01 -1.647800663326355608e-02 1.169786746204641759e+01 -9.707827793415390039e-01 2.351220839201602075e-01 -4.794164147125516001e-02 5.558024740059526181e+01 -4.270488782662952565e-02 2.731699553902734029e-02 9.987142105279346316e-01 1.378446211499211760e+00
2.071592517646223541e-01 9.781722164206497760e-01 -1.625298221973595081e-02 1.198237155262244080e+01 -9.773566541424548726e-01 2.061972109166237965e-01 -4.750453466429395422e-02 5.561946665234184906e+01 -4.311629635981698017e-02 2.572596417859963902e-02 9.987387845454355206e-01 1.406946689846082954e+00
1.779008909807687777e-01 9.839133248457720970e-01 -1.630466740497563821e-02 1.226688319615864664e+01 -9.830774066745822104e-01 1.769650739351018576e-01 -4.735161130439309585e-02 5.565769683597385864e+01 -4.370452464250128982e-02 2.445264398960161900e-02 9.987452041074794673e-01 1.433732354264140474e+00
1.477471505333368684e-01 9.888883957956037252e-01 -1.644749738035850700e-02 1.257137027729967294e+01 -9.880438090118409677e-01 1.468394932684492504e-01 -4.698504751554330450e-02 5.566955919497110727e+01 -4.404782608315985226e-02 2.319275484849665434e-02 9.987601739856697414e-01 1.446640687270079217e+00
1.175756565812904331e-01 9.929223917431071467e-01 -1.676570769833795119e-02 1.287637914470764855e+01 -9.920573088543889195e-01 1.166797706091909914e-01 -4.699071269063829354e-02 5.566363431799769046e+01 -4.470191190615893650e-02 2.215750675807703213e-02 9.987546164930601877e-01 1.453345234028836197e+00
8.707614219801473876e-02 9.960600684633507118e-01 -1.679540034343898411e-02 1.315537779498526483e+01 -9.951681256643769569e-01 8.620566448860333963e-02 -4.699984118834114877e-02 5.567121961551838893e+01 -4.536680638486741135e-02 2.080681193416311636e-02 9.987536880810875539e-01 1.473529183470156267e+00
5.757950317296389731e-02 9.981891302270111677e-01 -1.740865046458123233e-02 1.343960143482984826e+01 -9.972889011797285708e-01 5.670976886835543684e-02 -4.689189374111197434e-02 5.566593772203584223e+01 -4.581973808398158432e-02 2.006146583729683658e-02 9.987482611701380408e-01 1.472898998280296468e+00
2.912756906941416091e-02 9.994154324094230990e-01 -1.789911120678795362e-02 1.372514395106190399e+01 -9.984927386084281320e-01 2.825802558295076317e-02 -4.705034470006491665e-02 5.567104581307648914e+01 -4.651704705103426596e-02 1.924259473251339891e-02 9.987321397059434336e-01 1.473772073214786760e+00
2.610917571852611196e-03 9.998278957391876220e-01 -1.836741710697496408e-02 1.401171831117536470e+01 -9.988784766716477526e-01 1.739223733753902934e-03 -4.731557822676056568e-02 5.565921401396439450e+01 -4.727548996638471224e-02 1.847035469482254111e-02 9.987111063995862681e-01 1.485682047329885513e+00
-2.269174452748878856e-02 9.995655106406271528e-01 -1.881155676815490091e-02 1.433968099158003540e+01 -9.986095982845151209e-01 -2.355755176836882292e-02 -4.715837114150712300e-02 5.562997273420070599e+01 -4.758103555345020302e-02 1.771529543707794224e-02 9.987102749863137063e-01 1.486370733243885134e+00
-4.672067499380694322e-02 9.987204571166631295e-01 -1.935528519052459942e-02 1.466904853025440403e+01 -9.977392284429510427e-01 -4.759429875975129676e-02 -4.744696778122251685e-02 5.558755995678480843e+01 -4.830745857720016023e-02 1.709477295113916856e-02 9.986862160776832642e-01 1.501382075930598026e+00
-6.866060308435284476e-02 9.974480073247294909e-01 -1.957534847760834459e-02 1.498653025733960220e+01 -9.964595910225330089e-01 -6.952041256472907271e-02 -4.727785629696396735e-02 5.554331618968579676e+01 -4.851808985625327697e-02 1.625991761223626736e-02 9.986899468984073991e-01 1.512341996626311191e+00
-8.937936766069221051e-02 9.957973315615006316e-01 -1.997506174133695939e-02 1.535058989954114139e+01 -9.948120750329200179e-01 -9.023327448898843528e-02 -4.697756425882017306e-02 5.550915454094469936e+01 -4.858254836123258175e-02 1.567260763211723862e-02 9.986962027387198404e-01 1.513376739798403259e+00
-1.083282510879062244e-01 9.939107792688727239e-01 -2.015819608442611169e-02 1.568730054519601502e+01 -9.929345280118492267e-01 -1.091653184832850343e-01 -4.651834393365430337e-02 5.545505649536693227e+01 -4.843565936500066060e-02 1.497651807282147918e-02 9.987140185299754336e-01 1.531525874762206252e+00
-1.258631218469252744e-01 9.918377548498604757e-01 -2.040447532610903392e-02 1.603961938487451633e+01 -9.908749315566767191e-01 -1.266875257420725376e-01 -4.601239869755315015e-02 5.538588305487795083e+01 -4.822182671256769471e-02 1.442701894846873389e-02 9.987324549411437102e-01 1.539467102167301649e+00
-1.426838562019618895e-01 9.895449338262327643e-01 -2.102715192731369892e-02 1.641480551403831356e+01 -9.885720530232673386e-01 -1.435234249456822653e-01 -4.611206429149758423e-02 5.533675284623173241e+01 -4.864784846938224189e-02 1.420740759947299037e-02 9.987149425179351336e-01 1.556087770343516974e+00
-1.583982927746150349e-01 9.871474835442994866e-01 -2.120911545172600096e-02 1.678438246780376630e+01 -9.861878729443480651e-01 -1.592244403657609997e-01 -4.561860199209302746e-02 5.526688943088034733e+01 -4.840929769775748071e-02 1.369026378005657948e-02 9.987337566008482881e-01 1.564617475073223352e+00
-1.721753412275737194e-01 9.848285754206633769e-01 -2.164090820818871663e-02 1.715276083878866231e+01 -9.838894922104148844e-01 -1.730016857930081198e-01 -4.507642211521468989e-02 5.519818768446181423e+01 -4.813646217889576417e-02 1.353121382892175789e-02 9.987491112692995499e-01 1.570620107553404754e+00
-1.851326491993703360e-01 9.824753836118389483e-01 -2.163383454667149389e-02 1.754649608008092443e+01 -9.815631828748054843e-01 -1.859359924887151738e-01 -4.428910387349759697e-02 5.513089058811781484e+01 -4.753546281571115195e-02 1.303561636465109391e-02 9.987844875051322679e-01 1.594895883990675944e+00
-1.972815624995478689e-01 9.801003720821209741e-01 -2.198285109409041024e-02 1.794309248785187805e+01 -9.792131994036697984e-01 -1.980819502153168266e-01 -4.364689121261179638e-02 5.506096970751747932e+01 -4.713274033371901706e-02 1.291517105518689111e-02 9.988051377246962570e-01 1.605920311930592481e+00
-2.093385523668347403e-01 9.776298402538499133e-01 -2.042708834343336805e-02 1.834974480141708142e+01 -9.768218200480887070e-01 -2.100288137329662241e-01 -4.131621086042026186e-02 5.500076408012584750e+01 -4.468223775615683818e-02 1.130454984311241549e-02 9.989372877122701944e-01 1.665664691981799228e+00
-2.207636231399614513e-01 9.751156394319195897e-01 -2.032024688324296155e-02 1.875822503942313091e+01 -9.743398495735062781e-01 -2.214295288335648149e-01 -4.038342845305417650e-02 5.490786907577736287e+01 -4.387801535159129018e-02 1.088363431140581226e-02 9.989776104963419279e-01 1.677392631156098712e+00
-2.310841543145045751e-01 9.726983352843171504e-01 -2.140238677970221493e-02 1.914846110333132501e+01 -9.719047744702730141e-01 -2.317953445500067211e-01 -4.089043417269042774e-02 5.475781605403292929e+01 -4.473503086662253270e-02 1.135195049590293631e-02 9.989343873514920924e-01 1.677414883314942928e+00
-2.396649710869975802e-01 9.705874393799955868e-01 -2.281938105321999755e-02 1.954084545319711452e+01 -9.697585744784311679e-01 -2.404450872520327298e-01 -4.188636104895751555e-02 5.462279755146638394e+01 -4.614118398383253161e-02 1.209059693091280377e-02 9.988617565040841528e-01 1.664170136790599663e+00
-2.461515934167231023e-01 9.689375402081745747e-01 -2.386286306671286939e-02 1.995419160468009778e+01 -9.680351433668008543e-01 -2.469961004685372608e-01 -4.359916925990781067e-02 5.449184124059609502e+01 -4.813890594130768030e-02 1.236808508495601186e-02 9.987640743469426985e-01 1.695798922591164493e+00
-2.528708424855377057e-01 9.672154769538441332e-01 -2.346397582684398020e-02 2.039051755100672381e+01 -9.663666806901667350e-01 -2.536738707754992994e-01 -4.224932825081247068e-02 5.437068059512673557e+01 -4.681640174686735323e-02 1.199118120635055129e-02 9.988315353956103149e-01 1.712878884358660203e+00
-2.607896477077906727e-01 9.651278956475425330e-01 -2.273553807133686655e-02 2.084397265024221824e+01 -9.643854392354364036e-01 -2.615215934100143524e-01 -3.958763406623166947e-02 5.428873334011566243e+01 -4.415296410345719014e-02 1.160177672746271274e-02 9.989574137758050476e-01 1.714459256235669082e+00
-2.672120810652507394e-01 9.633827899670168726e-01 -2.216537227624234066e-02 2.126028903497049782e+01 -9.627201729326129165e-01 -2.678905553454533628e-01 -3.747691269707458667e-02 5.419312583442329867e+01 -4.204250660197932088e-02 1.132476719721375001e-02 9.990516389489341176e-01 1.714919308554649469e+00
-2.720922702295265339e-01 9.620039119150813889e-01 -2.267752061894701132e-02 2.167815794151278652e+01 -9.613437385100163102e-01 -2.727889608991180825e-01 -3.747531506425093306e-02 5.406878976404111370e+01 -4.223757697747045070e-02 1.160414889855769169e-02 9.990402048062992924e-01 1.744838541790093789e+00
-2.770419504935917043e-01 9.605684060187967832e-01 -2.358166714239897516e-02 2.213825232783467101e+01 -9.598978287621690031e-01 -2.777785918826272127e-01 -3.788419498127226087e-02 5.389892345686077846e+01 -4.294084307952638485e-02 1.214047981808975829e-02 9.990038502155064171e-01 1.758609501759020866e+00
-2.823229287008146571e-01 9.589989954751747536e-01 -2.479295479366149663e-02 2.254103294179740757e+01 -9.582945041304626876e-01 -2.831214383842828308e-01 -3.890879695603120109e-02 5.373525681393479658e+01 -4.433291421895940027e-02 1.277410681106874550e-02 9.989351404931322564e-01 1.765269737802457106e+00
-2.868070046079014279e-01 9.576489833313727162e-01 -2.549836920729763728e-02 2.299211467388347074e+01 -9.569204158090122148e-01 -2.876422230333695040e-01 -3.956348488605143654e-02 5.358351163849303589e+01 -4.522233868068598756e-02 1.305282547228057456e-02 9.988916677154933144e-01 1.782869890154082038e+00
-2.902156592783760036e-01 9.566183470282705326e-01 -2.561658131985700138e-02 2.343805496490468343e+01 -9.559362342806390078e-01 -2.910395603723645586e-01 -3.849532812708578167e-02 5.344841475905158035e+01 -4.428077572681779484e-02 1.331587125050824952e-02 9.989303781915289671e-01 1.790643306366260123e+00
-2.942840237089199285e-01 9.553662268412231873e-01 -2.592847856802223128e-02 2.389011675069077256e+01 -9.547185155476308749e-01 -2.951084874782101686e-01 -3.772978516836883456e-02 5.333600887027916571e+01 -4.369747658865470730e-02 1.365112557585003612e-02 9.989515390199348310e-01 1.802038088265822235e+00
-2.982279801528699981e-01 9.541518382434216461e-01 -2.558009833130034383e-02 2.435254107492490405e+01 -9.535645558265614108e-01 -2.990131793468708832e-01 -3.613525215310815081e-02 5.318410510285040260e+01 -4.212730379732540498e-02 1.361573184135009273e-02 9.990194703413904920e-01 1.804969177390448820e+00
-3.021436487294606454e-01 9.529283988853743947e-01 -2.523256091253923278e-02 2.480703445523947792e+01 -9.523159830532156311e-01 -3.029171254359983578e-01 -3.654426820965528400e-02 5.303198504865789431e+01 -4.246744581247962474e-02 1.298775251336165351e-02 9.990134305057243314e-01 1.842730124848974693e+00
-3.061376706642369161e-01 9.516400947009258093e-01 -2.570713437722129888e-02 2.526894747316447720e+01 -9.509912005208920327e-01 -3.069407913690518352e-01 -3.745780460161816927e-02 5.285153009083822440e+01 -4.353691688794754378e-02 1.298001353441005472e-02 9.989674950250075902e-01 1.871197628954013314e+00
-3.087645880652376551e-01 9.507732224143883304e-01 -2.635732719119839029e-02 2.572086841510262545e+01 -9.501051747919990742e-01 -3.096020654987960974e-01 -3.803574466661063802e-02 5.269857349327622842e+01 -4.432365046302690070e-02 1.329814192430285938e-02 9.989287128874575483e-01 1.877882881413899252e+00
-3.110070608762087740e-01 9.500304696608021793e-01 -2.677152967646498696e-02 2.617013778587211448e+01 -9.493631747652193642e-01 -3.118622220161881842e-01 -3.809877791779284900e-02 5.252876109531566584e+01 -4.454402861041803496e-02 1.356691546378193357e-02 9.989152958684499595e-01 1.896759130274439542e+00
-3.125183024034861035e-01 9.495250876610313862e-01 -2.710015802821398589e-02 2.660752743619499228e+01 -9.488930815920521011e-01 -3.133769645818591520e-01 -3.737375785493789182e-02 5.238145563126504101e+01 -4.397988596600245492e-02 1.403516910375942478e-02 9.989338234631192082e-01 1.890727031685034421e+00
-3.138856686378488359e-01 9.490498729158938218e-01 -2.793073114145148972e-02 2.706185496172439642e+01 -9.484266905393654579e-01 -3.147807053411579847e-01 -3.741550771363939126e-02 5.222541430620682235e+01 -4.430123809011346503e-02 1.474605924471133339e-02 9.989093822967298753e-01 1.906412948683568587e+00
-3.149116853272431182e-01 9.486769987010666982e-01 -2.902727303574769921e-02 2.752999911058769200e+01 -9.480461806987025009e-01 -3.158629869291411651e-01 -3.793432154137611756e-02 5.208043820679190361e+01 -4.515605947111289709e-02 1.557323420929873636e-02 9.988585508816069103e-01 1.920088524338920521e+00
-3.151117755454819758e-01 9.485811716352351430e-01 -2.997214926725744882e-02 2.798738914348514584e+01 -9.479536042122690409e-01 -3.161099735356163176e-01 -3.818964378311473506e-02 5.192300028548431357e+01 -4.570047235579752926e-02 1.637820046393806406e-02 9.988209155679610429e-01 1.940124181533302128e+00
-3.146442578047161653e-01 9.487179539865749911e-01 -3.054889219016856949e-02 2.845635029462424370e+01 -9.481066917717922982e-01 -3.156668828037985097e-01 -3.805417346994426075e-02 5.174307756639949218e+01 -4.574595116583553278e-02 1.699008194389133725e-02 9.988086128320444734e-01 1.951244707146795321e+00
-3.143901464165992365e-01 9.487950147047744531e-01 -3.077102382950917814e-02 2.895108412237240003e+01 -9.481751198855571383e-01 -3.154278553225229320e-01 -3.833027676189062344e-02 5.159078234436447730e+01 -4.607361355655641144e-02 1.712565788518664173e-02 9.987912364332401927e-01 1.998539718366314055e+00
-3.143177045582521423e-01 9.488056595964692308e-01 -3.118013660875258719e-02 2.944379114061526792e+01 -9.481515558899163976e-01 -3.153897634938309658e-01 -3.921637600335323853e-02 5.140963877727664766e+01 -4.704261541158452631e-02 1.723709375198159005e-02 9.987441488861014127e-01 2.013126015807675806e+00
-3.140975041133931001e-01 9.488866866696701319e-01 -3.093240648240051793e-02 2.992600152191153740e+01 -9.482102573621637998e-01 -3.151646590390286828e-01 -3.960486745328303804e-02 5.124054866836305422e+01 -4.732933279601958532e-02 1.689063509369010882e-02 9.987365221634860735e-01 2.029520870071097161e+00
-3.137303048522508409e-01 9.489916773240301140e-01 -3.143393368699333446e-02 3.041819947181609862e+01 -9.483020446868402065e-01 -3.148295645049612457e-01 -4.006965630468031087e-02 5.107666768331114326e+01 -4.792210199972989082e-02 1.723779810013407326e-02 9.987023232458140942e-01 2.054013324860130218e+00
-3.133424003323879159e-01 9.491095277872143576e-01 -3.174341534033815054e-02 3.090532098448962017e+01 -9.484387677413503859e-01 -3.144520003363746596e-01 -3.979752919117268695e-02 5.091965701971288638e+01 -4.775399458900945332e-02 1.763643240523187633e-02 9.987034155608003339e-01 2.064214776064626111e+00
-3.128903925206691916e-01 9.492425632196221930e-01 -3.222046617451596734e-02 3.138868594694141478e+01 -9.485944171082016929e-01 -3.140179801696372230e-01 -3.951379457015453955e-02 5.077095673749055749e+01 -4.762598134855270532e-02 1.820066763673276397e-02 9.986994050254383026e-01 2.083662017539516409e+00
-3.118664850938868138e-01 9.495296726325018755e-01 -3.365555326537784941e-02 3.188395465238955495e+01 -9.489033801916341160e-01 -3.130660981635711160e-01 -3.964836997316301126e-02 5.060797955033457640e+01 -4.818371650335785683e-02 1.957087047250427939e-02 9.986467395895670673e-01 2.096300252747572479e+00
-3.109311014751883206e-01 9.498088782946135789e-01 -3.442302787603448988e-02 3.236586026738856248e+01 -9.492213244045323295e-01 -3.121589870123773203e-01 -3.918729542992575171e-02 5.043506116890819158e+01 -4.796589862737916932e-02 2.049052317864317324e-02 9.986387790531336961e-01 2.100106242217697705e+00
-3.106556386972338935e-01 9.498819088411198930e-01 -3.489173830528564252e-02 3.287990207249178809e+01 -9.493109023119763457e-01 -3.119033912999253921e-01 -3.905233984318129403e-02 5.026736226707157584e+01 -4.797796262072125811e-02 2.099127799721915016e-02 9.986277992078971266e-01 2.113524769105453505e+00
-3.097043968858497198e-01 9.502270844032170150e-01 -3.393633180138346667e-02 3.338472768714753158e+01 -9.496592740677221034e-01 -3.108978196490737034e-01 -3.859804288586735077e-02 5.007961315988554674e+01 -4.722763731904570245e-02 2.027396863008146602e-02 9.986783849013891601e-01 2.154645926337646067e+00
-3.092321583161106169e-01 9.503847848392985576e-01 -3.382651340472923873e-02 3.390546739954820765e+01 -9.498133226274891872e-01 -3.104215419608391535e-01 -3.864089085391673312e-02 4.991755199965284362e+01 -4.722419319045351171e-02 2.017986701183525911e-02 9.986804536711907376e-01 2.175287151885684001e+00
-3.082857818082935797e-01 9.507080834967449601e-01 -3.337688884235636561e-02 3.443167260168929289e+01 -9.501111806986555219e-01 -3.094618980423713417e-01 -3.901381769859635362e-02 4.974801878497628849e+01 -4.741962722602879182e-02 1.968434997552096985e-02 9.986810828887195957e-01 2.209325553806962716e+00
-3.074559664261575787e-01 9.509769874663123179e-01 -3.337061609342695939e-02 3.495439890802445149e+01 -9.503984387289774460e-01 -3.086249975137247414e-01 -3.864477417679815230e-02 4.958533079380510600e+01 -4.704929723683280024e-02 1.983381504276898050e-02 9.986956410290220854e-01 2.221062858849308430e+00
-3.056946729043661382e-01 9.515169372649375790e-01 -3.415091588590307009e-02 3.543841535121703146e+01 -9.509381439467298192e-01 -3.069094903978979438e-01 -3.902833702390707399e-02 4.939684096440451810e+01 -4.761736390269579594e-02 2.054465384609693163e-02 9.986543465350272708e-01 2.228160061585485963e+00
-3.051096010313585349e-01 9.517101500289584237e-01 -3.399884836789166670e-02 3.598393413849118616e+01 -9.511731851700613305e-01 -3.062982344190496864e-01 -3.809151355897093250e-02 4.923945912960206073e+01 -4.666586731140453387e-02 2.071670638954325322e-02 9.986957068619268796e-01 2.245534088069280010e+00
-3.032326804073546267e-01 9.523650836987331836e-01 -3.241433146737376925e-02 3.649376049825968948e+01 -9.518075834228887366e-01 -3.043451084668220563e-01 -3.789959222735457545e-02 4.907090390010641556e+01 -4.595939155006976973e-02 1.935981156478305820e-02 9.987556918608891943e-01 2.294530250881733124e+00
-3.019734964600371274e-01 9.528404132360387413e-01 -3.011900296948117478e-02 3.705576934039531523e+01 -9.522849912239216286e-01 -3.029654267573720361e-01 -3.694923110674152439e-02 4.889878512583464953e+01 -4.433173722465689331e-02 1.752418596965295283e-02 9.988631537807093341e-01 2.338727373297674994e+00
-3.009527009132111353e-01 9.531640474952685071e-01 -3.009601926303523411e-02 3.757500023856027838e+01 -9.526428143429785944e-01 -3.019307278870362321e-01 -3.618706727954204561e-02 4.873744098072270958e+01 -4.357912451774237361e-02 1.778016085535211524e-02 9.988917487827321251e-01 2.332833248698350292e+00
-2.995884998770037555e-01 9.535870096469973856e-01 -3.030752008898558725e-02 3.807802580887725696e+01 -9.530492880149579182e-01 -3.005853784276513174e-01 -3.668085181246225068e-02 4.858004934681952136e+01 -4.408838118630188652e-02 1.789539907360050697e-02 9.988673432124848262e-01 2.328384628434294168e+00
-2.975927866054115523e-01 9.541904373232905634e-01 -3.097002875706513988e-02 3.859149155662525743e+01 -9.536662545825191906e-01 -2.986203311369677316e-01 -3.669567688702952274e-02 4.840178095916528633e+01 -4.426294421946506963e-02 1.861470258788031074e-02 9.988464770006396654e-01 2.334255507719792622e+00
-2.966834338221435718e-01 9.544164358840315776e-01 -3.268343632368674728e-02 3.912576248330204010e+01 -9.539470427250743567e-01 -2.977784077978296029e-01 -3.623616322784800614e-02 4.825472111508947393e+01 -4.431681138786387059e-02 2.042759809209662020e-02 9.988086570833275557e-01 2.346749744947826066e+00
-2.958213546148782402e-01 9.546590616861525547e-01 -3.340362397007639456e-02 3.965560821681251014e+01 -9.542456299685231347e-01 -2.969294345084809716e-01 -3.532971282717996958e-02 4.812412185144579979e+01 -4.364634967320554088e-02 2.142397869186619952e-02 9.988173052651895256e-01 2.379433593114158363e+00
-2.940343532660643078e-01 9.551894613962086389e-01 -3.401311419186456297e-02 4.015315537963702042e+01 -9.548612052621401336e-01 -2.951336082983768705e-01 -3.370803966584147437e-02 4.797808354050027191e+01 -4.223597737404685692e-02 2.256648156895005655e-02 9.988527800055707617e-01 2.400074266211835727e+00
-2.922033524554985551e-01 9.557564358676481353e-01 -3.386496879280462280e-02 4.067624538970050452e+01 -9.554099432981343343e-01 -2.933059958169874637e-01 -3.410913462491953208e-02 4.780715664372110041e+01 -4.253282333472764576e-02 2.238812442736913544e-02 9.988441974721590233e-01 2.427283570186138384e+00
-2.914224887152165877e-01 9.560068934647392158e-01 -3.352242113762124442e-02 4.121918531051748147e+01 -9.556555146798124678e-01 -2.925099032655387177e-01 -3.406602051381398683e-02 4.763704584027347266e+01 -4.237299060830963804e-02 2.210828214682756393e-02 9.988572237949847610e-01 2.438039423008714568e+00
-2.903343796182713543e-01 9.563427377303266308e-01 -3.338436763122920592e-02 4.173227626762800924e+01 -9.559781483387321810e-01 -2.914222524064513653e-01 -3.433439530848330506e-02 4.746653309912277052e+01 -4.256439721788805863e-02 2.194627059010502423e-02 9.988526584520179830e-01 2.463058266911777761e+00
-2.892404426346022461e-01 9.566743720358014125e-01 -3.337831982656674912e-02 4.223983370323161068e+01 -9.563209392782315854e-01 -2.903232595647897707e-01 -3.409788928477450187e-02 4.730889583623129369e+01 -4.231107943010282979e-02 2.205789757843770044e-02 9.988609621523301119e-01 2.489462082661401343e+00
-2.887539855446039638e-01 9.568057343889732058e-01 -3.382192295662905801e-02 4.274897687334573959e+01 -9.564754286911493208e-01 -2.898490188554814218e-01 -3.379793749027775601e-02 4.716112288008209674e+01 -4.214131158600244176e-02 2.259054910559571069e-02 9.988562343745566174e-01 2.510573511676626790e+00
-2.882815178551874080e-01 9.569472656011712708e-01 -3.384815093251654361e-02 4.326113330692962933e+01 -9.566209820594369084e-01 -2.893762664272561125e-01 -3.372941019733467771e-02 4.702092190174187181e+01 -4.207211840099757405e-02 2.265628581791213902e-02 9.988576623154019618e-01 2.548011140488589010e+00
-2.872523253162937440e-01 9.572444504562293011e-01 -3.419303541855044787e-02 4.376597759336140570e+01 -9.569215399887528450e-01 -2.883650527907823946e-01 -3.386388392555216009e-02 4.684865191322771238e+01 -4.227609142217609445e-02 2.299257270775335177e-02 9.988413656303699595e-01 2.578401812112450564e+00
-2.868741967113082048e-01 9.573145338774712299e-01 -3.538472111239536477e-02 4.428409927419241399e+01 -9.570320811960238983e-01 -2.880308654271759305e-01 -3.358297370512853403e-02 4.669614161295015009e+01 -4.234136066364699302e-02 2.423022468390088197e-02 9.988093438634415566e-01 2.586405928860397552e+00
-2.870124229269441773e-01 9.572486434566148672e-01 -3.604030640930006718e-02 4.478430346790121064e+01 -9.569860911362041422e-01 -2.881945607881863936e-01 -3.348905050839223740e-02 4.653337595039070607e+01 -4.244396844610840575e-02 2.487829842605069133e-02 9.987890567131630926e-01 2.601377556533997382e+00
-2.874254349730542835e-01 9.571473750726526841e-01 -3.543334195473511750e-02 4.529324128383844084e+01 -9.568687301131091338e-01 -2.885821127413883413e-01 -3.350518672448242474e-02 4.639191004401910590e+01 -4.229483020744298494e-02 2.427481405175318380e-02 9.988102325970015238e-01 2.630525432136892050e+00
-2.879084357148617990e-01 9.569835519149348935e-01 -3.593346641358819565e-02 4.579113261716445749e+01 -9.567137499280368163e-01 -2.890878231598592585e-01 -3.357128533922641711e-02 4.623710104376795016e+01 -4.251509547037480435e-02 2.471258515350317070e-02 9.987901455221590563e-01 2.651829836369727911e+00
-2.882206861438902923e-01 9.568833650078140129e-01 -3.609794800355188571e-02 4.630047063031236831e+01 -9.566186982136027916e-01 -2.894061440969357690e-01 -3.353729248247733219e-02 4.609423754718049082e+01 -4.253824522540382291e-02 2.486583057663217453e-02 9.987853564019035790e-01 2.669637491423617615e+00
-2.885821532461587680e-01 9.567563899318581866e-01 -3.657254642992179006e-02 4.679979083297325815e+01 -9.564888564407275640e-01 -2.897961908789721264e-01 -3.387086147040915818e-02 4.593075163779259640e+01 -4.300474779044642648e-02 2.520670697644828220e-02 9.987568340646704179e-01 2.714212215991371746e+00
-2.893664814822742848e-01 9.565024237364215809e-01 -3.701557484248860219e-02 4.730239898721195146e+01 -9.562312806304399393e-01 -2.906075783127779477e-01 -3.419025257367643011e-02 4.578479277120933233e+01 -4.346006601971293126e-02 2.550193744666974863e-02 9.987296300040509056e-01 2.742852605086979700e+00
-2.892941374554700573e-01 9.565197257855084789e-01 -3.713376114954672347e-02 4.781072868143651533e+01 -9.562539378878041063e-01 -2.905390756744190561e-01 -3.413871380591226856e-02 4.561397869385105963e+01 -4.344316180900510693e-02 2.563317556351867380e-02 9.987270057440954529e-01 2.761619806060939375e+00
-2.889489135823115618e-01 9.566373781021247913e-01 -3.678929406084043702e-02 4.831210103281733836e+01 -9.563747793544755682e-01 -2.901722332223788392e-01 -3.387265093576651703e-02 4.546691703429719666e+01 -4.307907559686901394e-02 2.539688730200059114e-02 9.987488129460223574e-01 2.772249442984237255e+00
-2.890184252787137975e-01 9.566192460176362600e-01 -3.671468368462681847e-02 4.881774675813090170e+01 -9.563673290449715703e-01 -2.902310264543355167e-01 -3.357801689573707005e-02 4.533438910662771093e+01 -4.277711753730292082e-02 2.540805840500957175e-02 9.987615074597575582e-01 2.786656888125580434e+00
-2.885406449531775497e-01 9.567539644521626530e-01 -3.696143551154944945e-02 4.933060410597251177e+01 -9.565156844894774357e-01 -2.897598983326021838e-01 -3.342075169571941812e-02 4.518011710276767445e+01 -4.268537847590447160e-02 2.571094753894052204e-02 9.987576811424373480e-01 2.817163070504436373e+00
-2.878296337590526832e-01 9.569702525658546621e-01 -3.690579404611310510e-02 4.983538157957362813e+01 -9.567117296147668037e-01 -2.890584739747346088e-01 -3.388015703799399786e-02 4.499709195834262232e+01 -4.309023494541523724e-02 2.555649286271823029e-02 9.987442602212573961e-01 2.846413147664504262e+00
-2.871296305818484829e-01 9.571918008320871030e-01 -3.661190601099184594e-02 5.034305388537774917e+01 -9.569103397914991982e-01 -2.883555745746686494e-01 -3.425878298817201101e-02 4.483367767085702837e+01 -4.334947337683733859e-02 2.519759971781510011e-02 9.987421609837103809e-01 2.868173451780384298e+00
-2.853694604692509351e-01 9.577044463496466875e-01 -3.696572025005009920e-02 5.086649808572204989e+01 -9.574392532780708898e-01 -2.866083064236220057e-01 -3.414315409145636526e-02 4.469330229066839166e+01 -4.329373296238514524e-02 2.564901813129662200e-02 9.987330877442091026e-01 2.882294656741471783e+00
-2.833606901073906226e-01 9.582921188689469405e-01 -3.718782348468128995e-02 5.139364683202535389e+01 -9.580429217449756285e-01 -2.846051040365202844e-01 -3.396608382949375948e-02 4.455579368381749106e+01 -4.313327481439531430e-02 2.600287811042966551e-02 9.987308801342631437e-01 2.913171191141935790e+00
-2.815033674560545318e-01 9.588321888638803303e-01 -3.737228531147588489e-02 5.193283533135777930e+01 -9.586015423311901040e-01 -2.827493027779295343e-01 -3.370333542631724633e-02 4.439165085229481633e+01 -4.288283049386696494e-02 2.633752792301282883e-02 9.987328959595447309e-01 2.942871788395458932e+00
-2.802131758526222871e-01 9.592464383872623124e-01 -3.642590451779802174e-02 5.248257674670858108e+01 -9.589731480306598055e-01 -2.814307110261875522e-01 -3.416513204220084088e-02 4.422287108382983689e+01 -4.302414943672759617e-02 2.535794417232772532e-02 9.987521700765407129e-01 2.984700216732531608e+00
-2.781339498870409876e-01 9.598789753243881506e-01 -3.569115647377323064e-02 5.300663766525070031e+01 -9.595674617729501588e-01 -2.793334192186254228e-01 -3.468612423216622942e-02 4.407215563965770855e+01 -4.326421415963220551e-02 2.460068368631477750e-02 9.987607391839725679e-01 3.001151335802323850e+00
-2.770197612646179142e-01 9.602019432125307175e-01 -3.566903586830336842e-02 5.355443394226021780e+01 -9.598913047428606626e-01 -2.782186185312769400e-01 -3.468549237933312573e-02 4.390567923972781017e+01 -4.322886706754101166e-02 2.462983056027702802e-02 9.987615513718121063e-01 3.008316282298689082e+00
-2.755969642495921246e-01 9.605959448036056614e-01 -3.607969128578070173e-02 5.407715184109607520e+01 -9.602984529394398283e-01 -2.768133861681951746e-01 -3.465877262997412583e-02 4.375576158672173932e+01 -4.328041795694342886e-02 2.509541920283007294e-02 9.987477285864065912e-01 3.025236318643886424e+00
-2.737279020239040683e-01 9.610984276176343100e-01 -3.691677240094262680e-02 5.462827423948355232e+01 -9.608419882065962758e-01 -2.749708149206659957e-01 -3.425966492918613299e-02 4.361264551292097735e+01 -4.307794508547574397e-02 2.609335878678407245e-02 9.987309083403982379e-01 3.050442784599641577e+00
-2.721589578802001697e-01 9.615091696109768771e-01 -3.781029488873732802e-02 5.516425585622237548e+01 -9.612926012692050159e-01 -2.734320390507636311e-01 -3.393309248546592938e-02 4.346880236118772700e+01 -4.296552560657093678e-02 2.711156163985317669e-02 9.987086295986430384e-01 3.092096777636038851e+00
-2.705607696563692155e-01 9.619577876154901119e-01 -3.786931170308451694e-02 5.570745404657586164e+01 -9.617462048464531232e-01 -2.718359422141420900e-01 -3.390365738374638560e-02 4.333078608991824865e+01 -4.290812727675124422e-02 2.724766717467663746e-02 9.987073932074099769e-01 3.106830609847856195e+00
-2.692187618974200003e-01 9.623176626536008582e-01 -3.828804496616552977e-02 5.626815890321076097e+01 -9.621086694873021150e-01 -2.705190927176579496e-01 -3.415155300405478545e-02 4.316491386884681702e+01 -4.322228984903253579e-02 2.764302118304176603e-02 9.986829812508472015e-01 3.139091916824356066e+00
-2.670056924090997708e-01 9.629651702830396287e-01 -3.749721380174615704e-02 5.682613112527358368e+01 -9.626911341612923723e-01 -2.683010769713063404e-01 -3.521806785276301865e-02 4.298873812141287232e+01 -4.397431555330739983e-02 2.669481069035382556e-02 9.986759467684321878e-01 3.169878002182971333e+00
-2.654146074174066339e-01 9.634275690649638513e-01 -3.691077532426818159e-02 5.739734927382978924e+01 -9.631102155750947968e-01 -2.667024276135478988e-01 -3.589606886464318664e-02 4.281773617515466412e+01 -4.442745574933227443e-02 2.602180375406235729e-02 9.986736538554655818e-01 3.169444400751332935e+00
-2.637320683303279178e-01 9.638560335972188309e-01 -3.777489420825164146e-02 5.795775011104599628e+01 -9.635902347263698431e-01 -2.650428338597117239e-01 -3.530093142670877315e-02 4.267183964564030418e+01 -4.403698075694074954e-02 2.708953151774001061e-02 9.986625564263247323e-01 3.181531914965383123e+00
-2.609175842664215317e-01 9.646148142659726199e-01 -3.795094622269416795e-02 5.850921671070207708e+01 -9.643731317098637179e-01 -2.622271786886913869e-01 -3.494809856170816298e-02 4.253100536157603528e+01 -4.366322315959436651e-02 2.748029940870649543e-02 9.986682913198572376e-01 3.204884391422325507e+00
-2.588841940055586210e-01 9.651329968818368465e-01 -3.869460458483425097e-02 5.907958985283350728e+01 -9.648869933089722073e-01 -2.602446332830212761e-01 -3.557837813275764594e-02 4.237891149046499351e+01 -4.440792989167529486e-02 2.812524092821633293e-02 9.986174976363401123e-01 3.251513069501143161e+00
-2.572040984741452707e-01 9.655305730298271438e-01 -3.995953294017152296e-02 5.965248042475345613e+01 -9.652940948684023414e-01 -2.586404239879069866e-01 -3.622763436312499002e-02 4.221531547219448299e+01 -4.531403910814780361e-02 2.925480514462844642e-02 9.985443376413764005e-01 3.284047602997853144e+00
-2.560712772195159470e-01 9.657898176179595673e-01 -4.095765091694990312e-02 6.024047797544612592e+01 -9.655317159353113965e-01 -2.575879076293223768e-01 -3.737613364382628978e-02 4.204594550047769985e+01 -4.664768489624479542e-02 2.997495669082020017e-02 9.984615643404627372e-01 3.313867355841682905e+00
-2.546700447756884422e-01 9.661758942513432036e-01 -4.058706273637206763e-02 6.081397779304329276e+01 -9.658119734875514339e-01 -2.562298412760029009e-01 -3.941446825412962124e-02 4.186614789260207914e+01 -4.848092575467465026e-02 2.916178676438942879e-02 9.983983123136166427e-01 3.372291154177911920e+00
-2.525028719381468001e-01 9.667405004141121916e-01 -4.068297582601586304e-02 6.137626254321145325e+01 -9.664285855952478022e-01 -2.540400488266589818e-01 -3.846352215434764577e-02 4.170126563507017181e+01 -4.751934982043817812e-02 2.960504097651285929e-02 9.984314963688905031e-01 3.381823519782459986e+00
-2.516508784797641951e-01 9.669600795809728533e-01 -4.074358669927446996e-02 6.197384425684558806e+01 -9.667088272097968948e-01 -2.531546084773861338e-01 -3.723959722285056367e-02 4.156519122098499253e+01 -4.632363063299023420e-02 3.001580755901337577e-02 9.984754241049493828e-01 3.375908559448378199e+00
-2.514014841503293685e-01 9.669963522883179285e-01 -4.141676506076687192e-02 6.254982445440675320e+01 -9.667957782682984336e-01 -2.529166531248832062e-01 -3.659357450021097358e-02 4.143591916512242790e+01 -4.586084266132357812e-02 3.084187467056069901e-02 9.984716129551198804e-01 3.402403106831748403e+00
-2.516829477500832635e-01 9.668654021802316478e-01 -4.274327875453971803e-02 6.313416911622661587e+01 -9.667722952563673200e-01 -2.532122312369211592e-01 -3.514107392718128497e-02 4.128550701693973224e+01 -4.479980955946806509e-02 3.247860863521249974e-02 9.984678848338368606e-01 3.445572231863519796e+00
-2.526990314494936829e-01 9.665253858599717196e-01 -4.440583286823015369e-02 6.372028445746774139e+01 -9.665025447027927319e-01 -2.542906273647602688e-01 -3.477222911266231870e-02 4.111165120454830912e+01 -4.490022925904420953e-02 3.413144184868171366e-02 9.984082401952696362e-01 3.472810842740439607e+00
-2.536948622761303618e-01 9.662427308527462566e-01 -4.487651868096539237e-02 6.430779218633338701e+01 -9.662620504552660305e-01 -2.552862520927452472e-01 -3.415522423326391999e-02 4.096351479274959217e+01 -4.445859539707053970e-02 3.469747205009542090e-02 9.984084929169284583e-01 3.499571968884213735e+00
-2.547200769461406278e-01 9.659501197164351849e-01 -4.536572076311587431e-02 6.490464743054401708e+01 -9.660127500006393531e-01 -2.563111239918907103e-01 -3.352572973428277758e-02 4.082801887472261626e+01 -4.401192152990777984e-02 3.528418821254664106e-02 9.984077207360863015e-01 3.537293883089162261e+00
-2.560108895670363260e-01 9.655649028506826381e-01 -4.629085013311087793e-02 6.551133694825381326e+01 -9.656776221329373966e-01 -2.576271807284526982e-01 -3.309026838187832664e-02 4.068399729466090520e+01 -4.387658298876805085e-02 3.623056903859803168e-02 9.983797831148070179e-01 3.570266238683275084e+00
-2.573623789267620587e-01 9.651880983953490256e-01 -4.665340961953511056e-02 6.610627000595563629e+01 -9.653039878495498494e-01 -2.590012008642597063e-01 -3.326543239802727536e-02 4.053076907896575420e+01 -4.419068855442277732e-02 3.647345153453210309e-02 9.983570856052678133e-01 3.610056541648393402e+00
-2.587360373982097173e-01 9.648049432943121007e-01 -4.697961628548530388e-02 6.673285562072943833e+01 -9.649198992333277713e-01 -2.603981839696996037e-01 -3.350184843896047288e-02 4.034175980089541724e+01 -4.455615574773959253e-02 3.666343110159884372e-02 9.983338829293741945e-01 3.635662183971339001e+00
-2.594580494575455809e-01 9.645951181858566370e-01 -4.730516402782747321e-02 6.729855709097870431e+01 -9.647112466417447907e-01 -2.611427136050865627e-01 -3.371488890539186406e-02 4.019968539519231854e+01 -4.487461615008006555e-02 3.688822444880684309e-02 9.983113380716446272e-01 3.678567263507362739e+00
-2.605350023107240176e-01 9.642639013613468757e-01 -4.813149802724096121e-02 6.790704796904113039e+01 -9.644307733865263854e-01 -2.622387072179357403e-01 -3.322865904205606069e-02 4.005819432376217293e+01 -4.466313822402524086e-02 3.776226910635972767e-02 9.982881423296183776e-01 3.706677141302537226e+00
-2.611870444665644886e-01 9.640079304580304598e-01 -4.969947501580157523e-02 6.850110790134229433e+01 -9.642699126528073705e-01 -2.629297702322337393e-01 -3.242640094386346067e-02 3.989168544657454873e+01 -4.432677921266346688e-02 3.945435260716185361e-02 9.982376924886083858e-01 3.741633043447168738e+00
-2.619098394750634107e-01 9.637511416100288386e-01 -5.086229479204078252e-02 6.908276115329924494e+01 -9.640779299113730882e-01 -2.636866937305997194e-01 -3.198550620556736557e-02 3.973038697850815026e+01 -4.423777846985454953e-02 4.065789707782389850e-02 9.981933451798109536e-01 3.765929318434410256e+00
-2.629124117624357382e-01 9.634433106393101021e-01 -5.151748174770205690e-02 6.968407461207682729e+01 -9.637929157550784165e-01 -2.647207250402654477e-01 -3.203362724513599685e-02 3.957532458363503736e+01 -4.450032900533976155e-02 4.123014574945921967e-02 9.981582017896235559e-01 3.801941824574561313e+00
-2.643961879738911946e-01 9.630369545206910464e-01 -5.152164605665448399e-02 7.031897639630432195e+01 -9.633792404029498657e-01 -2.662095630117904399e-01 -3.213888177437080468e-02 3.941334681262426187e+01 -4.466648570808073176e-02 4.113748641548222590e-02 9.981546033886262714e-01 3.852778489514085081e+00
-2.651667669986457199e-01 9.628179699680758930e-01 -5.165406456455418072e-02 7.093350223239076513e+01 -9.631591246808137718e-01 -2.669910701398732211e-01 -3.225320154114687254e-02 3.924587720895878817e+01 -4.484513600798267774e-02 4.119860643418059298e-02 9.981440720679090051e-01 3.890666426050579663e+00
-2.658751069577722781e-01 9.626132481963833865e-01 -5.182819596514350730e-02 7.150079170849713250e+01 -9.629546550066128141e-01 -2.677126278873303011e-01 -3.237717206235501965e-02 3.908282544056184804e+01 -4.504175730684484985e-02 4.129991848016105471e-02 9.981310318952333338e-01 3.931769079409412004e+00
-2.672456207893936231e-01 9.621893945051898100e-01 -5.264358717477168881e-02 7.212515912016355912e+01 -9.625569920443086680e-01 -2.691253211490285402e-01 -3.248997665503586263e-02 3.891357068819327480e+01 -4.542923327004402823e-02 4.198964894076261112e-02 9.980846928724673717e-01 3.965290032402995379e+00
-2.679384041135361993e-01 9.619521988583729089e-01 -5.345071292913738253e-02 7.273380397995573787e+01 -9.623478626781071243e-01 -2.698596731614197886e-01 -3.259368037045116961e-02 3.872794785868972411e+01 -4.577775442254437138e-02 4.270508064333103371e-02 9.980384127313316478e-01 4.015695687472986997e+00
-2.688623935131257969e-01 9.616313098259032799e-01 -5.457322893975392886e-02 7.333414108847595969e+01 -9.620986393459540764e-01 -2.708118614468195684e-01 -3.204908529697300668e-02 3.855961346657445432e+01 -4.559848158718846078e-02 4.388803552480199932e-02 9.979952999963058735e-01 4.045973144027395385e+00
-2.697268747643331022e-01 9.613121290671455821e-01 -5.591425165606650483e-02 7.394728490168644441e+01 -9.618750837353615690e-01 -2.717009425551335511e-01 -3.122372661524915743e-02 3.839507571038509326e+01 -4.520770198713383592e-02 4.536064729525195877e-02 9.979472307481985771e-01 4.077432256592885551e+00
-2.702739130094462539e-01 9.610874947202594498e-01 -5.712126958408847432e-02 7.455331462637094830e+01 -9.617515771788782697e-01 -2.722547812953508561e-01 -3.018671654488856368e-02 3.822374682632629117e+01 -4.456361453588632282e-02 4.677778911146295016e-02 9.979107789303311993e-01 4.110358648037988338e+00
-2.709057527279770117e-01 9.608478040175071344e-01 -5.815127387790400976e-02 7.515652823968733287e+01 -9.615696592748367300e-01 -2.729221593767405807e-01 -2.995472054972721232e-02 3.805325837800556599e+01 -4.465269869742926473e-02 4.780159449089381452e-02 9.978582785461894700e-01 4.147463303787476185e+00
-2.708480472228023128e-01 9.608236071596695238e-01 -5.881607977650547131e-02 7.577729449268396422e+01 -9.615738422268144125e-01 -2.728982789766833950e-01 -3.003789734195908001e-02 3.786836838672842021e+01 -4.491192782275661016e-02 4.842029797766457533e-02 9.978168135900485902e-01 4.204433493301889868e+00
-2.700660874789240218e-01 9.610922368033387730e-01 -5.801741764488888009e-02 7.639716020718020673e+01 -9.617650657902248046e-01 -2.721227606254423836e-01 -3.093802474485338183e-02 3.769158315857931285e+01 -4.552215525819458541e-02 4.744381420104681890e-02 9.978360676357140857e-01 4.265045312268808786e+00
-2.687414130579011129e-01 9.614650519241343396e-01 -5.799143761077366066e-02 7.703552176316172506e+01 -9.621068007672792799e-01 -2.708297884816190937e-01 -3.165011198008596538e-02 3.751486269049889444e+01 -4.613628534020887406e-02 4.728826069462761794e-02 9.978152452109978476e-01 4.309995992312824598e+00
-2.673084577160160791e-01 9.618410488283870574e-01 -5.837795150734298444e-02 7.766383183466500384e+01 -9.625051440376100054e-01 -2.694128642435469345e-01 -3.163157095732171270e-02 3.735101964717545542e+01 -4.615231450994401741e-02 4.773369217645937607e-02 9.977932944736490617e-01 4.351948388351845942e+00
-2.659070160097214419e-01 9.622122926007143917e-01 -5.865972046373038595e-02 7.827382213084214868e+01 -9.628590951059370351e-01 -2.680584192271093791e-01 -3.235810336282773925e-02 3.718445096570580688e+01 -4.685959676076904834e-02 4.787679865593100215e-02 9.977534717262964703e-01 4.406868370827674575e+00
-2.641886878602568434e-01 9.626374899302749810e-01 -5.944241067971286346e-02 7.888385553898469027e+01 -9.633093783311288405e-01 -2.663928564213702277e-01 -3.270913736186694537e-02 3.697900458371261578e+01 -4.732207546135303727e-02 4.862004759770532231e-02 9.976957011762789262e-01 4.431623361174409581e+00
-2.629478442094861368e-01 9.629327969051055813e-01 -6.015696027971043081e-02 7.951440191589152562e+01 -9.636198923569634367e-01 -2.652085264167132195e-01 -3.318343818578649296e-02 3.680617371556386530e+01 -4.790755973265781176e-02 4.924293005484539631e-02 9.976372083879366803e-01 4.470199841471748314e+00
-2.612093796681655977e-01 9.633554861784853207e-01 -6.095791354029470033e-02 8.013304897064131183e+01 -9.640474037821956665e-01 -2.635476757432171357e-01 -3.398861384575529998e-02 3.663960727959748453e+01 -4.880843404761106563e-02 4.988817355007010845e-02 9.975614802635766054e-01 4.530960483717775489e+00
-2.595990789171898072e-01 9.637490311536490717e-01 -6.161268680839530887e-02 8.075025170550659936e+01 -9.644423987684799249e-01 -2.620045705638678335e-01 -3.470539527715510442e-02 3.648060774066727419e+01 -4.959009662268235030e-02 5.041239881265338618e-02 9.974965726070977867e-01 4.587521865579545555e+00
-2.578206621713241553e-01 9.641635353062487646e-01 -6.258740562842006472e-02 8.137968141741191630e+01 -9.647960515690532368e-01 -2.603890699622199989e-01 -3.696094047741586147e-02 3.630792218602642407e+01 -5.193346738188160672e-02 5.085478767988816512e-02 9.973548543701626912e-01 4.645326895998080019e+00
-2.565300480413061912e-01 9.644511926458703144e-01 -6.345259219199153589e-02 8.199498977170709679e+01 -9.651573497071852525e-01 -2.591169562629709322e-01 -3.646495966288164359e-02 3.614174448426137332e+01 -5.161031639243417873e-02 5.188737785793005874e-02 9.973184422544792982e-01 4.695368019654834413e+00
-2.554004535095515394e-01 9.646909887755488189e-01 -6.435762986910908978e-02 8.262322654758452245e+01 -9.655220494944909415e-01 -2.579561814428974476e-01 -3.501114673010281841e-02 3.595617730671599332e+01 -5.037638620497944530e-02 5.319684793907236697e-02 9.973125463375430710e-01 4.733505742043825570e+00
-2.552307614758209109e-01 9.646588805292276581e-01 -6.550192831183836162e-02 8.325270915583091380e+01 -9.655964155975372831e-01 -2.577961501055408000e-01 -3.412780649190361865e-02 3.580232829865513366e+01 -4.980783654867893678e-02 5.453796115420995322e-02 9.972686650103280703e-01 4.781215071628526658e+00
-2.551211506814330399e-01 9.646358327531920906e-01 -6.626393169392912064e-02 8.387933304024083725e+01 -9.656119272526857422e-01 -2.577285634558883487e-01 -3.419932055346167066e-02 3.564326213566670987e+01 -5.006799798609729013e-02 5.526027277819289818e-02 9.972158732341477316e-01 4.839097622925721431e+00
-2.544397466695798027e-01 9.647752305628820579e-01 -6.685184969062597793e-02 8.449842153479764306e+01 -9.657818284227071004e-01 -2.570805174354349187e-01 -3.427925675422160978e-02 3.548097465766826275e+01 -5.025808594856043254e-02 5.584229622308711782e-02 9.971738879199154582e-01 4.887176324812510408e+00
-2.533066628479387905e-01 9.650741367213486743e-01 -6.684044575243749953e-02 8.515149052722667022e+01 -9.660793511238852105e-01 -2.559499542013237150e-01 -3.435561491799248718e-02 3.530465548096461958e+01 -5.026352443764511152e-02 5.587066829638053650e-02 9.971720245450240716e-01 4.945514212205554649e+00
-2.510907468382270746e-01 9.656428499413123312e-01 -6.698748546886330868e-02 8.577167020587756951e+01 -9.665100763826468544e-01 -2.539036872616113882e-01 -3.729865742580863730e-02 3.513088660199519353e+01 -5.302555141657055993e-02 5.537873194808304311e-02 9.970564111146325015e-01 5.003016079050094156e+00
-2.490239455036664662e-01 9.661450561418603034e-01 -6.745965504231971055e-02 8.639281069715265460e+01 -9.670705163166428697e-01 -2.518326472440897135e-01 -3.680943157800690979e-02 3.498847895645181438e+01 -5.255179384996391811e-02 5.607181354901620562e-02 9.970427577032366928e-01 5.057246591222297916e+00
-2.466100525688328382e-01 9.667234096086377848e-01 -6.803918934443183020e-02 8.702180328314055657e+01 -9.676571839652733376e-01 -2.494806991557387832e-01 -3.740260778556690063e-02 3.481929030027975358e+01 -5.313244105435634829e-02 5.661475128810285889e-02 9.969813005489077673e-01 5.116445192065734560e+00
-2.447583585082266922e-01 9.671410755430609463e-01 -6.878579750043029017e-02 8.764551893585297648e+01 -9.681875678846609823e-01 -2.475963247721317817e-01 -3.617863116424711867e-02 3.466195656830110039e+01 -5.202095091349226430e-02 5.774253161011268232e-02 9.969752357552875699e-01 5.169026563550232822e+00
-2.428193093327293273e-01 9.675840039079119936e-01 -6.942606424614825023e-02 8.826982172410170335e+01 -9.687068825440499076e-01 -2.456507533242289210e-01 -3.553425253227459474e-02 3.450368894835180100e+01 -5.143693932345572845e-02 5.862510360564749529e-02 9.969540302843769020e-01 5.211276254190200241e+00
-2.405723236385788333e-01 9.681157568932405866e-01 -6.983436370558228357e-02 8.891197301996447777e+01 -9.693094688740393483e-01 -2.433755520462101973e-01 -3.474901750166164288e-02 3.434153675091583580e+01 -5.063704819855950612e-02 5.933145810808206772e-02 9.969531921953536102e-01 5.261502642502086324e+00
-2.389583343742578414e-01 9.685025542181502356e-01 -7.001226254020996576e-02 8.953623159889875183e+01 -9.697131809121819490e-01 -2.417666551653487872e-01 -3.471644013053887257e-02 3.418887290092178688e+01 -5.054959147469320624e-02 5.959603110172859153e-02 9.969418497980027105e-01 5.331069626638070602e+00
-2.385302702341947079e-01 9.686165049875433697e-01 -6.989546800557522310e-02 9.016894874074613142e+01 -9.698469483145536474e-01 -2.413018594060045707e-01 -3.420978649673637323e-02 3.403543666488143771e+01 -5.000207022663704509e-02 5.962783672850401756e-02 9.969675591814055604e-01 5.391212277533155905e+00
-2.393689962335809884e-01 9.683506787503203261e-01 -7.070676492332160501e-02 9.078204040872499547e+01 -9.696699111963583695e-01 -2.421309477080486605e-01 -3.335966850028086739e-02 3.388047704590893971e+01 -4.942415363538672779e-02 6.057695210058181012e-02 9.969391585807177991e-01 5.435881585967757168e+00
-2.408604741802922167e-01 9.679665408983925134e-01 -7.090139405431730713e-02 9.139853037088204246e+01 -9.693845648474296306e-01 -2.435198998056875563e-01 -3.149005929158620737e-02 3.373228871960092334e+01 -4.774722414135291332e-02 6.114600640948354010e-02 9.969861425751949113e-01 5.477234756010956218e+00
-2.435707689406132470e-01 9.672550019392027743e-01 -7.135153636237458186e-02 9.202369623136432608e+01 -9.687215944371643239e-01 -2.462192035806030077e-01 -3.089621755573979112e-02 3.356709932453327383e+01 -4.745263942918744038e-02 6.159435860309279975e-02 9.969726084499398455e-01 5.529089859818919095e+00
-2.472387468258625542e-01 9.663337452794794613e-01 -7.121864083307917481e-02 9.265065089930128295e+01 -9.677974536355727908e-01 -2.498665629615410833e-01 -3.057432665305355804e-02 3.339756530059242579e+01 -4.734016058779741409e-02 6.136606104289492325e-02 9.969920339439033441e-01 5.586737596691868646e+00
-2.516301312583992811e-01 9.652445510530839323e-01 -7.060618744282870507e-02 9.326134653361881988e+01 -9.666171102851460750e-01 -2.542881989277607779e-01 -3.144636688188014173e-02 3.325455188210828794e+01 -4.830775452114372676e-02 6.033629544815118095e-02 9.970084715310689738e-01 5.662589796591253055e+00
-2.551655183091128265e-01 9.642787577433538093e-01 -7.111283731490866677e-02 9.388336896264395648e+01 -9.655959665469091568e-01 -2.579465958143700721e-01 -3.298458876686081315e-02 3.306681584796131546e+01 -5.014965258486570043e-02 6.024973919207334688e-02 9.969227559208909684e-01 5.703133204536810830e+00
-2.595191675043595492e-01 9.631007045221039453e-01 -7.132204881291426268e-02 9.448402322087413552e+01 -9.642560181869309632e-01 -2.625030848033869102e-01 -3.608963644858898673e-02 3.290624112567290638e+01 -5.348021211747036596e-02 5.940676239060182356e-02 9.968002324910126832e-01 5.760103182507793740e+00
-2.638918247304644638e-01 9.618995962788923215e-01 -7.148616312916805660e-02 9.512046567284578202e+01 -9.629277430982201569e-01 -2.670224650329096061e-01 -3.832968483456181130e-02 3.274982142281594832e+01 -5.595771986235731354e-02 5.872111925238486518e-02 9.967048528734838708e-01 5.813745475645522909e+00
-2.665394271147680794e-01 9.611095469101043065e-01 -7.228535558179034759e-02 9.571676021852705674e+01 -9.620856844992438095e-01 -2.698117355580778032e-01 -3.990943543524524961e-02 3.255266903043177962e+01 -5.786077665356222088e-02 5.890726774679391764e-02 9.965852017422565101e-01 5.859103066484707689e+00
-2.705965724620482682e-01 9.599375214598658834e-01 -7.278358238835062888e-02 9.632526886954549639e+01 -9.608588519003912198e-01 -2.739726011128800209e-01 -4.110085843513994197e-02 3.240289179973621003e+01 -5.939496356135105098e-02 5.881299799307138088e-02 9.965005115756904175e-01 5.914055813731406097e+00
-2.732550459928566600e-01 9.591415897810439128e-01 -7.334228379137242015e-02 9.691048978177872186e+01 -9.600314342153118963e-01 -2.767211243021061584e-01 -4.201267289128740590e-02 3.222322430437520069e+01 -6.059146109753304338e-02 5.893072303366611586e-02 9.964215196014162279e-01 5.956372962982807273e+00
-2.762026438932356776e-01 9.582236618948307694e-01 -7.429342697202755141e-02 9.750836901225689246e+01 -9.591090406355349263e-01 -2.797782002425137637e-01 -4.282530607297459213e-02 3.204308352912636337e+01 -6.182190289509513492e-02 5.942703470577490044e-02 9.963164556848933540e-01 6.001749618646028850e+00
-2.784475186029775617e-01 9.575031703758111190e-01 -7.519746075576894118e-02 9.810471745354598738e+01 -9.584412350385168589e-01 -2.820746669589440092e-01 -4.271160542339645649e-02 3.185250151783514383e+01 -6.210779630358453929e-02 6.017940661282536463e-02 9.962535122437665702e-01 6.046866611579274853e+00
-2.798468333996564361e-01 9.571053746674335061e-01 -7.506698088305811811e-02 9.869441554468014033e+01 -9.579865813553766207e-01 -2.835090826393453778e-01 -4.340863973952455851e-02 3.168987403469070330e+01 -6.282881328836233126e-02 5.976539001553782954e-02 9.962332248911731636e-01 6.115050159598211188e+00
-2.798486326575277960e-01 9.571059190538786510e-01 -7.505333111690214165e-02 9.928026044138292150e+01 -9.579247763825171624e-01 -2.835679751093440615e-01 -4.437709189313495534e-02 3.150626066538853820e+01 -6.375629845134837825e-02 5.947657693931022310e-02 9.961915835838831557e-01 6.162984333127564440e+00
-2.797887631472111281e-01 9.570861988057212111e-01 -7.552652561960628008e-02 9.988651715855218072e+01 -9.578501371121778130e-01 -2.836156413870529747e-01 -4.566489674566713564e-02 3.132827144496681626e+01 -6.512574645050663025e-02 5.956656794063097671e-02 9.960976162671199008e-01 6.203458554798252145e+00
-2.803638238557963902e-01 9.568899280972300581e-01 -7.588011451647605488e-02 1.004930613034705260e+02 -9.577487080646625017e-01 -2.841437702145630517e-01 -4.449415746728175441e-02 3.116230621868656314e+01 -6.413687296263839710e-02 6.019952951918452339e-02 9.961237263373677875e-01 6.261915343905823939e+00
-2.799213968006373232e-01 9.570378514098898393e-01 -7.564762112533218730e-02 1.010810421316790837e+02 -9.579229097634127665e-01 -2.836496851035683608e-01 -4.389254026646208229e-02 3.099323166563156917e+01 -6.346424634057146186e-02 6.017812816454214120e-02 9.961680994325381455e-01 6.311830323478832661e+00
-2.797046967524257077e-01 9.571257157559113216e-01 -7.533688906085964088e-02 1.016834804920084565e+02 -9.580344775552024350e-01 -2.833734905091753742e-01 -4.323661286660747394e-02 3.081828432332848422e+01 -6.273135125409121104e-02 6.008185346159843065e-02 9.962203312794086774e-01 6.366151607574631832e+00
-2.801761425148625584e-01 9.570339500347190276e-01 -7.474856283858864747e-02 1.022840876681670608e+02 -9.580473164713684264e-01 -2.836706256500669543e-01 -4.094283264881981577e-02 3.067489724612768498e+01 -6.038765244237626756e-02 6.014145512242341507e-02 9.963615492421695752e-01 6.403932897541460889e+00
-2.799412360815325407e-01 9.571570272947400593e-01 -7.404950669275280062e-02 1.028742517923076889e+02 -9.582773114634297595e-01 -2.832430801938690124e-01 -3.844413943256759503e-02 3.050830019801623649e+01 -5.777108857867270519e-02 6.019786227588062866e-02 9.965132807453442876e-01 6.473721280426615543e+00
-2.807778367591935442e-01 9.569064949928057784e-01 -7.411994485569282920e-02 1.034548344529220998e+02 -9.581054664280944655e-01 -2.840030762992999946e-01 -3.709673642165112889e-02 3.034866453225379601e+01 -5.654840037906537498e-02 6.059878293429104418e-02 9.965591131094289068e-01 6.523833435707465433e+00
-2.808653250807691126e-01 9.568435634112517629e-01 -7.459935874880126161e-02 1.040462251778080116e+02 -9.580916045396894454e-01 -2.840961145103833019e-01 -3.674064548517063516e-02 3.016702784052458242e+01 -5.634843811356078647e-02 6.115384598340117134e-02 9.965365325183019873e-01 6.581692044490315752e+00
-2.811179083996184769e-01 9.567335663802927215e-01 -7.505734166802179030e-02 1.046098103507180781e+02 -9.580753253282985327e-01 -2.843016199913974695e-01 -3.555643215147551162e-02 2.997240152944067404e+01 -5.535695596850646882e-02 6.191503720029148394e-02 9.965450996289065833e-01 6.641814512617471244e+00
-2.815940453692293843e-01 9.565332573378172443e-01 -7.582164083754365513e-02 1.051682144749090497e+02 -9.580135099013634692e-01 -2.847149721894872698e-01 -3.387476136608966182e-02 2.980573240022435755e+01 -5.398989219346954360e-02 6.309922517626127825e-02 9.965458239956118680e-01 6.706278953415984567e+00
-2.818813969577749212e-01 9.563207582482866620e-01 -7.741760389314410185e-02 1.057268537471172749e+02 -9.579406313956664309e-01 -2.850436357914258867e-01 -3.316432444777354938e-02 2.965460157209699688e+01 -5.378312719064921865e-02 6.481306225003875821e-02 9.964470092239562371e-01 6.741117289256997047e+00
-2.813554171220959965e-01 9.563021556906993181e-01 -7.953185699688343491e-02 1.062769361238686088e+02 -9.581303818059586641e-01 -2.845477696604914453e-01 -3.191767913880451391e-02 2.947441075216845618e+01 -5.315355789050314750e-02 6.722167658249326994e-02 9.963212059777808438e-01 6.770637483547862878e+00
-2.808630704135901546e-01 9.562949411782050158e-01 -8.133831295782198434e-02 1.068486816868729647e+02 -9.582087019469315292e-01 -2.842015839149911738e-01 -3.264265941045638164e-02 2.928462626140699498e+01 -5.433248743640881062e-02 6.877096172938203245e-02 9.961518637395546660e-01 6.806149322581446448e+00
-2.808745435525141776e-01 9.562573745800343472e-01 -8.173936839410303468e-02 1.074264728092462349e+02 -9.581748516943006111e-01 -2.842652742626823326e-01 -3.307880634133196496e-02 2.909775100004670279e+01 -5.486751648081161087e-02 6.902961255622185044e-02 9.961046472261665397e-01 6.848186574925199999e+00
-2.805378734620449510e-01 9.564395361181371458e-01 -8.075837605794769503e-02 1.079947654767117058e+02 -9.582144700869951182e-01 -2.839678918163821564e-01 -3.445672261343473569e-02 2.890300703842802577e+01 -5.588855758823482039e-02 6.771742883100809185e-02 9.961379517733595090e-01 6.902326074236404096e+00
-2.798876476004543701e-01 9.565686097114768360e-01 -8.148251122379950029e-02 1.085770103018550259e+02 -9.582455404377078212e-01 -2.835350570458659014e-01 -3.705881348941716252e-02 2.871784807745067525e+01 -5.855244616520909051e-02 6.770794887345436830e-02 9.959855645075484931e-01 6.945527128528504512e+00
-2.797953150773604403e-01 9.565799459037532815e-01 -8.166632571343583613e-02 1.091450759499827683e+02 -9.581711062954280100e-01 -2.835656984835186467e-01 -3.871208731326394870e-02 2.854516015337423340e+01 -6.018897508145638203e-02 6.741885298880859190e-02 9.959076189789478617e-01 6.965874404030357070e+00
-2.800354728178224839e-01 9.567895493110740723e-01 -7.831916938279429030e-02 1.097458997708851598e+02 -9.580995793702768992e-01 -2.836693928748377225e-01 -3.970984206113065129e-02 2.837401371674152628e+01 -6.021071311816195148e-02 6.391739884517488868e-02 9.961371572984661915e-01 6.995615747185555122e+00
-2.799903992990762092e-01 9.570233858211103506e-01 -7.557522935355655280e-02 1.103064131078015606e+02 -9.581510085282398670e-01 -2.834703627183208230e-01 -3.988982723278230308e-02 2.821093584481245742e+01 -5.959883519550938924e-02 6.124371356998536270e-02 9.963419023565636135e-01 7.049542607097853519e+00
-2.787135576868704501e-01 9.573190798486954645e-01 -7.654366152186961592e-02 1.108904370279470299e+02 -9.584621909926134276e-01 -2.823006582462579406e-01 -4.070094337196981243e-02 2.802682403970514002e+01 -6.057211569003056323e-02 6.202030080043461485e-02 9.962351635479733680e-01 7.087134290996189634e+00
-2.779345973418774207e-01 9.574742289325625100e-01 -7.743035922946074623e-02 1.114367041051418568e+02 -9.586289230471441991e-01 -2.816228479171893895e-01 -4.146274747871814270e-02 2.785039499049735312e+01 -6.150567045306297442e-02 6.270304985410599108e-02 9.961352217651541219e-01 7.144631309342308612e+00
-2.776700789983266304e-01 9.574454658019995179e-01 -7.872424813395273446e-02 1.119835630160705762e+02 -9.586870691062159278e-01 -2.814341579209376221e-01 -4.139949617890310851e-02 2.768483850948263481e+01 -6.179345238451588312e-02 6.397651733664269647e-02 9.960364323014880839e-01 7.195088743870547532e+00
-2.772204730016201157e-01 9.574136768318733948e-01 -8.067131314185747859e-02 1.125374447354368783e+02 -9.588144850526209018e-01 -2.810725172024146623e-01 -4.090260782366424153e-02 2.751834995229838299e+01 -6.183520519927261649e-02 6.600978328075282620e-02 9.959011577004978077e-01 7.262392544434566055e+00
-2.766242594879069205e-01 9.574294651822014002e-01 -8.250962527906288702e-02 1.131205394117753258e+02 -9.590163290191623391e-01 -2.805236060941400655e-01 -3.992727261596697164e-02 2.735323667743662668e+01 -6.137344488764812783e-02 6.808322572310991638e-02 9.957901257984831389e-01 7.297402736536288792e+00
-2.769269121286292989e-01 9.573141659857207220e-01 -8.283159386349138453e-02 1.136815020486180572e+02 -9.589746205417626346e-01 -2.807873886105844985e-01 -3.906558017015523965e-02 2.719220171793876872e+01 -6.065610023472274570e-02 6.861508580707655069e-02 9.957975735580011367e-01 7.358653022966603174e+00
-2.771044759281273695e-01 9.573233197764315916e-01 -8.212898899189080559e-02 1.142559884688598117e+02 -9.589500275570000953e-01 -2.809056004990533317e-01 -3.881865861534841006e-02 2.701616043086039198e+01 -6.023250010606054361e-02 6.800077220516323462e-02 9.958654230921338835e-01 7.404238154554479756e+00
-2.767741732423503187e-01 9.574648442607753829e-01 -8.159123133463715150e-02 1.148233324829134432e+02 -9.590712375320458172e-01 -2.805254922658657613e-01 -3.857213408334269483e-02 2.685415958002743508e+01 -5.981988268764069222e-02 6.757603268676364017e-02 9.959192042738981288e-01 7.452083198433454569e+00
-2.763444626238156232e-01 9.575964270359497155e-01 -8.150350241025255960e-02 1.153850425128849935e+02 -9.592439653549652556e-01 -2.800381059389698279e-01 -3.781103214932055034e-02 2.669006798367527011e+01 -5.903179573109013784e-02 6.773287348177281508e-02 9.959555737796064179e-01 7.506096996089610229e+00
-2.763198037228971060e-01 9.575959240728246780e-01 -8.159296703548477026e-02 1.159562825384810907e+02 -9.592679593132436011e-01 -2.799975954799023281e-01 -3.750105012501708801e-02 2.652853419442185512e+01 -5.875668732617367329e-02 6.790723617249498634e-02 9.959599685579070272e-01 7.552130332986227934e+00
-2.758085136184191821e-01 9.577116324548218262e-01 -8.196397303888736108e-02 1.165191388303045699e+02 -9.594471802979100961e-01 -2.794649811363572045e-01 -3.688404176396331557e-02 2.636252834678886359e+01 -5.823033602847063617e-02 6.846717008301597684e-02 9.959525463529046441e-01 7.597540690755092641e+00
-2.752717430604720850e-01 9.579139622860329828e-01 -8.140213959056336046e-02 1.170932727012403802e+02 -9.596755148014574077e-01 -2.788205926802849177e-01 -3.580479560019607377e-02 2.620861965333949328e+01 -5.699450642830952707e-02 6.826359172272410125e-02 9.960380054406089423e-01 7.656818853929615365e+00
-2.748406091967239284e-01 9.580193601087000355e-01 -8.161828957587205502e-02 1.176515214038673776e+02 -9.598456478162508132e-01 -2.783424676438293055e-01 -3.495429979481946836e-02 2.602995313775609532e+01 -5.620473204789745020e-02 6.873409898195415035e-02 9.960505266965943294e-01 7.714287654331295485e+00
-2.743414507368515665e-01 9.581166869983417378e-01 -8.215340834634832223e-02 1.182069169290197124e+02 -9.600027054656932179e-01 -2.778467776441277959e-01 -3.458285198367357788e-02 2.586904960832210421e+01 -5.596046735106641190e-02 6.937998449190341255e-02 9.960194997316836885e-01 7.765508987848462219e+00
-2.743113190731596429e-01 9.580797396533241583e-01 -8.268320684493757344e-02 1.187573152101722229e+02 -9.600209376299494446e-01 -2.778237802218082031e-01 -3.425998329505995643e-02 2.570566102960213328e+01 -5.579515696238048633e-02 6.997970855243570987e-02 9.959868176087771641e-01 7.806921779909039572e+00
-2.742230639040064144e-01 9.580388442358670487e-01 -8.344629505438345973e-02 1.193281347830095882e+02 -9.600561758761713138e-01 -2.777502798442152976e-01 -3.386622518796761350e-02 2.553696870820805032e+01 -5.562239104103004761e-02 7.082623088703854375e-02 9.959366418769893814e-01 7.843813734672829163e+00
-2.739324985513287292e-01 9.581206520567105978e-01 -8.346138232650122946e-02 1.198885672607761563e+02 -9.601690592328323559e-01 -2.774228687986015629e-01 -3.334560779910718253e-02 2.537463151788955784e+01 -5.510321160662275813e-02 7.100259129058632268e-02 9.959529447221177056e-01 7.897899874937781561e+00
-2.738714420735428590e-01 9.581469686389124663e-01 -8.335958076083060941e-02 1.204433320570955743e+02 -9.602104787805773034e-01 -2.773274437996826602e-01 -3.294427652125272304e-02 2.521549765833883683e+01 -5.468335813145471652e-02 7.102024643436033458e-02 9.959748264589169953e-01 7.958423294607865905e+00
-2.734552464230184388e-01 9.582577102860669882e-01 -8.345291415541084001e-02 1.210076413276994600e+02 -9.603588338722595097e-01 -2.768769238601618277e-01 -3.240492612625622132e-02 2.504926063738448860e+01 -5.415845647025174098e-02 7.128344626235702530e-02 9.959847046424565864e-01 8.010653649043810276e+00
-2.729509145836772621e-01 9.583717777119874492e-01 -8.379340017626257797e-02 1.215599747746196471e+02 -9.605309864118142249e-01 -2.763476013086934024e-01 -3.181552126995290664e-02 2.488738301707802236e+01 -5.364720282252790490e-02 7.180208169751529923e-02 9.959751195151522740e-01 8.056212587255005886e+00
-2.726164809094195896e-01 9.585930965935353099e-01 -8.233789832016502608e-02 1.221291026958806469e+02 -9.606607280495266243e-01 -2.759197292176083227e-01 -3.161121022415532000e-02 2.473035769573277065e+01 -5.302093850468914127e-02 7.048104845772051874e-02 9.961030076695794877e-01 8.082299210884906771e+00
-2.726845060029312595e-01 9.586781422614427672e-01 -8.111337581488724247e-02 1.226904982514621167e+02 -9.606975879562273946e-01 -2.758727487264267531e-01 -3.089289570780299338e-02 2.457401243856397954e+01 -5.199331381076564146e-02 6.950141049126681847e-02 9.962260031030607532e-01 8.186601159226604807e+00
-2.719266918651970233e-01 9.588899551239576935e-01 -8.115373197595490695e-02 1.232305017960493814e+02 -9.609160787622331723e-01 -2.751136404147169756e-01 -3.086704446454269571e-02 2.439517260128636877e+01 -5.192459751855970501e-02 6.958835261835680241e-02 9.962235177671719955e-01 8.231118926116256063e+00
-2.721558920978566221e-01 9.588653728588983904e-01 -8.067445152330338098e-02 1.237862316118994386e+02 -9.609032250817824972e-01 -2.752566390892396964e-01 -2.997957078955068577e-02 2.424157840146990139e+01 -5.095255070994453295e-02 6.936122381750511878e-02 9.962895453665507883e-01 8.278117048923041565e+00
-2.734869819840808347e-01 9.584431162264378523e-01 -8.118906110673901333e-02 1.243053656421144524e+02 -9.605168853468072365e-01 -2.766110253659246343e-01 -2.989403970158647020e-02 2.410744117931271902e+01 -5.110952600941717772e-02 6.980783340117739655e-02 9.962503112907549196e-01 8.327363051926218063e+00
-2.733767372297222220e-01 9.583062129004508156e-01 -8.315264191850742226e-02 1.248566816872936727e+02 -9.605239804192259312e-01 -2.765957733786867934e-01 -2.980706608596026680e-02 2.394612680707054864e+01 -5.156396591844060462e-02 7.172154812496880916e-02 9.960909481334120352e-01 8.333910905459550378e+00
-2.741402529759635609e-01 9.579709632916897366e-01 -8.449115449718669346e-02 1.253923991707461028e+02 -9.603304061311093154e-01 -2.773637987361052826e-01 -2.889349772417121320e-02 2.378921926472520454e+01 -5.111391941862938187e-02 7.321855393730486439e-02 9.960052261916078065e-01 8.393506090938606334e+00
-2.751030635805222779e-01 9.578158100335105729e-01 -8.310943663905664969e-02 1.259354512958786074e+02 -9.601596444577618072e-01 -2.781311205376557627e-01 -2.713921412297813987e-02 2.363692868407279590e+01 -4.910968909854732112e-02 7.233224618604244816e-02 9.961708109547908752e-01 8.491823730793251812e+00
-2.760969109090907203e-01 9.576089748008115299e-01 -8.219213567852201585e-02 1.264713537652185948e+02 -9.598876450876073774e-01 -2.790762928483561112e-01 -2.705793004252854406e-02 2.346574643065934040e+01 -4.884879317470885995e-02 7.142460466084120385e-02 9.962491260997005105e-01 8.572305448857733268e+00
-2.776666960958238395e-01 9.571314017712090338e-01 -8.246626960588411548e-02 1.270242808882619130e+02 -9.593159918197214919e-01 -2.808182410835344811e-01 -2.922230849358514737e-02 2.329797325965834176e+01 -5.112762187090076627e-02 7.099714936693454770e-02 9.961653331970529157e-01 8.622582624193913858e+00
-2.782828478635122060e-01 9.569387258020155551e-01 -8.262524823193037604e-02 1.275550909896556817e+02 -9.590747324106417837e-01 -2.815233241391221775e-01 -3.033604484956163236e-02 2.314005066181890058e+01 -5.229067064428547656e-02 7.080178688475022297e-02 9.961188647633861803e-01 8.661207380171667580e+00
-2.800697769254285596e-01 9.564692769815370532e-01 -8.202098660316448075e-02 1.280731115130204216e+02 -9.585469596282183424e-01 -2.832953591352194156e-01 -3.051992267267632924e-02 2.297351759855899545e+01 -5.242753322863563659e-02 7.007325939945235893e-02 9.961631854654624529e-01 8.706123277367936453e+00
-2.810089008253806586e-01 9.561980988555236483e-01 -8.197068623595790693e-02 1.286140010859634515e+02 -9.582811151374981407e-01 -2.842177880541443269e-01 -3.029114267311501171e-02 2.281058820076111360e+01 -5.226186016345823332e-02 7.003887990746286707e-02 9.961743086797426594e-01 8.765909384272440263e+00
-2.818624629054102826e-01 9.559337397510335732e-01 -8.212330491705600866e-02 1.291373383954428107e+02 -9.579571689630747011e-01 -2.851702850187842753e-01 -3.155900781959028456e-02 2.265895185666222389e+01 -5.358744663769442196e-02 6.977530901335349256e-02 9.961223779310166559e-01 8.821471660127208736e+00
-2.830150250209684248e-01 9.556265395122649497e-01 -8.173379100588683277e-02 1.296736756691568928e+02 -9.576112977235820001e-01 -2.863140573262215050e-01 -3.169957491125180438e-02 2.249137502277426037e+01 -5.369448839999828305e-02 6.929774568635332921e-02 9.961499507394717678e-01 8.881984934506521157e+00
-2.844571055767330936e-01 9.551895679549925466e-01 -8.183547126315093845e-02 1.301806394124171220e+02 -9.570609822854682092e-01 -2.879098822665673296e-01 -3.379609267394960426e-02 2.233599116574401577e+01 -5.584291605639964823e-02 6.870799781107070348e-02 9.960726779523227936e-01 8.935820442698386046e+00
-2.852142217040580796e-01 9.549777640632021170e-01 -8.167201407211878428e-02 1.306999031183917168e+02 -9.567803331084013818e-01 -2.887259244337934128e-01 -3.476686262561906604e-02 2.217831692945740230e+01 -5.678240849704845050e-02 6.822617316469799242e-02 9.960526830346750904e-01 9.000548010343441874e+00
-2.864933896426404836e-01 9.545610918633476993e-01 -8.206497177068734772e-02 1.312387483154447523e+02 -9.564025694364522989e-01 -2.900098194017703968e-01 -3.447361057250303285e-02 2.202027588396533275e+01 -5.670681499098877143e-02 6.861068831607854135e-02 9.960305771322343071e-01 9.042790724763724697e+00
-2.876766994641257735e-01 9.541889182340274056e-01 -8.225341880313284670e-02 1.317336678585562595e+02 -9.560891945496342581e-01 -2.911449046963747733e-01 -3.358714835722553804e-02 2.186009727069115627e+01 -5.599614853593594399e-02 6.897936494862245971e-02 9.960453195314087349e-01 9.069949172352460565e+00
-2.884987237940686011e-01 9.539329371566768190e-01 -8.234341368215146451e-02 1.322605037472767151e+02 -9.558257299611486735e-01 -2.919867922927970039e-01 -3.377701986263224182e-02 2.169877376480830478e+01 -5.626420099345037784e-02 6.896132636629895285e-02 9.960314629329585223e-01 9.107686737279413691e+00
-2.895256996836086394e-01 9.536338216133095624e-01 -8.220342753141085534e-02 1.328003635571628820e+02 -9.555390715285800862e-01 -2.929761312005758622e-01 -3.331770293766603275e-02 2.152657201343804161e+01 -5.585653054940306617e-02 6.890225556495287174e-02 9.960584958590763538e-01 9.171056943646572535e+00
-2.906557319920022309e-01 9.532956344471966714e-01 -8.213816898440105818e-02 1.332969334406698181e+02 -9.551820898536157456e-01 -2.941172793139072983e-01 -3.349927210946337247e-02 2.138324026389014065e+01 -5.609296464862818798e-02 6.872015245109430737e-02 9.960577894700819446e-01 9.222200119135832708e+00
-2.916746367277622820e-01 9.529990257109068885e-01 -8.196806258409460033e-02 1.338202534866790927e+02 -9.549992941244247469e-01 -2.949668637486624334e-01 -3.115922836221451594e-02 2.123116470649452836e+01 -5.387257661907855766e-02 6.919108529529069407e-02 9.961477496857989999e-01 9.243450641961887371e+00
-2.928088137309274863e-01 9.526098297715113183e-01 -8.244701828555769940e-02 1.343345910255953299e+02 -9.546651091344959816e-01 -2.960962542818161847e-01 -3.068448470316609278e-02 2.106010568105048009e+01 -5.364259504076765439e-02 6.972460414351687452e-02 9.961229600678432883e-01 9.320841184808823954e+00
-2.945352766331890138e-01 9.521025854831000057e-01 -8.215617770446251300e-02 1.348467182500975809e+02 -9.541214258278720717e-01 -2.978239209976640822e-01 -3.087421023711695717e-02 2.090383953410960771e+01 -5.386349036963175574e-02 6.929342535892932253e-02 9.961411273545667244e-01 9.383316066779693543e+00
-2.952760521626660584e-01 9.518574765794691750e-01 -8.233709552198412163e-02 1.353383517048836211e+02 -9.538692745668306827e-01 -2.985979300836516526e-01 -3.118786922999822186e-02 2.073116259359753144e+01 -5.427209279712091189e-02 6.932979467389546735e-02 9.961164186549161803e-01 9.426602910925479861e+00
-2.959488279099362629e-01 9.516623977554886649e-01 -8.217646838973702295e-02 1.358502034531037737e+02 -9.536690747163413251e-01 -2.992526876094663280e-01 -3.103425346595551151e-02 2.057941185715346677e+01 -5.412566108984592783e-02 6.918460563438776079e-02 9.961344804567310307e-01 9.467549868503358113e+00
-2.985645199417725770e-01 9.509086704742563123e-01 -8.143664929761007532e-02 1.363720797529405218e+02 -9.529347865581131449e-01 -3.017315757885670191e-01 -2.955247433959381359e-02 2.042323302107035943e+01 -5.267371260299647667e-02 6.878049570213357056e-02 9.962402940112318195e-01 9.505269917162065596e+00
-2.989870781635379782e-01 9.507645203940375822e-01 -8.156931930037419898e-02 1.368564861660981364e+02 -9.528170628606684733e-01 -3.021375606420566573e-01 -2.919827342218823604e-02 2.028055055438518295e+01 -5.240583758322883701e-02 6.899073277740642995e-02 9.962398842538059407e-01 9.541194864242694251e+00
-2.992555677151269578e-01 9.506570840970538505e-01 -8.183650559245722600e-02 1.373546617560218408e+02 -9.527075923263550461e-01 -3.024465067643786753e-01 -2.956947868570809768e-02 2.009945177902392288e+01 -5.286159962786745464e-02 6.911742907626029775e-02 9.962070228033284014e-01 9.612684782792515037e+00
-3.010350346586700976e-01 9.501530271809898176e-01 -8.116115355793539210e-02 1.378457168469350052e+02 -9.521150355651918362e-01 -3.042402501582432972e-01 -3.024614412356492824e-02 1.993889358421838764e+01 -5.343095506115556892e-02 6.816960556179715858e-02 9.962419575177516862e-01 9.675446860010019634e+00
-3.029004537322874668e-01 9.495510876270704115e-01 -8.126528850021254302e-02 1.383180534827346548e+02 -9.514906305790381547e-01 -3.061445783301608436e-01 -3.067697963218016938e-02 1.977797059009840552e+01 -5.400828685562657216e-02 6.803108954953115961e-02 9.962202948171774430e-01 9.731060807927867984e+00
-3.040144587899178408e-01 9.491787512004373761e-01 -8.145493917652733840e-02 1.387868053786005760e+02 -9.511501550262789761e-01 -3.072424167711083065e-01 -3.025689888495433980e-02 1.961682762994531970e+01 -5.374561786935876107e-02 6.827734328623942528e-02 9.962176534039205444e-01 9.749795698521845466e+00
-3.049050741636598616e-01 9.488691142979688298e-01 -8.173310027547879553e-02 1.392493856364951341e+02 -9.508396996107324473e-01 -3.081712557644322725e-01 -3.056702086800550111e-02 1.946438412454071809e+01 -5.419189416716647945e-02 6.839503674946877110e-02 9.961854032029446859e-01 9.780310835461069274e+00
-3.060858611114498640e-01 9.484853216940153375e-01 -8.177432456867242405e-02 1.396935018685649368e+02 -9.504919066382099269e-01 -3.093094817784161066e-01 -2.987942263880036253e-02 1.931896365803175897e+01 -5.363376774871006503e-02 6.858016486541911039e-02 9.962028809153833375e-01 9.827521572489693824e+00
-3.067635454282022778e-01 9.482667454616716673e-01 -8.176983947549743004e-02 1.401245214355394921e+02 -9.502873421481506933e-01 -3.099670594364150045e-01 -2.957007638383004136e-02 1.917088717351056815e+01 -5.338627678835516921e-02 6.863382195296492683e-02 9.962124793109178311e-01 9.868999778218155328e+00
-3.079000268671403528e-01 9.478917736173755326e-01 -8.184594653200706615e-02 1.405594327608676224e+02 -9.499218037426191419e-01 -3.110997110406816812e-01 -2.942000280036097953e-02 1.902391786457478062e+01 -5.334922895022081030e-02 6.868882950604363047e-02 9.962106727351933699e-01 9.929891179677039048e+00
-3.093538621058515847e-01 9.473768687664496646e-01 -8.232409444671412446e-02 1.409856876791656077e+02 -9.494544062834859854e-01 -3.125572232171205389e-01 -2.905705772573719675e-02 1.889674272630436391e+01 -5.325897472790377951e-02 6.917406118684110705e-02 9.961819265926539213e-01 9.960158621804868773e+00
-3.101991187659978166e-01 9.471304879636071039e-01 -8.197771335319790909e-02 1.414111452810639946e+02 -9.492330791133871681e-01 -3.133180168536753296e-01 -2.807813796887453570e-02 1.876143147713583303e+01 -5.227875508959260037e-02 6.910614361039568720e-02 9.962385621333786911e-01 1.000488048461394897e+01
-3.112334368232345660e-01 9.468284949285452612e-01 -8.154476681273591099e-02 1.418217779822562079e+02 -9.489790665452200180e-01 -3.142231351846238585e-01 -2.650570832308521765e-02 1.862597453263729719e+01 -5.071961220435874246e-02 6.913481399476972822e-02 9.963171675885887923e-01 1.004363258800582059e+01
-3.117892232715455680e-01 9.466731710508211606e-01 -8.122430340919654934e-02 1.422014781929352978e+02 -9.488442196298272346e-01 -3.147029652861792481e-01 -2.562597344785122466e-02 1.849864253316724572e+01 -4.982095068131993376e-02 6.907930842639263547e-02 9.963663593380402972e-01 1.008756637715668880e+01
-3.123706713816045699e-01 9.464861835288405079e-01 -8.116937876820391751e-02 1.425749022246129414e+02 -9.486758264780152938e-01 -3.152493272479433006e-01 -2.514036447576493971e-02 1.837779519775524406e+01 -4.938359967500054182e-02 6.915031495755998014e-02 9.963832064142839062e-01 1.011664526381270335e+01
-3.130849002127482628e-01 9.462104926336690758e-01 -8.163056344729766045e-02 1.429605108740033756e+02 -9.484200426645449378e-01 -3.160020886740111390e-01 -2.533974399723892129e-02 1.825196708325609407e+01 -4.977216019982091955e-02 6.948657124662474538e-02 9.963404781927868159e-01 1.014853861656323808e+01
-3.131676222808754684e-01 9.461627335115554427e-01 -8.186648929131158658e-02 1.433085482541895033e+02 -9.483634111912522258e-01 -3.161316619084848512e-01 -2.583820142098848874e-02 1.812640331345561151e+01 -5.032773259978011449e-02 6.954749494353507089e-02 9.963083183826400013e-01 1.018477658146464471e+01
-3.132973980945370496e-01 9.460685994122860487e-01 -8.245571874205394336e-02 1.436423104879420976e+02 -9.482823147074844750e-01 -3.163298997554886416e-01 -2.638268624871735815e-02 1.800313533270609057e+01 -5.104304027199847715e-02 6.992567287311655944e-02 9.962454558556506079e-01 1.022040248429300924e+01
-3.116568806238306788e-01 9.465519524058280121e-01 -8.312274151240899023e-02 1.439786174498038633e+02 -9.488151366509217643e-01 -3.147236039456355883e-01 -2.643651984591878501e-02 1.788442140396205104e+01 -5.118422825359668360e-02 7.062899203716653529e-02 9.961885967335188941e-01 1.024632486560884992e+01
-3.095777777163939426e-01 9.472570099527203302e-01 -8.285986145059376362e-02 1.443203703612948345e+02 -9.495597810995110022e-01 -3.125540034534541878e-01 -2.542079942620858665e-02 1.777551497805469793e+01 -4.997821187705975277e-02 7.081067730682177874e-02 9.962369328211642117e-01 1.028308474176627207e+01
-3.070753810153212804e-01 9.480826122831511604e-01 -8.272889858236918970e-02 1.446627026929359658e+02 -9.504196697528692894e-01 -3.099876577986322435e-01 -2.470027043101611502e-02 1.767719479500940238e+01 -4.906283441814722479e-02 7.104232751588818173e-02 9.962659413931517216e-01 1.031652687081512632e+01
-3.040724401078915839e-01 9.490376858099052182e-01 -8.286991057924392168e-02 1.450004513898837786e+02 -9.514150135780947704e-01 -3.069534386485757160e-01 -2.427052615846178596e-02 1.757562089224069979e+01 -4.847084799161425345e-02 7.146367898726097012e-02 9.962647838203353423e-01 1.034853410391891515e+01
-3.006254710355278359e-01 9.501107070866189330e-01 -8.315028829794912646e-02 1.453242965408274472e+02 -9.525507216979317571e-01 -3.034632787444480062e-01 -2.360425907371023480e-02 1.745204654126285604e+01 -4.765971839422031286e-02 7.210882562512375971e-02 9.962574308428264747e-01 1.038230591953323945e+01
-2.974670955190268362e-01 9.510511124790440585e-01 -8.375624475731652252e-02 1.456554618642864227e+02 -9.535373943371149297e-01 -3.003367415538391594e-01 -2.375456321653695788e-02 1.736484570135474215e+01 -4.774688140873950548e-02 7.279851046000686277e-02 9.962030978623506172e-01 1.041962852089574731e+01
-2.933913943234740529e-01 9.522755793241978184e-01 -8.421823294092625756e-02 1.459688028657288612e+02 -9.548062753902107902e-01 -2.962751454162959597e-01 -2.379106311257661935e-02 1.726770946745453017e+01 -4.760741761954381812e-02 7.343200413523431891e-02 9.961632770566687389e-01 1.045069328650290785e+01
-2.894520804764257882e-01 9.534560628622350542e-01 -8.449277660909296217e-02 1.462903536979699766e+02 -9.560197391905786990e-01 -2.923371938208065846e-01 -2.377442716352991953e-02 1.716875243688142660e+01 -4.736825293217472588e-02 7.389520485269390759e-02 9.961404254993027063e-01 1.047967784609807929e+01
-2.849498384575588350e-01 9.547782840190578435e-01 -8.486470366786580399e-02 1.466132064668256021e+02 -9.573718338243132342e-01 -2.878584070533580785e-01 -2.401477229904563568e-02 1.706730408331015880e+01 -4.735780149967833141e-02 7.440407149025347888e-02 9.961030432554607295e-01 1.051472947897470256e+01
-2.796949481478647748e-01 9.563317543997603698e-01 -8.485464929654676358e-02 1.469218355787041901e+02 -9.589541642337938709e-01 -2.825669411427920164e-01 -2.372413690468361952e-02 1.696054057098556811e+01 -4.666526416114575443e-02 7.473619805611333988e-02 9.961108642218936549e-01 1.054952933931107673e+01
-2.750293114273436590e-01 9.576607293356981243e-01 -8.511642229334799581e-02 1.472476459886820521e+02 -9.603218810952017792e-01 -2.778924543570293615e-01 -2.361500584796290617e-02 1.688544604189353393e+01 -4.626837522081479748e-02 7.524434397112358952e-02 9.960911234193291497e-01 1.058472321849039055e+01
-2.696450225227866593e-01 9.591810829330168486e-01 -8.522447988771264527e-02 1.475503863761308594e+02 -9.618676710100407812e-01 -2.724961608874090224e-01 -2.358867879605146267e-02 1.679285018343871627e+01 -4.584915805558362201e-02 7.561410215739215734e-02 9.960825077575278241e-01 1.061190423648893599e+01
-2.642312292096444803e-01 9.606555912525102103e-01 -8.557273225537777306e-02 1.478727167423955962e+02 -9.633970186820125514e-01 -2.670625101572234872e-01 -2.331952107426867038e-02 1.669988782277985706e+01 -4.525529698246012755e-02 7.627876941727079751e-02 9.960589879275304481e-01 1.064491123515696813e+01
-2.585319444987606019e-01 9.621040681011288065e-01 -8.670061024554021056e-02 1.481875584210718841e+02 -9.649400167519226468e-01 -2.614140450082138578e-01 -2.352575489211100601e-02 1.661787881474407058e+01 -4.529898171581725475e-02 7.757872914467477121e-02 9.959565969658553675e-01 1.067081528557816483e+01
-2.530439113223421632e-01 9.634654849376170782e-01 -8.776695435420493741e-02 1.485096712743822991e+02 -9.664452659437655635e-01 -2.558808183022707183e-01 -2.255115872509682456e-02 1.653521626827368607e+01 -4.418514317703257921e-02 7.911552413327446742e-02 9.958857399137425181e-01 1.069702907621405430e+01
-2.475893122746339881e-01 9.648392071470451858e-01 -8.823172218219019203e-02 1.488555666396471509e+02 -9.678960137310227418e-01 -2.503859454399322004e-01 -2.200420254741026690e-02 1.644916472771866722e+01 -4.332250051612742542e-02 7.995112680889987500e-02 9.958569065237321549e-01 1.074166829417363545e+01
-2.415275716642035775e-01 9.663170640449199045e-01 -8.885811083744173111e-02 1.492132619551487949e+02 -9.694636583255364926e-01 -2.442909125639740608e-01 -2.149802839165042279e-02 1.637278874390635508e+01 -4.248114066336337868e-02 8.095234261135882126e-02 9.958122669025887275e-01 1.076714125591485249e+01
-2.358526737306014809e-01 9.677051830371644625e-01 -8.899547750945076274e-02 1.495648866547492730e+02 -9.708981121948764281e-01 -2.385663802209043727e-01 -2.104609143571514740e-02 1.629871233570976585e+01 -4.159774069047618428e-02 8.144176417111519128e-02 9.958096540093113180e-01 1.082364270710229626e+01
-2.298373941400608800e-01 9.690723447445669381e-01 -8.985300721830938309e-02 1.499332224857433573e+02 -9.723515127725582685e-01 -2.325691477128952744e-01 -2.107432421253561949e-02 1.621916585223213758e+01 -4.131958208675193256e-02 8.252503973561474415e-02 9.957320472661363997e-01 1.085106924600530043e+01
-2.234070029944728031e-01 9.705175544059821968e-01 -9.047092131099002121e-02 1.503004831400347996e+02 -9.738923026383728976e-01 -2.260888462508796604e-01 -2.043566643577705150e-02 1.612439891374582501e+01 -4.028763923036260408e-02 8.354346288476341420e-02 9.956894073627912123e-01 1.088787482799611084e+01
-2.182440073429223748e-01 9.716060838516709097e-01 -9.138474205972496600e-02 1.506676152995115956e+02 -9.751066265473000705e-01 -2.208710820569763644e-01 -1.957120268468581781e-02 1.604651048232696908e+01 -3.919974645896401322e-02 8.483856984532717194e-02 9.956233208117176714e-01 1.090844780540583336e+01
-2.141978382183107321e-01 9.725855786754632470e-01 -9.053495598450916892e-02 1.510573851494640110e+02 -9.761154685318750301e-01 -2.165731503478063313e-01 -1.716574033430925267e-02 1.597964993640530196e+01 -3.630259213060201690e-02 8.469570650830593461e-02 9.957453284367735469e-01 1.095727738985520183e+01
-2.112191961312657185e-01 9.733429687590787749e-01 -8.938633202523155186e-02 1.514263597423858414e+02 -9.768544000343798439e-01 -2.133700258792949889e-01 -1.512326650366627862e-02 1.590983797667925259e+01 -3.379248909349217428e-02 8.412310754799814938e-02 9.958822071195639891e-01 1.101843898778328068e+01
-2.099360179121776415e-01 9.736691750159343073e-01 -8.885497176280042486e-02 1.518068064422179475e+02 -9.771859555669504260e-01 -2.119437428107731058e-01 -1.369153483240848762e-02 1.584482237443815222e+01 -3.216328070772656034e-02 8.395348418708481475e-02 9.959504685811262359e-01 1.107158197117300169e+01
-2.086884298975384411e-01 9.739270095514823700e-01 -8.896808019176126459e-02 1.521985414457413697e+02 -9.774643532084857922e-01 -2.106730364336770744e-01 -1.342795317730630794e-02 1.573586997602248871e+01 -3.182102188204445625e-02 8.416086849553086613e-02 9.959439596586047161e-01 1.111293941667460494e+01
-2.081065037191063283e-01 9.740461373223445740e-01 -8.902699296971608445e-02 1.525890502656441754e+02 -9.775846524906151025e-01 -2.101040765040589342e-01 -1.358397037614158392e-02 1.564411844251658756e+01 -3.193634801621740571e-02 8.420450940298160325e-02 9.959365794424814844e-01 1.114854019887485137e+01
-2.073700456949338911e-01 9.741327383320349531e-01 -8.979461152102591326e-02 1.529497277172159215e+02 -9.776825162728765006e-01 -2.095326541176580903e-01 -1.526316588215413661e-02 1.554019986120469810e+01 -3.368325285386350454e-02 8.462549833319038539e-02 9.958433428552112554e-01 1.119223750240640136e+01
-2.072312623503052009e-01 9.740540294954269651e-01 -9.096126388975156463e-02 1.533131873475132920e+02 -9.776661188964608229e-01 -2.095269004875652818e-01 -1.635352971091107166e-02 1.544616659644395540e+01 -3.498805319863722979e-02 8.554078323113488425e-02 9.957201466966375536e-01 1.122979393049097396e+01
-2.075754262454192478e-01 9.738900751482201246e-01 -9.192694896941941418e-02 1.536814915089753129e+02 -9.775941707608436504e-01 -2.098831403245307037e-01 -1.608429985829400860e-02 1.537399919302281681e+01 -3.495825672785509569e-02 8.652854404938947752e-02 9.956358427413318779e-01 1.125123031840137244e+01
-2.085277869675243867e-01 9.736146140599978294e-01 -9.268627380161523210e-02 1.540424387097668557e+02 -9.774262022033598507e-01 -2.107559716220057666e-01 -1.483036317764279549e-02 1.531745599223182452e+01 -3.397324401265298249e-02 8.750144978493501480e-02 9.955849109828810439e-01 1.128202670921316475e+01
-2.094120203285569914e-01 9.733932073382968175e-01 -9.301757710011512859e-02 1.544171643457510754e+02 -9.772591047189987945e-01 -2.115841904079831526e-01 -1.402756619017316020e-02 1.525076606489211350e+01 -3.333538638944289617e-02 8.796473314381221542e-02 9.955656471258962359e-01 1.132544925361956878e+01
-2.114787004136269299e-01 9.729109580067413221e-01 -9.338643938906746045e-02 1.547890784013314374e+02 -9.768122742769095312e-01 -2.136519607154943046e-01 -1.380653846538192064e-02 1.516526989175462248e+01 -3.338472844482460317e-02 8.830123143438803335e-02 9.955342045524282479e-01 1.136935826428053353e+01
-2.149241319534875849e-01 9.720958216388330131e-01 -9.400707982041570099e-02 1.551560120154155982e+02 -9.760560808577630754e-01 -2.171018645707614159e-01 -1.346504439215897436e-02 1.507799319708153440e+01 -3.349842570366378530e-02 8.886221892469792216e-02 9.954804676753609138e-01 1.139554910948178978e+01
-2.185310565188691712e-01 9.712415313774160897e-01 -9.452018337052667252e-02 1.555199532672159819e+02 -9.752239167441290046e-01 -2.207817131331557547e-01 -1.391931593968547681e-02 1.497926692108709545e+01 -3.438734573919111082e-02 8.913654061965892161e-02 9.954256313654843424e-01 1.144814118292588034e+01
-2.222496306581762671e-01 9.703938653997777886e-01 -9.455605568540950689e-02 1.558872990203345239e+02 -9.743618781406743201e-01 -2.245395764871847000e-01 -1.417423779726421917e-02 1.486993409550181511e+01 -3.498617010308335828e-02 8.898159689190665578e-02 9.954186271695363297e-01 1.149959490739738932e+01
-2.270459514135578782e-01 9.692716358378513641e-01 -9.467117780469894162e-02 1.562631416600746093e+02 -9.731941308422921155e-01 -2.294689730276644468e-01 -1.540045816674159157e-02 1.476122236454189185e+01 -3.665132522609367699e-02 8.863682292278751707e-02 9.953894684902616641e-01 1.154099492024898233e+01
-2.335357425300141898e-01 9.676849226837164197e-01 -9.511544234015893717e-02 1.566284414722261715e+02 -9.716214106017043717e-01 -2.360234804454688362e-01 -1.564452424207753850e-02 1.467911949790835280e+01 -3.758844797685299832e-02 8.876264467114794443e-02 9.953433083563052453e-01 1.157085219077639060e+01
-2.398393574380173199e-01 9.661264766901204171e-01 -9.527178838487823653e-02 1.570053193922650223e+02 -9.700642567034244435e-01 -2.423501436539365894e-01 -1.554817472724295130e-02 1.459729393850254731e+01 -3.811063486943630507e-02 8.869069234846688188e-02 9.953298652208714126e-01 1.161601293583260741e+01
-2.471545362234912613e-01 9.642820486453640427e-01 -9.526156562040717646e-02 1.573850949022119039e+02 -9.682073337926790924e-01 -2.496774298517450141e-01 -1.535382078503345210e-02 1.447726632046199136e+01 -3.859007662888243317e-02 8.843818000686720637e-02 9.953338607235513447e-01 1.165591120221224486e+01
-2.552804287670327188e-01 9.621413124800117789e-01 -9.547773304682136142e-02 1.577543047270576153e+02 -9.660767060324790823e-01 -2.578170174799498948e-01 -1.503940022667921150e-02 1.435928376026968856e+01 -3.908581264288765733e-02 8.839954930305586600e-02 9.953179486641752227e-01 1.168406662813375441e+01
-2.635144603792711759e-01 9.599286289289737928e-01 -9.537901516351582343e-02 1.581155908504804870e+02 -9.638323725017400312e-01 -2.660830346224336562e-01 -1.506573608504197664e-02 1.426302014622166503e+01 -3.984076917792750416e-02 8.795934315726453012e-02 9.953270151375646080e-01 1.174403353402681027e+01
-2.717729915593090073e-01 9.576154202269465676e-01 -9.545757173986536837e-02 1.584948448148934972e+02 -9.614685047825485276e-01 -2.744536479275432317e-01 -1.592198010531403057e-02 1.414867212234699423e+01 -4.144581245570662376e-02 8.745228460613221899e-02 9.953061551839486043e-01 1.179717276243331270e+01
-2.805316105544117811e-01 9.550718415880844470e-01 -9.560226401760954507e-02 1.588638103427988995e+02 -9.589284832784840118e-01 -2.832212453629874283e-01 -1.555281750244755234e-02 1.405105036260846241e+01 -4.193065032853448421e-02 8.731267708977506758e-02 9.952981045809555782e-01 1.183472189698303545e+01
-2.908425313303111270e-01 9.519601870481391170e-01 -9.582496670831207319e-02 1.592125592835484724e+02 -9.558175444365415441e-01 -2.935618001421744783e-01 -1.530657520760352053e-02 1.394791032241270479e+01 -4.270179992315269180e-02 8.713938129547499356e-02 9.952805054409359364e-01 1.187570295958921207e+01
-3.009826113479427967e-01 9.487072511690199939e-01 -9.676786266884138121e-02 1.595732892924004886e+02 -9.526007304724992686e-01 -3.038183945075343395e-01 -1.569176414956666155e-02 1.382154491263491991e+01 -4.428674710830088346e-02 8.745818851420816831e-02 9.951832742225819040e-01 1.190388290264318627e+01
-3.117864921271389367e-01 9.451349611156776298e-01 -9.751455585665246006e-02 1.599352770524262723e+02 -9.490525690465130282e-01 -3.147173652494268392e-01 -1.588084370153487052e-02 1.368083448836288518e+01 -4.569906468700803137e-02 8.759500720546478658e-02 9.951073862651242941e-01 1.194508988608700761e+01
-3.227938101608662791e-01 9.413800475003037960e-01 -9.801919347840470920e-02 1.602730958148714819e+02 -9.452907345208094725e-01 -3.258249821851380013e-01 -1.623293606109435516e-02 1.353164315732624523e+01 -4.721846408916519078e-02 8.741674411908012532e-02 9.950521240099332587e-01 1.198062091297027543e+01
-3.336909017155467172e-01 9.375423655175626481e-01 -9.830918050720800772e-02 1.606096661530588676e+02 -9.414233456576602821e-01 -3.368165201310109325e-01 -1.663478336420787934e-02 1.341487659605031091e+01 -4.870797022052085479e-02 8.699968176131328557e-02 9.950168787565500939e-01 1.202617903923446185e+01
-3.437232050809253536e-01 9.338449555850724115e-01 -9.893410542987690626e-02 1.609527003312591091e+02 -9.377311651180176844e-01 -3.469484682286954058e-01 -1.694173427269438786e-02 1.327701100550274660e+01 -5.014598942389047326e-02 8.695032675082742246e-02 9.949497577378585422e-01 1.205999973718434859e+01
-3.542322569133122823e-01 9.298400699281589299e-01 -9.958389688146368490e-02 1.612914782356392607e+02 -9.337484595844766089e-01 -3.575308413305233746e-01 -1.689709209022476066e-02 1.315042637723260910e+01 -5.131590772575889137e-02 8.700081524609368233e-02 9.948856897959666989e-01 1.208988718468387091e+01
-3.645801476665353480e-01 9.257824632644668927e-01 -1.000407249045274088e-01 1.616257379079150667e+02 -9.296934729871271230e-01 -3.679463359200660921e-01 -1.689793384210407090e-02 1.302296367806440891e+01 -5.245342898783124375e-02 8.684655776122622572e-02 9.948398429860177972e-01 1.212311601058702593e+01
-3.746844807655607124e-01 9.217114879603321986e-01 -1.002969233595562976e-01 1.619514237169688045e+02 -9.256104170171622902e-01 -3.781025769283707927e-01 -1.684628236260066886e-02 1.288391976821976748e+01 -5.344993716326811029e-02 8.652383649651620989e-02 9.948149224529991841e-01 1.215807147294095358e+01
-3.839248254198857069e-01 9.178413014005625259e-01 -1.008418259931472133e-01 1.622713925365141279e+02 -9.217416858036017180e-01 -3.874294716024904162e-01 -1.704902301451644009e-02 1.274336073586637497e+01 -5.471739283120720387e-02 8.640457150600913683e-02 9.947563807006307712e-01 1.219731409292895563e+01
-3.929764705663087998e-01 9.139197803878443827e-01 -1.015880337297766084e-01 1.626003441117279920e+02 -9.178518408986887644e-01 -3.965583703153938711e-01 -1.701343856155199813e-02 1.259437844951364660e+01 -5.583450313324113401e-02 8.655688273403808197e-02 9.946810616027783603e-01 1.223346596029716160e+01
-4.014038874949519276e-01 9.102187455992761800e-01 -1.018663549147627578e-01 1.629111963907822656e+02 -9.141405828440843928e-01 -4.050394262835543824e-01 -1.703108785037452805e-02 1.243542418802543104e+01 -5.676190537163138677e-02 8.628382418257521391e-02 9.946522949166770600e-01 1.227532062580782402e+01
-4.091711565189897204e-01 9.067356127946655242e-01 -1.020269237152354735e-01 1.632403368491145557e+02 -9.106148464972352308e-01 -4.128868770811666700e-01 -1.746505290510180081e-02 1.228033236456102451e+01 -5.796176335938074686e-02 8.576103558168843288e-02 9.946283118654061228e-01 1.231811630546950376e+01
-4.162091644711893856e-01 9.035013234607693899e-01 -1.022511120469213886e-01 1.635443669003567493e+02 -9.073786596351294254e-01 -4.199566759381727632e-01 -1.733085034602230290e-02 1.212353074874871162e+01 -5.859948335053846713e-02 8.556721825324380137e-02 9.946076370667237265e-01 1.234066306005599856e+01
-4.231179421148691944e-01 9.002631351728069831e-01 -1.024572813874482513e-01 1.638644816540254112e+02 -9.041242636243922437e-01 -4.269145682354407167e-01 -1.741457303518883365e-02 1.196926623512771215e+01 -5.941820416445443148e-02 8.526569578192558230e-02 9.945849577269381125e-01 1.237904802305831353e+01
-4.293643315766948465e-01 8.972776080826131428e-01 -1.026604344586723727e-01 1.641754956816452875e+02 -9.011394618717033511e-01 -4.331859795174297645e-01 -1.725043208452242682e-02 1.181724169206348307e+01 -5.994948729785667951e-02 8.510464842222313642e-02 9.945668694409913746e-01 1.240898482120108071e+01
-4.353611995261863488e-01 8.943841505910558043e-01 -1.026528962993040334e-01 1.644914048421505584e+02 -8.982343144276444535e-01 -4.391876426369913933e-01 -1.700973073454947054e-02 1.166732588136719073e+01 -6.029711711035347366e-02 8.480097715520654167e-02 9.945717932566268127e-01 1.244298339871864023e+01
-4.404090890557608162e-01 8.920415277802556941e-01 -1.014975221005025435e-01 1.647928484346511766e+02 -8.957862712703156260e-01 -4.441679367646653720e-01 -1.678690423646711505e-02 1.150322766779546946e+01 -6.005656067990523816e-02 8.352698166273686553e-02 9.946941504068542717e-01 1.248930662167062877e+01
-4.446197799251467853e-01 8.899073551018007455e-01 -1.018732086224454353e-01 1.651005570550243533e+02 -8.936593076249855772e-01 -4.484280459367899763e-01 -1.689169951616011772e-02 1.135285972714723890e+01 -6.071485151547452441e-02 8.352955736163347744e-02 9.946539699073358998e-01 1.252533699275882562e+01
-4.486684109554026634e-01 8.878109433218649427e-01 -1.024128211148108147e-01 1.653964340305583676e+02 -8.915327473197213193e-01 -4.526054028543999852e-01 -1.782441481664977928e-02 1.117343635858946094e+01 -6.217730669065463234e-02 8.330713189725427736e-02 9.945822762887692736e-01 1.255734799344581631e+01
-4.527088619077448417e-01 8.857048291126018436e-01 -1.028671086247264777e-01 1.656871166050538591e+02 -8.893672603704309010e-01 -4.567956069213587877e-01 -1.906960090148016040e-02 1.099831958446640634e+01 -6.387928092416828019e-02 8.285366125865652187e-02 9.945122966985612267e-01 1.261298182208119023e+01
-4.566416554054941734e-01 8.835840260215033215e-01 -1.037191761833935466e-01 1.659688698498251824e+02 -8.871991272085388847e-01 -4.609270236687499356e-01 -2.059095753662614978e-02 1.084004034236964564e+01 -6.600081233543619863e-02 8.261687364878621265e-02 9.943934558109094324e-01 1.263862258959512452e+01
-4.603294117544707298e-01 8.816106264353129607e-01 -1.042090976360431631e-01 1.662555676767248372e+02 -8.853118489509317346e-01 -4.645830018427885566e-01 -1.963579654168328553e-02 1.069406058921211944e+01 -6.572490228875091378e-02 8.321861423430998439e-02 9.943615536936528665e-01 1.266345203226219063e+01
-4.639299284067743834e-01 8.797016659947708428e-01 -1.043743281392047612e-01 1.665534105471556643e+02 -8.834779742468491515e-01 -4.681095569188109540e-01 -1.844211869495249873e-02 1.055732177497123736e+01 -6.508218303936470772e-02 8.365656918198197123e-02 9.943670790425087613e-01 1.268498311209563489e+01
-4.676811504318054702e-01 8.777412369366182077e-01 -1.041377093648570840e-01 1.668420353089226751e+02 -8.815549350744720236e-01 -4.717646722100867773e-01 -1.729134177424829916e-02 1.043925670772229708e+01 -6.430581604044355304e-02 8.371627700445083420e-02 9.944125637721431543e-01 1.274517388410617436e+01
-4.708129496863211472e-01 8.761070718259388324e-01 -1.037861508306611585e-01 1.671137899781801366e+02 -8.799492214007430535e-01 -4.747926483267805864e-01 -1.616505029587541470e-02 1.029849117569138528e+01 -6.343921629317074429e-02 8.371582760399151613e-02 9.944682629650315464e-01 1.280986994872905527e+01
-4.730630677479179536e-01 8.748696646663862708e-01 -1.039923255796000590e-01 1.673986163121768698e+02 -8.787231471797416482e-01 -4.770602511400747758e-01 -1.609805555645557607e-02 1.014456937174053053e+01 -6.369430542410156604e-02 8.376506806953323836e-02 9.944478110126482306e-01 1.284203553874595016e+01
-4.750342641943248179e-01 8.737567265760377566e-01 -1.043629752569584235e-01 1.676707558277776400e+02 -8.776075710426325394e-01 -4.790963661027425324e-01 -1.648099620163871737e-02 9.977881300754230409e+00 -6.440030349313510816e-02 8.376069931820670500e-02 9.944027082423484432e-01 1.287150215257176988e+01
-4.775505730849309849e-01 8.723383197859225779e-01 -1.047440021162437951e-01 1.679331513409071306e+02 -8.761938548196223087e-01 -4.816687613627075315e-01 -1.671924351297725264e-02 9.799682160517230400e+00 -6.503675055370619629e-02 8.379176666229752601e-02 9.943586681459694043e-01 1.290453381484223172e+01
-4.804902913225812533e-01 8.706503948038353258e-01 -1.053421566737003379e-01 1.682002740977352460e+02 -8.744988833800746431e-01 -4.847162646461309343e-01 -1.737370871472794509e-02 9.654466821159314094e+00 -6.618748304432825469e-02 8.377370002230653812e-02 9.942842572789882816e-01 1.291696339885189815e+01
-4.829589364644177873e-01 8.692838116703653917e-01 -1.053390737428425844e-01 1.684712443673392386e+02 -8.731803608440398268e-01 -4.871190342524085448e-01 -1.646523322866051686e-02 9.495057895912854207e+00 -6.562562857170824160e-02 8.402797889299971901e-02 9.943000430643286203e-01 1.292186302452560120e+01
-4.857695668338863904e-01 8.678399021697056348e-01 -1.043160205342120173e-01 1.687545132472265266e+02 -8.716828866263242048e-01 -4.898164851875086434e-01 -1.577200055015368779e-02 9.363475487635074757e+00 -6.478327794128163619e-02 8.326893202528085070e-02 9.944191328904286031e-01 1.297926261259733671e+01
-4.878688866423586123e-01 8.666217843907183527e-01 -1.046452687214927402e-01 1.690136798191626610e+02 -8.705002358026213694e-01 -4.919238761234312474e-01 -1.549966345700734549e-02 9.215091835016565369e+00 -6.490985221002204542e-02 8.353192754358665373e-02 9.943888214209399834e-01 1.301707469930835259e+01
-4.905895390528658417e-01 8.651233528678746731e-01 -1.043239593503959006e-01 1.692695481669372271e+02 -8.689815051355488373e-01 -4.946109172850488012e-01 -1.520474382547337688e-02 9.092257766304072675e+00 -6.475374818689813572e-02 8.319630295325095015e-02 9.944271352244259399e-01 1.307106081433331823e+01
-4.938386115110322550e-01 8.632684320711100368e-01 -1.043601455074836815e-01 1.695103559289412942e+02 -8.671235171370076378e-01 -4.978652639574014938e-01 -1.506602046237905113e-02 8.953466812715072720e+00 -6.496331125182538968e-02 8.305295379524106625e-02 9.944254497231473922e-01 1.310948868262641653e+01
-4.972923823241450769e-01 8.612679651634657096e-01 -1.044881747642249087e-01 1.697791422065904783e+02 -8.651487941092105283e-01 -5.013030372822229186e-01 -1.458865528404601486e-02 8.823856719002819204e+00 -6.494498082034323716e-02 8.314299125483266828e-02 9.944191231424726052e-01 1.313883925076829939e+01
-4.995052842654028602e-01 8.599369044558118347e-01 -1.048951445296440604e-01 1.700183712089323365e+02 -8.638556921146660628e-01 -5.035343661178355301e-01 -1.436959774665626938e-02 8.670844261419125232e+00 -6.517525751410786772e-02 8.343657766990056346e-02 9.943794664587077836e-01 1.316319226451187774e+01
-5.019081835285639226e-01 8.585248097514117660e-01 -1.049920299278000735e-01 1.702464990816224315e+02 -8.624314286889247505e-01 -5.059660202554701058e-01 -1.450576286934654457e-02 8.501357468299840292e+00 -6.557595684881703524e-02 8.326786527913314362e-02 9.943672643923965326e-01 1.318829563429436291e+01
-5.054513023384030745e-01 8.564367083917995283e-01 -1.050483007165347038e-01 1.704949240618688577e+02 -8.603378527008519461e-01 -5.095206185886005379e-01 -1.440550044866690388e-02 8.348451306119267556e+00 -6.586167454976299407e-02 8.309575050572171051e-02 9.943627789058638866e-01 1.322132377771776213e+01
-5.099875819303765212e-01 8.537794028415488512e-01 -1.047539858923537265e-01 1.707392030593775303e+02 -8.576297140529107743e-01 -5.140638663777985506e-01 -1.447808199421461717e-02 8.212702140578439725e+00 -6.621132720562027119e-02 8.245648893954274361e-02 9.943927732950563758e-01 1.326712045383512617e+01
-5.140541963312492690e-01 8.513098363233875254e-01 -1.049754533844990401e-01 1.709744324279061232e+02 -8.551728448788908921e-01 -5.181464769643875368e-01 -1.427003122415153313e-02 8.058936729324090109e+00 -6.654087928467949942e-02 8.243658768072038845e-02 9.943724253998501572e-01 1.329418375878341152e+01
-5.191163769380759963e-01 8.481923549405275820e-01 -1.052991748074374317e-01 1.712201324341238831e+02 -8.520753447038001971e-01 -5.232317125171983552e-01 -1.400649721449114676e-02 7.911754035610302438e+00 -6.697607141797053132e-02 8.245182858349306421e-02 9.943419441121114088e-01 1.332491003286364162e+01
-5.252354022542478074e-01 8.444053883664516258e-01 -1.053912345336221468e-01 1.714613587729911899e+02 -8.482763091937152167e-01 -5.293725671565792101e-01 -1.385598797422920442e-02 7.780012728111417530e+00 -6.749129928744454499e-02 8.212323203427590590e-02 9.943342995596284872e-01 1.336234501666721819e+01
-5.301180026480545315e-01 8.412892021198169479e-01 -1.058649217873394444e-01 1.716737839053026562e+02 -8.452093495270186496e-01 -5.342685151020476475e-01 -1.335324839757833643e-02 7.630574946503168476e+00 -6.779423825482264188e-02 8.239922431221829990e-02 9.942908573914340797e-01 1.339144067956050499e+01
-5.351790772286917353e-01 8.379849528811175174e-01 -1.066047561860047344e-01 1.719090753319434270e+02 -8.419819823585913410e-01 -5.393547795672706258e-01 -1.275786586534848055e-02 7.490669161761880801e+00 -6.818868439956285443e-02 8.293154106112192447e-02 9.942196250412099756e-01 1.340722650350119949e+01
-5.406328012161289998e-01 8.344126519039873902e-01 -1.071060250021315108e-01 1.721320048096928303e+02 -8.384625505408205282e-01 -5.448226679623930924e-01 -1.219884481919648878e-02 7.342385878188408377e+00 -6.853266075225897258e-02 8.320929525537298921e-02 9.941727654654999302e-01 1.343481360942096003e+01
-5.452840364895579217e-01 8.312753230562870410e-01 -1.079196776650165057e-01 1.723401434950346527e+02 -8.354050772176009332e-01 -5.495104501298548882e-01 -1.168854811939135790e-02 7.196283288042025994e+00 -6.901939226557804452e-02 8.378306795379752980e-02 9.940909017869239417e-01 1.344069702009399236e+01
-5.501782173664400144e-01 8.279776310029284270e-01 -1.084295702023477109e-01 1.725572558080378371e+02 -8.321419573058991270e-01 -5.544445080762201439e-01 -1.144772270918879842e-02 7.015393926785286283e+00 -6.959663804088915551e-02 8.393050710497218514e-02 9.940382175502648909e-01 1.346096948913475622e+01
-5.569471881076297759e-01 8.233870167565205955e-01 -1.088285362200629991e-01 1.727988391866570339e+02 -8.275805638686956067e-01 -5.612389750638833164e-01 -1.101013969092175249e-02 6.848989103615844343e+00 -7.014442220003147543e-02 8.393231502847341152e-02 9.939995606277625129e-01 1.349845096380725984e+01
-5.640190998381222620e-01 8.183839433914371631e-01 -1.101370792098439466e-01 1.730031535226166284e+02 -8.227133525253359503e-01 -5.683661830766615353e-01 -1.013022760798214933e-02 6.680229549196692318e+00 -7.088860694298415588e-02 8.489760381746977447e-02 9.938647806778018179e-01 1.350107124540098091e+01
-5.710622750784017931e-01 8.133203148306717978e-01 -1.113460527635220798e-01 1.732327233252130156e+02 -8.177991400630422181e-01 -5.754339641703762886e-01 -8.962108642232818889e-03 6.524550071542025265e+00 -7.136136555888486499e-02 8.594078404868918386e-02 9.937412828008443944e-01 1.351079226628184138e+01
-5.789778436520240934e-01 8.074141476066767353e-01 -1.134330234307258656e-01 1.734814966331818482e+02 -8.121496390659561637e-01 -5.834031651855025036e-01 -7.328752729759108187e-03 6.368150970163796387e+00 -7.209452354436532429e-02 8.788140358528935547e-02 9.935186151143774458e-01 1.350133302282659287e+01
-5.875627368991171995e-01 8.010378703582223814e-01 -1.144917484344744607e-01 1.737379503153985638e+02 -8.058783208021689237e-01 -5.920452745306727937e-01 -6.521117003810604495e-03 6.188146622004019548e+00 -7.300796031047435131e-02 8.843485261968028754e-02 9.934027957346605042e-01 1.352272839736852994e+01
-5.958934322141520301e-01 7.947725933785061425e-01 -1.150979680899761465e-01 1.739886612602525133e+02 -7.996524176264026007e-01 -6.004323993217854927e-01 -6.078225804698474122e-03 6.005659184653362459e+00 -7.393935642326708579e-02 8.841639361050157575e-02 9.933355490027656609e-01 1.354991910825358836e+01
-6.045368435608231561e-01 7.881456367537825747e-01 -1.155926470130855532e-01 1.742404184654407686e+02 -7.930238603999427704e-01 -6.091608744676964005e-01 -6.015467905624384548e-03 5.784264177821896169e+00 -7.515558271937722301e-02 8.803115518795742722e-02 9.932784876873074209e-01 1.357285970644399242e+01
-6.132573498358440123e-01 7.813579830017651773e-01 -1.157373114934411862e-01 1.744955978835358223e+02 -7.861967411408914419e-01 -6.179469492055120750e-01 -6.020978910611755885e-03 5.547322260185730158e+00 -7.622405848391181071e-02 8.729988755441242532e-02 9.932616083093256387e-01 1.361993774120627343e+01
-6.223702988929638025e-01 7.741512152037498540e-01 -1.155210242961872552e-01 1.747532658534140069e+02 -7.788929426207266138e-01 -6.271250849267777649e-01 -6.317577954183209443e-03 5.315648618834000416e+00 -7.733689282295015677e-02 8.604663766899313393e-02 9.932849445926141829e-01 1.366914301329793879e+01
-6.317638256066981928e-01 7.665059457624023853e-01 -1.155123533033384636e-01 1.750020812381906126e+02 -7.711976463445915364e-01 -6.365655615940442047e-01 -6.202907787665926098e-03 5.062138626130924024e+00 -7.828575175185108204e-02 8.516408223743811290e-02 9.932866757232287069e-01 1.370429456004380420e+01
-6.417544425500025795e-01 7.582088468420985494e-01 -1.151980036186019823e-01 1.753011491398466433e+02 -7.628249445600084888e-01 -6.465769873085775998e-01 -6.025233604117892494e-03 4.824495942511066282e+00 -7.905276354661074090e-02 8.400919029093945056e-02 9.933242756131073214e-01 1.375657781302160920e+01
-6.527101221711777423e-01 7.489907160539007736e-01 -1.139403514140213680e-01 1.755710505083582689e+02 -7.534241951430257211e-01 -6.575062026239031354e-01 -6.129900829381577931e-03 4.576260899695157036e+00 -7.950772659540419895e-02 8.184436923917973172e-02 9.934686812554642810e-01 1.382508456869828528e+01
-6.620560783088940138e-01 7.407603740813120119e-01 -1.138236239326543137e-01 1.758253630608517426e+02 -7.451302408550224410e-01 -6.668915226448750566e-01 -6.051544243953897728e-03 4.351695784514127752e+00 -8.039075405532637719e-02 8.080696266606532396e-02 9.934825420947773766e-01 1.386681909365533905e+01
-6.706976109646365369e-01 7.329228609686356810e-01 -1.139683926177778306e-01 1.760728788164255718e+02 -7.372457940771882656e-01 -6.755973632712297672e-01 -6.069749291277889980e-03 4.089845496100486422e+00 -8.144540356475668541e-02 7.995175176637998871e-02 9.934658341521670488e-01 1.390009930131314064e+01
-6.808884631385450081e-01 7.233808381754039951e-01 -1.145035533312425691e-01 1.763290576661561317e+02 -7.277091294019298884e-01 -6.858623103607579541e-01 -5.684559058465668557e-03 3.828552486600030669e+00 -8.264577272865275548e-02 7.945473042716698353e-02 9.934065744008493404e-01 1.392688427904415072e+01
-6.912217289186470826e-01 7.134521008345765525e-01 -1.148852526891338960e-01 1.765452735997330933e+02 -7.177588125964408095e-01 -6.962705454624251722e-01 -5.441917089118224193e-03 3.575563794419920338e+00 -8.387376473525075260e-02 7.869833121602257120e-02 9.933638629691282640e-01 1.396139973936120882e+01
-7.019869231331947734e-01 7.027618240284931872e-01 -1.154996902079663268e-01 1.767982316279303348e+02 -7.070831290414523185e-01 -7.071132657672811739e-01 -4.927271139287370261e-03 3.318742597898351132e+00 -8.513406119139282913e-02 7.820900244905587551e-02 9.932952952475833097e-01 1.398031251726197155e+01
-7.131088117990935782e-01 6.914602086797601022e-01 -1.155794200843198866e-01 1.770558687036813126e+02 -6.957400780696958442e-01 -7.182793680483674503e-01 -4.526941971323313052e-03 3.060968605064731562e+00 -8.614851305773445211e-02 7.718503254246106282e-02 9.932879262577193336e-01 1.401749688996811294e+01
-7.243631428743106948e-01 6.796825957111576333e-01 -1.154539143233991316e-01 1.773059445828544938e+02 -6.838894206044661139e-01 -7.295731368118929527e-01 -4.277666156151882504e-03 2.784475549871202826e+00 -8.713952966673285672e-02 7.585912687210982774e-02 9.933036269135745444e-01 1.404072920121000756e+01
-7.367795092565039283e-01 6.663208851705971769e-01 -1.147712190630447437e-01 1.775573458269011269e+02 -6.703919705184951949e-01 -7.419955527431025821e-01 -4.147960195941512163e-03 2.488623002609030355e+00 -8.792360663709572477e-02 7.388557162890313501e-02 9.933832904277157816e-01 1.411574990824322207e+01
-7.497678528582172319e-01 6.516373482407032958e-01 -1.149649215987361695e-01 1.777672555651960238e+02 -6.556076377925169618e-01 -7.550896493615946170e-01 -4.271615045872742544e-03 2.173318555084148063e+00 -8.959236624007049787e-02 7.216916103716848607e-02 9.933603676947738714e-01 1.413077915927911477e+01
-7.631198311273701407e-01 6.359412140672012770e-01 -1.150082414041212753e-01 1.779664470709543025e+02 -6.398191179236573101e-01 -7.685146011767449714e-01 -4.099282564362198567e-03 1.865990698762842070e+00 -9.099241550551204205e-02 7.045622775087645451e-02 9.933560793046917192e-01 1.416765444119447537e+01
-7.779369524376116285e-01 6.177162204193638040e-01 -1.150685407176808006e-01 1.782086154288637658e+02 -6.215081226555807525e-01 -7.833990461893176604e-01 -3.686177261400920557e-03 1.565634065728236823e+00 -9.242159653033621414e-02 6.864841921328398988e-02 9.933507150217897319e-01 1.419261100519980978e+01
-7.929961604198567660e-01 5.981312006727197428e-01 -1.157417657597110544e-01 1.784165727605198128e+02 -6.018855206062736496e-01 -7.985763074637655112e-01 -3.114681693692562814e-03 1.279465074474238406e+00 -9.429162022088778683e-02 6.719336231614483901e-02 9.932744547287880588e-01 1.420939318336743540e+01
-8.080714500087453622e-01 5.775620360030933043e-01 -1.159423401899636885e-01 1.786284208049251561e+02 -5.812240561757104906e-01 -8.137390562405260042e-01 -2.710142327023799119e-03 9.577199182426295865e-01 -9.591208580475307777e-02 6.519848860778659771e-02 9.932522483638493993e-01 1.422567252201586641e+01
-8.230984113413901682e-01 5.560028204480367275e-01 -1.156281492591985649e-01 1.788337833140187456e+02 -5.595214848773584215e-01 -8.288122909188888610e-01 -2.427834924023090923e-03 6.536431517515086664e-01 -9.718391434756670777e-02 6.269808669816506752e-02 9.932896036486409397e-01 1.425834477099499864e+01
-8.375295508133540068e-01 5.338534737825488818e-01 -1.163817857084499391e-01 1.790222305280500166e+02 -5.373645546003475992e-01 -8.433488604411141232e-01 -1.426552433312505003e-03 3.494565858345435871e-01 -9.891201632537997834e-02 6.134466662213036714e-02 9.932035264252072615e-01 1.428893289317343473e+01
-8.517598663533958447e-01 5.103899226761848817e-01 -1.183522576896758050e-01 1.791834324154605156e+02 -5.140967249932241190e-01 -8.577317202848606659e-01 9.237794190012672824e-04 5.549970104203799659e-02 -1.010429978815288454e-01 6.163134630828499827e-02 9.929712431542726536e-01 1.432293184170060130e+01
-8.657429634939719509e-01 4.857730478761523862e-01 -1.204726820394953074e-01 1.793551399024092348e+02 -4.896102010209314459e-01 -8.719375600843048968e-01 2.596607493053057492e-03 -2.849661997157121318e-01 -1.037832944982913091e-01 6.123264873695444255e-02 9.927132468702821733e-01 1.427536107954377975e+01
-8.802618819182357335e-01 4.589430598975759446e-01 -1.204586527137690433e-01 1.795181163063816427e+02 -4.626323403645164478e-01 -8.865450871282365419e-01 3.020949790762377657e-03 -6.314974357683454942e-01 -1.054055828247089099e-01 5.838729537012446458e-02 9.927137486953352408e-01 1.429880476531760181e+01
-8.919677508057812787e-01 4.360219142176833262e-01 -1.194923505686620729e-01 1.796954197908227968e+02 -4.394379388641969086e-01 -8.982694607083312466e-01 2.504764570025269643e-03 -1.011065622238261241e+00 -1.062441970615958103e-01 5.474364146375434309e-02 9.928319617689715937e-01 1.433048540330328713e+01
-9.031104435057255575e-01 4.127937708460565625e-01 -1.182912912330651017e-01 1.798377922316220463e+02 -4.159676898963491909e-01 -9.093763151899350028e-01 2.366079853226711605e-03 -1.361136140165051245e+00 -1.065945955158478092e-01 5.134218657469187541e-02 9.929761185872207907e-01 1.438831863622316654e+01
-9.135575354514986479e-01 3.891318018427489811e-01 -1.182753998699618836e-01 1.799913794433529688e+02 -3.921768176559515817e-01 -9.198858944532259940e-01 2.699051544287730392e-03 -1.689588540755349699e+00 -1.077495852104977392e-01 4.885060880484286272e-02 9.929771623287022564e-01 1.443006985735303083e+01
-9.230169155896252864e-01 3.661680301281376448e-01 -1.181556060772982336e-01 1.801222691076431488e+02 -3.691035686025374019e-01 -9.293827462805546169e-01 3.204147450783755013e-03 -2.067207554594855612e+00 -1.086385253042692206e-01 4.656913815064321616e-02 9.929899225025498044e-01 1.446567855585831985e+01
-9.304554615224589487e-01 3.464836520008745535e-01 -1.191709403301242642e-01 1.802434961353066853e+02 -3.492807071425657051e-01 -9.370140421291364152e-01 2.769922527319480798e-03 -2.448772884373906056e+00 -1.107051116300346583e-01 4.420139985288878970e-02 9.928698880064933396e-01 1.446909794609074673e+01
-9.371737886217403890e-01 3.279530300878314431e-01 -1.189625990661886540e-01 1.803482668717902300e+02 -3.306087078952216207e-01 -9.437639003101214730e-01 2.753676683765655248e-03 -2.853996477880631932e+00 -1.113695298734122957e-01 4.191074477549394661e-02 9.928949175457282283e-01 1.449754666527479685e+01
-9.435258189703012999e-01 3.089664168272845957e-01 -1.195775154840200000e-01 1.804537427935259188e+02 -3.116378381102477557e-01 -9.501931500853408874e-01 3.851673515237061252e-03 -3.249618405877409799e+00 -1.124316983523482444e-01 4.089903181990493797e-02 9.928173963029661708e-01 1.449559047138995815e+01
-9.491447013917224673e-01 2.909916186655409076e-01 -1.202007224871216584e-01 1.805998729725912426e+02 -2.936429828664950392e-01 -9.559042290273496167e-01 4.572039030369151602e-03 -3.630642740412273639e+00 -1.135699539195333119e-01 3.963562531405721845e-02 9.927390809133479488e-01 1.449283637155432736e+01
-9.539666328045504073e-01 2.746628032831279764e-01 -1.204491925593607210e-01 1.807144376851578613e+02 -2.774204739506836992e-01 -9.607271213026440382e-01 6.424875602888045073e-03 -4.009348955150768390e+00 -1.139541316869478876e-01 3.954418903187022216e-02 9.926987020165209952e-01 1.452074228801722988e+01
-9.580945739309232323e-01 2.597616990196461861e-01 -1.207420685865102372e-01 1.808261173418809165e+02 -2.625218879736582744e-01 -9.648986954374880742e-01 7.264012512368564489e-03 -4.422122613748246778e+00 -1.146169522316345946e-01 3.865704677624225843e-02 9.926573361415663710e-01 1.452431980847381432e+01
-9.623506878552614552e-01 2.435391133369016747e-01 -1.207056496589182237e-01 1.809173409200368212e+02 -2.462780114325799075e-01 -9.691654897197101715e-01 8.086694081553580035e-03 -4.861387387466487020e+00 -1.150143237571729093e-01 3.750938297853419895e-02 9.926554042160098401e-01 1.455324741860394866e+01
-9.660979306148611556e-01 2.280557915128652025e-01 -1.210179508136003806e-01 1.810275547516649794e+02 -2.306877922357020161e-01 -9.729948153113878728e-01 8.014480056467276209e-03 -5.315083896697835542e+00 -1.159220901084000305e-01 3.566013649158536469e-02 9.926179646219895902e-01 1.455480264658510414e+01
-9.696793306801301249e-01 2.120773465682131431e-01 -1.214297933965185206e-01 1.811120018118579651e+02 -2.147309014440280661e-01 -9.766313368248222826e-01 9.048309057260376168e-03 -5.765072951394441425e+00 -1.166732000794109547e-01 3.484868726862771354e-02 9.925587808179842098e-01 1.457007610705046297e+01
-9.729573422485751077e-01 1.959661690467739137e-01 -1.222753889943568456e-01 1.811780592547513606e+02 -1.986919179013994230e-01 -9.800069129793580469e-01 1.039097075991632542e-02 -6.182722070793277958e+00 -1.177944477692119268e-01 3.440510284537926650e-02 9.924418154093191946e-01 1.457082545423837594e+01
-9.760947044942682727e-01 1.793241702064522491e-01 -1.228086716727097710e-01 1.812511074059281668e+02 -1.820753236931587637e-01 -9.832177380465989547e-01 1.146543032607060496e-02 -6.670988112146568838e+00 -1.186916355952665619e-01 3.355177447316098210e-02 9.923641338084637775e-01 1.459300752851759775e+01
-9.789906970920045914e-01 1.624886080148890688e-01 -1.231854994416790861e-01 1.813182334900275237e+02 -1.652172376506440554e-01 -9.861817423468732802e-01 1.219981330911036263e-02 -7.132270029727030725e+00 -1.195009597886259323e-01 3.229587167224742816e-02 9.923086703654900864e-01 1.461115628580777326e+01
-9.815927536501349859e-01 1.460129201079113648e-01 -1.231092731808059865e-01 1.814033702437652380e+02 -1.488305949731655586e-01 -9.887641542613623269e-01 1.396070369810778651e-02 -7.606909896559636231e+00 -1.196875932646286195e-01 3.202615196013257337e-02 9.922949186653872156e-01 1.463316998300122584e+01
-9.839144689514887077e-01 1.306685863674936776e-01 -1.218114868336762635e-01 1.814737439473996403e+02 -1.336613635852226256e-01 -9.908864329821649441e-01 1.669481405768558774e-02 -8.092365143758584622e+00 -1.185198619322894720e-01 3.270775853834412272e-02 9.924128399305142123e-01 1.467991687115302213e+01
-9.857460302544318598e-01 1.171438804444513426e-01 -1.207562632414762860e-01 1.815187229614130047e+02 -1.202421023849938875e-01 -9.925689816455194325e-01 1.867226524053838127e-02 -8.579544390981521218e+00 -1.176715796259456825e-01 3.292609830502939150e-02 9.925065598769321484e-01 1.470805803683707502e+01
-9.869086861510010245e-01 1.059343583409415451e-01 -1.216106776668827716e-01 1.815497065649202568e+02 -1.091123109625294491e-01 -9.938330406108308868e-01 1.975831436755880882e-02 -9.091365152823355444e+00 -1.187676252019957968e-01 3.276887415099875162e-02 9.923812030116019312e-01 1.473995175173527450e+01
-9.876540347398679032e-01 9.602184039516965808e-02 -1.237712156730520346e-01 1.815727564400810934e+02 -9.937276866513512774e-02 -9.948249213360806920e-01 2.117613601409054636e-02 -9.620151603719552469e+00 -1.210973183430836125e-01 3.321418455699749056e-02 9.920848035497407125e-01 1.472795915892507068e+01
-9.885490683452511362e-01 8.620563991022391070e-02 -1.238520372113623702e-01 1.816053032061298325e+02 -8.959807851144928337e-02 -9.957332946354802150e-01 2.207691738961491124e-02 -1.014421970328023903e+01 -1.214204422689690588e-01 3.292102067130547871e-02 9.920550804250575228e-01 1.473951402064398941e+01
-9.892940941215269124e-01 7.761289054668421561e-02 -1.235857376773538546e-01 1.816871463990445079e+02 -8.096089411063495112e-02 -9.964678886839033467e-01 2.229530099932462012e-02 -1.069184936625840976e+01 -1.214188163386295677e-01 3.206222142697457561e-02 9.920834062699032119e-01 1.475310303585631999e+01
-9.900767681611242210e-01 6.895476964122775054e-02 -1.224468574172021818e-01 1.817460370982243489e+02 -7.226037199130251609e-02 -9.971261136925415602e-01 2.275855953454681765e-02 -1.123740038876563219e+01 -1.205256478402087217e-01 3.138077653809966117e-02 9.922140973986228740e-01 1.479433392611285214e+01
-9.904976603213853092e-01 6.247052270104033744e-02 -1.225227272440557319e-01 1.817838656452708221e+02 -6.578036827083308391e-02 -9.975654591396840853e-01 2.315378762936844831e-02 -1.178978942487442438e+01 -1.207780114425471424e-01 3.099336259412849293e-02 9.921955872846305313e-01 1.482035966442053443e+01
-9.908061732138693234e-01 5.683238651495673560e-02 -1.227729895551229605e-01 1.817995841979645775e+02 -6.021980331973236095e-02 -9.978952352626098143e-01 2.405565896651508384e-02 -1.235145103040651193e+01 -1.211474407877464049e-01 3.122786068873577292e-02 9.921431944570221484e-01 1.483397709746545878e+01
-9.909027805846102321e-01 5.339162448620650425e-02 -1.235354761370672932e-01 1.818097630268628109e+02 -5.678379834742015853e-02 -9.980955670621578513e-01 2.410060696557273646e-02 -1.292645234414615452e+01 -1.220134405503243286e-01 3.089617202168261356e-02 9.920474519293314142e-01 1.483054975859931979e+01
-9.910641825422794593e-01 5.079901698493220763e-02 -1.233338799972186067e-01 1.818365515860081700e+02 -5.416380349658718452e-02 -9.982416266697484719e-01 2.408188477918567216e-02 -1.350007843169453636e+01 -1.218936769179880114e-01 3.054692549340201624e-02 9.920729896889208810e-01 1.486511792814480692e+01
-9.911781152732412892e-01 4.917820478787238853e-02 -1.230749689304408839e-01 1.818738557847654249e+02 -5.255584368764330133e-02 -9.983211333278663169e-01 2.434744432678490403e-02 -1.409305456423478908e+01 -1.216709788637656414e-01 3.060096280851261688e-02 9.920986614130296033e-01 1.488923240599649134e+01
-9.911448806707054970e-01 4.914813176814385176e-02 -1.233543135198588575e-01 1.819026212665445996e+02 -5.256058054538885471e-02 -9.983156335193188458e-01 2.456178421153611471e-02 -1.469062992869089967e+01 -1.219393738420292000e-01 3.082786101278424742e-02 9.920586837946585579e-01 1.490956541253015644e+01
-9.911097576154812572e-01 4.988747989730496490e-02 -1.233397247802907742e-01 1.819525475204806071e+02 -5.334296769849128372e-02 -9.982664464740722554e-01 2.487226650600576558e-02 -1.532069697328593527e+01 -1.218850940701921709e-01 3.123045298301088332e-02 9.920527620293068116e-01 1.494904989748643054e+01
-9.911198402491665504e-01 5.100757198872166859e-02 -1.227993886966953496e-01 1.819691982215435360e+02 -5.451170622251692160e-02 -9.981914247802801121e-01 2.534469135390277073e-02 -1.590650935127765031e+01 -1.212845255965356306e-01 3.181363064678346952e-02 9.921078352456921268e-01 1.498522262893636103e+01
-9.909564378463360246e-01 5.326510016134289316e-02 -1.231591141398144101e-01 1.820048863375740780e+02 -5.683217303735038639e-02 -9.980546787469062320e-01 2.563127658278568227e-02 -1.654138894296427154e+01 -1.215542775831208039e-01 3.239887862585221628e-02 9.920558806161238197e-01 1.501487978188591121e+01
-9.907675965229609805e-01 5.625729914441580937e-02 -1.233478251656342922e-01 1.820248607463575468e+02 -5.983673494950600413e-02 -9.978822563829576886e-01 2.550622564474185755e-02 -1.718621719837952000e+01 -1.216516947300724655e-01 3.265147299944725495e-02 9.920356578673307224e-01 1.505187223082864634e+01
-9.905536299556974011e-01 5.861734634245159559e-02 -1.239657730559579618e-01 1.820782778247420595e+02 -6.228054654357771669e-02 -9.977230646264501068e-01 2.588087777951891127e-02 -1.784318450485108443e+01 -1.221664426257286218e-01 3.335705352956437608e-02 9.919489237233942713e-01 1.506936220696495177e+01
-9.903023881387871263e-01 6.094500538795670497e-02 -1.248474523764006167e-01 1.820998954360989615e+02 -6.458952984798320418e-02 -9.975898473241140429e-01 2.535131455897035244e-02 -1.848260132660744404e+01 -1.230015149525898327e-01 3.316930560191612420e-02 9.918520174326684868e-01 1.510162632460473198e+01
-9.900236983318195794e-01 6.398887208258133286e-02 -1.255328681699986737e-01 1.821276257498682867e+02 -6.762592295376806950e-02 -9.973993780168828316e-01 2.492419058239456892e-02 -1.917517728159610613e+01 -1.236115337904932221e-01 3.316481540933922251e-02 9.917763274714850308e-01 1.515442359148975626e+01
-9.898274214244913161e-01 6.629123564468576701e-02 -1.258854553665526843e-01 1.821763298256215364e+02 -7.005758715755407151e-02 -9.972111583989529127e-01 2.572625208383458317e-02 -1.981832613975979029e+01 -1.238289557325155665e-01 3.428378102426906521e-02 9.917111535527241006e-01 1.518343729286106303e+01
-9.896211691790570697e-01 6.903452652729917538e-02 -1.260324389188281491e-01 1.822219187839694996e+02 -7.297914709531723443e-02 -9.969693146079943169e-01 2.694865153039572442e-02 -2.049281305613902049e+01 -1.237900868483279293e-01 3.586669593394794381e-02 9.916600196240973331e-01 1.520351614444678745e+01
-9.893613098512927806e-01 7.237714862084439205e-02 -1.261972540384759256e-01 1.822482092244619309e+02 -7.642380223193127875e-02 -9.966956060651803728e-01 2.751856287632646267e-02 -2.116928701596608775e+01 -1.237885334825083034e-01 3.687027539739676230e-02 9.916234072319843884e-01 1.523888183114164896e+01
-9.890350352540262513e-01 7.540489343555005497e-02 -1.269795301851455727e-01 1.822799563623106280e+02 -7.958795938769545886e-02 -9.964291439694135111e-01 2.819073906239864119e-02 -2.185928689108886758e+01 -1.244003848891533370e-01 3.798767029386051347e-02 9.915046551303102751e-01 1.526727687066776973e+01
-9.885582146722624586e-01 7.848124998373684491e-02 -1.288151761438823262e-01 1.823409655804767908e+02 -8.279170693260690106e-02 -9.961607643637711007e-01 2.844757995634331071e-02 -2.254849355180414250e+01 -1.260880226951575089e-01 3.878691716516562138e-02 9.912605033943640009e-01 1.532712288273437018e+01
-9.882886191511111029e-01 8.153545517678056909e-02 -1.289867233691340820e-01 1.823746627101386366e+02 -8.591281162639821667e-02 -9.958881854375620790e-01 2.873518582378289943e-02 -2.323232706102009004e+01 -1.261134174258922158e-01 3.948026918595573531e-02 9.912298998164690289e-01 1.537106361171731983e+01
-9.878788023794413675e-01 8.465163464791240766e-02 -1.301136909045201573e-01 1.824472294762692002e+02 -8.897037404177095266e-02 -9.956480496317321460e-01 2.773506458249516693e-02 -2.393765016229503573e+01 -1.271996240254979205e-01 3.897514613140232176e-02 9.911110904594943039e-01 1.540405905403617659e+01
-9.872139666468946473e-01 8.863611639560566025e-02 -1.324848026288633906e-01 1.825156099037957347e+02 -9.288815202585180841e-02 -9.953303550089451779e-01 2.625405894314099264e-02 -2.464915877102455966e+01 -1.295390878095352416e-01 3.822464215754442507e-02 9.908372729471783824e-01 1.541829250455876732e+01
-9.868250032403813599e-01 9.173703066284553953e-02 -1.332693895265768258e-01 1.825629419503606812e+02 -9.599763084252689593e-02 -9.950447920513456612e-01 2.589047477581773657e-02 -2.535666262860259934e+01 -1.302338967098975175e-01 3.834291351292257177e-02 9.907416177445541594e-01 1.544716863217850999e+01
-9.863126395248857925e-01 9.541832320537912970e-02 -1.344720071618169810e-01 1.826114091547570695e+02 -9.982356515318765999e-02 -9.946550871635411184e-01 2.639154068630055611e-02 -2.605326920210817931e+01 -1.312350294455000010e-01 3.945378532363105067e-02 9.905658816404265821e-01 1.548859002695416542e+01
-9.859207385669530588e-01 9.883448059944567599e-02 -1.348778807226465037e-01 1.826700088985760431e+02 -1.032145318179071708e-01 -9.943228920163587059e-01 2.586013986496562764e-02 -2.675282680948658864e+01 -1.315562909373964029e-01 3.941740550649108776e-02 9.905247147133341423e-01 1.555164389113060075e+01
-9.852046320720790895e-01 1.024257337687524555e-01 -1.374074306784447419e-01 1.827542583650643735e+02 -1.067568163553425237e-01 -9.939830164818730385e-01 2.451010214723613190e-02 -2.748119053416191804e+01 -1.340701872356066526e-01 3.881664601081503962e-02 9.902113172889311921e-01 1.558920720573026841e+01
-9.846330910052021324e-01 1.054651812640093334e-01 -1.391932887695781218e-01 1.828218607338474726e+02 -1.097446579074220496e-01 -9.936839864618340901e-01 2.341463452845068266e-02 -2.819542690267276086e+01 -1.358447133985140332e-01 3.833054382953188927e-02 9.899883753112497242e-01 1.559726845866554790e+01
-9.843170315195697295e-01 1.084958378717911925e-01 -1.390993696067675811e-01 1.828829776137866929e+02 -1.128184633239716766e-01 -9.933364132346915731e-01 2.355343871403272824e-02 -2.889676212273478839e+01 -1.356170188203522919e-01 3.887702800544350079e-02 9.899982832812106448e-01 1.562535316084217207e+01
-9.836231797160779333e-01 1.121496758721545889e-01 -1.410953242563457999e-01 1.829544282606263437e+02 -1.164173170822683095e-01 -9.929491443075240120e-01 2.233842210906426123e-02 -2.961919759627725313e+01 -1.375952346871042731e-01 3.839852888753418625e-02 9.897439589968073381e-01 1.568667050527745666e+01
-9.831967762369009378e-01 1.144700567008718750e-01 -1.421995264277106652e-01 1.830268549340319737e+02 -1.187359278643994320e-01 -9.926852749287744526e-01 2.185690677484334113e-02 -3.033650208682480809e+01 -1.386574146288114817e-01 3.837383299180885388e-02 9.895966705228805838e-01 1.572918972803212867e+01
-9.829302891712559109e-01 1.159661158353361560e-01 -1.428282416323104209e-01 1.831127557992072354e+02 -1.202475347904073538e-01 -9.925069920750988484e-01 2.168873114939338931e-02 -3.105279748383984995e+01 -1.392428705770677178e-01 3.849325473516480856e-02 9.895098242732871530e-01 1.578329404209135589e+01
-9.827400304746509718e-01 1.169512631808130032e-01 -1.433332987937403491e-01 1.831911164251954176e+02 -1.209724944291715731e-01 -9.924615748228000633e-01 1.963868864850349533e-02 -3.177711472052741470e+01 -1.399560220007252109e-01 3.663911217075302429e-02 9.894796043199028945e-01 1.583126374464812613e+01
-9.823565657275754592e-01 1.178237855772284182e-01 -1.452347524670835888e-01 1.832669630168624053e+02 -1.216866288472461533e-01 -9.924057887566275493e-01 1.797539435251499507e-02 -3.250642524870755068e+01 -1.420138800671128243e-01 3.533137408291915638e-02 9.892339217160400766e-01 1.585696268872676384e+01
-9.821443777579044188e-01 1.181376178582335540e-01 -1.464101242582665774e-01 1.833401969851351225e+02 -1.220287382459441933e-01 -9.923659615811482038e-01 1.785456068421637996e-02 -3.322575417657024843e+01 -1.431831284776314550e-01 3.540199912300860674e-02 9.890628342918627025e-01 1.587147483624486455e+01
-9.820870552477025672e-01 1.189678484735190306e-01 -1.461220960172657235e-01 1.834126784570779876e+02 -1.227005429077171056e-01 -9.923020299654405907e-01 1.677075122403678953e-02 -3.395296275084660920e+01 -1.430020723103294089e-01 3.439959819603814750e-02 9.891243981213396763e-01 1.591851007008504482e+01
-9.821304467741895916e-01 1.189691693233834169e-01 -1.458290858149868530e-01 1.835191695111823265e+02 -1.224494815941216119e-01 -9.923599649005676593e-01 1.509385702446683526e-02 -3.467955668107597234e+01 -1.429192428487554845e-01 3.268083250237516918e-02 9.891946487979451641e-01 1.595331935605128493e+01
-9.821533095975512051e-01 1.196788944339766542e-01 -1.450925176349127654e-01 1.836030149681567991e+02 -1.228905911512873511e-01 -9.923304844788187751e-01 1.334586754467503508e-02 -3.540007266427778632e+01 -1.423825096458955497e-01 3.093819324223614706e-02 9.893280796307373226e-01 1.599452546464630842e+01
-9.818864194190755068e-01 1.205159454348969927e-01 -1.462017997711390627e-01 1.836717398396911278e+02 -1.234473367534215937e-01 -9.922889062305890739e-01 1.111222840787071467e-02 -3.614157131641947274e+01 -1.437352232713841049e-01 2.895916897347523486e-02 9.891923736682824986e-01 1.602386462682527224e+01
-9.817589606385461742e-01 1.205515155021912310e-01 -1.470261041993815854e-01 1.837530451962908558e+02 -1.234479322563641901e-01 -9.922933284230810447e-01 1.070319525528445198e-02 -3.682754860986278800e+01 -1.446027358923425987e-01 2.865802640046187511e-02 9.890747020803231093e-01 1.604208782266925226e+01
-9.819304673711994891e-01 1.205646891957986022e-01 -1.458653933162286642e-01 1.838515371031706991e+02 -1.235842471388996777e-01 -9.922640934618454089e-01 1.178569834389968547e-02 -3.757567180358081771e+01 -1.433160532085954730e-01 2.959940109972700184e-02 9.892342413944477109e-01 1.608999724319984992e+01
-9.819553577531838773e-01 1.211932011451282432e-01 -1.451753538863047310e-01 1.839374474388335443e+02 -1.240387525358562504e-01 -9.922199172495993480e-01 1.067818723132735702e-02 -3.828335493376187060e+01 -1.427517539267589564e-01 2.849287295790223912e-02 9.893483172985331198e-01 1.613003222514577928e+01
-9.817235034128957150e-01 1.221758576871172924e-01 -1.459178626663888145e-01 1.840224690219635590e+02 -1.245128079581433872e-01 -9.921936156622124248e-01 6.956270087052204495e-03 -3.903254260624392913e+01 -1.439288834844776599e-01 2.499777665239003022e-02 9.892722515371331626e-01 1.618422937005318119e+01
-9.816096332708879046e-01 1.227248170882740408e-01 -1.462229364376279872e-01 1.841113856067576080e+02 -1.245693304152323266e-01 -9.922047683787229566e-01 3.489917825045724814e-03 -3.974213525160865146e+01 -1.446547952530215231e-01 2.164063023977306349e-02 9.892455071078826156e-01 1.619852866157537363e+01
-9.816869066731555016e-01 1.228101649131467937e-01 -1.456313175814075156e-01 1.841890922099111094e+02 -1.247026182279182688e-01 -9.921864878590782588e-01 3.902603870362616328e-03 -4.046159616452013807e+01 -1.440141460884768465e-01 2.199174171984994569e-02 9.893312332189528879e-01 1.621850557877825239e+01
-9.817042082836902051e-01 1.231816498348616840e-01 -1.452003050343042556e-01 1.842941527953861964e+02 -1.251778598934725484e-01 -9.921233861144083122e-01 4.657265009781409032e-03 -4.116563793898004775e+01 -1.434829287078558391e-01 2.274792009926840386e-02 9.893913185896536788e-01 1.624202600389104845e+01
-9.819063410163844097e-01 1.232413350757110421e-01 -1.437759047983108163e-01 1.843889971402215338e+02 -1.253516840895489426e-01 -9.920961220331887542e-01 5.678022774053777255e-03 -4.189935170777507523e+01 -1.419397504849523872e-01 2.359783836424576495e-02 9.895939820233369266e-01 1.627353891802865249e+01
-9.818102237746473282e-01 1.238124327756285475e-01 -1.439415366798509066e-01 1.844729905071048961e+02 -1.257871065827451118e-01 -9.920462928201836394e-01 4.664409852405695944e-03 -4.258897356534725276e+01 -1.422191559147976403e-01 2.268555469699962829e-02 9.895752004264112278e-01 1.632416994259311593e+01
-9.818995136613477559e-01 1.236925347822974280e-01 -1.434346607718641753e-01 1.845617844191444021e+02 -1.257694585033591050e-01 -9.920444196293485284e-01 5.469258637281612309e-03 -4.331480046404777795e+01 -1.416170483359310839e-01 2.340996201192529352e-02 9.896446762849880896e-01 1.634238046143975609e+01
-9.819146420342517168e-01 1.237439463626602981e-01 -1.432866759239780075e-01 1.846403435415124363e+02 -1.260925984508843856e-01 -9.919909286055079711e-01 7.392846561848163273e-03 -4.402320928540686396e+01 -1.412242626982066207e-01 2.532653357603544333e-02 9.896536133023361437e-01 1.635383906532883813e+01
-9.820213037903640085e-01 1.231683900119837777e-01 -1.430514124492650585e-01 1.847280677935054598e+02 -1.259419481392931306e-01 -9.919824312889238271e-01 1.046335094487690041e-02 -4.473207450249277883e+01 -1.406157338307256754e-01 2.829140710484211868e-02 9.896599474987732847e-01 1.638650719150860269e+01
-9.819495199190093615e-01 1.234894328863422042e-01 -1.432672338542135826e-01 1.848160023945608259e+02 -1.266228921913290784e-01 -9.918666725836207121e-01 1.292853398497433547e-02 -4.543526691633871195e+01 -1.405054572033819227e-01 3.083607924667414873e-02 9.895995921142861640e-01 1.641903713345777760e+01
-9.819960262650915261e-01 1.234679423186156033e-01 -1.429666801012639543e-01 1.849080522675262728e+02 -1.267868431704422816e-01 -9.918268088875283883e-01 1.430655691829027520e-02 -4.614064193495772770e+01 -1.400317849577152329e-01 3.217527609189414078e-02 9.896240957100663760e-01 1.646098213255620024e+01
-9.820829867290992166e-01 1.238273102886782856e-01 -1.420556384094751323e-01 1.849958597554841333e+02 -1.269816959757412711e-01 -9.918155713255203398e-01 1.332371432282572835e-02 -4.684813691853787532e+01 -1.392431544614548267e-01 3.112345904463776833e-02 9.897690004403654207e-01 1.648125936714655282e+01
-9.820999935390277713e-01 1.254061635141485720e-01 -1.405449993536051212e-01 1.850925730414099633e+02 -1.279091432666598083e-01 -9.917461062110093373e-01 8.883236127171238034e-03 -4.755674265099937514e+01 -1.382709432940678329e-01 2.670121660083341411e-02 9.900344394376410229e-01 1.651082259816094933e+01
-9.821859754605608561e-01 1.266291974981922364e-01 -1.388371562282604277e-01 1.851895190818166839e+02 -1.288690350525346084e-01 -9.916352868103401885e-01 7.227015788210319758e-03 -4.826241541564834137e+01 -1.367606720267752207e-01 2.499008390418614584e-02 9.902888539679958191e-01 1.655326353808358419e+01
-9.822474592728414056e-01 1.285232122232919660e-01 -1.366444754531031813e-01 1.852568445428423161e+02 -1.305928438536122782e-01 -9.914163635315742518e-01 6.253259634385591528e-03 -4.896774974085130339e+01 -1.346678799353175637e-01 2.398703903435452783e-02 9.906004159458501324e-01 1.662281057932942829e+01
-9.820497314334750705e-01 1.308036547711161346e-01 -1.358997015815649745e-01 1.853533531941681360e+02 -1.329851009512618421e-01 -9.910928935674638840e-01 7.059691569369157607e-03 -4.964014187039407489e+01 -1.337657950165977161e-01 2.500560374377292644e-02 9.906974471880842792e-01 1.666157802284316958e+01
-9.820803496543921707e-01 1.328463435959722494e-01 -1.336788532861013512e-01 1.854505050847556049e+02 -1.352187097685526029e-01 -9.907768159898378002e-01 8.786434178132403877e-03 -5.033444029003901932e+01 -1.312786629701646057e-01 2.670486641456184043e-02 9.909857530552830251e-01 1.670366960332746231e+01
-9.824239210979393011e-01 1.349049612517023156e-01 -1.290112037159037162e-01 1.855521053758134258e+02 -1.373821569699030243e-01 -9.904629120205241666e-01 1.045766982268181433e-02 -5.099065192833797511e+01 -1.263700209735151014e-01 2.799770243252108076e-02 9.915879922919867973e-01 1.669694461083737735e+01
-9.822501130703356065e-01 1.377135744259418149e-01 -1.273565341556664454e-01 1.856520831459018837e+02 -1.401293088542031329e-01 -9.900810438516052248e-01 1.016382830232058498e-02 -5.169698008805973899e+01 -1.246935931528007219e-01 2.782980460848212545e-02 9.918049252761842460e-01 1.672142595571359891e+01
-9.817225955305666218e-01 1.405877909598203523e-01 -1.282802340883627268e-01 1.857262297341526391e+02 -1.425767337358286035e-01 -9.897629987878302504e-01 6.409463920165548584e-03 -5.236468018629096122e+01 -1.260659368027300109e-01 2.458209233485070255e-02 9.917172481682926533e-01 1.676445901608704858e+01
-9.812368105979529798e-01 1.431098897144113813e-01 -1.292048025171136094e-01 1.858255611009145127e+02 -1.446391278844813832e-01 -9.894813606427235175e-01 2.481859271055899402e-03 -5.306447431529841197e+01 -1.274905651896404424e-01 2.112336163004580394e-02 9.916148241031254029e-01 1.679269209149140352e+01
-9.806845233649978955e-01 1.456341522759920792e-01 -1.305701318189566862e-01 1.859172617986095020e+02 -1.467436256952317497e-01 -9.891739070000347134e-01 -1.135794041371476423e-03 -5.372489552403229141e+01 -1.293219778312421908e-01 1.804647891251486003e-02 9.914384250414525201e-01 1.685255228595186949e+01
-9.801328801467055207e-01 1.488962148835469013e-01 -1.310322649147033225e-01 1.860114514676017450e+02 -1.495450468055136428e-01 -9.887426217255208538e-01 -4.930208847593560602e-03 -5.439929880023045428e+01 -1.302912745783887383e-01 1.476296639218512355e-02 9.913658449795625938e-01 1.689344271398498876e+01
-9.793938696458224236e-01 1.512820899586981571e-01 -1.337960289317720874e-01 1.860956716652921727e+02 -1.515177747517848228e-01 -9.884181702743888298e-01 -8.478478973137189983e-03 -5.506345115866282924e+01 -1.335290681254483192e-01 1.196870624415595843e-02 9.909726222436170406e-01 1.693462159732012395e+01
-9.785625325051894308e-01 1.542304672343892680e-01 -1.364856510908445120e-01 1.861831839793660208e+02 -1.543976046194388552e-01 -9.879638374402148759e-01 -9.425263825684456268e-03 -5.572771011218650727e+01 -1.362965504508797110e-01 1.184984755455956336e-02 9.905972094893688018e-01 1.691932831035148155e+01
-9.782562215036763043e-01 1.561963791742282948e-01 -1.364457995770163579e-01 1.862809923104137226e+02 -1.565836598988055717e-01 -9.876326458133961594e-01 -7.957033135933586077e-03 -5.637917707904842501e+01 -1.360011858111752070e-01 1.358116550565018413e-02 9.906155810411334528e-01 1.692785104157514908e+01
-9.780465421606998611e-01 1.577439182437764542e-01 -1.361683429604706175e-01 1.863892048212196642e+02 -1.582387642912998771e-01 -9.873742507932030676e-01 -7.251368569064643721e-03 -5.702282293653627931e+01 -1.355929749030605758e-01 1.445493437075233770e-02 9.906591745041658514e-01 1.693985835858088151e+01
-9.777009251830235392e-01 1.596263209383301795e-01 -1.364563613759098570e-01 1.864949534651049134e+02 -1.600869480209461959e-01 -9.870731702456001511e-01 -7.663266577603963098e-03 -5.765670962322820259e+01 -1.359156722736511724e-01 1.435249960786518994e-02 9.906164423152927778e-01 1.696500834638310806e+01
-9.775154836027675209e-01 1.612753999857804432e-01 -1.358444871029912404e-01 1.865928537829461504e+02 -1.616913232187054961e-01 -9.868086313879473881e-01 -8.039963559061880788e-03 -5.831243479597745960e+01 -1.353491607385591822e-01 1.410568600506401787e-02 9.906975493609007088e-01 1.699509393067973306e+01
-9.773811962857228419e-01 1.622514932422196854e-01 -1.356482586978553229e-01 1.867020755205236640e+02 -1.625924953643727855e-01 -9.866555107563845795e-01 -8.636176540874028473e-03 -5.894985990598421211e+01 -1.352393345084068332e-01 1.361455231466212820e-02 9.907194185878233084e-01 1.700378716106410693e+01
-9.771977611965334543e-01 1.637575959009844040e-01 -1.351591110403348173e-01 1.868148773635168709e+02 -1.639867832622209642e-01 -9.864166699263736682e-01 -9.512528931554175074e-03 -5.959066870355872680e+01 -1.348809490913858433e-01 1.286868587285385120e-02 9.907782428455486068e-01 1.702321547226556220e+01
-9.771078374158752577e-01 1.645807029408959676e-01 -1.348089992543274884e-01 1.869068182486740568e+02 -1.648463845601358668e-01 -9.862757194113374037e-01 -9.266865548930414143e-03 -6.022521609516211072e+01 -1.344839899687859663e-01 1.316804917710686154e-02 9.908282691379696194e-01 1.705194917198474158e+01
-9.769252661470313459e-01 1.656957473575578210e-01 -1.347662556843250148e-01 1.870124776282568462e+02 -1.659403934622430410e-01 -9.860900749756131844e-01 -9.494727599368686308e-03 -6.086248063028623534e+01 -1.344649031574724762e-01 1.308752620668332360e-02 9.908319264520299985e-01 1.707149399425392744e+01
-9.768694428914630468e-01 1.666418280484029957e-01 -1.340022115101464073e-01 1.871320802953897555e+02 -1.668881969224041417e-01 -9.859303288202003746e-01 -9.471876291499987943e-03 -6.150888846198250093e+01 -1.336952552370965219e-01 1.311060094652851879e-02 9.909357652592364341e-01 1.708081471136202367e+01
-9.769303511553455444e-01 1.678452281502392507e-01 -1.320419190207726967e-01 1.872413527402145803e+02 -1.679975851779396401e-01 -9.857360119180400559e-01 -1.006609071583295170e-02 -6.212445964719954361e+01 -1.318480199543211884e-01 1.234885399997062011e-02 9.911930212824403563e-01 1.711184390415393253e+01
-9.768404027720731797e-01 1.694166214489953026e-01 -1.306936719543170256e-01 1.873500110220962256e+02 -1.694223822632769105e-01 -9.854803809750236621e-01 -1.115684102060720932e-02 -6.274082597103360115e+01 -1.306862039403198783e-01 1.124398017300168133e-02 9.913600198765019078e-01 1.715227508061812145e+01
-9.765646137243038094e-01 1.706205257147076215e-01 -1.311876191808421521e-01 1.874503776096946694e+02 -1.705829035800028592e-01 -9.852749433364897946e-01 -1.160857611819072349e-02 -6.336588342398614770e+01 -1.312365354149381824e-01 1.104184034086562460e-02 9.912895891383962654e-01 1.718035724026529465e+01
-9.764696590764858630e-01 1.710644237771205833e-01 -1.313162892441517293e-01 1.875369371443029252e+02 -1.709972115658890124e-01 -9.851999761040437509e-01 -1.187268803947925076e-02 -6.397327796397819810e+01 -1.314037995635689571e-01 1.086139965169790993e-02 9.912694242524902055e-01 1.719603600837522350e+01
-9.764387329301464913e-01 1.713055687563066753e-01 -1.312318671163729689e-01 1.876529323320450828e+02 -1.712876519394850583e-01 -9.851538291754022847e-01 -1.150969826281227071e-02 -6.459240273101760010e+01 -1.312552518066568696e-01 1.123988318984932636e-02 9.912848853377366209e-01 1.720587583634477724e+01
-9.763298623783913666e-01 1.721954299573921487e-01 -1.308767883544681987e-01 1.877613450426739803e+02 -1.722577621343797383e-01 -9.849912586636921930e-01 -1.093086184025291764e-02 -6.520281846554357230e+01 -1.307947369455165210e-01 1.187241584110420613e-02 9.913383794292688345e-01 1.721614194025606892e+01
-9.760934582342573052e-01 1.732204940111539693e-01 -1.312867900697552159e-01 1.878633127607501478e+02 -1.733777937927160617e-01 -9.848013222298266367e-01 -1.031970706733080154e-02 -6.581644613586330195e+01 -1.310789892082580288e-01 1.268921545710619339e-02 9.912907153803189875e-01 1.723428215235568217e+01
-9.758784596364180608e-01 1.745185586921392251e-01 -1.311659433300861044e-01 1.879624880509849447e+02 -1.746822006417114159e-01 -9.845704952067182436e-01 -1.034740292862207714e-02 -6.641880528266440820e+01 -1.309479316240691193e-01 1.281454799892437282e-02 9.913064241509591534e-01 1.726255021082904406e+01
-9.756448545170046671e-01 1.758754949332958506e-01 -1.310912969516367377e-01 1.880618304138010330e+02 -1.760757509719188540e-01 -9.843242475073081810e-01 -1.015409714584523081e-02 -6.701236616696510850e+01 -1.308221990878031260e-01 1.317520592403254899e-02 9.913182971047647118e-01 1.727533518714722049e+01
-9.753770050831687133e-01 1.770309079211919989e-01 -1.315285352902070826e-01 1.881594473285053368e+02 -1.772731391288421554e-01 -9.841112947116448240e-01 -9.959606637676608754e-03 -6.762669269753983770e+01 -1.312018753615777356e-01 1.360210504185024871e-02 9.912623520743817362e-01 1.729657600528233630e+01
-9.751318537253248486e-01 1.777787486614973711e-01 -1.323351214703196999e-01 1.882605735742986894e+02 -1.781258587842605434e-01 -9.839636980855972492e-01 -9.306948054313000929e-03 -6.823061122037346138e+01 -1.318675330874957974e-01 1.449680565049259184e-02 9.911613371915543036e-01 1.731105432935400046e+01
-9.750181477073061043e-01 1.786332084997438174e-01 -1.320219241736057536e-01 1.883739321086691234e+02 -1.789998472749832759e-01 -9.838062440975781087e-01 -9.183068667393460768e-03 -6.883225083167623382e+01 -1.315243943797002601e-01 1.467824566167387663e-02 9.912042588625962214e-01 1.732636352568843208e+01
-9.749555766812993962e-01 1.795623863588874103e-01 -1.312210840647811683e-01 1.884915245809478677e+02 -1.799498509151730430e-01 -9.836346348031472786e-01 -8.997575856076404921e-03 -6.941715429800485992e+01 -1.306892292946963408e-01 1.484097775689005583e-02 9.913122972734564886e-01 1.733675414630757317e+01
-9.748184149251197805e-01 1.804244379663909881e-01 -1.310575450227447203e-01 1.886131903326134420e+02 -1.808357832035636659e-01 -9.834734354585696892e-01 -8.855577929879360904e-03 -7.001707512711016079e+01 -1.304893767171509678e-01 1.506731335807347250e-02 9.913352100234003039e-01 1.735866173306067139e+01
-9.743883095296732577e-01 1.820681186758593695e-01 -1.319796287831551673e-01 1.887138710878441543e+02 -1.825011956666312551e-01 -9.831652531257548677e-01 -8.910590688662286402e-03 -7.062926440202312506e+01 -1.313801196230092727e-01 1.540406465852747070e-02 9.912123783326354243e-01 1.740121663302655364e+01
-9.741154938577125666e-01 1.830802380307837984e-01 -1.325919721134619922e-01 1.888006763815059230e+02 -1.836179991435204772e-01 -9.829629243971174102e-01 -8.265570228235485928e-03 -7.121607462431899194e+01 -1.318462552250750652e-01 1.629465259707413294e-02 9.911362415328505149e-01 1.743150401500712121e+01
-9.740112387985706555e-01 1.832245702673311327e-01 -1.331572887393943638e-01 1.889248893560887552e+02 -1.837824492335610738e-01 -9.829327791250814794e-01 -8.195308118551977369e-03 -7.183837950092964775e+01 -1.323862456896038320e-01 1.648965044493957977e-02 9.910610341348384811e-01 1.744778658691735984e+01
-9.740746789529095562e-01 1.832590247679979079e-01 -1.326448252434610509e-01 1.890376989122053430e+02 -1.839131343654514528e-01 -9.829145728626902390e-01 -7.409552080267350731e-03 -7.245086331386984568e+01 -1.317363990348202063e-01 1.717766850411119733e-02 9.911359386451998876e-01 1.745283548116810124e+01
-9.740562381805266678e-01 1.832306938923165540e-01 -1.328192669658330438e-01 1.891389774011165912e+02 -1.838397300924500821e-01 -9.829255283069204818e-01 -7.769133934755418150e-03 -7.306719097173463240e+01 -1.319749919535369298e-01 1.684988481566727925e-02 9.911098238240616531e-01 1.747152317160812984e+01
-9.741505856032752764e-01 1.829125218661503960e-01 -1.325656287027739966e-01 1.892612696330684798e+02 -1.832939224198117667e-01 -9.830129692251068363e-01 -9.425515328089849321e-03 -7.369244962698589063e+01 -1.320377770668558215e-01 1.511660278650845193e-02 9.911294132187976613e-01 1.750781031346237171e+01
-9.742657890402761645e-01 1.829524961918849169e-01 -1.316607627309131223e-01 1.893690116077802372e+02 -1.831147761199243829e-01 -9.830302445596246219e-01 -1.097802566923299951e-02 -7.429740742107478013e+01 -1.314349689857210179e-01 1.341351625050994471e-02 9.912340422470971024e-01 1.753528731862949641e+01
-9.741600912300512061e-01 1.834803363079366145e-01 -1.317083248810982932e-01 1.894900887568799135e+02 -1.834653116931160011e-01 -9.829485510912976398e-01 -1.235416176299881236e-02 -7.491178485010355814e+01 -1.317292528636151427e-01 1.212897752677514693e-02 9.912115272958385015e-01 1.757329005832201219e+01
-9.741434890679065983e-01 1.833830219866714739e-01 -1.319663970624390115e-01 1.895928884149212763e+02 -1.834544886104766681e-01 -9.829583166525461824e-01 -1.172170347096257448e-02 -7.552831906095178738e+01 -1.318670289165333465e-01 1.279120676983398416e-02 9.911848827106360948e-01 1.758369041156059254e+01
-9.743143919669674524e-01 1.830585181124777527e-01 -1.311527527446599284e-01 1.897177625018802587e+02 -1.831541883224090395e-01 -9.830176691993859350e-01 -1.143701629648853635e-02 -7.613130528667520025e+01 -1.310191165670024360e-01 1.287792639636826594e-02 9.912961969591792544e-01 1.760191801806248080e+01
-9.744017768721202621e-01 1.826026961398808657e-01 -1.311389819653248634e-01 1.898309306045896676e+02 -1.827180653404897048e-01 -9.831009185957721996e-01 -1.125577426826844356e-02 -7.673855370234953455e+01 -1.309781883623529208e-01 1.299381462835326635e-02 9.913000932889697303e-01 1.761747466469354606e+01
-9.745522889903708297e-01 1.821482850288701771e-01 -1.306515912060397244e-01 1.899569491088172128e+02 -1.824000207124928663e-01 -9.831721214784285845e-01 -1.013962482976282081e-02 -7.732943549402780548e+01 -1.302999173741519467e-01 1.394925835475284426e-02 9.913764924203324336e-01 1.761394257070844205e+01
-9.748628280715974093e-01 1.815043879753670819e-01 -1.292231542330347371e-01 1.900726734686199961e+02 -1.817501818491158716e-01 -9.832940105511269735e-01 -9.988003408759811227e-03 -7.792633911819005732e+01 -1.288772200276704083e-01 1.374939853111806741e-02 9.915652354726701700e-01 1.762585646067635636e+01
-9.750348666419146326e-01 1.809600232533538078e-01 -1.286875239358084566e-01 1.901852209047716826e+02 -1.811979555714548495e-01 -9.833962572348040609e-01 -9.955006444208372093e-03 -7.853283384867670236e+01 -1.283522875889195336e-01 1.361143786397304122e-02 9.916352247827657784e-01 1.765049306774514903e+01
-9.751003219718010762e-01 1.809501101338632234e-01 -1.282046010603072883e-01 1.902814008454889461e+02 -1.811927244460479203e-01 -9.833981144397381247e-01 -9.866363270534202201e-03 -7.915230182121459279e+01 -1.278614824656288951e-01 1.360904695084710556e-02 9.916986614606179140e-01 1.768651438497903072e+01
-9.751063308290188747e-01 1.809242475020571839e-01 -1.281953986810070723e-01 1.904050476377408074e+02 -1.811627270058153438e-01 -9.834033458731217259e-01 -9.895739960501030025e-03 -7.971908535211048275e+01 -1.278581632942708268e-01 1.357482933092668195e-02 9.916995583782679535e-01 1.772426121139343635e+01
-9.750636715318639069e-01 1.811483034479261789e-01 -1.282034656970683362e-01 1.905000142900666162e+02 -1.813796333441101971e-01 -9.833626445501981728e-01 -9.966840582472198326e-03 -8.033813789895759783e+01 -1.278759753306205338e-01 1.353519342966033774e-02 9.916978035026920990e-01 1.774792072295444356e+01
-9.751700124842663797e-01 1.804247576884926429e-01 -1.284147715976808879e-01 1.906026657915451779e+02 -1.808248320486081639e-01 -9.834774200390821175e-01 -8.633909187817555286e-03 -8.093395328054445770e+01 -1.278507992389116277e-01 1.480105017623895361e-02 9.916829644839382230e-01 1.775406996387101444e+01
-9.752623528280914833e-01 1.797318057235226529e-01 -1.286849686932295400e-01 1.907122630915200148e+02 -1.802618752481913167e-01 -9.835891942136814059e-01 -7.612710298356186074e-03 -8.150095980701429710e+01 -1.279413908327600713e-01 1.577260401592285241e-02 9.916563041065870054e-01 1.778377996216443790e+01
-9.755007633338401707e-01 1.786682485849986901e-01 -1.283585512642814175e-01 1.908234594001764890e+02 -1.792666205903796217e-01 -9.837758305501558276e-01 -6.970937344199702561e-03 -8.208946157315136816e+01 -1.275215255445170670e-01 1.621024900860554632e-02 9.917033267816933728e-01 1.778238475381055750e+01
-9.757554225087419209e-01 1.776780580067353066e-01 -1.277961781421592113e-01 1.909689733504848448e+02 -1.783087193396605263e-01 -9.839525827542527914e-01 -6.581451107938452762e-03 -8.266769449683782511e+01 -1.269147590008248838e-01 1.636528625448441243e-02 9.917786150918819210e-01 1.777884351455002587e+01
-9.759596821050324778e-01 1.768104249404880701e-01 -1.274392896159136090e-01 1.910686071191940698e+02 -1.773704918568378697e-01 -9.841190326189923621e-01 -7.031234281624828414e-03 -8.324566637841611794e+01 -1.266586259356546340e-01 1.574176830676003030e-02 9.918214502654538745e-01 1.780580377533337355e+01
-9.760473505692934815e-01 1.762952880019039992e-01 -1.274815315055041753e-01 1.911450817071811912e+02 -1.768221104510655228e-01 -9.842160283116756503e-01 -7.262979417716688632e-03 -8.385058002708851177e+01 -1.267497956696353456e-01 1.545254162643556854e-02 9.918143517085186156e-01 1.784914629610920400e+01
-9.761005481328568489e-01 1.754876839622328544e-01 -1.281865543351124181e-01 1.912349231376915100e+02 -1.759288047328846916e-01 -9.843706866916965836e-01 -7.962841664681065412e-03 -8.443337702776825893e+01 -1.275804671569899240e-01 1.477917317341296763e-02 9.917181053304988669e-01 1.787430732665123045e+01
-9.763693778584996430e-01 1.737791517539133135e-01 -1.284665107952155938e-01 1.913263535403457070e+02 -1.742168187538940816e-01 -9.846755499969090941e-01 -7.909570251146210915e-03 -8.501339699725176047e+01 -1.278723505824449491e-01 1.465836464191553300e-02 9.916823051272746214e-01 1.787326803956814913e+01
-9.768152270359120593e-01 1.713357081566538043e-01 -1.283592121401417319e-01 1.914467068213226071e+02 -1.714919390550191103e-01 -9.851356064766856324e-01 -9.917242104683818629e-03 -8.560820551003209289e+01 -1.281504079975150368e-01 1.232525708743062269e-02 9.916781539228335385e-01 1.788995388164887856e+01
-9.772472038163770858e-01 1.698591074105864074e-01 -1.270267147601344959e-01 1.915881178077161451e+02 -1.696250459323236370e-01 -9.854263507327336580e-01 -1.273778136198499070e-02 -8.618905109443598178e+01 -1.273391001441850912e-01 9.098951106995791654e-03 9.918175047170834091e-01 1.792556360137339766e+01
-9.773021398701331464e-01 1.692180518402968958e-01 -1.274589280381506207e-01 1.916623819518659104e+02 -1.687099044873856812e-01 -9.855538554043015154e-01 -1.485147216862808643e-02 -8.675923584816760581e+01 -1.281307751210343238e-01 6.989208044759000552e-03 9.917326532074004497e-01 1.791805220829026979e+01
-9.773940048697717931e-01 1.681019032981021788e-01 -1.282291283296585205e-01 1.917146332848366228e+02 -1.676069376890078899e-01 -9.857440133833774709e-01 -1.471918874614559260e-02 -8.731691184616316548e+01 -1.288754192355608119e-01 7.105644684835555822e-03 9.916353342486698974e-01 1.795693312357775184e+01
-9.773991158773869259e-01 1.665502382081373300e-01 -1.301997942967474398e-01 1.917507473034870316e+02 -1.660898190571326316e-01 -9.860045415776774735e-01 -1.446430066624058118e-02 -8.787858853915916768e+01 -1.307866212105488479e-01 7.487465593054428922e-03 9.913822661170217376e-01 1.796595056394298595e+01
-9.776092414396804209e-01 1.644825418906491754e-01 -1.312465788694104352e-01 1.918194730777976531e+02 -1.639604167933413625e-01 -9.863551418670111204e-01 -1.484977567045610465e-02 -8.841071235799100236e+01 -1.318982667690796751e-01 7.001965845384672607e-03 9.912385281543554250e-01 1.800186970121673724e+01
-9.780726942974593552e-01 1.617868120949652877e-01 -1.311443178405278520e-01 1.919280088371394015e+02 -1.613571876401861671e-01 -9.867972311041748323e-01 -1.396720021993624015e-02 -8.894483040732578161e+01 -1.316725585175543001e-01 7.500141150833162032e-03 9.912648915482474843e-01 1.801115250998669737e+01
-9.787078063501479797e-01 1.588452805635919285e-01 -1.299969485486312526e-01 1.920472689880511439e+02 -1.584404141981415326e-01 -9.872760030307636825e-01 -1.351772866725370510e-02 -8.949220859904662007e+01 -1.304900951720208702e-01 7.366863801775246426e-03 9.914222432342957303e-01 1.802652554275147878e+01
-9.789585433958127858e-01 1.574906918318399740e-01 -1.297568969214241141e-01 1.921323276368320023e+02 -1.569641101308893727e-01 -9.875001916885750575e-01 -1.434013758112334842e-02 -9.002535370390029357e+01 -1.303933987714358533e-01 6.328775660104807646e-03 9.914421355558161730e-01 1.805707872977500372e+01
-9.792155707979952606e-01 1.564530046529835350e-01 -1.290710007779061197e-01 1.922282879125855288e+02 -1.557167745642628887e-01 -9.876747457690111531e-01 -1.583927679606205591e-02 -9.057113665049278950e+01 -1.299582703257444183e-01 4.588453462033657143e-03 9.915088471964168537e-01 1.803507586062961821e+01
-9.793796525345601633e-01 1.546862241060685261e-01 -1.299525616257383998e-01 1.922842569419981089e+02 -1.539011286856706295e-01 -9.879546859384198410e-01 -1.612393009148065798e-02 -9.110561321086632347e+01 -1.308813920714508583e-01 4.208396859309437507e-03 9.913891015163086573e-01 1.802853661716682154e+01
-9.798472632718469022e-01 1.520667256330718586e-01 -1.295185377230173851e-01 1.923733101494215703e+02 -1.512803752965875825e-01 -9.883622621100680572e-01 -1.594637534969399126e-02 -9.160259753763432400e+01 -1.304361480142534890e-01 3.968600749100006930e-03 9.914487689736156684e-01 1.803901204711363704e+01
-9.803724811822998042e-01 1.488657329029960119e-01 -1.292624914958555304e-01 1.924638596320727117e+02 -1.480607097244149017e-01 -9.888509365240132354e-01 -1.586983211901117283e-02 -9.208022299303989655e+01 -1.301838099625480527e-01 3.580349541160978040e-03 9.914834122267494054e-01 1.804224307578333963e+01
-9.809049147373933852e-01 1.455654725904547142e-01 -1.289815546252466305e-01 1.925288378460269030e+02 -1.448041907398514572e-01 -9.893418575268981829e-01 -1.531127980948857742e-02 -9.254367664573567254e+01 -1.298356445210814281e-01 3.658160021830025345e-03 9.915287808616802812e-01 1.808536692080276964e+01
-9.815539284308323342e-01 1.416763104684456709e-01 -1.283733174536230703e-01 1.926114599210986853e+02 -1.412368903725984837e-01 -9.898960677285884024e-01 -1.256645906196936745e-02 -9.299795034480129630e+01 -1.288566117041678449e-01 5.796390905222879517e-03 9.916462955472556962e-01 1.810203891089292938e+01
-9.821494522118399129e-01 1.371822740776722782e-01 -1.286991732640958841e-01 1.926559168622092955e+02 -1.372493641333799863e-01 -9.905009940910880495e-01 -8.390038709667868577e-03 -9.342400462210065371e+01 -1.286276236465800638e-01 9.423607772252425713e-03 9.916481886493760944e-01 1.812503032421705385e+01
-9.827858102729434275e-01 1.325551114903712191e-01 -1.286903008929976555e-01 1.927115139406472224e+02 -1.328049950252221112e-01 -9.911197032758418679e-01 -6.675857604762534640e-03 -9.385536782305834436e+01 -1.284324118846397189e-01 1.052977664452554862e-02 9.916623615834729843e-01 1.810930918709904347e+01
-9.833556847027451475e-01 1.276635375162170905e-01 -1.292811608535488210e-01 1.927589616298500914e+02 -1.279737469023190244e-01 -9.917597712811718758e-01 -5.939374722917701264e-03 -9.427441523289429881e+01 -1.289740961068420455e-01 1.070407666094914251e-02 9.915901901875893154e-01 1.812695324259166085e+01
-9.841175357409799318e-01 1.216334129637152012e-01 -1.292980614622687985e-01 1.928157843661226991e+02 -1.220280911573419086e-01 -9.925145747841228605e-01 -4.895284423650390557e-03 -9.468751360237530434e+01 -1.289256406445117298e-01 1.096046038683130310e-02 9.915936907284711443e-01 1.813814017133209333e+01
-9.849010640060393840e-01 1.151403907284101608e-01 -1.292771617211645463e-01 1.928618777181584107e+02 -1.156062099150711592e-01 -9.932873877467844892e-01 -3.920404601708738987e-03 -9.510117862404619871e+01 -1.288607711789883647e-01 1.108403203160444189e-02 9.916007492358397402e-01 1.814872346965714556e+01
-9.857503090014418934e-01 1.078109406344716775e-01 -1.291244724406340472e-01 1.929037154739371829e+02 -1.081882110713621309e-01 -9.941219349921481818e-01 -4.109665758364506802e-03 -9.552362365067621397e+01 -1.288085373286259883e-01 9.918641387685139810e-03 9.916198774047858544e-01 1.816630409118419820e+01
-9.864518495322505132e-01 1.005797018886851746e-01 -1.296012041702787332e-01 1.929316262533045858e+02 -1.008357330870502666e-01 -9.948924459358983174e-01 -4.601733638931430545e-03 -9.594218884764818256e+01 -1.294021000107811459e-01 8.529043772295848841e-03 9.915555213527531553e-01 1.819456748249642430e+01
-9.871590570226946859e-01 9.327216589823374149e-02 -1.296815299366741170e-01 1.929749831403791802e+02 -9.326634382111252675e-02 -9.956223152517991171e-01 -6.131433999381374032e-03 -9.637231858123288930e+01 -1.296857172101313627e-01 6.042221553295537388e-03 9.915367397683227946e-01 1.818698187214912565e+01
-9.879534370097529106e-01 8.389958968761095093e-02 -1.300340922637870100e-01 1.929793475254967632e+02 -8.376400896363798976e-02 -9.964642804466430359e-01 -6.521395272031209334e-03 -9.677679271172944198e+01 -1.301214705686810358e-01 4.449341996859998080e-03 9.914880767073493972e-01 1.817005412940790521e+01
-9.889010276248306752e-01 7.246352454768051343e-02 -1.297065733595749448e-01 1.930056690083676756e+02 -7.227685423212987237e-02 -9.973656337836502850e-01 -6.152145125590556540e-03 -9.719130746016818989e+01 -1.298106848640070143e-01 3.290920458865460949e-03 9.915333357672201364e-01 1.816064398241977074e+01
-9.897516197028590756e-01 6.016229082574136439e-02 -1.295076447865788349e-01 1.930324544853651787e+02 -5.990826083565253118e-02 -9.981866869790601005e-01 -5.859882372192435143e-03 -9.759161074544634573e+01 -1.296253508354565098e-01 1.958749694939706989e-03 9.915611084146137566e-01 1.816301692195180451e+01
-9.904972644791927294e-01 4.617600821919582571e-02 -1.295490074225888744e-01 1.930528232649687936e+02 -4.579641283095611110e-02 -9.989333160386841826e-01 -5.909202972986365640e-03 -9.796579740334978226e+01 -1.296836829792162582e-01 7.983044577017069446e-05 9.915554124687364634e-01 1.817661198549504320e+01
-9.910904066605192853e-01 3.041825717286280803e-02 -1.296708735840571836e-01 1.930454388841008324e+02 -2.988619134937843883e-02 -9.995350130388209742e-01 -6.047584320450510691e-03 -9.835727289734653311e+01 -1.297945352937298902e-01 -2.118334263094881313e-03 9.915386483984547361e-01 1.818047560799205442e+01
-9.914771030628843906e-01 1.244164468101822962e-02 -1.296856182452891526e-01 1.930270203633587869e+02 -1.180217097305802029e-02 -9.999141151043615672e-01 -5.698348478742336354e-03 -9.872922898584204177e+01 -1.297453770365414039e-01 -4.119210202668609211e-03 9.915387885730703177e-01 1.818274355735962899e+01
-9.915126549713297877e-01 -7.356585976709616517e-03 -1.298019093637362842e-01 1.930194407133362233e+02 8.202501426701615944e-03 -9.999484566773342298e-01 -5.983557383533566476e-03 -9.910622187747492262e+01 -1.297512003877007991e-01 -6.997473214265312672e-03 9.915218915215974205e-01 1.818531419429048412e+01
-9.911023694272038664e-01 -2.836917146296082451e-02 -1.300433905521070632e-01 1.929945818495008893e+02 2.943215756198088937e-02 -9.995471833106364112e-01 -6.259108324685931993e-03 -9.946763561408803866e+01 -1.298069390172553739e-01 -1.003087465172159375e-02 9.914885476578597645e-01 1.817713570097572173e+01
-9.901832050815455588e-01 -5.117593647563533493e-02 -1.300701499202668865e-01 1.929582332291907107e+02 5.246761353981953951e-02 -9.986013347204185653e-01 -6.521029369317581093e-03 -9.985490026791474349e+01 -1.295545055329034301e-01 -1.328148412042471846e-02 9.914833494697143923e-01 1.817187662982163587e+01
-9.887177858983651202e-01 -7.442382500763107533e-02 -1.299932079743750524e-01 1.929166875454389753e+02 7.590570733141858983e-02 -9.970939730262418088e-01 -6.475534669986698737e-03 -1.002068045345709777e+02 -1.291335101464861357e-01 -1.626970270099248328e-02 9.914937384226230055e-01 1.816984489171349182e+01
-9.866636950959750685e-01 -9.785708364903357437e-02 -1.300720721725561468e-01 1.928591207856509300e+02 9.951195492322138791e-02 -9.950166188239528697e-01 -6.268898747564223377e-03 -1.005366633396422742e+02 -1.288104173074342829e-01 -1.912902098525965169e-02 9.914847235077453025e-01 1.816494390283846982e+01
-9.839167925771026280e-01 -1.223258612780045579e-01 -1.301696160683476766e-01 1.928088891808426411e+02 1.241800561660092866e-01 -9.922403721951211786e-01 -6.193338089781551606e-03 -1.008875582091684180e+02 -1.284019428801349283e-01 -2.225819958311874708e-02 9.914723967997922660e-01 1.816576439227516460e+01
-9.804708619783395473e-01 -1.475072471710275890e-01 -1.300711376266010244e-01 1.927274775651928564e+02 1.495510675004157464e-01 -9.887355934536734559e-01 -6.033609806679537946e-03 -1.012316416214780759e+02 -1.277159622793443139e-01 -2.536805609104771791e-02 9.914863058606622204e-01 1.815778379143442578e+01
-9.761572306678072408e-01 -1.738119757500187212e-01 -1.300248364768533116e-01 1.926591715951359447e+02 1.760706379012566547e-01 -9.843592934892326785e-01 -5.992644693597745306e-03 -1.015671579728034857e+02 -1.269495627562461926e-01 -2.874331934996465082e-02 9.914926273597518547e-01 1.815082656490686475e+01
-9.708630129848350165e-01 -2.012547433408141961e-01 -1.300828132415323968e-01 1.925895496645026697e+02 2.037349632035019009e-01 -9.790082461255233959e-01 -5.909212019778748576e-03 -1.018950484081920962e+02 -1.261628898942795673e-01 -3.223945255506020791e-02 9.914855232994952416e-01 1.813858779861667259e+01
-9.645055025854900599e-01 -2.296766107678078761e-01 -1.302988486078205110e-01 1.924958261293437545e+02 2.323888290410921487e-01 -9.726056808476366555e-01 -5.798423907833125113e-03 -1.022111874429859171e+02 -1.253976380129262769e-01 -3.587260861880225971e-02 9.914578096579104161e-01 1.813347684530442550e+01
-9.570865637737113740e-01 -2.588027881317983003e-01 -1.304086895073980623e-01 1.923753414558349277e+02 2.617063426257479342e-01 -9.651327675591621080e-01 -5.341461695719303820e-03 -1.025183827270706303e+02 -1.244793142384872098e-01 -3.924102239748278320e-02 9.914459352319299201e-01 1.812199027413954155e+01
-9.485652081490874021e-01 -2.885011727481929245e-01 -1.303499873877887461e-01 1.922604147891369735e+02 2.916497694455740253e-01 -9.565103382840063340e-01 -5.327732928746921337e-03 -1.028014006017698279e+02 -1.231440533335770721e-01 -4.307024586340163497e-02 9.914537286479098155e-01 1.811122069970046056e+01
-9.390792771034355280e-01 -3.179348153556832424e-01 -1.305663222260506351e-01 1.921397271178995254e+02 3.213113701430474478e-01 -9.469598919417381300e-01 -5.095730613911983453e-03 -1.030882933132992321e+02 -1.220209602145746475e-01 -4.673773891021727050e-02 9.914264819087058589e-01 1.810160011156489190e+01
-9.289951243021650207e-01 -3.462956563718107006e-01 -1.305656057345220833e-01 1.920244315691722647e+02 3.498669767588299395e-01 -9.367873822328001143e-01 -4.743317726517131544e-03 -1.033613261642306327e+02 -1.206696216801984717e-01 -5.008711278797300936e-02 9.914283249615791771e-01 1.809602380297828006e+01
-9.182141709889477532e-01 -3.739067866523976269e-01 -1.306768957787041163e-01 1.918968603661115253e+02 3.776369409177962044e-01 -9.259447099060065245e-01 -4.090849707666401741e-03 -1.036474631532810662e+02 -1.194699838843581580e-01 -5.310469934346877252e-02 9.914165692877595637e-01 1.808546164658268296e+01
-9.068461932163751626e-01 -4.007377054182514886e-01 -1.305345674719284033e-01 1.917482663684207296e+02 4.046198115629793257e-01 -9.144781452418764278e-01 -3.539769161499166372e-03 -1.039600721317726624e+02 -1.179524901801901893e-01 -5.602689828191691201e-02 9.914374396446806736e-01 1.807207226713956416e+01
-8.955770964815188417e-01 -4.253189552212880420e-01 -1.305582268078288588e-01 1.915743607207646448e+02 4.295150695256991780e-01 -9.030487597641176922e-01 -4.443257681362340616e-03 -1.042639061466273063e+02 -1.160106430809962064e-01 -6.005600567771030712e-02 9.914306868732541966e-01 1.804789430937478301e+01
-8.837184950905252467e-01 -4.493090722897674083e-01 -1.310075531908246604e-01 1.913870067524932779e+02 4.538993389828632208e-01 -8.910335942224829608e-01 -5.875715946529538880e-03 -1.046068977116223806e+02 -1.140921185089401879e-01 -6.465672064892408200e-02 9.913639578727224677e-01 1.803601524061510375e+01
-8.711517077497075157e-01 -4.731432265427192307e-01 -1.312638155072210489e-01 1.911978313116443644e+02 4.780943313804342232e-01 -8.782792489815365311e-01 -7.167364252242652833e-03 -1.049357425149124339e+02 -1.118950954540199882e-01 -6.900034771777489861e-02 9.913215621725182114e-01 1.801574079000926432e+01
-8.579907334752203685e-01 -4.966671085538828523e-01 -1.310484053751851397e-01 1.910018065674761090e+02 5.017313189750955971e-01 -8.649983565104959471e-01 -6.597483887941207881e-03 -1.052417640673854322e+02 -1.100799020265018080e-01 -7.141166931858027034e-02 9.913540178235873412e-01 1.799404895809305316e+01
-8.444087754741398388e-01 -5.194660137649869114e-01 -1.308773488628898196e-01 1.908054372078098027e+02 5.246942056222609896e-01 -8.512658458854229782e-01 -6.515382981839158705e-03 -1.055262799761563599e+02 -1.080268970612812823e-01 -7.417223316100135522e-02 9.913771579672497891e-01 1.797126083924642614e+01
-8.304514397937086123e-01 -5.415491210572238590e-01 -1.306711736639148969e-01 1.905958430350283379e+02 5.469079464832771187e-01 -8.371696870834977044e-01 -6.213944155175003814e-03 -1.058303780267128360e+02 -1.060287895715193163e-01 -7.662548212355416166e-02 9.914062897073688818e-01 1.794842163024163995e+01
-8.157364334805521366e-01 -5.635386763784129283e-01 -1.303772653421445549e-01 1.903844132315186073e+02 5.690299421644198219e-01 -8.222948439137016674e-01 -6.009541854336275524e-03 -1.061453985372193074e+02 -1.038219437921806265e-01 -7.909076999630407223e-02 9.914462436706313886e-01 1.791312295480692285e+01
-8.003929614795066705e-01 -5.851867791393416951e-01 -1.301058827824051467e-01 1.901612583543969777e+02 5.907966892347775723e-01 -8.068003909105028182e-01 -5.692206592004020460e-03 -1.064422804049504805e+02 -1.016384730468299219e-01 -8.142212688934025167e-02 9.914837659031664474e-01 1.789563253257501074e+01
-7.840472975162193769e-01 -6.069808842160465678e-01 -1.297845963657475732e-01 1.899187679043652679e+02 6.127076438683008996e-01 -7.902912404451580830e-01 -5.394295228227180550e-03 -1.067369713747442717e+02 -9.929339556520902499e-02 -8.374939684535177842e-02 9.915275387628781356e-01 1.787106790899289166e+01
-7.665299160494998265e-01 -6.289594283203836511e-01 -1.297764436561728019e-01 1.896556227863362381e+02 6.348302429160812554e-01 -7.726348873791080152e-01 -5.088564019746777412e-03 -1.070231392118367211e+02 -9.706930761191656654e-02 -8.628654780190228579e-02 9.915302220246103859e-01 1.783802753926518392e+01
-7.474580701182267362e-01 -6.515886268766714062e-01 -1.293781076539247399e-01 1.893660968177567838e+02 6.575672859131286296e-01 -7.533810966604022052e-01 -4.710381259751712790e-03 -1.073149770911773970e+02 -9.440178977105412317e-02 -8.859562359250292007e-02 9.915841454804918964e-01 1.780844212506960034e+01
-7.265216502089857364e-01 -6.748831792341861702e-01 -1.292245571258401893e-01 1.890699324116609432e+02 6.810228549046538626e-01 -7.322476233783423716e-01 -4.614017152564209301e-03 -1.076151388234189028e+02 -9.151045227255170944e-02 -9.135706017340274043e-02 9.916046211476358119e-01 1.777117761868691659e+01
-7.035898785337153516e-01 -6.987940798436134138e-01 -1.290275815491770672e-01 1.887680521583779125e+02 7.051095602698609355e-01 -7.090828720058313106e-01 -4.689205050476950853e-03 -1.079148019910697656e+02 -8.821445936441099644e-02 -9.427785850070860563e-02 9.916299181426330156e-01 1.773231195885731637e+01
-6.792555320247977146e-01 -7.225445428609557075e-01 -1.286130078785224506e-01 1.884524325828827216e+02 7.289711203415857321e-01 -6.845309188678656565e-01 -4.304279480716613482e-03 -1.082021731950121222e+02 -8.492954681170489240e-02 -9.667887409236530782e-02 9.916855183890662673e-01 1.769587725526592692e+01
-6.534892464377493049e-01 -7.460123650190537692e-01 -1.281302307377173710e-01 1.881288322050133957e+02 7.525704674954754037e-01 -6.584977734434831476e-01 -4.286469831568155697e-03 -1.084898793155141163e+02 -8.117571215495564263e-02 -9.922818958669671341e-02 9.917480880483119376e-01 1.766053236571165641e+01
-6.257263454989683282e-01 -7.694937117811648797e-01 -1.278513514897351155e-01 1.877898318316004520e+02 7.761936105578326472e-01 -6.304808074947867436e-01 -4.174962265418871721e-03 -1.087698035328271686e+02 -7.739521611638451593e-02 -1.018497860084526530e-01 9.917845540299216056e-01 1.761916154864409023e+01
-5.959602287923164710e-01 -7.928454689546399203e-01 -1.273870796270422934e-01 1.874080172711601620e+02 7.997051999946375167e-01 -6.003751346532573141e-01 -4.614194579728843337e-03 -1.090463855053552464e+02 -7.282169181875769448e-02 -1.046219864473041661e-01 9.918423469243859980e-01 1.756310971240982255e+01
-5.646402712161371351e-01 -8.154205707105619538e-01 -1.275564854604771536e-01 1.870171000072515426e+02 8.224547403997191086e-01 -5.688130511905604703e-01 -4.462374851559890165e-03 -1.092887799682626593e+02 -6.891708144573494010e-02 -1.074290726821501285e-01 9.918212692958622290e-01 1.752232485026070208e+01
-5.324064197549480681e-01 -8.367729182241443464e-01 -1.278846649538868119e-01 1.865920519793800452e+02 8.439942349532243426e-01 -5.363345129158252345e-01 -4.361378344806113305e-03 -1.095130152914549626e+02 -6.493947620238335605e-02 -1.102559457897600848e-01 9.917794567586917243e-01 1.748141086485971485e+01
-4.991316401868419739e-01 -8.569608615194866941e-01 -1.283966027127358689e-01 1.861603424856753008e+02 8.643711721933694525e-01 -5.028378541794813472e-01 -4.070514124199293982e-03 -1.097329703037609931e+02 -6.107440090130639848e-02 -1.130140443836691322e-01 9.917145473000749112e-01 1.742762606334021669e+01
-4.651879363061526274e-01 -8.758502876670258841e-01 -1.283996008903907637e-01 1.857160498809121520e+02 8.834017976639391145e-01 -4.685984376027934051e-01 -4.094894423827821761e-03 -1.099535909112412639e+02 -5.658133790698361559e-02 -1.153333337323155239e-01 9.917140587542591090e-01 1.737995727763300380e+01
-4.301702623023648808e-01 -8.935676429135052112e-01 -1.284150028957610212e-01 1.852785454386944650e+02 9.012491583715490640e-01 -4.332820300693647209e-01 -4.078842182008962647e-03 -1.101686888145178358e+02 -5.199519175164469403e-02 -1.174885098934093375e-01 9.917121306496839983e-01 1.731060944467793306e+01
-3.950383425863341902e-01 -9.096997452849174826e-01 -1.280276583992641104e-01 1.848272743667059217e+02 9.174574308018045299e-01 -3.978114474548763990e-01 -4.232604447438184647e-03 -1.103646824821463213e+02 -4.708046891434337911e-02 -1.191319675922994509e-01 9.917615659746009671e-01 1.726245947287566906e+01
-3.609464817714054252e-01 -9.237799399883871443e-01 -1.278603135139925184e-01 1.843397703778489927e+02 9.316218912855375178e-01 -3.634024627031828825e-01 -4.393378975233286354e-03 -1.105364345736122544e+02 -4.240623744689867025e-02 -1.207032417804664026e-01 9.917824552033996932e-01 1.721641779093661384e+01
-3.291396915028292902e-01 -9.355589919544833322e-01 -1.280485691077161703e-01 1.838719023693421946e+02 9.434808927187419147e-01 -3.314050033305324661e-01 -3.811671829498694541e-03 -1.106765097682510941e+02 -3.886989261714550448e-02 -1.220659507831767937e-01 9.917605734789676220e-01 1.715936172345508837e+01
-3.006980576634585844e-01 -9.450875549939116160e-01 -1.280241833133611840e-01 1.833684510344674834e+02 9.530160108951165610e-01 -3.029113213494747381e-01 -2.283500793544016028e-03 -1.108068593670713966e+02 -3.662186635034045401e-02 -1.226957407326962901e-01 9.917684175809757807e-01 1.712627791944836275e+01
-2.781095151310597480e-01 -9.520078572933975414e-01 -1.278128993693553594e-01 1.828685754350232457e+02 9.599293815269950292e-01 -2.802386189747085865e-01 -1.378011737677035942e-03 -1.109001374968815554e+02 -3.450623240471044351e-02 -1.230745956190076040e-01 9.917973401045446780e-01 1.707485278836069043e+01
-2.603681997674380799e-01 -9.570609535400994572e-01 -1.274469762637736314e-01 1.823235691310536879e+02 9.649615782412811482e-01 -2.623894568300382257e-01 -9.620096325345384169e-04 -1.110200986372029348e+02 -3.252004102025406879e-02 -1.232319120737520729e-01 9.918449187139529721e-01 1.699595021847679988e+01
-2.425395648430437312e-01 -9.617542970280920089e-01 -1.272919150368469476e-01 1.817483884816996067e+02 9.696656598351495182e-01 -2.444338932469578562e-01 -7.615566948167076800e-04 -1.111911034131366307e+02 -3.038202794764695291e-02 -1.236153064152480940e-01 9.918650051280429869e-01 1.692329959964515140e+01
-2.237531854701213518e-01 -9.663485947187246961e-01 -1.269051042201199686e-01 1.811727919084563041e+02 9.742721755661081229e-01 -2.253684464492968775e-01 -1.670707249362857194e-03 -1.113404207612189936e+02 -2.698592058196636750e-02 -1.240139380480129172e-01 9.919134555293457334e-01 1.686193028184802500e+01
-2.074586080682623290e-01 -9.699943282516231280e-01 -1.267751122975712408e-01 1.805881886763185662e+02 9.779269386677226228e-01 -2.089406818325048043e-01 -1.641372396638231257e-03 -1.114415148487281044e+02 -2.489635648755902236e-02 -1.243173143011488402e-01 9.919301269739687621e-01 1.680454852610147753e+01
-1.957971802063100952e-01 -9.724327846918711105e-01 -1.266410023636525273e-01 1.800073868566923920e+02 9.803389154819145412e-01 -1.973203807563312928e-01 -5.273802424563614477e-04 -1.115227224850390684e+02 -2.447600896799603798e-02 -1.242543624770951760e-01 9.919484756732122044e-01 1.674905253520589454e+01
-1.877307724031660463e-01 -9.740890142074635216e-01 -1.261259271254052128e-01 1.793896364963942176e+02 9.819225363450966304e-01 -1.892829236469704135e-01 3.277701451668557642e-04 -1.116014630773441212e+02 -2.419276153157361164e-02 -1.237843577193318279e-01 9.920141849154622271e-01 1.668469405540097839e+01
-1.800573509573688558e-01 -9.756619743487787710e-01 -1.251521560983199499e-01 1.787425096479255160e+02 9.833954239637942019e-01 -1.814757156845816510e-01 -6.887553208468483179e-05 -1.117108355095806047e+02 -2.264487785979301532e-02 -1.230864591521432239e-01 9.921375575393277524e-01 1.659904081742866566e+01
-1.716955187159323604e-01 -9.772208805620201666e-01 -1.247397268173097984e-01 1.781101843636394619e+02 9.849259406580210818e-01 -1.729756001242821473e-01 -5.772179457081416665e-04 -1.118566270233957880e+02 -2.101285967638205632e-02 -1.229584985075639347e-01 9.921893304067455066e-01 1.651586928642269214e+01
-1.642994482097062114e-01 -9.785616750454981805e-01 -1.241883225192074169e-01 1.774595188328577535e+02 9.862200786452572920e-01 -1.654344071130637861e-01 -1.188873454729170998e-03 -1.119907765768993215e+02 -1.938163550705412908e-02 -1.226723484543185139e-01 9.922579539261824344e-01 1.642793730688736531e+01
-1.570639449257713594e-01 -9.798447946164975386e-01 -1.234305297214115804e-01 1.767845838193841530e+02 9.874273122105904354e-01 -1.580645245145866351e-01 -1.705634939526211313e-03 -1.120989815333531823e+02 -1.783873047398767953e-02 -1.221465699597480414e-01 9.923517497047832370e-01 1.636564384113737347e+01
-1.517135567475893509e-01 -9.807832085735439520e-01 -1.226674140885842951e-01 1.760962112025686110e+02 9.882764460345905277e-01 -1.526661022110546995e-01 -1.651498992664132692e-03 -1.121910209549764943e+02 -1.710739349623248418e-02 -1.214798708258616883e-01 9.924464610606946735e-01 1.629504460928367848e+01
-1.487629530182170701e-01 -9.813160617535470198e-01 -1.220179116105851169e-01 1.754082049245250801e+02 9.887421437669552393e-01 -1.496130248809859342e-01 -2.217188554690434354e-03 -1.122764863284176329e+02 -1.607970610506656572e-02 -1.209740870206107433e-01 9.925254220024313234e-01 1.621568872234513492e+01
-1.466005118152042819e-01 -9.817115429458028730e-01 -1.214526096158156654e-01 1.746969124624124277e+02 9.890758121771704436e-01 -1.473858165336048298e-01 -2.541426920807325629e-03 -1.124017494279956537e+02 -1.540544389465434150e-02 -1.204984129841309703e-01 9.925939778009508219e-01 1.612721317472452043e+01
-1.461037267830058717e-01 -9.818782615966243910e-01 -1.207012030764730570e-01 1.739697965894756635e+02 9.891585615759876937e-01 -1.468212761527116772e-01 -2.975387338260915282e-03 -1.125047142737378323e+02 -1.480003652158711630e-02 -1.198273435943581350e-01 9.926844245005959078e-01 1.604199649499685876e+01
-1.458675784697276434e-01 -9.820117312475353799e-01 -1.198983287773275896e-01 1.732367062276463798e+02 9.892033283728152160e-01 -1.465075895841660980e-01 -3.507325246108965178e-03 -1.126158781877421688e+02 -1.412178060735646418e-02 -1.191154309334261918e-01 9.927799803712914484e-01 1.597749302464636401e+01
-1.461703811462617963e-01 -9.820508003763844806e-01 -1.192075717211749930e-01 1.724947029185611029e+02 9.891656795662854273e-01 -1.467504378193351666e-01 -3.945550405491271562e-03 -1.127088144395720377e+02 -1.361903240782416646e-02 -1.184927612976252043e-01 9.928615147523538464e-01 1.590983266323701706e+01
-1.468516287176857560e-01 -9.820222500217913320e-01 -1.186039611695233892e-01 1.717305722821953680e+02 9.890687284419587000e-01 -1.473945902604154590e-01 -4.229087392301218717e-03 -1.128216737418300113e+02 -1.332852434331764646e-02 -1.179285174336687780e-01 9.929326337746818831e-01 1.582613926830988405e+01
-1.479947288567926567e-01 -9.819468363926993071e-01 -1.178047992612129280e-01 1.709485075125768674e+02 9.889055294619439884e-01 -1.484684354657663796e-01 -4.793482026722702127e-03 -1.129350103092040172e+02 -1.278334972522528895e-02 -1.172072274593924934e-01 9.930252019969507682e-01 1.573504451480867239e+01
-1.484300801826448080e-01 -9.819703284594671899e-01 -1.170588968091697962e-01 1.701748033065057371e+02 9.888474473461243974e-01 -1.488375414863662982e-01 -5.302086508930790865e-03 -1.130597896680511951e+02 -1.221626677948779716e-02 -1.165403804245568331e-01 9.931108208837883256e-01 1.565270613759441432e+01
-1.494550341512799196e-01 -9.819269207764588225e-01 -1.161150938564930318e-01 1.693952361750861542e+02 9.886964025773955500e-01 -1.498284335020714231e-01 -5.555541812678817248e-03 -1.131687332378855899e+02 -1.194220655309573276e-02 -1.156328792721940668e-01 9.932202278114684590e-01 1.558553650795185597e+01
-1.502424493404317385e-01 -9.819310792399089660e-01 -1.150589502773929906e-01 1.685793218474812249e+02 9.885772056249659823e-01 -1.506149570573287466e-01 -5.499384452176639404e-03 -1.132732876804562778e+02 -1.192958234480986923e-02 -1.145708965373267718e-01 9.933434424868931023e-01 1.549084166948358465e+01
-1.500278039148617015e-01 -9.820631801589323473e-01 -1.142084420198813677e-01 1.677514044802964293e+02 9.886195133092814391e-01 -1.503104875943139795e-01 -6.181846267863645716e-03 -1.133961601947287789e+02 -1.109576300232347629e-02 -1.138361431852132621e-01 9.934375755668354291e-01 1.542449377828017099e+01
-1.508703225477803223e-01 -9.820539228335840587e-01 -1.131734881564475104e-01 1.669358847281515921e+02 9.884989646222555049e-01 -1.510732963606982171e-01 -6.830524682721182683e-03 -1.135181330851456920e+02 -1.038954835675500593e-02 -1.129023993273902127e-01 9.935517628745174079e-01 1.534853874558318054e+01
-1.520375832607792077e-01 -9.819711654680771673e-01 -1.123263257900298517e-01 1.661235153116806487e+02 9.883238580393025607e-01 -1.521976361819388224e-01 -7.199386844645598582e-03 -1.136325167541601786e+02 -1.002621097575270154e-02 -1.121093650410012743e-01 9.936452915218655368e-01 1.526282796098179162e+01
-1.537138745443453747e-01 -9.818298783926514561e-01 -1.112750406337223719e-01 1.652885915471625253e+02 9.880696520387469706e-01 -1.538126494474214567e-01 -7.748005549452770258e-03 -1.137497026835104919e+02 -9.508285470837506137e-03 -1.111384666325569703e-01 9.937594446051665198e-01 1.517538866103651252e+01
-1.564263431348129618e-01 -9.815201657376646516e-01 -1.102223363197187000e-01 1.644326836162976235e+02 9.876505629928260532e-01 -1.564356166661846625e-01 -8.617613255670369954e-03 -1.138914036495385744e+02 -8.784337961594106126e-03 -1.102091742486893955e-01 9.938695957307470685e-01 1.508801123306646730e+01
-1.596417912007084272e-01 -9.811105108329485347e-01 -1.092550412353589934e-01 1.635653468948598288e+02 9.871404082943913139e-01 -1.595821304843993982e-01 -9.346547086611534105e-03 -1.140353670942346156e+02 -8.265156659829853147e-03 -1.093421655317412811e-01 9.939698073997106365e-01 1.500485909432335063e+01
-1.631065162721556661e-01 -9.806407743788797537e-01 -1.083509851138980129e-01 1.626965293860344559e+02 9.865830816156283545e-01 -1.629035486664591748e-01 -1.078224937965155394e-02 -1.141875441699636013e+02 -7.077246595352984504e-03 -1.086559039236511537e-01 9.940542274560090208e-01 1.492067346744392076e+01
-1.666185594608899923e-01 -9.801817456759589486e-01 -1.071540997200167433e-01 1.618033894093349545e+02 9.860031948723988471e-01 -1.662895760873956963e-01 -1.206136750523513490e-02 -1.143468132740005245e+02 -5.996277561947455093e-03 -1.076639323464628067e-01 9.941692624131448497e-01 1.483104032452677323e+01
-1.694175263079376048e-01 -9.798093256414459606e-01 -1.061667893729216217e-01 1.609159484415273766e+02 9.855331924022396883e-01 -1.689427611999176904e-01 -1.351555073231821419e-02 -1.145078734926187707e+02 -4.693447895685980142e-03 -1.069206660295503875e-01 9.942564773350223151e-01 1.475479210877612068e+01
-1.727149355029686806e-01 -9.793449233747001381e-01 -1.051335917507247308e-01 1.600338579991064876e+02 9.849643097327364094e-01 -1.721446693566885955e-01 -1.454377409032007323e-02 -1.146643036049097759e+02 -3.854816068146131591e-03 -1.060647626324552895e-01 9.943517519071416455e-01 1.468440231709141486e+01
-1.758877552471513894e-01 -9.789133815503542335e-01 -1.038849795483863803e-01 1.591281139162502143e+02 9.844078014494267448e-01 -1.751395123686740884e-01 -1.635333766449914572e-02 -1.148341146255663290e+02 -2.185863587744439618e-03 -1.051415361734531345e-01 9.944548654270148891e-01 1.460033492549644940e+01
-1.791891919382169185e-01 -9.784217554726007959e-01 -1.028693438806879135e-01 1.582419268273535806e+02 9.838139971335492229e-01 -1.783257804795768120e-01 -1.760497260601956437e-02 -1.149912394640562354e+02 -1.119167832716955191e-03 -1.043589212011322709e-01 9.945390706398105074e-01 1.451480389201758037e+01
-1.818442567838176593e-01 -9.780368147883701235e-01 -1.018658686379303457e-01 1.573522712331412947e+02 9.833268935043554260e-01 -1.809650163752154484e-01 -1.788528331873883576e-02 -1.151396916429411021e+02 -9.416930574917201091e-04 -1.034197842143229074e-01 9.946373517253654928e-01 1.445116331599608728e+01
-1.843887103042194386e-01 -9.777037237565238126e-01 -1.004800082851008969e-01 1.564600558214295347e+02 9.828533623400275143e-01 -1.834504385909982993e-01 -1.857968561825550091e-02 -1.153101752304068555e+02 -2.676737743349463794e-04 -1.021829982599732206e-01 9.947655820430021389e-01 1.436865359645553752e+01
-1.870769161685543747e-01 -9.773223693110802968e-01 -9.921297234253112496e-02 1.555594211022237801e+02 9.823452415106360691e-01 -1.860964815864876165e-01 -1.912919294010528848e-02 -1.154715472341668772e+02 2.322030865499202790e-04 -1.010400217008399909e-01 9.948823347996588184e-01 1.430419884147862852e+01
-1.902489660240564984e-01 -9.768196568783248379e-01 -9.812588273686737028e-02 1.546715801086690192e+02 9.817357495949757817e-01 -1.892454428527154953e-01 -1.952127881750344296e-02 -1.156111281968796760e+02 4.988927424877179218e-04 -1.000475901538445123e-01 9.949825278920428895e-01 1.422348954706988877e+01
-1.930922128229244361e-01 -9.763375396177421672e-01 -9.736737687912135064e-02 1.537676040625807445e+02 9.811793409137109512e-01 -1.919790072284399685e-01 -2.076443468334509407e-02 -1.157865545096446453e+02 1.580604720599398938e-03 -9.954430931377733494e-02 9.950318749527374829e-01 1.415866519349847508e+01
-1.958283037187635856e-01 -9.758819795160604826e-01 -9.646573235324132356e-02 1.528686950037802035e+02 9.806368796939171073e-01 -1.947169477269667937e-01 -2.089546486852266599e-02 -1.159564708365609249e+02 1.607994654732540496e-03 -9.868977821288893448e-02 9.951169489208195884e-01 1.409738542711669318e+01
-1.986857287124861315e-01 -9.753991882334264174e-01 -9.550081046547127805e-02 1.519760017386240918e+02 9.800603778994180226e-01 -1.975035566853293734e-01 -2.177155870156152750e-02 -1.161381838499809049e+02 2.374210950817426391e-03 -9.792225840031686113e-02 9.951912351061692474e-01 1.402763370382852592e+01
-2.012571067711872441e-01 -9.749266551084985188e-01 -9.493995014242501140e-02 1.510995057815840141e+02 9.795314235135201830e-01 -1.999409855388745161e-01 -2.327643983346067841e-02 -1.163287083052657209e+02 3.710434431181998394e-03 -9.768121344812807916e-02 9.952108385742355345e-01 1.396806220098087792e+01
-2.045623808948557887e-01 -9.743295451805396024e-01 -9.400090271327493641e-02 1.502270012531213865e+02 9.788436595423002373e-01 -2.031836491463092642e-01 -2.411420522071937300e-02 -1.164955202663554985e+02 4.395736168763299256e-03 -9.694504684547930462e-02 9.952800286329784862e-01 1.391134852578333003e+01
-2.079108646822331874e-01 -9.737213604599742611e-01 -9.295044126341228674e-02 1.493480309688760030e+02 9.781357031106113764e-01 -2.064953110715439522e-01 -2.470289063604073215e-02 -1.166730095495341857e+02 4.859901994493938393e-03 -9.605414457191921440e-02 9.953642462250493761e-01 1.386823210085151281e+01
-2.107080610486826711e-01 -9.732183884589906686e-01 -9.191344501426415570e-02 1.484991987014212214e+02 9.775349767244037036e-01 -2.092673560017279666e-01 -2.515040740159275867e-02 -1.168451149252203152e+02 5.242355341319941686e-03 -9.514800091085250100e-02 9.954493335339291704e-01 1.382605634697884689e+01
-2.134948608059084041e-01 -9.727791829174307070e-01 -9.011440335463312412e-02 1.476225055332169234e+02 9.769306841912605011e-01 -2.120967610664594716e-01 -2.492794076358532257e-02 -1.170161894523358797e+02 5.136408770860467765e-03 -9.335751296822855649e-02 9.956194012158088302e-01 1.376632819947762343e+01
-2.156489937744605623e-01 -9.724080047684351413e-01 -8.898417694361954178e-02 1.467677851547842920e+02 9.764547810243271453e-01 -2.142237769125294733e-01 -2.538176550329084014e-02 -1.172084698391499842e+02 5.618905480240340977e-03 -9.236257720311599750e-02 9.957095872962168359e-01 1.371611767153788008e+01
-2.181818386003413490e-01 -9.719569890951169633e-01 -8.772853956455313462e-02 1.458861715378732811e+02 9.758894620055724722e-01 -2.167382588894481987e-01 -2.577372848551599122e-02 -1.173773552900353252e+02 6.036824616401856303e-03 -9.123671674674219134e-02 9.958109350001261850e-01 1.365112968712713126e+01
-2.205626933358488806e-01 -9.714956400617940080e-01 -8.688106611547408153e-02 1.450143261792698866e+02 9.753547516982836729e-01 -2.191400083537471399e-01 -2.570535116078000865e-02 -1.175704334920467033e+02 5.933519024627707805e-03 -9.040950215350582186e-02 9.958869992485792633e-01 1.360472973183721557e+01
-2.227194802474239399e-01 -9.711485944064353060e-01 -8.524342027818224143e-02 1.441324903064988234e+02 9.748643395498395314e-01 -2.213274732114909327e-01 -2.556695280772152551e-02 -1.177645663589620284e+02 5.962599464399177818e-03 -8.879502905130565171e-02 9.960320728889230368e-01 1.355172849028036630e+01
-2.241812880044162792e-01 -9.709379171413217158e-01 -8.379923129691232986e-02 1.432476725911621145e+02 9.745290249010343242e-01 -2.228178527399451436e-01 -2.540441154209168578e-02 -1.179650483398285132e+02 5.994141650043458003e-03 -8.735997686373656035e-02 9.961587748487922278e-01 1.350303981927915409e+01
-2.242274606884311350e-01 -9.710400190008392496e-01 -8.248228520153974563e-02 1.423551507004397365e+02 9.745143484508391740e-01 -2.228427558700583067e-01 -2.574666618562873599e-02 -1.181624022627057968e+02 6.620463477329960322e-03 -8.615328000191101177e-02 9.962598967178482035e-01 1.345318991728409763e+01
-2.242896046938993582e-01 -9.712008727837805333e-01 -8.039302165161651970e-02 1.414528002525763100e+02 9.744961420451422329e-01 -2.229119102227670179e-01 -2.583697776388017842e-02 -1.183385708438105297e+02 7.172333329433462634e-03 -8.413765497599763610e-02 9.964283279040954122e-01 1.338871764610542670e+01
-2.240796481206674962e-01 -9.713684361886929519e-01 -7.894094295390138849e-02 1.405466638260679986e+02 9.745453628787210665e-01 -2.227518664522771807e-01 -2.535629475315404058e-02 -1.185263706348025465e+02 7.046061999426540823e-03 -8.261335950292893193e-02 9.965567649872936196e-01 1.334617863738821875e+01
-2.234393319597187677e-01 -9.715985607066881524e-01 -7.791727514541943456e-02 1.396421291802901123e+02 9.746918902342267543e-01 -2.221350678548144053e-01 -2.513425433083997171e-02 -1.187336838065455851e+02 7.112246130789971754e-03 -8.156131719037774952e-02 9.966429488503621981e-01 1.328555134386850867e+01
-2.227090338566497518e-01 -9.718343739600264763e-01 -7.706254491230840609e-02 1.387167610779068525e+02 9.748582891841547360e-01 -2.214213445871275887e-01 -2.497807378826555347e-02 -1.189384955857654802e+02 7.211258390957174524e-03 -8.068790337437475868e-02 9.967133288972643834e-01 1.322881120023055246e+01
-2.223406540543664267e-01 -9.720185706910176027e-01 -7.579268953182478896e-02 1.377550924220096533e+02 9.749434913525600876e-01 -2.210991888208919676e-01 -2.450178303765250185e-02 -1.191388140257482036e+02 7.058485953600229790e-03 -7.934133181724772887e-02 9.968225172223530439e-01 1.316125002462068849e+01
-2.223879691320582719e-01 -9.720985117311877755e-01 -7.461953280025672430e-02 1.368192538736701920e+02 9.749311368643618358e-01 -2.211586968758656457e-01 -2.445627053604472814e-02 -1.193296983836592489e+02 7.271145554993696525e-03 -7.818768628229699758e-02 9.969121406403571584e-01 1.312324105995589640e+01
-2.208785120128775592e-01 -9.725810519272404253e-01 -7.279272191009394932e-02 1.358676149204774788e+02 9.752714326574696280e-01 -2.196713035279782567e-01 -2.429302468953039792e-02 -1.195385724684215205e+02 7.636463397697947075e-03 -7.635846933000965675e-02 9.970511865437770016e-01 1.306285219936230035e+01
-2.184958892600428193e-01 -9.732020633850677616e-01 -7.167489239273217017e-02 1.349244056318712524e+02 9.758051147508235434e-01 -2.172966126063058390e-01 -2.421900443777783019e-02 -1.197524567894006253e+02 7.995273766115328085e-03 -7.523247950766813463e-02 9.971339677418140646e-01 1.298989670025459375e+01
-2.154652273487531744e-01 -9.739193449163608962e-01 -7.110446822272900591e-02 1.339711861052080337e+02 9.764685751408456182e-01 -2.142009906114232809e-01 -2.504111386284472301e-02 -1.199569949925521826e+02 9.157377679070717591e-03 -7.482676806311955309e-02 9.971545001730027780e-01 1.292761157416908091e+01
-2.122227593991401484e-01 -9.746472644769790250e-01 -7.088166364128978270e-02 1.330290588904141771e+02 9.771747932074699161e-01 -2.109459151895101137e-01 -2.512457730587438348e-02 -1.201590654914952836e+02 9.535403135343976933e-03 -7.459578213546844139e-02 9.971682633210124935e-01 1.287335208224124194e+01
-2.088058201363065525e-01 -9.753695690949689689e-01 -7.109383349277807740e-02 1.320574519691335524e+02 9.779042575027762085e-01 -2.074862366114025303e-01 -2.554847891325267434e-02 -1.203536106429672401e+02 1.016821691095693911e-02 -7.485763354749802589e-02 9.971423880592581446e-01 1.281894948016323887e+01
-2.043905639090521920e-01 -9.762993250118991995e-01 -7.116266834689617682e-02 1.310881495340040885e+02 9.788302849067442857e-01 -2.030383722339081931e-01 -2.582039407110582260e-02 -1.205486777294470642e+02 1.075968095818660708e-02 -7.493361983726377906e-02 9.971304738517233757e-01 1.276545217471769789e+01
-2.005241894892115795e-01 -9.770759085279888678e-01 -7.150327547671841977e-02 1.301045039021225023e+02 9.796324295911084112e-01 -1.991952905082781111e-01 -2.532862279604564462e-02 -1.207392814935162733e+02 1.050487139933065778e-02 -7.512592903603503014e-02 9.971187203454542347e-01 1.270314123523081840e+01
-1.960210363867094241e-01 -9.779703025191852639e-01 -7.176239045916241177e-02 1.291547469448110519e+02 9.805346423355074670e-01 -1.946395382174608280e-01 -2.583147968026410987e-02 -1.209380168704468161e+02 1.129462145707358853e-02 -7.542902328034345460e-02 9.970872047986147901e-01 1.266230279972882045e+01
-1.920273639807170696e-01 -9.787958739559007304e-01 -7.130307573675857824e-02 1.281732439692014793e+02 9.813190853836865069e-01 -1.906353279556327607e-01 -2.590413860705582591e-02 -1.211327670562347407e+02 1.176197875964571718e-02 -7.494537251994369542e-02 9.971182713166499845e-01 1.259936157357758901e+01
-1.871556029484302552e-01 -9.797495741721974349e-01 -7.115864103822741593e-02 1.271995239948840464e+02 9.822540312693656128e-01 -1.857468931513128751e-01 -2.598287396949840525e-02 -1.213220351035629676e+02 1.223921321366568463e-02 -7.475870246354314463e-02 9.971265406486169436e-01 1.251990069114655668e+01
-1.825160271869736839e-01 -9.806784771484609031e-01 -7.041039893126627147e-02 1.262172129087304313e+02 9.831057106455654004e-01 -1.810226349085184427e-01 -2.709183173680978010e-02 -1.214957035847535280e+02 1.382250035131921476e-02 -7.416555877598075830e-02 9.971501433462687247e-01 1.244792730444897622e+01
-1.772544300215077584e-01 -9.816568917483823320e-01 -7.021833037502013541e-02 1.252358173755190904e+02 9.840541023365734219e-01 -1.757114084959117140e-01 -2.762289990106112439e-02 -1.216900674354425291e+02 1.477804832552631967e-02 -7.399491744226711909e-02 9.971491169731839799e-01 1.238445084126077234e+01
-1.721219625312042645e-01 -9.825625240577746666e-01 -7.032009905867769861e-02 1.242576833130747360e+02 9.849495892743662662e-01 -1.705188898278768850e-01 -2.824207499682286279e-02 -1.218398807302499165e+02 1.575869926943520433e-02 -7.412283405998391916e-02 9.971246004729056311e-01 1.234836401767864977e+01
-1.665646522504351523e-01 -9.834789333933400268e-01 -7.089008528835422096e-02 1.232845905629566232e+02 9.858832041490179776e-01 -1.648660156898289486e-01 -2.921480185499918461e-02 -1.220139921947115056e+02 1.704477625424924425e-02 -7.475549773802313280e-02 9.970562126381756762e-01 1.232517005668446508e+01
-1.613683273680091013e-01 -9.843381415979443050e-01 -7.098370177693541505e-02 1.222783876037796063e+02 9.867283109950791831e-01 -1.596043714263761792e-01 -2.989456309080426241e-02 -1.221709075024024997e+02 1.809704957305966616e-02 -7.486566380589436409e-02 9.970294023646709691e-01 1.226746011366307876e+01
-1.564724804535952973e-01 -9.851136954879279317e-01 -7.118546075440843057e-02 1.213036745624389994e+02 9.875156730143285211e-01 -1.547153048165093026e-01 -2.959679047789726819e-02 -1.223214889082754695e+02 1.814272338314133412e-02 -7.492784140526664860e-02 9.970239015041665320e-01 1.218705004245794932e+01
-1.521682169192144496e-01 -9.858052625228086452e-01 -7.094235788274302901e-02 1.203150178866326030e+02 9.881871869914216067e-01 -1.504288942379927718e-01 -2.927851164789148711e-02 -1.224712662029428145e+02 1.819113041038979833e-02 -7.455958798619465033e-02 9.970506259030788021e-01 1.210515391071341362e+01
-1.487610240529606553e-01 -9.863502921134604806e-01 -7.059220190931678185e-02 1.193185913223238828e+02 9.887004807020206565e-01 -1.470215014377014295e-01 -2.925811980626051925e-02 -1.226138947299265283e+02 1.848018350309454938e-02 -7.414701182579912231e-02 9.970760770648330329e-01 1.203417205377985333e+01
-1.459549558660022672e-01 -9.867261085222763795e-01 -7.119506737576003497e-02 1.183464461879994758e+02 9.891116072710243179e-01 -1.441787293995258068e-01 -2.950800485410561350e-02 -1.227638833541200682e+02 1.885150444619737228e-02 -7.472670706798160978e-02 9.970258472230753011e-01 1.201544003215948386e+01
-1.441238940466722518e-01 -9.869494038281305670e-01 -7.182741432155692607e-02 1.173239226361177998e+02 9.894050624455501541e-01 -1.424383072531774097e-01 -2.808827217836487936e-02 -1.228970016107262353e+02 1.749072817066426450e-02 -7.511459851551122169e-02 9.970215000279148976e-01 1.198740148151958351e+01
-1.419158146359740247e-01 -9.872793666955308467e-01 -7.168928548590691729e-02 1.163279073022273593e+02 9.897321772524134698e-01 -1.402760234539792705e-01 -2.743819518729887288e-02 -1.230391691100551981e+02 1.703287607556470268e-02 -7.484710643178285605e-02 9.970495432983176309e-01 1.192480041108766997e+01
-1.400315408742891510e-01 -9.875903654760049832e-01 -7.110863224210657585e-02 1.153153942713367144e+02 9.900073150673340816e-01 -1.384437877280288998e-01 -2.681107518703305589e-02 -1.231646171127226239e+02 1.663381115500996155e-02 -7.415246225505504885e-02 9.971081830312957806e-01 1.184577133179273822e+01
-1.379510752369692561e-01 -9.879440681332084528e-01 -7.025680807844082720e-02 1.143260300776331491e+02 9.903015652888375042e-01 -1.364026100769526462e-01 -2.640336627541264511e-02 -1.233001421495905134e+02 1.650183709296748624e-02 -7.321779977984607668e-02 9.971794438153824824e-01 1.180815817698996284e+01
-1.361550863476259643e-01 -9.882684964637284963e-01 -6.918938761827811423e-02 1.133105381925519453e+02 9.905548078792092426e-01 -1.346612477742124003e-01 -2.583642651907306145e-02 -1.234235708225702837e+02 1.621619712058897794e-02 -7.205364144312208230e-02 9.972689244660800645e-01 1.174172007723335120e+01
-1.332953878497309397e-01 -9.887141942340339495e-01 -6.838553720001729064e-02 1.123030489968091103e+02 9.909400214849989341e-01 -1.318149278487199538e-01 -2.574293331278646943e-02 -1.235686846234988252e+02 1.643816891565590479e-02 -7.119737998256595035e-02 9.973267868087763999e-01 1.168513602404873275e+01
-1.312790977288065264e-01 -9.889931493779384741e-01 -6.825209874441461044e-02 1.112866445887132727e+02 9.911967186553931608e-01 -1.297553956820411969e-01 -2.631733683673978530e-02 -1.237136051931523042e+02 1.717158776269605072e-02 -7.110617255135991133e-02 9.973209357066582514e-01 1.163778952634180008e+01
-1.297733761612809289e-01 -9.892104600561009153e-01 -6.798188402287735910e-02 1.102706216035188476e+02 9.913929955261238103e-01 -1.282530772323628998e-01 -2.628833585772405793e-02 -1.238297470268966407e+02 1.728581098594087623e-02 -7.080828974086844640e-02 9.973401560363102103e-01 1.157330322117448596e+01
-1.277667869130070244e-01 -9.894597764199707379e-01 -6.815422957431038764e-02 1.092410868159264368e+02 9.916179766074305624e-01 -1.261091154327833586e-01 -2.811190982032449326e-02 -1.239873516069508526e+02 1.922073440093752597e-02 -7.117472761944704240e-02 9.972786579073003033e-01 1.149180512733527237e+01
-1.262828385907479589e-01 -9.896096371869003150e-01 -6.874162250249005179e-02 1.082093814320403453e+02 9.917985010328091988e-01 -1.245777399899303806e-01 -2.856781489848945685e-02 -1.241096861055093967e+02 1.970730896231553259e-02 -7.178546291424914294e-02 9.972253854007381291e-01 1.143776891792441575e+01
-1.253624386430143289e-01 -9.897022410501017387e-01 -6.909220678110145064e-02 1.071947019313008553e+02 9.919050732686740535e-01 -1.236132165286756290e-01 -2.905337025718327318e-02 -1.242398501046897366e+02 2.021347573631632893e-02 -7.217511177574174874e-02 9.971871281955140276e-01 1.137794562181283275e+01
-1.244500275308486614e-01 -9.898251838957294879e-01 -6.898040282106207566e-02 1.061534638974184190e+02 9.920090206603078276e-01 -1.226683806176893654e-01 -2.950544568736960388e-02 -1.243809326695661923e+02 2.074351889501049179e-02 -7.210113537537843342e-02 9.971815946463481461e-01 1.133793478835670854e+01
-1.240992757971224325e-01 -9.899037729306482403e-01 -6.848277217152748397e-02 1.051246447994874558e+02 9.920346790930344438e-01 -1.222716551913769489e-01 -3.027932980667540422e-02 -1.244899376127598600e+02 2.160012091193278666e-02 -7.169492781521330516e-02 9.971926955720048502e-01 1.127498369473214446e+01
-1.233547080098638116e-01 -9.900122290920706503e-01 -6.825981438555853154e-02 1.040750863420021659e+02 9.921095439395996030e-01 -1.214777226253536124e-01 -3.101315414009929439e-02 -1.246274771541610136e+02 2.241135506302866995e-02 -7.154683189287504297e-02 9.971854301033140633e-01 1.123197629962431421e+01
-1.228391685153769064e-01 -9.901037104041250370e-01 -6.786148629698457446e-02 1.030253373278399778e+02 9.921677041357648275e-01 -1.209579095404971216e-01 -3.118382576847634688e-02 -1.247447170261766161e+02 2.266683807716985896e-02 -7.116057028704785015e-02 9.972072942412752994e-01 1.116002290375288730e+01
-1.220205506463356571e-01 -9.902367148685112808e-01 -6.739609592835457685e-02 1.019661821671264192e+02 9.922646549334966926e-01 -1.201438126300000686e-01 -3.124610145980473083e-02 -1.248843635923106774e+02 2.284381294079549513e-02 -7.068743037589023115e-02 9.972369063553452317e-01 1.111755239658466188e+01
-1.214823357371028756e-01 -9.903149710542569206e-01 -6.721830263897148050e-02 1.009125956083939712e+02 9.923485198608310576e-01 -1.196687734713375306e-01 -3.039407484829811934e-02 -1.249922916858856325e+02 2.205577552198238409e-02 -7.039632633648031101e-02 9.972752378378055838e-01 1.106404563634406735e+01
-1.213474052922527413e-01 -9.903858692631855032e-01 -6.641262826181756895e-02 9.981808656320858120e+01 9.923769411236009752e-01 -1.195969564782086714e-01 -2.974180100993305265e-02 -1.251280518177382959e+02 2.151311123484319146e-02 -6.951545126771520311e-02 9.973488798209195760e-01 1.102400467973455989e+01
-1.204338391499284455e-01 -9.905525961886283426e-01 -6.558387432576640030e-02 9.876257856737703378e+01 9.925099958410787959e-01 -1.187819473083495669e-01 -2.854395118372324985e-02 -1.252377909827410605e+02 2.048410464607795106e-02 -6.853030845987215236e-02 9.974387190595938035e-01 1.096338305131113522e+01
-1.198606331065625863e-01 -9.906292863715880914e-01 -6.547553447060844301e-02 9.768717155763097537e+01 9.925831255014588850e-01 -1.182260166630897391e-01 -2.830808989906944545e-02 -1.253642882071731037e+02 2.030191126591106981e-02 -6.838293622605498556e-02 9.974525584868958461e-01 1.090404033090851499e+01
-1.190009428077742903e-01 -9.907352772324508061e-01 -6.543994237466685404e-02 9.661525251549863924e+01 9.926850550673839146e-01 -1.173646737932032558e-01 -2.831810006480140265e-02 -1.254993930103407251e+02 2.037540322854852065e-02 -6.833113340603885755e-02 9.974546100704132501e-01 1.084202784663042074e+01
-1.188753576296579517e-01 -9.907430065984207390e-01 -6.555108103412798926e-02 9.551275416290710041e+01 9.927044322237342788e-01 -1.172508799328570994e-01 -2.810945389587700752e-02 -1.256252479024609556e+02 2.016332293483935612e-02 -6.841437006428277567e-02 9.974532141293308563e-01 1.079187904041533663e+01
-1.182173264447412553e-01 -9.908217040371153361e-01 -6.555161735033498971e-02 9.442404738544615839e+01 9.927732536120615903e-01 -1.165619397743564711e-01 -2.854086734071975204e-02 -1.257608865041058692e+02 2.063808713952779150e-02 -6.845191746785884990e-02 9.974409277517113370e-01 1.072873764184069678e+01
-1.177077104229380389e-01 -9.909415974484714340e-01 -6.465017674578731055e-02 9.331493084256017312e+01 9.928203195782696611e-01 -1.160361536755187828e-01 -2.904176428342187394e-02 -1.258815603519591804e+02 2.127693444771240269e-02 -6.760444871798843014e-02 9.974853034376218730e-01 1.066985471185176770e+01
-1.172181233614841833e-01 -9.911048781091374993e-01 -6.301612606217676937e-02 9.222502225635943773e+01 9.928633745951257472e-01 -1.155502043606395635e-01 -2.950372281245480094e-02 -1.260109339045078798e+02 2.195975735730345407e-02 -6.602477459625802347e-02 9.975763119663185741e-01 1.060298530038777720e+01
-1.165777366580780239e-01 -9.912492316456379404e-01 -6.192408317943039198e-02 9.113541676342309472e+01 9.929372389403371413e-01 -1.149393876886350974e-01 -2.940368485925258860e-02 -1.261381933349353801e+02 2.202886382046078187e-02 -6.491454320639442055e-02 9.976476488415561006e-01 1.055795799554054071e+01
-1.159223875948616200e-01 -9.913547947306254882e-01 -6.146276123724828816e-02 9.000877623310906017e+01 9.930121727508695040e-01 -1.142941532384933456e-01 -2.938828515061894797e-02 -1.262637761900487732e+02 2.210938314166597390e-02 -6.444003026144616564e-02 9.976766298139888578e-01 1.050504133526804829e+01
-1.157581536391765198e-01 -9.913372078771237605e-01 -6.205312356712928967e-02 8.890634141926692280e+01 9.930439166637788917e-01 -1.141503058418953387e-01 -2.887017930778607022e-02 -1.263895734872238279e+02 2.153669991225983307e-02 -6.496343552022477985e-02 9.976552122864386085e-01 1.046143936264406626e+01
-1.170235774292029962e-01 -9.911610102583211512e-01 -6.249267212542160971e-02 8.778552002326503612e+01 9.929058426295281903e-01 -1.154311188932828358e-01 -2.852445377551553196e-02 -1.265178996422393141e+02 2.105872735513827226e-02 -6.538737289988733048e-02 9.976377205516203661e-01 1.040664615190537923e+01
-1.188478230034493155e-01 -9.909293311944370464e-01 -6.272364423314556736e-02 8.665039745476434518e+01 9.927163614327448871e-01 -1.173315134712682450e-01 -2.734120864689904007e-02 -1.266287958567153566e+02 1.973374549021086888e-02 -6.551623100489728513e-02 9.976563550460852969e-01 1.036345831971125975e+01
-1.196308393426908090e-01 -9.908888554102998070e-01 -6.186871989809771683e-02 8.553642536051791012e+01 9.926231805646564821e-01 -1.181389858724875008e-01 -2.724704429338720493e-02 -1.267648978334026850e+02 1.968968470719794500e-02 -6.467191230113898681e-02 9.977123132824636809e-01 1.029357597132966262e+01
-1.209050408082783523e-01 -9.907449690088883099e-01 -6.169584662459942637e-02 8.439395535034948637e+01 9.924743479845710148e-01 -1.194331254847709189e-01 -2.702586038482522948e-02 -1.269015142834545600e+02 1.940720741759725462e-02 -6.449910790481153122e-02 9.977290340466863361e-01 1.022075313144182473e+01
-1.218325162802305073e-01 -9.906151632433397580e-01 -6.195511544012916039e-02 8.327859331870331516e+01 9.923632503148074324e-01 -1.203589984407564817e-01 -2.699797990535124370e-02 -1.270395754311479095e+02 1.928775262852455361e-02 -6.477121155814768994e-02 9.977137228442989336e-01 1.015231962897674656e+01
-1.225734443056998302e-01 -9.903864801516126803e-01 -6.411217266586211050e-02 8.216853288068259076e+01 9.923458792891177715e-01 -1.213261932717597524e-01 -2.301327191191311280e-02 -1.271828389761534339e+02 1.501354751368080137e-02 -6.644226636022747268e-02 9.976773118759246772e-01 1.014632346221819681e+01
-1.235140924751183533e-01 -9.902911062937085340e-01 -6.377925803606765420e-02 8.101609861166168969e+01 9.922456333978004750e-01 -1.223471723867612937e-01 -2.190370772180328870e-02 -1.273098823165301070e+02 1.388783507412013479e-02 -6.599010686873847675e-02 9.977236259768565985e-01 1.010601996522948909e+01
-1.246191970553676143e-01 -9.901938105256999911e-01 -6.313694102401584685e-02 7.987196852435231165e+01 9.921122000333155722e-01 -1.234864401892865615e-01 -2.155183598750804938e-02 -1.274526142582582793e+02 1.354393850879887298e-02 -6.532470195854227224e-02 9.977721408436384110e-01 1.004518558910004700e+01
-1.251136420379022063e-01 -9.902013154696631680e-01 -6.203169688280548572e-02 7.874448552932499013e+01 9.920247776317379085e-01 -1.238912634607258756e-01 -2.319041618440966304e-02 -1.276129510653779562e+02 1.527799531066788979e-02 -6.443841773549068008e-02 9.978047269776956218e-01 9.974548380726036001e+00
-1.262444292106996713e-01 -9.900137372379546052e-01 -6.273072750576709489e-02 7.760102761814532357e+01 9.918540731340722560e-01 -1.248918104990752731e-01 -2.505061431608916409e-02 -1.277531496542731873e+02 1.696589816705865172e-02 -6.538222809297072891e-02 9.977160530676970618e-01 9.898634399957984442e+00
-1.270110609915759969e-01 -9.898880011924073852e-01 -6.316593608183605768e-02 7.645501639774806790e+01 9.917082199066487025e-01 -1.254721428318337217e-01 -2.777675183987409618e-02 -1.278957676261693308e+02 1.957030800422387626e-02 -6.617013275253691429e-02 9.976164175554307345e-01 9.832662134990993508e+00
-1.276242951495278888e-01 -9.897890082201140638e-01 -6.348037881290159723e-02 7.531548320461671153e+01 9.916436071259492335e-01 -1.261237799533574400e-01 -2.712468574036231914e-02 -1.280432282252926370e+02 1.884133046848132306e-02 -6.641168072651359999e-02 9.976144009231507903e-01 9.794049714595516321e+00
-1.283196235525621010e-01 -9.896557324421220159e-01 -6.415298477683004097e-02 7.416925966908617340e+01 9.915535616359920645e-01 -1.267976896157267941e-01 -2.727416937494650528e-02 -1.281847019333594346e+02 1.885758781785824845e-02 -6.711093169194733143e-02 9.975672980952866586e-01 9.797632653740693698e+00
-1.289024796082209878e-01 -9.895376354414734399e-01 -6.480292274080093340e-02 7.302219777652499033e+01 9.915056259562876617e-01 -1.274644840497680676e-01 -2.587274633580971539e-02 -1.283138219352886154e+02 1.734198511944103419e-02 -6.758752363287513776e-02 9.975626206917000971e-01 9.757475180663783831e+00
-1.289587548902817460e-01 -9.895158252022788758e-01 -6.502362041136611204e-02 7.190494261327255288e+01 9.915059364410301335e-01 -1.275450353214344634e-01 -2.546059636085091366e-02 -1.284679854398603709e+02 1.690022305605428862e-02 -6.775467245221700185e-02 9.975588638378932727e-01 9.702099975892435779e+00
-1.290792158104157039e-01 -9.895232688685867695e-01 -6.467036735163231298e-02 7.077755191848115146e+01 9.914688551783793491e-01 -1.275917470673224585e-01 -2.664310964550941491e-02 -1.286076602733186007e+02 1.811257179536835890e-02 -6.755772678188140534e-02 9.975509452128358268e-01 9.622149721790435706e+00
-1.295685392132073233e-01 -9.894638561823377865e-01 -6.460085877860852199e-02 6.964014964822723641e+01 9.913869543490479996e-01 -1.280159604006219087e-01 -2.763730502825934021e-02 -1.287561009865374047e+02 1.907617342850047651e-02 -6.762537387315904758e-02 9.975283998041565292e-01 9.539086988240452314e+00
-1.304507817704267936e-01 -9.892892026148764062e-01 -6.549402358312192418e-02 6.852340306958181770e+01 9.912516114747552676e-01 -1.288018972623676817e-01 -2.881516979501452802e-02 -1.289093034503748072e+02 2.007078185286984701e-02 -6.868001784534245868e-02 9.974368244979618936e-01 9.475474578930819902e+00
-1.307522830088769794e-01 -9.892059167859865720e-01 -6.614752212715047097e-02 6.739548801354142427e+01 9.912128459283344739e-01 -1.290867865800917613e-01 -2.887378736981252234e-02 -1.290502913767878965e+02 2.002335023460966382e-02 -6.934158727647617149e-02 9.973920040382121543e-01 9.437146645170658488e+00
-1.309726700523703435e-01 -9.891671149051647349e-01 -6.629161703824602847e-02 6.627619540157347444e+01 9.911769919952441166e-01 -1.292790631161999659e-01 -2.924199683772152683e-02 -1.291789186109810146e+02 2.035510350287258671e-02 -6.953662797396874262e-02 9.973717096105129132e-01 9.404802261215239767e+00
-1.304898454329073143e-01 -9.892139598089904062e-01 -6.654428568940556898e-02 6.515694613428354387e+01 9.912264743611829410e-01 -1.287422732639942335e-01 -2.992496617071150125e-02 -1.293391504029409305e+02 2.103513167049684759e-02 -6.986536190299393045e-02 9.973346251092300996e-01 9.379853370758352682e+00
-1.291645428660188610e-01 -9.894035080607803678e-01 -6.631153069590760285e-02 6.404218561298314683e+01 9.913778678088751573e-01 -1.273561909866181008e-01 -3.082732288261602963e-02 -1.294820612476543715e+02 2.205547743625968851e-02 -6.972158098036788931e-02 9.973226444138609814e-01 9.319899633473360367e+00
-1.271555852767847217e-01 -9.896764416044527835e-01 -6.612108639509399477e-02 6.293588095337342025e+01 9.916282227564188201e-01 -1.253299855726250911e-01 -3.107832925548933631e-02 -1.296272953007907063e+02 2.247053550464082894e-02 -6.951931853459701605e-02 9.973274985603374221e-01 9.241164916523926465e+00
-1.255618877669153477e-01 -9.898486717352422692e-01 -6.658693118312124237e-02 6.184487182243719161e+01 9.918106196355723769e-01 -1.236633007607188528e-01 -3.192307665414556572e-02 -1.297628306083297218e+02 2.336465532617670871e-02 -7.004994724438513842e-02 9.972698219501821004e-01 9.163417522856036612e+00
-1.253282522488576856e-01 -9.898334919052041991e-01 -6.724944230993545879e-02 6.073869077843340847e+01 9.918530717237351579e-01 -1.234484829640394299e-01 -3.143177001170610607e-02 -1.298783523770140675e+02 2.281037703410911804e-02 -7.064085472747276551e-02 9.972409720538631950e-01 9.101730010258263448e+00
-1.248868730038332764e-01 -9.899065416122556638e-01 -6.699483431271692491e-02 5.963020049405238865e+01 9.919393173446100498e-01 -1.231136428254382409e-01 -2.999035938697623346e-02 -1.299919467328653297e+02 2.143967483974505706e-02 -7.020021241787227639e-02 9.973024969984040089e-01 9.072773805547321047e+00
-1.233982305045857597e-01 -9.901024095745348808e-01 -6.685877102548232198e-02 5.854201574570851818e+01 9.921646451933555655e-01 -1.217666685418681283e-01 -2.796775394196462580e-02 -1.301334843357114721e+02 1.954977075775032186e-02 -6.978608018018753190e-02 9.973703973331090600e-01 9.065091080415434988e+00
-1.220527269950288929e-01 -9.902985342494811105e-01 -6.642247282665235397e-02 5.746426895736387053e+01 9.923398961467323476e-01 -1.204689682050956723e-01 -2.736344669615282943e-02 -1.302754198060421231e+02 1.909613438815616071e-02 -6.925345307585786814e-02 9.974163107190996413e-01 9.007132663617962720e+00
-1.214427678373710684e-01 -9.903988084737751496e-01 -6.604433597005325562e-02 5.638525849723629335e+01 9.924042207355996403e-01 -1.198337737668195846e-01 -2.781599056245293369e-02 -1.304068171692674127e+02 1.963458189435598675e-02 -6.892072865640329338e-02 9.974289029075226187e-01 8.937491105889318277e+00
-1.205689779177974152e-01 -9.905407636918602821e-01 -6.551425057652854322e-02 5.530567519752356276e+01 9.925009294400383153e-01 -1.189434592208837849e-01 -2.818436746195506631e-02 -1.305253758187468236e+02 2.012527327810090944e-02 -6.842111496691966055e-02 9.974535199206855385e-01 8.858538635223082380e+00
-1.194660866787387032e-01 -9.907198242086442397e-01 -6.482348381305315377e-02 5.422653687682308288e+01 9.926223141768600877e-01 -1.178234860838789366e-01 -2.861061909880653273e-02 -1.306624199468890311e+02 2.070737868111427113e-02 -6.776323521670944705e-02 9.974865154081642427e-01 8.798694709415940451e+00
-1.183577849514871883e-01 -9.908627991749950903e-01 -6.467107508361968904e-02 5.316231119522458926e+01 9.927407123061174898e-01 -1.166764706176037780e-01 -2.919724874302844636e-02 -1.307869344288939146e+02 2.138487482592297748e-02 -6.765733083201744269e-02 9.974794096688746059e-01 8.761178967837304654e+00
-1.175162844937074347e-01 -9.909586790816899970e-01 -6.473653706730544966e-02 5.208905304373372758e+01 9.928377456825678848e-01 -1.158261127867745710e-01 -2.928348245449155507e-02 -1.309058527911241470e+02 2.152053964823186921e-02 -6.771416358028803373e-02 9.974726354260906591e-01 8.721616897382254763e+00
-1.172064397230276889e-01 -9.909902331684412591e-01 -6.481518535197661190e-02 5.102792442625564462e+01 9.928729433328025156e-01 -1.155103109548289986e-01 -2.933745832168785719e-02 -1.310166347249318903e+02 2.158631244817718967e-02 -6.779178289348589126e-02 9.974659419183253828e-01 8.703816243706018696e+00
-1.162389075888012879e-01 -9.911292679665031358e-01 -6.443050940933267579e-02 4.996311613273378782e+01 9.929816412646592649e-01 -1.145411618505394191e-01 -2.945814578808851267e-02 -1.311513165960769527e+02 2.181688506423162116e-02 -6.740249566679627768e-02 9.974873067382770131e-01 8.654991775557119738e+00
-1.157527333734964525e-01 -9.912150105285103541e-01 -6.398521406957378976e-02 4.889803038469041496e+01 9.930196324833323596e-01 -1.140128954084067558e-01 -3.021703465363775529e-02 -1.312652702084625389e+02 2.265643880294708132e-02 -6.703627811533574565e-02 9.974932697503335888e-01 8.593600347509083193e+00
-1.152119075278454918e-01 -9.912854331951288511e-01 -6.387023014630002771e-02 4.785355712425813834e+01 9.930757427770409151e-01 -1.134571493045934965e-01 -3.046382082904194183e-02 -1.313862963426815043e+02 2.295180758946813171e-02 -6.693777115217786067e-02 9.974931324683667944e-01 8.525907826451758709e+00
-1.157344789806473706e-01 -9.912398554944454876e-01 -6.363237583517715457e-02 4.682021579811806333e+01 9.930134505268315426e-01 -1.139811691908041436e-01 -3.053817516967160736e-02 -1.314960554302964795e+02 2.301776374616718371e-02 -6.672212488559110810e-02 9.975060604341595694e-01 8.462066980118709836e+00
-1.168920019534238630e-01 -9.911340957655226935e-01 -6.316220460354968202e-02 4.576113775474976819e+01 9.928968117153630368e-01 -1.152055798879922932e-01 -2.972533680445831744e-02 -1.316093560851355448e+02 2.218515640665645258e-02 -6.618820569959082967e-02 9.975604945372891219e-01 8.424975245981867644e+00
-1.182780400551493027e-01 -9.910025328599801897e-01 -6.264411469417276168e-02 4.471232049728296687e+01 9.927453794784065755e-01 -1.166416462728805392e-01 -2.917769488885261012e-02 -1.317262432430367767e+02 2.160825687063317249e-02 -6.564073597893599343e-02 9.976093308581052144e-01 8.401615650568043492e+00
-1.190918936457034949e-01 -9.909116863006911524e-01 -6.253919427528398245e-02 4.368663275320053430e+01 9.926686446272584563e-01 -1.175202345711250373e-01 -2.824812277356012966e-02 -1.318483090391854375e+02 2.064177419125690430e-02 -6.544481965036651194e-02 9.976426678621800326e-01 8.368555785640481304e+00
-1.204449638453322091e-01 -9.907622039698061878e-01 -6.231585568047375706e-02 4.264364138209256794e+01 9.925047023691168091e-01 -1.188740548793196794e-01 -2.834386797422128873e-02 -1.319534988502093427e+02 2.067429465515629311e-02 -6.526265594841737516e-02 9.976539276117095678e-01 8.306262898817413642e+00
-1.216231362928141824e-01 -9.906290646722734072e-01 -6.214393731360569328e-02 4.160661607199131851e+01 9.923593893890775286e-01 -1.200490091045465224e-01 -2.847942598358550390e-02 -1.320852942736137834e+02 2.075222902816914114e-02 -6.513287679470555758e-02 9.976607907253888241e-01 8.243448030901900481e+00
-1.227929136659364762e-01 -9.905159950661336365e-01 -6.164384698878455637e-02 4.057090039258574166e+01 9.922176550375289006e-01 -1.212374693989388685e-01 -2.838311197822554477e-02 -1.322087604251908886e+02 2.064038239124991667e-02 -6.464935832541691962e-02 9.976945600146643889e-01 8.190239737765763195e+00
-1.237654423771288315e-01 -9.904284393649752660e-01 -6.110336954909354606e-02 3.954569892597125857e+01 9.921100918178656913e-01 -1.222649225908489790e-01 -2.772822419484937545e-02 -1.323304207735986324e+02 1.999202306770685861e-02 -6.405306550753991912e-02 9.977462221490728256e-01 8.156969198802636711e+00
-1.244490511908078467e-01 -9.904005076532087504e-01 -6.016035320686424770e-02 3.850466799049828381e+01 9.920220757953917001e-01 -1.229653656901454895e-01 -2.777984836696332019e-02 -1.324532390136870674e+02 2.011553609303926016e-02 -6.313757424035050525e-02 9.978020905604145785e-01 8.128194022376714400e+00
-1.247383504364178997e-01 -9.904153295245714528e-01 -5.931120444853826834e-02 3.749274726117305079e+01 9.920032359004176126e-01 -1.233330961304444084e-01 -2.680536069481445974e-02 -1.325779729127588951e+02 1.923340566571564089e-02 -6.218056321402555542e-02 9.978795787392807926e-01 8.094576501689063619e+00
-1.256042998065096672e-01 -9.903784339518324487e-01 -5.808715377114652412e-02 3.644631265458636449e+01 9.919013561732477058e-01 -1.242537892494279816e-01 -2.631910862532099368e-02 -1.327095693654655406e+02 1.884832862057441230e-02 -6.092251981225910162e-02 9.979645219585392413e-01 8.046923201114681845e+00
-1.265862562127588742e-01 -9.902845157026645140e-01 -5.755430216392465326e-02 3.539532214993258918e+01 9.917667443188273868e-01 -1.252167960431354032e-01 -2.682310295109445811e-02 -1.328358085742085564e+02 1.935573820010214052e-02 -6.047587906124607393e-02 9.979819755138359394e-01 7.991213947184858668e+00
-1.271558533573080574e-01 -9.902395333606445194e-01 -5.707061876892519786e-02 3.436484874059626549e+01 9.916945428884901270e-01 -1.258002961609616666e-01 -2.676226991499544572e-02 -1.329734593964855947e+02 1.932155692907657624e-02 -5.999960046123241353e-02 9.980113853971450677e-01 7.937002785518767922e+00
-1.282079984497364045e-01 -9.901052214051453415e-01 -5.704699536154636541e-02 3.330332247057575046e+01 9.915469698097201245e-01 -1.268137553015831198e-01 -2.743862473725641044e-02 -1.330937770293939479e+02 1.993278191006426711e-02 -6.008262654526753260e-02 9.979943698201647617e-01 7.884178135464630088e+00
-1.286835758179887268e-01 -9.899816081362881048e-01 -5.811155536195090898e-02 3.225097223111505684e+01 9.915045220974559870e-01 -1.273188821484771971e-01 -2.662113650386984179e-02 -1.332306034854029235e+02 1.895573725792376943e-02 -6.104357296514775766e-02 9.979550902844562810e-01 7.837145765326641644e+00
-1.295284379817507325e-01 -9.898182715264635112e-01 -5.900994074197873918e-02 3.116764145374681405e+01 9.914200603248962684e-01 -1.282241711082763302e-01 -2.539342294718427775e-02 -1.333637862779029604e+02 1.756837327093365222e-02 -6.179280941953983752e-02 9.979343670626107388e-01 7.810945203796700653e+00
-1.304107160269150079e-01 -9.897605972474704528e-01 -5.802590181701730576e-02 3.010868399034015042e+01 9.913180060720440112e-01 -1.291778522951048114e-01 -2.452943769781911962e-02 -1.335038635958775899e+02 1.678260953172914724e-02 -6.072102282368797843e-02 9.980136779646613387e-01 7.781713794723756017e+00
-1.306302904370104656e-01 -9.897931310628413915e-01 -5.696740226795847517e-02 2.905443618670270567e+01 9.912918614648782434e-01 -1.294329988365177098e-01 -2.423931116354291482e-02 -1.336288368814453236e+02 1.661844197990151525e-02 -5.963771049430975635e-02 9.980817455865814702e-01 7.736255448109346844e+00
-1.302472440526194486e-01 -9.898847795224419155e-01 -5.624747715679628141e-02 2.799499570998651166e+01 9.913288465262555249e-01 -1.290218377412621908e-01 -2.490950482830485077e-02 -1.337786932737472512e+02 1.740038682390022268e-02 -5.900414100446087218e-02 9.981060754662824941e-01 7.677718876437408468e+00
-1.296373728874309350e-01 -9.899626752700679821e-01 -5.628546102658273098e-02 2.693151648527336661e+01 9.913868075223485343e-01 -1.283401427927204352e-01 -2.609608435359117226e-02 -1.339269702321443276e+02 1.861046537544873425e-02 -5.918369133531578563e-02 9.980736151499223219e-01 7.620055783225349266e+00
-1.293978503899015919e-01 -9.899838307842127039e-01 -5.646424621198943561e-02 2.585478489486702003e+01 9.913891392600288066e-01 -1.280074492157143862e-01 -2.759832427060916055e-02 -1.340512990634294965e+02 2.009405065515773234e-02 -5.954920428605082333e-02 9.980231066449143373e-01 7.559766969896420719e+00
-1.286444192233473505e-01 -9.900753237635007142e-01 -5.658150472802102315e-02 2.478143144322360314e+01 9.914788536114775841e-01 -1.272279056268408315e-01 -2.797754226299828395e-02 -1.341978370872788844e+02 2.050112787038374171e-02 -5.969852011907075817e-02 9.980059070224158724e-01 7.525260126031857233e+00
-1.285860096448889767e-01 -9.900865644900781470e-01 -5.651754541590804648e-02 2.370606617474772904e+01 9.914595618523710518e-01 -1.270955067805632499e-01 -2.923472879464533020e-02 -1.343307967610482194e+02 2.176178611946123775e-02 -5.979403793378163662e-02 9.979734954859594831e-01 7.483962682563153557e+00
-1.278514263742240864e-01 -9.901957014207942720e-01 -5.627153509419945132e-02 2.263648594760562460e+01 9.915616256202401946e-01 -1.263893034524190551e-01 -2.883204068668902137e-02 -1.344704663834428970e+02 2.143724262639469871e-02 -5.948291234122365240e-02 9.979991121078131133e-01 7.461963082037338602e+00
-1.277197313906075493e-01 -9.902022301702649854e-01 -5.645541231223875217e-02 2.155445061108703086e+01 9.915663912148934278e-01 -1.262189902631856153e-01 -2.940847343904916603e-02 -1.346035715424832802e+02 2.199459084830689831e-02 -5.973533177923860682e-02 9.979719074756763231e-01 7.427073437407631928e+00
-1.265555755371359226e-01 -9.903759386574363388e-01 -5.602844303447152008e-02 2.046294109602899169e+01 9.917090337667245903e-01 -1.250523879940845795e-01 -2.958196414113594547e-02 -1.347429153561471082e+02 2.229077490655695035e-02 -5.930767560257006049e-02 9.979908421266627805e-01 7.382778180689686387e+00
-1.254622635061128921e-01 -9.905635018023626337e-01 -5.516492846876618061e-02 1.938842313968432052e+01 9.918323779483833036e-01 -1.239470042400321326e-01 -3.009442129660425819e-02 -1.348715858665198084e+02 2.297290772146070095e-02 -5.849007639730733482e-02 9.980236252082704818e-01 7.323155794063148427e+00
-1.240941335713492411e-01 -9.907562402760415887e-01 -5.479706531611873432e-02 1.829269986654939473e+01 9.920000800966909393e-01 -1.225819332455837518e-01 -3.015809559528609060e-02 -1.350081797390409406e+02 2.316219120323673511e-02 -5.810113592571232444e-02 9.980419685077409619e-01 7.275090261432127114e+00
-1.230683326314874204e-01 -9.908860860522380465e-01 -5.476266950562835162e-02 1.719563271706439878e+01 9.921246167163150220e-01 -1.215512971608381232e-01 -3.023288051150814504e-02 -1.351465838048448234e+02 2.330086712573389146e-02 -5.805210268883204128e-02 9.980415938048845526e-01 7.227796755728298272e+00
-1.219892874876651323e-01 -9.910389215438918376e-01 -5.441019870733937447e-02 1.611333107971708500e+01 9.922625089069524451e-01 -1.204968457139525828e-01 -2.992697095712434571e-02 -1.352626881187028403e+02 2.310253570352011412e-02 -5.763997014319401091e-02 9.980700910687381189e-01 7.186577002303160988e+00
-1.205887295149841165e-01 -9.912151049600560482e-01 -5.432286823233673650e-02 1.499611823345747474e+01 9.924350497036561469e-01 -1.191053015804679482e-01 -2.977581661563439425e-02 -1.354002789198131325e+02 2.304409758840893913e-02 -5.750254633015475930e-02 9.980793689541349600e-01 7.154186400938129964e+00
-1.196024108562945276e-01 -9.913544547075822111e-01 -5.395932216767919398e-02 1.389153287632225720e+01 9.925465667151777138e-01 -1.181126989706746677e-01 -3.001171844091890875e-02 -1.355286222705897501e+02 2.337896959398191518e-02 -5.714661383928235083e-02 9.980920239674434535e-01 7.115462331958216424e+00
-1.182503245875137221e-01 -9.915528490025453667e-01 -5.328985241003137557e-02 1.278947370202362421e+01 9.927050360932276885e-01 -1.167751750967465085e-01 -3.000449626752099697e-02 -1.356455584405073580e+02 2.352811191088548942e-02 -5.644914628282217406e-02 9.981282091163686809e-01 7.068820237977086585e+00
-1.173237414501546727e-01 -9.916925957209934417e-01 -5.273457389886925667e-02 1.167560511886215480e+01 9.928263451609495860e-01 -1.158945374690592001e-01 -2.939905677370235892e-02 -1.357758359092730416e+02 2.304317787302436610e-02 -5.580548160343065667e-02 9.981757160823545583e-01 7.031368650951812072e+00
-1.168957655055888889e-01 -9.917663163680028315e-01 -5.229678503221098229e-02 1.057220518153932609e+01 9.928885046281104021e-01 -1.155087320957719488e-01 -2.881232699700504718e-02 -1.359067729917294116e+02 2.253436008005423041e-02 -5.529291570780194010e-02 9.982158564600706052e-01 6.993934553645434704e+00
-1.166419646818994682e-01 -9.918051358080802737e-01 -5.212700509201302623e-02 9.458939940959629311e+00 9.929306195224566478e-01 -1.152907140464585201e-01 -2.822828491794956984e-02 -1.360236494136499346e+02 2.198719831851460305e-02 -5.505110207229278740e-02 9.982414233394285574e-01 6.935437448404212724e+00
-1.172022359271269742e-01 -9.917554590948193249e-01 -5.181452739633959914e-02 8.326820491692792814e+00 9.928865097416225138e-01 -1.159144684827559946e-01 -2.720688827225138662e-02 -1.361503454941172322e+02 2.097652656615621447e-02 -5.463465339859070735e-02 9.982860511803394177e-01 6.891816805335254870e+00
-1.173208681861637181e-01 -9.917550513052068029e-01 -5.155319678401834582e-02 7.191722739134584153e+00 9.928795854053459324e-01 -1.160585550654029685e-01 -2.684288884303487333e-02 -1.362853661105433503e+02 2.063838107394846966e-02 -5.433534767292587386e-02 9.983094346042757916e-01 6.845630880905102522e+00
-1.175490813393789136e-01 -9.917192932285475715e-01 -5.172095237462595585e-02 6.070074983283753944e+00 9.928447283739504359e-01 -1.162612057096841234e-01 -2.725210793658780495e-02 -1.364160863315750021e+02 2.101330093833379820e-02 -5.455433516413502049e-02 9.982896702352850316e-01 6.815750748549323390e+00
-1.179635872820190556e-01 -9.916449607570804181e-01 -5.220022874132539126e-02 4.946121979382492206e+00 9.928048789400488738e-01 -1.166863826728006259e-01 -2.688420449952460059e-02 -1.365549572671881435e+02 2.056853004939838622e-02 -5.499599898016171995e-02 9.982746995029880832e-01 6.770207465654608292e+00
-1.182732666570593949e-01 -9.916073836224794658e-01 -5.221332339210522921e-02 3.806804158460947995e+00 9.927594900663894162e-01 -1.169724776596059446e-01 -2.731362944200523002e-02 -1.366730572065462752e+02 2.097687482420391991e-02 -5.506574448378427633e-02 9.982623575528911664e-01 6.720301662125911513e+00
-1.188094823633263353e-01 -9.915484867928977541e-01 -5.211434772952360656e-02 2.679217426243535538e+00 9.926864920997383601e-01 -1.174871087784281620e-01 -2.775441719082616041e-02 -1.368064898422463500e+02 2.139708632676710215e-02 -5.503069697542459227e-02 9.982553716795736776e-01 6.672916560638097572e+00
-1.192352192604075878e-01 -9.914630564346225139e-01 -5.276334156627250638e-02 1.551565588515158023e+00 9.926269830554033113e-01 -1.178719785380144547e-01 -2.824657830361015920e-02 -1.369450180304538947e+02 2.178611939402362585e-02 -5.574230351223806446e-02 9.982074737252265573e-01 6.637334184160989636e+00
-1.202211612575778688e-01 -9.913209237171166643e-01 -5.319491128408555120e-02 4.375365304584177273e-01 9.924884730046307224e-01 -1.187940622150505110e-01 -2.923357205992225746e-02 -1.370727474228741585e+02 2.266061205738727907e-02 -5.630983025270981657e-02 9.981561499475398724e-01 6.608695008556371597e+00
-1.210173997757655329e-01 -9.912022710359219557e-01 -5.359894443683854703e-02 -7.037187361985272060e-01 9.923845144220392323e-01 -1.195588526341544444e-01 -2.964213710477295316e-02 -1.372031806122293744e+02 2.297312531733890217e-02 -5.677797680470224317e-02 9.981224859019650619e-01 6.567362990071096362e+00
-1.216747158729767353e-01 -9.911210784241326621e-01 -5.361223200553652535e-02 -1.814248183722227070e+00 9.922865414508792448e-01 -1.201715513051790918e-01 -3.043382842102034663e-02 -1.373364007408407304e+02 2.372094375617822548e-02 -5.690172370229051174e-02 9.980979464296199088e-01 6.530676477213623876e+00
-1.225323831094027316e-01 -9.910194015739952622e-01 -5.353840484597161692e-02 -2.935675510795136667e+00 9.921744454566907567e-01 -1.210140536847994497e-01 -3.074847302681758821e-02 -1.374868699934011431e+02 2.399343394012196790e-02 -5.688712081563883360e-02 9.980922655812276556e-01 6.485685015923906782e+00
-1.234267428549931100e-01 -9.909039990972176026e-01 -5.361999367166626201e-02 -4.048139829693101710e+00 9.920470606883141640e-01 -1.218652383353964197e-01 -3.148798286861110435e-02 -1.376192086614854020e+02 2.466715483967136385e-02 -5.708001628064899441e-02 9.980648291636753378e-01 6.434693304971420780e+00
-1.244464066921227019e-01 -9.907591967160288560e-01 -5.393798275824507327e-02 -5.183248096223656454e+00 9.918936767068954330e-01 -1.228132191859974132e-01 -3.261667214860677899e-02 -1.377483862897217080e+02 2.569097059856482665e-02 -5.755977167937796624e-02 9.980114461838208717e-01 6.396149522751476191e+00
-1.253261209977791779e-01 -9.906322735513578559e-01 -5.423155902349121454e-02 -6.277437865684294849e+00 9.917749728970944867e-01 -1.236635065237752240e-01 -3.301121459765320870e-02 -1.378915998952346058e+02 2.599550981646898268e-02 -5.792267045563929267e-02 9.979825638339926419e-01 6.358190279682895962e+00
-1.261515838775766341e-01 -9.905002730626304430e-01 -5.472647392290146823e-02 -7.393790619759414540e+00 9.916665492837213325e-01 -1.244621248009030179e-01 -3.326611672199988184e-02 -1.380266720520919819e+02 2.613872446956869849e-02 -5.846698686352585356e-02 9.979470820290042843e-01 6.326429329139033442e+00
-1.274998024857754153e-01 -9.903468103921991839e-01 -5.437826323160509234e-02 -8.513430006921776538e+00 9.915001885633346612e-01 -1.258325370270290122e-01 -3.306884794203421990e-02 -1.381639882806027799e+02 2.590707326118175946e-02 -5.813232982892459905e-02 9.979726728641926670e-01 6.286986392029918491e+00
-1.282248191444945729e-01 -9.902557040512238729e-01 -5.433264533755832043e-02 -9.608964468799316094e+00 9.914208861451727639e-01 -1.265895976605004858e-01 -3.255303794230482439e-02 -1.383001284829518340e+02 2.535788379345110116e-02 -5.804062678992935598e-02 9.979921158863680475e-01 6.240515040988370288e+00
-1.291834921467660546e-01 -9.901557525016572159e-01 -5.388145455204088052e-02 -1.070171044025153861e+01 9.912934102071165876e-01 -1.275541173124785654e-01 -3.266989495820112749e-02 -1.384371326256979842e+02 2.547548305158973611e-02 -5.763274194858081928e-02 9.980127588456855214e-01 6.208588317490523423e+00
-1.302460731322359067e-01 -9.900157497752825053e-01 -5.389597044786998553e-02 -1.178275183145848892e+01 9.911475823709453570e-01 -1.285985746211542047e-01 -3.299812972939418498e-02 -1.385788315720127457e+02 2.573772316780830599e-02 -5.771673762690392173e-02 9.980011762537378539e-01 6.166221335335762888e+00
-1.308481294711005827e-01 -9.899066759043252395e-01 -5.443840568902716393e-02 -1.287193877593801261e+01 9.910647959876338620e-01 -1.291732826807798773e-01 -3.323903120520552146e-02 -1.387161707569444786e+02 2.587155132386545139e-02 -5.830125248672045346e-02 9.979637402183388906e-01 6.134814432272719387e+00
-1.313905793784591047e-01 -9.898186120115315401e-01 -5.473235757902392834e-02 -1.396218588034980534e+01 9.909833246330654877e-01 -1.296827664445454609e-01 -3.368130618734850590e-02 -1.388580436740990081e+02 2.624054019621679251e-02 -5.866426001284588687e-02 9.979328327334239246e-01 6.076501005816900225e+00
-1.322358847459823572e-01 -9.897060197530996861e-01 -5.473267077280263848e-02 -1.503928311129835294e+01 9.908822398876405702e-01 -1.305516917055331572e-01 -3.329628309699753791e-02 -1.389867253424911837e+02 2.580808905555047675e-02 -5.863659486447165420e-02 9.979457361409991289e-01 6.034812344733145650e+00
-1.329927606444893939e-01 -9.896452259248142980e-01 -5.399307752278325462e-02 -1.610372678805657287e+01 9.908046385134532397e-01 -1.313857934237636638e-01 -3.231008490601074840e-02 -1.391335589279402711e+02 2.488159794673728414e-02 -5.779359904549832144e-02 9.980184397058929902e-01 5.976005124217826037e+00
-1.341612542034875677e-01 -9.895016768189904832e-01 -5.373257338852767406e-02 -1.715802551704192069e+01 9.906578524597214885e-01 -1.325852909883968866e-01 -3.190861910855878614e-02 -1.392536882823891631e+02 2.444948323462407466e-02 -5.751149611971881348e-02 9.980454150907319688e-01 5.948375810082342952e+00
-1.350222432517056426e-01 -9.893592759890335042e-01 -5.419609618535460582e-02 -1.822806094609729399e+01 9.905815220352911510e-01 -1.335291275947037004e-01 -3.030214985843279057e-02 -1.394037631507928552e+02 2.274295560218121334e-02 -5.777711569689456678e-02 9.980704197962310120e-01 5.927466526587196860e+00
-1.358538846625445551e-01 -9.892535686243388859e-01 -5.404719221298164011e-02 -1.929605752352430414e+01 9.904914346947903958e-01 -1.344247641575591068e-01 -2.926944784994735260e-02 -1.395448711504405424e+02 2.168962467061609153e-02 -5.750964914860438870e-02 9.981093128693130367e-01 5.920907136718323471e+00
-1.368386042100149247e-01 -9.891183998423646040e-01 -5.403690860083238540e-02 -2.035335476143496436e+01 9.903661380741221043e-01 -1.354352049720968232e-01 -2.884818556364789760e-02 -1.396933263603306159e+02 2.121577135065880887e-02 -5.746386993099177748e-02 9.981221341592173557e-01 5.871818503343315676e+00
-1.374975443017159016e-01 -9.890262877228530591e-01 -5.405023130523843589e-02 -2.140674495229469798e+01 9.902728725445573144e-01 -1.360869654652774319e-01 -2.898233484043369335e-02 -1.398318724723069693e+02 2.130875907574859493e-02 -5.750947768502594204e-02 9.981175265283378506e-01 5.825703373102123273e+00
-1.386938563119579637e-01 -9.888574895834952860e-01 -5.408215524501834570e-02 -2.248568418725582774e+01 9.901121690453719149e-01 -1.372964988111342599e-01 -2.876741424726327392e-02 -1.399710588150890089e+02 2.102158247105600022e-02 -5.753726365437013268e-02 9.981220147665215148e-01 5.767862297819636552e+00
-1.391155294476476012e-01 -9.888369572729509560e-01 -5.336985476533473438e-02 -2.353390954192247264e+01 9.900398746043697074e-01 -1.377029565613063777e-01 -2.930771993245388785e-02 -1.401198297183875354e+02 2.163136981018140906e-02 -5.691544329483211317e-02 9.981446368912112455e-01 5.725138731597639641e+00
-1.398666292749026763e-01 -9.887379086769059189e-01 -5.324165625237010924e-02 -2.459551120807475044e+01 9.899429109239896718e-01 -1.384797874732364154e-01 -2.892026232082036893e-02 -1.402592372438735993e+02 2.122166644292412460e-02 -5.675117978144482433e-02 9.981627845531004795e-01 5.695491009939823712e+00
-1.408420795925939828e-01 -9.886031566566008122e-01 -5.317242955365351215e-02 -2.568241513851619118e+01 9.898136963035172320e-01 -1.394797818870876505e-01 -2.853483931441563176e-02 -1.404103861311404557e+02 2.079315334437006196e-02 -5.664970514782294991e-02 9.981775672096935281e-01 5.655066528020664229e+00
-1.416066021459585489e-01 -9.885230505897153463e-01 -5.262840185184983199e-02 -2.674072881327667162e+01 9.897117273913247359e-01 -1.402778007076288525e-01 -2.815733106513335776e-02 -1.405565298356835058e+02 2.045157433443539965e-02 -5.607421048427144866e-02 9.982171186800037344e-01 5.601790739723655932e+00
-1.418952753337001660e-01 -9.885217792128851988e-01 -5.186928628548004988e-02 -2.781074535576783902e+01 9.896595055349558523e-01 -1.405584208914572031e-01 -2.859009305347649799e-02 -1.407061185131528589e+02 2.097126468003052829e-02 -5.538973134337842052e-02 9.982445510592223847e-01 5.578073186710127196e+00
-1.418016834904756163e-01 -9.885444407575038062e-01 -5.169304795329039692e-02 -2.888332942118134383e+01 9.896832628115804775e-01 -1.404976441784895336e-01 -2.806156251741882129e-02 -1.408544979053475572e+02 2.047735016772053718e-02 -5.513892116943113625e-02 9.982686900340909109e-01 5.540339148979557038e+00
-1.405797273726210328e-01 -9.887179240203495256e-01 -5.171273511166916970e-02 -2.996860566520829039e+01 9.898514806559920443e-01 -1.392612226165408362e-01 -2.829060123939398236e-02 -1.410102244237055515e+02 2.076984581020477338e-02 -5.516501242849838199e-02 9.982612057516729864e-01 5.526439730701408592e+00
-1.388718824540777774e-01 -9.889740220649005931e-01 -5.142940738949422497e-02 -3.103927795066068995e+01 9.901090689188234428e-01 -1.376092792204275383e-01 -2.734443119055760332e-02 -1.411501855997268819e+02 1.996576841400064806e-02 -5.471809529952771645e-02 9.983022078200720628e-01 5.487561141450464142e+00
-1.383069130487331044e-01 -9.890907521048785123e-01 -5.070189250448823431e-02 -3.211408833732684798e+01 9.901711095959723208e-01 -1.370202769052990543e-01 -2.804670102306044271e-02 -1.413000266600652424e+02 2.079354525837184137e-02 -5.408260179948503471e-02 9.983199390266561668e-01 5.423913051431819454e+00
-1.376933993954081448e-01 -9.891560157127827768e-01 -5.109700913115973464e-02 -3.318271234171057671e+01 9.902598011945942247e-01 -1.364051085463453550e-01 -2.791366153879628817e-02 -1.414391022864025445e+02 2.064107315474143778e-02 -5.444284105071031665e-02 9.983035225608229979e-01 5.364682317835685055e+00
-1.370495221481464743e-01 -9.892456702722816075e-01 -5.109239010370308920e-02 -3.424298785709883930e+01 9.903498965222852224e-01 -1.357646461598813747e-01 -2.783959969865271167e-02 -1.415928995809756543e+02 2.060366320011383645e-02 -5.441474708777462033e-02 9.983058270700967407e-01 5.324786724553977280e+00
-1.361255400778285107e-01 -9.893727252826266527e-01 -5.110232680953050166e-02 -3.532155873275584668e+01 9.904657303447198524e-01 -1.348119208253963919e-01 -2.834401199668391824e-02 -1.417318422673914426e+02 2.115358955876268932e-02 -5.447344738673721987e-02 9.982911244614888213e-01 5.313422400911728793e+00
-1.352947724646060834e-01 -9.895018471348937528e-01 -5.080766733854479716e-02 -3.637450958400646073e+01 9.905798848154996339e-01 -1.339920211645608816e-01 -2.824234521330731135e-02 -1.418813928068759083e+02 2.113803071864065602e-02 -5.415009492946117747e-02 9.983090457751387925e-01 5.295945863129047915e+00
-1.352360638817333705e-01 -9.895270804654960894e-01 -5.047141816124993408e-02 -3.742876355111775410e+01 9.905817728223516028e-01 -1.339275101572683369e-01 -2.848110558250942920e-02 -1.420206452932086449e+02 2.142331388704755632e-02 -5.384773949300782764e-02 9.983193189423863467e-01 5.267705433592846376e+00
-1.351407551924586059e-01 -9.895490296372451144e-01 -5.029606575069532626e-02 -3.849666693268310524e+01 9.905892801200988362e-01 -1.338237246693962934e-01 -2.870694736041540587e-02 -1.421609860048450855e+02 2.167612504937163967e-02 -5.370222211041114635e-02 9.983217001263912094e-01 5.216042868879944727e+00
-1.357611976256960507e-01 -9.894477937714092342e-01 -5.061581393327417577e-02 -3.954555435004020580e+01 9.905214374441368985e-01 -1.344768250755741246e-01 -2.798688051917592318e-02 -1.422933416779040385e+02 2.088490322787993347e-02 -5.393558119168228443e-02 9.983259857875470544e-01 5.176064895614509886e+00
-1.361866918987351127e-01 -9.893914708725792817e-01 -5.057373146479903631e-02 -4.059356979576722324e+01 9.904709720011681817e-01 -1.349233967951883884e-01 -2.762119874860035490e-02 -1.424360155195444122e+02 2.050459881930317280e-02 -5.385345264551490846e-02 9.983383029141057463e-01 5.134791374835868005e+00
-1.364676280728143176e-01 -9.893408522890320134e-01 -5.080614608678359762e-02 -4.164679725917796560e+01 9.904406370031099138e-01 -1.352195062095080669e-01 -2.725857137361514110e-02 -1.425677420426014237e+02 2.009803624869079680e-02 -5.404038427387778537e-02 9.983364692359374404e-01 5.113931096494599871e+00
-1.364918024525643148e-01 -9.893429166834462052e-01 -5.070089813348023500e-02 -4.269208137664858072e+01 9.904363885779519094e-01 -1.352440756749715423e-01 -2.729102738056373573e-02 -1.427120902327017689e+02 2.014318852402129448e-02 -5.394101596293821715e-02 9.983409331250381324e-01 5.081464935046472675e+00
-1.367197478688069179e-01 -9.892659306390402252e-01 -5.158128555555564765e-02 -4.374097802743781926e+01 9.904090427178263711e-01 -1.354584429120220257e-01 -2.722018270712860122e-02 -1.428417384691301493e+02 1.994087875317634984e-02 -5.480810816589418155e-02 9.982977675192040712e-01 5.059314995471787313e+00
-1.368233028449847843e-01 -9.892343982597111562e-01 -5.191039489675221968e-02 -4.479578040766168101e+01 9.903972102600224758e-01 -1.355595801567242020e-01 -2.714712023212312308e-02 -1.429945248599480294e+02 1.981791380933486252e-02 -5.512626894212850626e-02 9.982826978189924816e-01 5.029725933334560750e+00
-1.369997128376250206e-01 -9.892113221103867593e-01 -5.188486186769102060e-02 -4.581527772063483184e+01 9.903687667118336035e-01 -1.357251260191782993e-01 -2.735682892369369068e-02 -1.431268533573552872e+02 2.001960549287468485e-02 -5.513302436561305642e-02 9.982783003853236137e-01 4.995550801595129542e+00
-1.368837362650761058e-01 -9.892882314433169011e-01 -5.071131899160129242e-02 -4.682562202292071873e+01 9.903759932561473356e-01 -1.356182242879653277e-01 -2.762406962920713541e-02 -1.432807257427903096e+02 2.045078795580382650e-02 -5.400455877732893151e-02 9.983312440784635200e-01 4.948769023803220257e+00
-1.376293696835315661e-01 -9.892055253217083566e-01 -5.030492295508060679e-02 -4.785988723390986621e+01 9.902753841479080554e-01 -1.363810007729471252e-01 -2.747519206270079145e-02 -1.434091744072105428e+02 2.031797606127886541e-02 -5.359712026939685708e-02 9.983559127623781171e-01 4.904511611827044426e+00
-1.378549871247638503e-01 -9.892212343612238890e-01 -4.936954540694132865e-02 -4.887430302659796411e+01 9.902181263460294591e-01 -1.365669261426278869e-01 -2.859260288454215995e-02 -1.435493986201196321e+02 2.154216285776220860e-02 -5.282825165392870947e-02 9.983712290759378938e-01 4.867526147240269552e+00
-1.383864994691164085e-01 -9.891818180339255751e-01 -4.866731588841150674e-02 -4.989242806090180693e+01 9.901197490757895903e-01 -1.370604484744906149e-01 -2.961951981493599756e-02 -1.437026660921231098e+02 2.262872631811489038e-02 -5.228541225877129245e-02 9.983757691421353275e-01 4.839201983667547502e+00
-1.389245695494691901e-01 -9.891322712485925983e-01 -4.813848720198506820e-02 -5.091703351433772440e+01 9.900390101298253143e-01 -1.376010978162236498e-01 -2.981100972671002491e-02 -1.438421010126526483e+02 2.286312307298919017e-02 -5.180046191271878153e-02 9.983957079980754212e-01 4.810301284304615344e+00
-1.396366726774351807e-01 -9.890444445916357630e-01 -4.788200357125405732e-02 -5.193022638796549018e+01 9.899343222742256199e-01 -1.383095227273518635e-01 -3.000855721959367478e-02 -1.439743689072647044e+02 2.305725974707984599e-02 -5.159033383643592957e-02 9.984021235091603552e-01 4.793103508406297841e+00
-1.399007989892304682e-01 -9.890432238248987318e-01 -4.713032832716505111e-02 -5.295103718862409892e+01 9.898804454736502834e-01 -1.385598922720681081e-01 -3.062449872962334438e-02 -1.441138427361433969e+02 2.375857973580900590e-02 -5.093778224073250427e-02 9.984191866292098094e-01 4.748526131000375017e+00
-1.401313471200378302e-01 -9.890407789385813331e-01 -4.649239885065353795e-02 -5.397832230260620179e+01 9.898303583533336614e-01 -1.387732701506243504e-01 -3.127045208841044283e-02 -1.442494678360877458e+02 2.447585006563074428e-02 -5.040155839125003839e-02 9.984290739332956077e-01 4.696694612817756465e+00
-1.406057026848961389e-01 -9.890055143758015310e-01 -4.580533709889518523e-02 -5.499526424545533132e+01 9.897603426823907702e-01 -1.392629161804592730e-01 -3.130981044578907274e-02 -1.444034858306196156e+02 2.458659036392535358e-02 -4.973864404234597941e-02 9.984595970108681717e-01 4.669251018627586625e+00
-1.416786626605586186e-01 -9.888747568643730945e-01 -4.531966221346815649e-02 -5.603259322023890832e+01 9.895920018558169717e-01 -1.403190050297253855e-01 -3.190997791388937993e-02 -1.445335426110632113e+02 2.519576174106778754e-02 -4.936893824962317739e-02 9.984627592085707493e-01 4.655202892582426699e+00
-1.416421722164489250e-01 -9.889026241986549337e-01 -4.482292831598107957e-02 -5.705574726805406982e+01 9.896089275743480407e-01 -1.403214804561192519e-01 -3.136961248966493865e-02 -1.446789179744794751e+02 2.473187245144758267e-02 -4.880043007614430495e-02 9.985023047091221571e-01 4.632264612969652973e+00
-1.419293515125188421e-01 -9.888517479512252129e-01 -4.503642695688588049e-02 -5.808766315236435673e+01 9.895608827238154825e-01 -1.405877820103385023e-01 -3.169124377926820640e-02 -1.448215881138623899e+02 2.500637043033856685e-02 -4.906420409239930364e-02 9.984825413169126085e-01 4.618960752645158152e+00
-1.422641369347064089e-01 -9.888317068419918421e-01 -4.441588551606402008e-02 -5.911753235025596354e+01 9.895124772372028144e-01 -1.409412143178092602e-01 -3.163275989406075239e-02 -1.449646872145343934e+02 2.501944711853213571e-02 -4.845028019087585514e-02 9.985121920213636537e-01 4.590259432382243432e+00
-1.425676688827799410e-01 -9.887912149589808131e-01 -4.434403014243060159e-02 -6.014845052894342103e+01 9.894759262819374790e-01 -1.412604001341286608e-01 -3.135108710153426681e-02 -1.451159380356203599e+02 2.473562406393128507e-02 -4.834700170526240459e-02 9.985242692735510905e-01 4.564148812732463867e+00
-1.432460480206063647e-01 -9.886568793625047924e-01 -4.514581504051441013e-02 -6.115609235449423409e+01 9.893708126780340617e-01 -1.418980231162225714e-01 -3.178594117711530664e-02 -1.452563176179643278e+02 2.501928750554733433e-02 -4.921916217188315734e-02 9.984745912279453517e-01 4.517917564330819147e+00
-1.436641474553264075e-01 -9.885927619964437474e-01 -4.522127446431831177e-02 -6.219649381984464043e+01 9.893034131892620708e-01 -1.422996740221336154e-01 -3.208674843717838204e-02 -1.454030522986973324e+02 2.528575464585731958e-02 -4.934727653515928042e-02 9.984615550488421531e-01 4.478757050733653600e+00
-1.441218542337370234e-01 -9.885599097092900855e-01 -4.447691589791130662e-02 -6.321913417304713079e+01 9.892290423062088944e-01 -1.427658032711858205e-01 -3.230831586873556677e-02 -1.455418405878784540e+02 2.558892319286618089e-02 -4.865419130859603009e-02 9.984878450326454269e-01 4.427618657629103893e+00
-1.443835318721902183e-01 -9.885093060032941192e-01 -4.475206887953237650e-02 -6.425295558809047236e+01 9.891786057605320703e-01 -1.429947390482533276e-01 -3.283581139810753946e-02 -1.456904073338633907e+02 2.605919472590014635e-02 -4.900873952070301798e-02 9.984583425565782822e-01 4.407155656483635831e+00
-1.447591621165429387e-01 -9.884428487707122013e-01 -4.500577404462708514e-02 -6.528285027757085857e+01 9.891433093047505842e-01 -1.433988382683484275e-01 -3.212922098238737284e-02 -1.458429025312690044e+02 2.530412300324740710e-02 -4.916815938519191603e-02 9.984699261678885440e-01 4.382836552268135399e+00
-1.456099915860464833e-01 -9.883177473488569120e-01 -4.500845060200070469e-02 -6.631922603989782772e+01 9.890548954256448422e-01 -1.443209611083116073e-01 -3.068996610197512187e-02 -1.459878939203775303e+02 2.383577531524013263e-02 -4.898459410931674252e-02 9.985150801841036206e-01 4.396784959707870755e+00
-1.455562401201828671e-01 -9.883761995521277433e-01 -4.388472537192016770e-02 -6.732235818525307991e+01 9.890786431887416130e-01 -1.443343054210233234e-01 -2.985039139691932075e-02 -1.461336163797116967e+02 2.316934504888219087e-02 -4.775035536542075743e-02 9.985905492305051645e-01 4.366542986154224870e+00
-1.461891313175278651e-01 -9.882856015934819993e-01 -4.382131407929227424e-02 -6.836011669909922261e+01 9.889944598425088884e-01 -1.449871015144050812e-01 -2.947369666797088755e-02 -1.462761230347392996e+02 2.277490472978043606e-02 -4.764777096004556983e-02 9.986045231407117972e-01 4.319639654092426007e+00
-1.464142302722351019e-01 -9.882337204803102182e-01 -4.423784442570939668e-02 -6.936952881583245301e+01 9.889713583453065837e-01 -1.452211240041609841e-01 -2.909428664888371457e-02 -1.464247791990531766e+02 2.232768564872423742e-02 -4.800977867697824725e-02 9.985972839963862535e-01 4.270290675911618372e+00
-1.471617154860271892e-01 -9.881385024908996284e-01 -4.388313332309293213e-02 -7.039676998022522980e+01 9.888449574240339990e-01 -1.459453208002940983e-01 -2.975925929118687988e-02 -1.465628772543904290e+02 2.300173194067092752e-02 -4.777303875139157774e-02 9.985933392007917409e-01 4.229920825626701131e+00
-1.478062392856958063e-01 -9.880409317813271253e-01 -4.391392436240256630e-02 -7.141911092875864142e+01 9.887518002519058991e-01 -1.465940759608947985e-01 -2.966571070759893569e-02 -1.467141684143681459e+02 2.287341528576831290e-02 -4.780474890487915185e-02 9.985947690906988861e-01 4.201018274834385835e+00
-1.485869488204853983e-01 -9.878944912915038623e-01 -4.456896584081176949e-02 -7.243350984701011441e+01 9.886262932065709164e-01 -1.473359353323762111e-01 -3.016909909773941162e-02 -1.468571139935286283e+02 2.323727653693151776e-02 -4.854478587484797186e-02 9.985506660873605389e-01 4.192438633424210970e+00
-1.489012796259616689e-01 -9.878417027239546622e-01 -4.468981187238686703e-02 -7.343595895311344179e+01 9.885952181113110138e-01 -1.476805041081781233e-01 -2.949514254591883641e-02 -1.470085791074033068e+02 2.253671788883249150e-02 -4.857199878317319808e-02 9.985653996013513778e-01 4.189115449897093946e+00
-1.495010661422229159e-01 -9.877578251510320539e-01 -4.454110545599510029e-02 -7.443690633918090782e+01 9.885100431878762750e-01 -1.482952982040812717e-01 -2.926429645943588384e-02 -1.471643200686313548e+02 2.230080130941121397e-02 -4.840437359852919896e-02 9.985788355845982567e-01 4.171645894008848110e+00
-1.499424512889160344e-01 -9.876776374857365592e-01 -4.483464856631736578e-02 -7.544615766521665989e+01 9.884514817320768643e-01 -1.487455082598097000e-01 -2.895586355460130421e-02 -1.473050076135522772e+02 2.193010631832113116e-02 -4.865858796887763404e-02 9.985746903731047563e-01 4.136413454238232923e+00
-1.502745546363535301e-01 -9.876395913281517114e-01 -4.456002547134381431e-02 -7.645860462420307613e+01 9.883890468389195938e-01 -1.490589351811055785e-01 -2.947076401328490095e-02 -1.474488773494723830e+02 2.246442337780765394e-02 -4.847134703962896474e-02 9.985719193921219761e-01 4.081326054156561689e+00
-1.504301563146812626e-01 -9.876489429830197508e-01 -4.382160991639375003e-02 -7.744850928765806941e+01 9.883611780047596440e-01 -1.492273917045987552e-01 -2.955278968365734893e-02 -1.475976413846107675e+02 2.264839694514385326e-02 -4.775720877067944625e-02 9.986021726024076894e-01 4.041768599296436726e+00
-1.505263194186701181e-01 -9.876677369446952293e-01 -4.306121875670848587e-02 -7.842099675362118205e+01 9.883441548771433327e-01 -1.493411793864556358e-01 -2.954731222375703986e-02 -1.477420235206550672e+02 2.275211380189143262e-02 -4.700695201783525873e-02 9.986354128407116670e-01 4.002280662671894085e+00
-1.505226302542104211e-01 -9.876892852125095379e-01 -4.257714947898910696e-02 -7.940830225915568974e+01 9.883178988247424135e-01 -1.492983667336296172e-01 -3.062235381738292669e-02 -1.478946555271227510e+02 2.388867187602881914e-02 -4.668911615218902800e-02 9.986237819063427112e-01 3.998748572511812593e+00
-1.507481966684804942e-01 -9.876690840813019401e-01 -4.224643832565828927e-02 -8.039798259582492790e+01 9.882798857883684507e-01 -1.495267923191614390e-01 -3.073443874340819199e-02 -1.480367302851454099e+02 2.403848055370988446e-02 -4.638446645963357345e-02 9.986343839083070550e-01 4.003779321874962882e+00
-1.504159088917969012e-01 -9.877254897394847077e-01 -4.211188990238394492e-02 -8.138276914170378973e+01 9.883219628493626896e-01 -1.491828746845038633e-01 -3.105104910387572470e-02 -1.481918664289994467e+02 2.438753988901547209e-02 -4.629067746062362487e-02 9.986302724624355198e-01 4.005056644551548750e+00
-1.492291086654116139e-01 -9.879252217501943711e-01 -4.164648072474311929e-02 -8.234390576600998202e+01 9.884822891607425444e-01 -1.479763439750516607e-01 -3.171380833825654388e-02 -1.483472724062395969e+02 2.516817717804031157e-02 -4.589943195298652745e-02 9.986289626302292666e-01 3.966278234345815612e+00
-1.482105040698062925e-01 -9.881045781855291033e-01 -4.102424956256813665e-02 -8.333523495831363448e+01 9.885842609636490419e-01 -1.468902583147226881e-01 -3.353223802835732931e-02 -1.484953384664369196e+02 2.710729529721349687e-02 -4.552575733617127834e-02 9.985953134081081428e-01 3.910981445548388447e+00
-1.468060250544687140e-01 -9.883215093207655677e-01 -4.084831969163817134e-02 -8.431298109227228110e+01 9.887559585881355861e-01 -1.454321835308038935e-01 -3.480135557588891204e-02 -1.486351596880203942e+02 2.845426794285189909e-02 -4.549806817202374509e-02 9.985591021208760631e-01 3.878667920517681722e+00
-1.449364277159903569e-01 -9.885855905236635710e-01 -4.113346727309867557e-02 -8.524796123100369982e+01 9.890156438873487499e-01 -1.435300601090125916e-01 -3.531540727779325373e-02 -1.487732396876618566e+02 2.900841372810097907e-02 -4.580013159460151473e-02 9.985293485315774875e-01 3.867061055976039885e+00
-1.434895939764284645e-01 -9.887992591634110484e-01 -4.107020207363196868e-02 -8.618248995537784651e+01 9.892205881553907121e-01 -1.420785283984937752e-01 -3.544460096574801600e-02 -1.488960456604877436e+02 2.921240130462395695e-02 -4.571342085217068585e-02 9.985273750699126261e-01 3.847455543785024190e+00
-1.419515675553177925e-01 -9.890037860971742090e-01 -4.148811340665121972e-02 -8.711235779082137753e+01 9.894456466474709222e-01 -1.405331983689293018e-01 -3.532325702094250147e-02 -1.490186842237532403e+02 2.910437765966617310e-02 -4.606442490310978105e-02 9.985143984737472334e-01 3.828290248191176026e+00
-1.407607760993574431e-01 -9.891619801459691219e-01 -4.177296907825311933e-02 -8.802463149335601145e+01 9.895920402514523095e-01 -1.392970253276515358e-01 -3.611000700410306463e-02 -1.491462312432199440e+02 2.989979569955876493e-02 -4.642107030836008230e-02 9.984743794652675142e-01 3.831951309228186275e+00
-1.391819579381006200e-01 -9.893880121176791276e-01 -4.171023929857443913e-02 -8.890772501206795653e+01 9.898064030267358371e-01 -1.377095161822685654e-01 -3.632318378282599347e-02 -1.492700158589404111e+02 3.019382572302201084e-02 -4.634059376694553423e-02 9.984692695609288515e-01 3.836054670486171769e+00
-1.369683372583838654e-01 -9.897096522963487741e-01 -4.140626450326338748e-02 -8.978265365471655457e+01 9.900999508153648376e-01 -1.354879628079443954e-01 -3.667559583108978560e-02 -1.493898882474085781e+02 3.068814077271522778e-02 -4.601973582707394317e-02 9.984690390444364017e-01 3.801095282676083986e+00
-1.343182806661764594e-01 -9.900657979685281163e-01 -4.157301013666785117e-02 -9.062625990322135294e+01 9.904454319963895692e-01 -1.328103372766624712e-01 -3.713839724522450397e-02 -1.495074541322216248e+02 3.124813140600842323e-02 -4.616416364887829943e-02 9.984450031314856533e-01 3.768510589904584762e+00
-1.329132441912894702e-01 -9.902534686388035912e-01 -4.161895442421344182e-02 -9.146529197764640173e+01 9.906129900913782649e-01 -1.313739612853090932e-01 -3.777282301371052975e-02 -1.496085001920917534e+02 3.193702210234482253e-02 -4.624878533566254002e-02 9.984192889133353122e-01 3.748678916804601080e+00
-1.313318339780200628e-01 -9.904793880209141754e-01 -4.126174123427997498e-02 -9.225054535603425165e+01 9.908053868746427018e-01 -1.297826730373732307e-01 -3.822490182412020820e-02 -1.497107437420941380e+02 3.250591829435285629e-02 -4.590250194694364683e-02 9.984169097079894639e-01 3.722677537100128831e+00
-1.299497041391761698e-01 -9.906726233084859334e-01 -4.099790020504706645e-02 -9.301625515993137583e+01 9.909878293163845164e-01 -1.284135204736573943e-01 -3.811941639587147768e-02 -1.497920181032606877e+02 3.249917754252873436e-02 -4.558202701333091689e-02 9.984318115286667794e-01 3.710182956656688180e+00
-1.285673626475105635e-01 -9.908649030484374398e-01 -4.070844100029831492e-02 -9.375828475855794863e+01 9.911709356631425161e-01 -1.270487002084539352e-01 -3.793157091386695906e-02 -1.498862971095150840e+02 3.241310781944327368e-02 -4.522578558912638408e-02 9.984508093838831977e-01 3.720379351558577241e+00
-1.274488000723763559e-01 -9.910024888832545953e-01 -4.087628147602045958e-02 -9.446273553549771407e+01 9.913002767166284590e-01 -1.259046968360708618e-01 -3.836363768144985392e-02 -1.499778726065657111e+02 3.287194459790795942e-02 -4.541006872723803850e-02 9.984274439920707289e-01 3.720690821518024993e+00
-1.272444484496988437e-01 -9.910419596593885716e-01 -4.055471037019394570e-02 -9.514139949930729756e+01 9.913170770156901623e-01 -1.257002410713439211e-01 -3.859925143929584385e-02 -1.500563769965079359e+02 3.315574091767332227e-02 -4.511411740336301185e-02 9.984314764945643184e-01 3.707293922206671422e+00
-1.275133928273233241e-01 -9.910130272201792545e-01 -4.041676050305385154e-02 -9.578989478877048214e+01 9.912913712308201175e-01 -1.259861315332142517e-01 -3.832638757587353978e-02 -1.501267231877644406e+02 3.288999806909614215e-02 -4.495191365439451386e-02 9.984475817416870180e-01 3.702923679142052560e+00
-1.278775437416743710e-01 -9.909742000292151021e-01 -4.021776576407056630e-02 -9.643673057169350216e+01 9.912511783464538206e-01 -1.263665006593908124e-01 -3.811310716626287870e-02 -1.502128031949431204e+02 3.268692756077045541e-02 -4.473971823288151045e-02 9.984637812054473205e-01 3.668022451006625939e+00
-1.289621543528005621e-01 -9.908441975010612301e-01 -3.995671436895368439e-02 -9.702578000426028382e+01 9.911189803401122544e-01 -1.274706328932599941e-01 -3.787353375865243343e-02 -1.502840152625731776e+02 3.243346349467558093e-02 -4.448611050956784163e-02 9.984833781377985273e-01 3.658959258054852004e+00
-1.302831141684772653e-01 -9.906813918643370132e-01 -3.970755565762774247e-02 -9.758601291229177832e+01 9.909280986482696951e-01 -1.287742947761478796e-01 -3.845366450978412315e-02 -1.503553318044834555e+02 3.298201740174153823e-02 -4.435719579330792833e-02 9.984711441546347821e-01 3.649649631475023970e+00
-1.313667041439572358e-01 -9.905445551015455985e-01 -3.955089633667711185e-02 -9.813957279827457114e+01 9.907964569709010183e-01 -1.298774690244115515e-01 -3.813428763884282868e-02 -1.504289555711055186e+02 3.263694066947744193e-02 -4.419646364239551706e-02 9.984896107147251954e-01 3.651442871609718033e+00
-1.331160067110814804e-01 -9.903220759109414573e-01 -3.927231493990230443e-02 -9.866278974003493829e+01 9.905835714492940980e-01 -1.316625080668591963e-01 -3.753893904075558674e-02 -1.504852342985170708e+02 3.200494855575623104e-02 -4.389954365352599641e-02 9.985231661483651155e-01 3.643170812083693644e+00
-1.355809881863756505e-01 -9.900136811636969236e-01 -3.860967173017061660e-02 -9.915988203998531958e+01 9.902506435297734333e-01 -1.341504108872078049e-01 -3.751440053716354611e-02 -1.505551330543771940e+02 3.196026644562405261e-02 -4.331949177332290041e-02 9.985499301493269142e-01 3.616427413750974207e+00
-1.378787448711842334e-01 -9.897051993572600903e-01 -3.838059507033867584e-02 -9.963788742598086401e+01 9.899360746600065486e-01 -1.364567275931583001e-01 -3.749839438302328409e-02 -1.506221380698503083e+02 3.187506548205070595e-02 -4.316456717926217546e-02 9.985593624520987532e-01 3.618564235694023523e+00
-1.402036032277160782e-01 -9.893829058931050691e-01 -3.826767785587281701e-02 -1.000859244537590200e+02 9.896182846969691083e-01 -1.387939448177046842e-01 -3.730806180129144639e-02 -1.506848066719342398e+02 3.160063662957157682e-02 -4.310111841304840180e-02 9.985708254080679636e-01 3.616713437450163493e+00
-1.422303023576176884e-01 -9.891025924048016948e-01 -3.803423180979548929e-02 -1.005077967459096868e+02 9.893310833721068454e-01 -1.408288806092445888e-01 -3.729924744710589463e-02 -1.507440586385498023e+02 3.153646405407459913e-02 -4.293353100372428871e-02 9.985800735797396577e-01 3.608037325449859445e+00
-1.445658431084533291e-01 -9.887756051906679833e-01 -3.772955852074864197e-02 -1.008973909426003388e+02 9.889900119411101365e-01 -1.431687003551573856e-01 -3.743633955581136818e-02 -1.508128565024346415e+02 3.161444744203128349e-02 -4.272617252274822641e-02 9.985865014581818411e-01 3.607029410942471870e+00
-1.473661303337141515e-01 -9.883851959929882414e-01 -3.712045221127035360e-02 -1.012809964411082859e+02 9.885711047337449875e-01 -1.459801122137478480e-01 -3.764276455794675347e-02 -1.508712657839650433e+02 3.178670344609780402e-02 -4.224347499867940614e-02 9.986015693478884625e-01 3.588743829945438168e+00
-1.502989479605600920e-01 -9.879591899095793162e-01 -3.669966369268981565e-02 -1.016531061113662275e+02 9.881220300366458931e-01 -1.489144107623978641e-01 -3.793879312189169656e-02 -1.509125255494641067e+02 3.201687052487617313e-02 -4.196590688279650677e-02 9.986059196005688809e-01 3.578068179590686793e+00
-1.518567358506694998e-01 -9.877316742193684718e-01 -3.640977232259565155e-02 -1.019831541844743867e+02 9.878782665167831212e-01 -1.504735600305742160e-01 -3.813447620619167533e-02 -1.509718919577337886e+02 3.218792196733673283e-02 -4.175939984636384272e-02 9.986090777696225995e-01 3.570179207518870523e+00
-1.539981002573833635e-01 -9.874051224900772805e-01 -3.627270595740842568e-02 -1.023121784478739897e+02 9.875560211147991208e-01 -1.526288107321349674e-01 -3.791505366475040467e-02 -1.510181113433087319e+02 3.190125823574505720e-02 -4.166017540589362494e-02 9.986224208919638468e-01 3.566227927227685335e+00
-1.562587597940754414e-01 -9.870541102219206886e-01 -3.615775824951621142e-02 -1.026243351295908752e+02 9.872092553465922071e-01 -1.549012223966499402e-01 -3.772926527314386658e-02 -1.510677653609498918e+02 3.163994541153720974e-02 -4.159080179603012739e-02 9.986336260412616017e-01 3.568678633658804777e+00
-1.577789944711323056e-01 -9.868149525298501867e-01 -3.608376874979158516e-02 -1.029269369442073128e+02 9.869764018196895972e-01 -1.564336648302295796e-01 -3.749787672445464848e-02 -1.511221938464234995e+02 3.135874925339646874e-02 -4.153020552914997443e-02 9.986450174481266151e-01 3.569532249616253150e+00
-1.595676206343050740e-01 -9.865396740386560559e-01 -3.574417424992738790e-02 -1.032007320424262673e+02 9.866727281713350006e-01 -1.582113282407491273e-01 -3.802766228988360697e-02 -1.511600285995087916e+02 3.186066427496407616e-02 -4.133578551328903616e-02 9.986371968377492081e-01 3.562029536149214248e+00
-1.616181837866266235e-01 -9.862126663162030793e-01 -3.555473902305368583e-02 -1.034803288503491672e+02 9.863333015867067344e-01 -1.602586291846554989e-01 -3.825950800679166208e-02 -1.512132429560297169e+02 3.203405766647136887e-02 -4.125225532428983266e-02 9.986351038192482488e-01 3.548273072365519365e+00
-1.630135712827178729e-01 -9.859899259458750898e-01 -3.536158241513004397e-02 -1.037284675148532500e+02 9.860821796393599570e-01 -1.616319434397717192e-01 -3.894932422483853018e-02 -1.512600860957817304e+02 3.268808001922729467e-02 -4.121869470434770533e-02 9.986152956126429503e-01 3.554031062272286601e+00
-1.650452108416280428e-01 -9.856658932034508824e-01 -3.496891982440956947e-02 -1.039862293036826202e+02 9.857221077007761734e-01 -1.636483855855495051e-01 -3.963751108713556293e-02 -1.512992154301301184e+02 3.334673549512802426e-02 -4.101161872795011654e-02 9.986020440401327525e-01 3.542101609123927464e+00
-1.661493998873186939e-01 -9.854823644685982709e-01 -3.491255130271615770e-02 -1.041979031880618294e+02 9.855518248516540458e-01 -1.647718339507802110e-01 -3.921534480367692282e-02 -1.513392912969815143e+02 3.289342561452965330e-02 -4.092373465212410105e-02 9.986206839904048227e-01 3.545909154795357843e+00
-1.677426751826143203e-01 -9.852182061560634807e-01 -3.474882992574361562e-02 -1.044283772123515774e+02 9.852881782195441751e-01 -1.663768087985000310e-01 -3.906358092698236639e-02 -1.513711364840452802e+02 3.270475169438674667e-02 -4.079024089970127720e-02 9.986323424884420152e-01 3.539634665171823791e+00
-1.688093748680310480e-01 -9.850396393217731861e-01 -3.464540260259158649e-02 -1.046415874000317245e+02 9.851261498278051087e-01 -1.674711809637425830e-01 -3.846911062208551585e-02 -1.513992233213666054e+02 3.209149236338817296e-02 -4.062403859096865716e-02 9.986590126797284528e-01 3.540790700756123233e+00
-1.697837599836833355e-01 -9.848843178868721404e-01 -3.429803531274186468e-02 -1.048309118865437881e+02 9.849426400270856474e-01 -1.684375421436208331e-01 -3.894599148938528155e-02 -1.514412229116968263e+02 3.258021949401779249e-02 -4.039399432003452917e-02 9.986525194083248902e-01 3.538193609615944091e+00
-1.716087750684496260e-01 -9.845756370892588816e-01 -3.407701820562471229e-02 -1.050222567674736638e+02 9.846225182684611443e-01 -1.702636758751663315e-01 -3.909958051118164746e-02 -1.514691752755187224e+02 3.269441600916481172e-02 -4.026283059791650742e-02 9.986540840721892520e-01 3.534457573757804560e+00
-1.726050797565445993e-01 -9.844037955343710733e-01 -3.400961304927703488e-02 -1.052278290183449911e+02 9.844646945667653304e-01 -1.712812808324439828e-01 -3.862626034142438436e-02 -1.515092212708962052e+02 3.219862720370093856e-02 -4.014835206981898219e-02 9.986748010399957298e-01 3.529727703037989883e+00
-1.733355399672285024e-01 -9.842845673412410346e-01 -3.374434883258557727e-02 -1.054091814917482282e+02 9.843328728980498266e-01 -1.720166852542099889e-01 -3.871763585790958390e-02 -1.515454173035244025e+02 3.230458042663511553e-02 -3.992681414813819413e-02 9.986802609421291388e-01 3.516668411291905105e+00
-1.742220146030089012e-01 -9.841262183452493817e-01 -3.379757377605435709e-02 -1.055777975740993213e+02 9.841738109750427510e-01 -1.728964952397011867e-01 -3.884213851848380278e-02 -1.515779542355075193e+02 3.238208483915278046e-02 -4.002984260906895103e-02 9.986736265077610364e-01 3.524880220472750736e+00
-1.755083187010639811e-01 -9.838981589619759660e-01 -3.378228615650861327e-02 -1.057413106729830190e+02 9.839385019552715494e-01 -1.741730230417710690e-01 -3.909964724274485326e-02 -1.516075797373725891e+02 3.258610803305807962e-02 -4.010200538283822946e-02 9.986640950427388974e-01 3.522472685826435246e+00
-1.761662311363783040e-01 -9.837845484787784978e-01 -3.366632117725659734e-02 -1.059100543666749275e+02 9.838215258212511527e-01 -1.748352224523690435e-01 -3.908772596066553695e-02 -1.516397695306599758e+02 3.256784208309701500e-02 -4.000758883557890833e-02 9.986684777730864271e-01 3.517964784083403629e+00
-1.772280921874156423e-01 -9.835953199379583456e-01 -3.362216435261256714e-02 -1.060768702700315913e+02 9.836251125962782726e-01 -1.758901583801362190e-01 -3.929745608775697674e-02 -1.516599577188085277e+02 3.273898608032119878e-02 -4.003621836732103312e-02 9.986617345274008128e-01 3.521113980819399636e+00
-1.776902827986495126e-01 -9.835125315243103961e-01 -3.360451954095097782e-02 -1.062271875362466176e+02 9.835493514679319871e-01 -1.763616583883502731e-01 -3.907990119640945142e-02 -1.516831673123135431e+02 3.250902376181474818e-02 -3.999582209622706136e-02 9.986708654951844677e-01 3.522384619670235750e+00
-1.782769130762265064e-01 -9.834064186728646018e-01 -3.360294595749872826e-02 -1.063717709163800720e+02 9.834341939791628739e-01 -1.769363692036480806e-01 -3.937902189726116137e-02 -1.517184290954998005e+02 3.277999964255969012e-02 -4.006665653684295808e-02 9.986591684140252445e-01 3.517745908863889603e+00
-1.791708839873624726e-01 -9.832517570447553146e-01 -3.337329171041029247e-02 -1.065045431168452694e+02 9.832702872174660103e-01 -1.778363453932820804e-01 -3.941797220105073413e-02 -1.517451842714966119e+02 3.282280619430116148e-02 -3.987751904973895617e-02 9.986653327656713763e-01 3.507532513916774342e+00
-1.802487225863378395e-01 -9.830581458681701967e-01 -3.327280944297789783e-02 -1.066283120542443044e+02 9.830694567120212835e-01 -1.789118380777823258e-01 -3.956004898329368996e-02 -1.517655553091495619e+02 3.293692890851571825e-02 -3.984013099708253597e-02 9.986630676440431120e-01 3.511901236055347209e+00
-1.807939319804516831e-01 -9.829590725816769181e-01 -3.324177775657993772e-02 -1.067541681385064010e+02 9.829811501836588361e-01 -1.794717614808805095e-01 -3.921664461120202144e-02 -1.517858144529349715e+02 3.258239620806299697e-02 -3.976617231165171379e-02 9.986776451873852212e-01 3.508663803287963567e+00
-1.810226867602504619e-01 -9.829179989614280633e-01 -3.321135642762004792e-02 -1.068769163498534454e+02 9.829348601757297299e-01 -1.796962594908717570e-01 -3.934863372860663427e-02 -1.518109470335421349e+02 3.270852380372674117e-02 -3.976759538432641378e-02 9.986734655671640759e-01 3.506020613009064757e+00
-1.816830748831901321e-01 -9.828002704750966600e-01 -3.308910175671592874e-02 -1.069695050816218611e+02 9.828073944469641887e-01 -1.803536778093084436e-01 -3.952437628889264587e-02 -1.518283385141871520e+02 3.287682650985302574e-02 -3.970112409911469298e-02 9.986705838382883282e-01 3.506796992428143245e+00
-1.825593074459328502e-01 -9.826344582096473435e-01 -3.319067344743124870e-02 -1.070736279082400699e+02 9.826535105152882643e-01 -1.812347314277871213e-01 -3.931984735827197264e-02 -1.518512852871600387e+02 3.262173411762901709e-02 -3.979313588209082431e-02 9.986752869676049915e-01 3.508651047125183275e+00
-1.828418169521581760e-01 -9.825848055561720029e-01 -3.310543556235798213e-02 -1.071813727286756404e+02 9.825935601791574436e-01 -1.815111824097386251e-01 -3.954220725588489249e-02 -1.518731129806643025e+02 3.284456527467251308e-02 -3.975915681146381664e-02 9.986693366583151432e-01 3.508232986397018305e+00
-1.830761841247252608e-01 -9.825422311156509769e-01 -3.307377935176118722e-02 -1.072671428563005378e+02 9.825399430680900048e-01 -1.817344175954378471e-01 -3.984798284734403923e-02 -1.518842587164796498e+02 3.314168194411526436e-02 -3.979152592608523747e-02 9.986582315198672122e-01 3.511777759980213354e+00
-1.835814950767682419e-01 -9.824469757072363807e-01 -3.310248614656580851e-02 -1.073466895196660857e+02 9.824588002675701537e-01 -1.822536161371144381e-01 -3.947562769294797602e-02 -1.519035362723692515e+02 3.274966323774120697e-02 -3.976882357639416332e-02 9.986720684134328119e-01 3.503339739176714929e+00
-1.844020967710684467e-01 -9.822999576485293982e-01 -3.290379780710513818e-02 -1.074227418519992057e+02 9.823005304240117752e-01 -1.830753435451493161e-01 -3.961169668836277830e-02 -1.519152665418896788e+02 3.288669389188924458e-02 -3.962589796487748367e-02 9.986732466504438799e-01 3.498744055979153611e+00
-1.846340253126428355e-01 -9.822630442526723016e-01 -3.270456531315654031e-02 -1.074804777936807483e+02 9.822552230029182319e-01 -1.833128419420790856e-01 -3.963683719225419982e-02 -1.519274954648890059e+02 3.293863355297609735e-02 -3.944253889635585680e-02 9.986787934792008548e-01 3.496460698322472638e+00
-1.851491036603485352e-01 -9.821706459774198761e-01 -3.256733937654607974e-02 -1.075432722468437419e+02 9.821694032217925807e-01 -1.838459798565430514e-01 -3.929273553133209168e-02 -1.519363285564495811e+02 3.260479702002665875e-02 -3.926165904397312806e-02 9.986968756036025407e-01 3.492927956999487105e+00
-1.855433966041508675e-01 -9.820957291065999240e-01 -3.258261572020024199e-02 -1.076009799852688928e+02 9.820896894137063349e-01 -1.842326521342332324e-01 -3.947368534702795639e-02 -1.519336303091920968e+02 3.276415608381087752e-02 -3.932313260870867744e-02 9.986892416152051144e-01 3.498629903966931742e+00
-1.857015174717890904e-01 -9.820686124195768807e-01 -3.249902935414913235e-02 -1.076328258094754915e+02 9.820605054439538462e-01 -1.843947197904345359e-01 -3.944300902027327721e-02 -1.519413205650404848e+02 3.274309172697319886e-02 -3.924063982269180434e-02 9.986931771722808993e-01 3.493585124334751324e+00
-1.859059829341067616e-01 -9.820284481882831651e-01 -3.254370074554902015e-02 -1.076738260345230884e+02 9.820208575610355206e-01 -1.845959073682026386e-01 -3.948906554981943678e-02 -1.519519496119029043e+02 3.277195179405069381e-02 -3.929984646054233283e-02 9.986899024440900607e-01 3.494031451074558259e+00
-1.860535155656963813e-01 -9.820036787832444602e-01 -3.244786898734639685e-02 -1.077057062656556496e+02 9.819951706303686745e-01 -1.847497548168639536e-01 -3.940828534384809012e-02 -1.519592971957354166e+02 3.270434534245666297e-02 -3.919570067346010711e-02 9.986962114899794463e-01 3.490127825084954338e+00
-1.862276553013824110e-01 -9.819720816594807999e-01 -3.240511136063435604e-02 -1.077233760207859490e+02 9.819577806754189453e-01 -1.849200952538696541e-01 -3.954080604015437761e-02 -1.519603175616887540e+02 3.283561133822339440e-02 -3.918404283181302350e-02 9.986923617488019378e-01 3.492078293269388567e+00
-1.860887242243882689e-01 -9.819989931755895851e-01 -3.238771555185154111e-02 -1.077317063703607545e+02 9.819827421684353963e-01 -1.847804469041438580e-01 -3.957373529583569499e-02 -1.519715318125319641e+02 3.287675166283254152e-02 -3.916840364417416981e-02 9.986916217512128435e-01 3.492395091460969159e+00
-1.865015161334961924e-01 -9.819176801381560571e-01 -3.247851462135388501e-02 -1.077487554562072773e+02 9.819010623257705683e-01 -1.851848985987731844e-01 -3.970966046802129612e-02 -1.519572057876050053e+02 3.297708724903912481e-02 -3.929659989190277536e-02 9.986832775978102816e-01 3.497442096556805158e+00
-1.863539425565770014e-01 -9.819468252341964076e-01 -3.244442180256029706e-02 -1.077437746440500774e+02 9.819262554624067496e-01 -1.850355824935405735e-01 -3.978268523934089945e-02 -1.519625249075042461e+02 3.306110898315925417e-02 -3.927168985106941484e-02 9.986814794763368974e-01 3.498789262047214077e+00
-1.864003275821184413e-01 -9.819377350986387976e-01 -3.245307792234639749e-02 -1.077370276060963761e+02 9.819234213264577127e-01 -1.850886512896081637e-01 -3.960537607872479521e-02 -1.519572303191240223e+02 3.288331686162918738e-02 -3.924889238117181683e-02 9.986882456097242455e-01 3.498659906897744865e+00
-1.865210882998655784e-01 -9.819184791211094110e-01 -3.234167558926803049e-02 -1.077381266780002562e+02 9.819075503946618211e-01 -1.852221374487068584e-01 -3.937413207788949959e-02 -1.519597968059718482e+02 3.267179360531804327e-02 -3.910064141954758959e-02 9.987010031752203698e-01 3.498894102336917111e+00
-1.864773890387474431e-01 -9.819339371003346084e-01 -3.212361355650512201e-02 -1.077373970083724117e+02 9.819179773224193664e-01 -1.851897799725725768e-01 -3.926615851797567169e-02 -1.519626332842565546e+02 3.260780870190855413e-02 -3.886500436570423933e-02 9.987122920277458071e-01 3.492157167442936583e+00
-1.863242246634178034e-01 -9.819623137549994274e-01 -3.214494779128722335e-02 -1.077391536992206653e+02 9.819445872578090873e-01 -1.850330681938552324e-01 -3.933943606432643847e-02 -1.519607186627193300e+02 3.268196534278969279e-02 -3.889444741472107558e-02 9.987087218511893072e-01 3.490306885791509384e+00
-1.863237124656678123e-01 -9.819623487235269454e-01 -3.214684840517299108e-02 -1.077387512593246157e+02 9.819458137377676810e-01 -1.850338252761556390e-01 -3.930524629799307668e-02 -1.519667275918410212e+02 3.264801764095216080e-02 -3.888996262594178466e-02 9.987100068343507386e-01 3.492164702527438269e+00
-1.863564407501381304e-01 -9.819541553441935022e-01 -3.220735619717510906e-02 -1.077390963687963961e+02 9.819361888864368559e-01 -1.850600112119953344e-01 -3.942224252114522737e-02 -1.519641725979037687e+02 3.275054115766715818e-02 -3.897215740099147646e-02 9.987034459745256498e-01 3.493633674914922160e+00
-1.864868228101410619e-01 -9.819304044393133424e-01 -3.217678908507965591e-02 -1.077385837875103363e+02 9.819177701755104071e-01 -1.851989644427978199e-01 -3.922800253478474913e-02 -1.519602379960978453e+02 3.256006037667651815e-02 -3.891046654772927632e-02 9.987120796612530826e-01 3.490467085218328158e+00
-1.863667243365492165e-01 -9.819548362073599046e-01 -3.212699346409070289e-02 -1.077396793482230208e+02 9.819359697446136126e-01 -1.850755629206002340e-01 -3.935463544905849070e-02 -1.519662800683333899e+02 3.269855320606755711e-02 -3.888104497824083211e-02 9.987087007529422689e-01 3.489430201233640005e+00
-1.863889090764807577e-01 -9.819496234941064161e-01 -3.215760396954103761e-02 -1.077398663414074917e+02 9.819308805327214840e-01 -1.850954405401175062e-01 -3.938811683101969829e-02 -1.519670240339800387e+02 3.272492061890483472e-02 -3.891805250834470820e-02 9.987063956736454973e-01 3.490828673873194621e+00
-1.863777835518696246e-01 -9.819521083783349091e-01 -3.214620739116579029e-02 -1.077382261141201951e+02 9.819369095190000341e-01 -1.850894539924101689e-01 -3.926575792044616209e-02 -1.519698602805681560e+02 3.260716980309776025e-02 -3.888381246913517886e-02 9.987115807906189469e-01 3.489938117705287723e+00
-1.864273031553385085e-01 -9.819430382291904902e-01 -3.213612159944591318e-02 -1.077426140488203288e+02 9.819216429039692162e-01 -1.851323204517631993e-01 -3.944503924343372575e-02 -1.519642309512956615e+02 3.278334691574151527e-02 -3.890878560649949774e-02 9.987048405648335514e-01 3.490825802230780983e+00
-1.863907177318402386e-01 -9.819479110436363234e-01 -3.219938416256750563e-02 -1.077384309715900770e+02 9.819296693529792064e-01 -1.850945373682002515e-01 -3.942254026316596716e-02 -1.519655389108005181e+02 3.275095094433807391e-02 -3.896552621858334620e-02 9.987036912812280454e-01 3.493157863169369826e+00
-1.864099975854389690e-01 -9.819468729074971591e-01 -3.211933354515175698e-02 -1.077388985316378722e+02 9.819277584218362165e-01 -1.851190777258413522e-01 -3.935485106822609463e-02 -1.519630322535704749e+02 3.269847153713771604e-02 -3.887500288259747999e-02 9.987089386352827614e-01 3.488806967717597018e+00
-1.865827572540748047e-01 -9.819110010426663759e-01 -3.221274168486087247e-02 -1.077444196261735527e+02 9.818960531840150718e-01 -1.852891384573496225e-01 -3.934559583214639750e-02 -1.519614707366653192e+02 3.266520223602600165e-02 -3.897077367876741055e-02 9.987062948443640176e-01 3.491300982688536614e+00
-1.864232543189745517e-01 -9.819439836967647217e-01 -3.213071942629065758e-02 -1.077366558586334691e+02 9.819272101050502410e-01 -1.851341998605988692e-01 -3.929735483831811593e-02 -1.519625851754737198e+02 3.263930612675169929e-02 -3.887596846001246942e-02 9.987108364145551587e-01 3.490567878069373631e+00
-1.864164306585580633e-01 -9.819447153626762459e-01 -3.214794475290062847e-02 -1.077377264097788867e+02 9.819275244838411298e-01 -1.851255289933382286e-01 -3.933033404348715983e-02 -1.519634640439157067e+02 3.266880838902164186e-02 -3.889877229745464932e-02 9.987089838747782444e-01 3.491586361357416735e+00
-1.864116482730406865e-01 -9.819445951132944606e-01 -3.217933367732616484e-02 -1.077378532889617446e+02 9.819292578460571130e-01 -1.851204808529307577e-01 -3.931081472917204861e-02 -1.519611670669933403e+02 3.264398832893704999e-02 -3.892582300437859993e-02 9.987087414904367577e-01 3.492979528307939674e+00
-1.864382822090504543e-01 -9.819388910885253896e-01 -3.219908530961513443e-02 -1.077427600881039211e+02 9.819243794367493727e-01 -1.851464943590135359e-01 -3.931016019202529521e-02 -1.519636747896663564e+02 3.263862734082755707e-02 -3.894598560063856907e-02 9.987081306422319615e-01 3.494188800343209333e+00
-1.865284381997167618e-01 -9.819197151521822375e-01 -3.226166050023033388e-02 -1.077448884255925918e+02 9.819027970212804712e-01 -1.852286793235971007e-01 -3.946179871499180813e-02 -1.519590567481870380e+02 3.277253338637358543e-02 -3.903856236458612405e-02 9.987001310222930472e-01 3.495198747090555891e+00
-1.864303654053682813e-01 -9.819415271160515379e-01 -3.216451740377920115e-02 -1.077388709233542556e+02 9.819231798321509386e-01 -1.851367551331188910e-01 -3.938592143263273254e-02 -1.519621163921436846e+02 3.271983745587380560e-02 -3.892581693139825910e-02 9.987062596244625778e-01 3.493373767098079785e+00
-1.864363992033040152e-01 -9.819407419511694268e-01 -3.215351222639849238e-02 -1.077400464136352838e+02 9.819238326742227851e-01 -1.851453611994557935e-01 -3.932915016483413267e-02 -1.519621852104633319e+02 3.266582125817851789e-02 -3.890468509974039785e-02 9.987088512668839124e-01 3.490129316033187656e+00
-1.864112049458765963e-01 -9.819438178534934947e-01 -3.220560898247502857e-02 -1.077407287502908133e+02 9.819274279654720550e-01 -1.851167040233181460e-01 -3.937425682671914784e-02 -1.519628520545780077e+02 3.270151188767303485e-02 -3.896337345314050682e-02 9.987053953240723203e-01 3.493142645487623987e+00
-1.864134152990570836e-01 -9.819457219682149463e-01 -3.213468071823034899e-02 -1.077419029822527818e+02 9.819282279473146025e-01 -1.851232056178002683e-01 -3.932370661619379731e-02 -1.519618617552937678e+02 3.266487037764137513e-02 -3.888441654584746249e-02 9.987096717230192766e-01 3.492001870711593181e+00
-1.864304898666471200e-01 -9.819411458780828994e-01 -3.217543285986083912e-02 -1.077339852380554674e+02 9.819228656640530684e-01 -1.851360958594505668e-01 -3.939685134645084380e-02 -1.519611261387339596e+02 3.272855533285992657e-02 -3.893856753345819460e-02 9.987054769171270774e-01 3.494093578930467014e+00
-1.864395192840051507e-01 -9.819401507361931181e-01 -3.215347603807771487e-02 -1.077389093392874031e+02 9.819248579991366466e-01 -1.851504056985429081e-01 -3.927977231400833075e-02 -1.519605363406210756e+02 3.261715641383223369e-02 -3.889559926067698986e-02 9.987107957089621513e-01 3.489859328473666089e+00
-1.863601538202621644e-01 -9.819559996918818534e-01 -3.212954617179390737e-02 -1.077376495626644015e+02 9.819377120935575132e-01 -1.850694896452171889e-01 -3.933972001589611245e-02 -1.519653758354862418e+02 3.268367538326166777e-02 -3.888056933194405929e-02 9.987092062717082275e-01 3.490065182178082370e+00
-1.864344846510728182e-01 -9.819419983567605481e-01 -3.212623221015473846e-02 -1.077410509465306774e+02 9.819225701247955573e-01 -1.851426082219234104e-01 -3.937360664581737724e-02 -1.519619903646856471e+02 3.271466356857572616e-02 -3.888607056408814600e-02 9.987079774907576812e-01 3.490926044387240523e+00
-1.864559212069871741e-01 -9.819369081370232788e-01 -3.215739238740058376e-02 -1.077423627469996887e+02 9.819173757450769813e-01 -1.851614245258030866e-01 -3.941464293225568211e-02 -1.519617369550168746e+02 3.274838403273761661e-02 -3.892499590081927724e-02 9.987053559670967529e-01 3.491867240979087406e+00
-1.864444943815111166e-01 -9.819382419284423680e-01 -3.218290778196093022e-02 -1.077395776306802304e+02 9.819240985205435202e-01 -1.851544164792364722e-01 -3.927985237817128994e-02 -1.519642368849681588e+02 3.261158167645620415e-02 -3.892468492760033094e-02 9.987098445714084338e-01 3.490619573087079264e+00
-1.864648216749629217e-01 -9.819361615542735455e-01 -3.212856843657563993e-02 -1.077399252972963666e+02 9.819190102672726850e-01 -1.851754216089671612e-01 -3.930802090771030877e-02 -1.519622653203174707e+02 3.264854596247674517e-02 -3.887721522949860731e-02 9.987104858679192176e-01 3.490257332885569053e+00
-1.864543899231740909e-01 -9.819350211124104888e-01 -3.222382335085903493e-02 -1.077429134574684184e+02 9.819194196697134114e-01 -1.851593175742478614e-01 -3.937360017743717078e-02 -1.519602335106588384e+02 3.269577578022521414e-02 -3.898257852437786442e-02 9.987048336809629667e-01 3.493335055638369102e+00
-1.864005314496326449e-01 -9.819465938948702677e-01 -3.218273781948453871e-02 -1.077381166785542348e+02 9.819311201027055569e-01 -1.851089495310589417e-01 -3.931859836457157059e-02 -1.519608038790985631e+02 3.265145095001320552e-02 -3.893023942606894244e-02 9.987083253928985549e-01 3.491892748476866259e+00
-1.864404026490147359e-01 -9.819394271538672836e-01 -3.217044700977144539e-02 -1.077405773247500633e+02 9.819211587383758211e-01 -1.851464013325261337e-01 -3.939096464293329047e-02 -1.519629111309054679e+02 3.272329876340224902e-02 -3.893290991372787280e-02 9.987058697352743097e-01 3.492237909925479222e+00
-1.864142616195452185e-01 -9.819446814109509258e-01 -3.216155645465548080e-02 -1.077367233292663116e+02 9.819258955799814448e-01 -1.851203893926209876e-01 -3.939513955522766508e-02 -1.519646588285803830e+02 3.273008790533939866e-02 -3.892408097657040766e-02 9.987059914037955677e-01 3.494293745354750236e+00
-1.864436200725512194e-01 -9.819398038799914685e-01 -3.214028765221033784e-02 -1.077403081271344689e+02 9.819225144139277495e-01 -1.851531631174341275e-01 -3.932533375115206120e-02 -1.519610615282870185e+02 3.266423458881050762e-02 -3.889122965057134618e-02 9.987094272284575691e-01 3.488575594413298120e+00
-1.864583099777827879e-01 -9.819354998598397444e-01 -3.218653064926088603e-02 -1.077393316011591367e+02 9.819198314081574175e-01 -1.851661043197447842e-01 -3.933139329372101201e-02 -1.519629242370230600e+02 3.266103684216219161e-02 -3.893825787135445082e-02 9.987076993526878832e-01 3.492885783452561288e+00
-1.864824519503625044e-01 -9.819326072026141050e-01 -3.213487244190520870e-02 -1.077411641955274746e+02 9.819175956447899756e-01 -1.851950760988281264e-01 -3.925072167367153753e-02 -1.519603440687440923e+02 3.259034332030767006e-02 -3.887336750303509170e-02 9.987125366296542017e-01 3.490645331511700533e+00
-1.863967772668342349e-01 -9.819489273048503941e-01 -3.213324741436038995e-02 -1.077411570907707983e+02 9.819300537649181537e-01 -1.851050658570043694e-01 -3.936348698095356452e-02 -1.519618157253635218e+02 3.270490693709119517e-02 -3.888982847645903324e-02 9.987081507143654724e-01 3.490005946151123251e+00
-1.863516338348665258e-01 -9.819554965754172526e-01 -3.219427452826702923e-02 -1.077373137127934513e+02 9.819393382850173380e-01 -1.850584006184474717e-01 -3.935129335770731068e-02 -1.519627927657670341e+02 3.268339785668008396e-02 -3.894600243757660035e-02 9.987066658427159460e-01 3.492221982697841565e+00
-1.864900365013810735e-01 -9.819291674139343229e-01 -3.219590762024424069e-02 -1.077367927935123646e+02 9.819111372361342127e-01 -1.851942252137708245e-01 -3.941595513383606281e-02 -1.519602104791657666e+02 3.274117984060737063e-02 -3.896420317738943234e-02 9.987040632807078211e-01 3.492456847970193845e+00
-1.863864375039097077e-01 -9.819491033621300380e-01 -3.218779770208286817e-02 -1.077348102327790826e+02 9.819322593753240236e-01 -1.850928447612554262e-01 -3.936593471845302450e-02 -1.519634897318954643e+02 3.269761325651877881e-02 -3.894351325310602130e-02 9.987062975984642987e-01 3.493276673438006963e+00
-1.864436715938400102e-01 -9.819372822295704406e-01 -3.221693793974945985e-02 -1.077341721042904936e+02 9.819239969493527287e-01 -1.851519256514826406e-01 -3.929412987401343510e-02 -1.519606855042863458e+02 3.261934299792559888e-02 -3.896072631706428563e-02 9.987081857415761599e-01 3.492461663463958477e+00
-1.864305788743323422e-01 -9.819414148933381936e-01 -3.216670604600135874e-02 -1.077394010946555625e+02 9.819268983558272490e-01 -1.851413592762203297e-01 -3.927140652762387690e-02 -1.519605212061669306e+02 3.260683280979116694e-02 -3.890674495022792417e-02 9.987106986767950723e-01 3.491752770495473168e+00
-1.864975262266985734e-01 -9.819277290567816063e-01 -3.219639142379059071e-02 -1.077393055902964818e+02 9.819121744629262238e-01 -1.852046136923211073e-01 -3.934123420237782554e-02 -1.519565015646305710e+02 3.266732852270194665e-02 -3.895107157024235711e-02 9.987069939029763477e-01 3.493456709005031691e+00
-1.864274073983458457e-01 -9.819407708262472001e-01 -3.220472573841384745e-02 -1.077399760884721047e+02 9.819281310752264735e-01 -1.851374254924331719e-01 -3.925912741193467864e-02 -1.519620449936283251e+02 3.258783782094115677e-02 -3.894170349623925914e-02 9.987099561709430473e-01 3.493037143455921090e+00
-1.863896843590191477e-01 -9.819474145227843342e-01 -3.222050087388637907e-02 -1.077425710593043391e+02 9.819297847091729148e-01 -1.850925616405638685e-01 -3.942894274934419935e-02 -1.519646209298812494e+02 3.275337334599576211e-02 -3.898741767997707802e-02 9.987027574794739015e-01 3.493234957656257578e+00
-1.864257173517291921e-01 -9.819406653079525427e-01 -3.221772376300074958e-02 -1.077367091711894886e+02 9.819237081028793224e-01 -1.851295581708236604e-01 -3.940657504741097716e-02 -1.519616971846947706e+02 3.273046555404851565e-02 -3.898174580558828872e-02 9.987037299011973790e-01 3.495269519493199972e+00
-1.864385149397160824e-01 -9.819388889537887799e-01 -3.219780283299186752e-02 -1.077409062717891004e+02 9.819256247102816637e-01 -1.851483174298020895e-01 -3.927044805240311603e-02 -1.519605160887851980e+02 3.259981110982923536e-02 -3.893737167699131557e-02 9.987097343084683221e-01 3.490658612763350988e+00
-1.864051242126218977e-01 -9.819438227037505795e-01 -3.224063772977588810e-02 -1.077438512485617110e+02 9.819287232909795771e-01 -1.851093963851444535e-01 -3.937630945218968670e-02 -1.519619537837052974e+02 3.269727883821803988e-02 -3.899795409855587314e-02 9.987041841970537570e-01 3.493252369438377247e+00
-1.864429638635074493e-01 -9.819362972599270378e-01 -3.225103640590930298e-02 -1.077403746242183189e+02 9.819204788249196181e-01 -1.851454941420285216e-01 -3.941217151014414499e-02 -1.519608970463384310e+02 3.272910768767950396e-02 -3.901607517893854182e-02 9.987024338548493585e-01 3.494389492889413695e+00
-1.864722393615383389e-01 -9.819313781166238986e-01 -3.223154692969792262e-02 -1.077376620904762348e+02 9.819164962112176820e-01 -1.851773848261795141e-01 -3.936153728226389481e-02 -1.519630066326595568e+02 3.268177497901850886e-02 -3.898852163041283125e-02 9.987050599477783619e-01 3.494178915330865998e+00
-1.864146553771466319e-01 -9.819408005083575253e-01 -3.227755501313053776e-02 -1.077373953900124235e+02 9.819291585463777450e-01 -1.851201139570608500e-01 -3.931502263674157421e-02 -1.519625785161059071e+02 3.262980013764019138e-02 -3.902316882995058439e-02 9.987054062322116010e-01 3.495447752235373962e+00
-1.864773516327942193e-01 -9.819304949183895737e-01 -3.222887645180610300e-02 -1.077382168158118674e+02 9.819175593065820884e-01 -1.851850242305090877e-01 -3.929902703821926829e-02 -1.519606531309376010e+02 3.262060780280002376e-02 -3.897447818858353757e-02 9.987076078595293893e-01 3.493568858387092746e+00
-1.864205228047803864e-01 -9.819442664480833027e-01 -3.213792567867684163e-02 -1.077421675586736001e+02 9.819254712983007671e-01 -1.851284973957580959e-01 -3.936760429082232504e-02 -1.519614333313379291e+02 3.270714742685994908e-02 -3.889597719205133142e-02 9.987078378912789267e-01 3.490758831110394311e+00
-1.864667588995816416e-01 -9.819336682168423591e-01 -3.219346281004405869e-02 -1.077403539695879715e+02 9.819194235571572227e-01 -1.851756896160059451e-01 -3.929643261692967321e-02 -1.519617818267785481e+02 3.262504355040057175e-02 -3.893886487114191913e-02 9.987088521365380389e-01 3.491834798554685815e+00
-1.864632538650354832e-01 -9.819348260649221061e-01 -3.217844494244487957e-02 -1.077375865013910499e+02 9.819188938941072475e-01 -1.851713657733013996e-01 -3.933002811367927731e-02 -1.519614505841750827e+02 3.266099771648065669e-02 -3.893022808179787131e-02 9.987080136704937772e-01 3.490859236940690558e+00
-1.864426906064597933e-01 -9.819377056920745028e-01 -3.220970753684568311e-02 -1.077413728966298265e+02 9.819215612504997859e-01 -1.851481076428469486e-01 -3.937290677171535747e-02 -1.519634996410584336e+02 3.269817534366960265e-02 -3.896819698751739780e-02 9.987053163735220007e-01 3.492941227249688918e+00
-1.864085744422561142e-01 -9.819456223096847403e-01 -3.216579240826130531e-02 -1.077412328130047996e+02 9.819275347413356503e-01 -1.851152069031554159e-01 -3.937863240393938563e-02 -1.519629514874506810e+02 3.271329838473133883e-02 -3.892499197234958880e-02 9.987065059909963072e-01 3.491099300714957110e+00
-1.864851875403763515e-01 -9.819300940773324493e-01 -3.219573222201119189e-02 -1.077436840297448697e+02 9.819113388333770009e-01 -1.851885352097408788e-01 -3.943766090066007368e-02 -1.519608307629187038e+02 3.276274558817578175e-02 -3.896789412004926512e-02 9.987032120351736486e-01 3.492799766103372949e+00
-1.864281890704397870e-01 -9.819384417846760416e-01 -3.227114601929294974e-02 -1.077398286382389188e+02 9.819238973681400084e-01 -1.851306673784074430e-01 -3.939664672770651355e-02 -1.519619019333719052e+02 3.271070309972775453e-02 -3.903245497669467767e-02 9.987023967935662050e-01 3.494447400740101628e+00
-1.864391448865267975e-01 -9.819378241980823985e-01 -3.222661420497532903e-02 -1.077402543352522883e+02 9.819228052527387840e-01 -1.851445702899841006e-01 -3.935851390396775257e-02 -1.519606434000409934e+02 3.268103086765081211e-02 -3.898201510020737198e-02 9.987053382856000416e-01 3.493391721852165066e+00
-1.864586273888353407e-01 -9.819330606612888257e-01 -3.225902435947858998e-02 -1.077362601605557160e+02 9.819166417754032761e-01 -1.851597836393104046e-01 -3.944062787480083487e-02 -1.519637093559507832e+02 3.275498247268982671e-02 -3.902971820289934113e-02 9.987010524777752973e-01 3.495604210557170521e+00
-1.863317566376994083e-01 -9.819546500959863700e-01 -3.233483606233410190e-02 -1.077341375337329765e+02 9.819428668760386003e-01 -1.850326291579040827e-01 -3.938441745385615200e-02 -1.519653115320392374e+02 3.269071213013208244e-02 -3.908952931134455910e-02 9.987008190837947108e-01 3.497948590352511822e+00
-1.865603059330243063e-01 -9.819138605635718831e-01 -3.225558375411994444e-02 -1.077406922397152869e+02 9.818999141723164792e-01 -1.852645223657367612e-01 -3.936515338460036539e-02 -1.519583665423861873e+02 3.267737441371505042e-02 -3.901572997827980338e-02 9.987041413830664016e-01 3.493591967006202559e+00
-1.864243945292352045e-01 -9.819410053500189361e-01 -3.221501414871618535e-02 -1.077383028681552872e+02 9.819248410964965812e-01 -1.851293967501410620e-01 -3.937909212448529456e-02 -1.519610092769231642e+02 3.270399917483900881e-02 -3.897394605531768336e-02 9.987049013431591460e-01 3.492440866493756069e+00
-1.863096916194839636e-01 -9.819617729472738255e-01 -3.224554665221140287e-02 -1.077359983497354676e+02 9.819456249212061838e-01 -1.850124763164258113e-01 -3.941031978259559865e-02 -1.519657390638413688e+02 3.273359904983413199e-02 -3.900589798365224070e-02 9.987026841937162169e-01 3.494101535388471458e+00
-1.864498715545992447e-01 -9.819343327833863766e-01 -3.227090792833507693e-02 -1.077407440555273723e+02 9.819192768785686143e-01 -1.851517240093543126e-01 -3.941285057734943142e-02 -1.519645991407232941e+02 3.272581689648253189e-02 -3.903594750495306687e-02 9.987017651485594616e-01 3.496040030823662104e+00
-1.864158572697582894e-01 -9.819437830959668601e-01 -3.217972960672059457e-02 -1.077362788874732900e+02 9.819274496017472709e-01 -1.851234643791619394e-01 -3.934191981671887606e-02 -1.519612851456388114e+02 3.267433055150631427e-02 -3.893211753087273685e-02 9.987075039007032862e-01 3.491359185799931097e+00
-1.864272910629607427e-01 -9.819397420293216605e-01 -3.223675185739109661e-02 -1.077415691484692957e+02 9.819221403645772561e-01 -1.851288543850106993e-01 -3.944892312776827892e-02 -1.519622198541136697e+02 3.276851245896264531e-02 -3.900833625627206369e-02 9.987014440230596035e-01 3.493823845318375199e+00
-1.865451371690591831e-01 -9.819143793127662612e-01 -3.232744186293873973e-02 -1.077388670585962132e+02 9.819031729884155624e-01 -1.852469473990219218e-01 -3.936657661805997160e-02 -1.519631424333962002e+02 3.266604772326207190e-02 -3.908606117491036230e-02 9.987017618628559745e-01 3.496421158033758747e+00
-1.864417888532523548e-01 -9.819358536571626273e-01 -3.227132894347652103e-02 -1.077385438726331870e+02 9.819223536759563720e-01 -1.851454778095296128e-01 -3.936551026152858290e-02 -1.519629656547063519e+02 3.267951530651540260e-02 -3.902731542470995463e-02 9.987036186627499257e-01 3.494946355213123468e+00
-1.864563418958731233e-01 -9.819332680248787915e-01 -3.226592184938924246e-02 -1.077434645633709493e+02 9.819217441318112138e-01 -1.851627984389276893e-01 -3.929919179076024616e-02 -1.519622957672661983e+02 3.261473544199304520e-02 -3.901019379914248686e-02 9.987064052121634727e-01 3.495175574205641400e+00
-1.863847847885917730e-01 -9.819474388505936568e-01 -3.224809039415600653e-02 -1.077410082968625744e+02 9.819341799279223126e-01 -1.850906952023836372e-01 -3.932811766124516550e-02 -1.519662105938820105e+02 3.264932294227083920e-02 -3.899566494185870147e-02 9.987058424917487631e-01 3.492917637075763970e+00
-1.864403909525584879e-01 -9.819393009088046576e-01 -3.217436793762083747e-02 -1.077403292949400679e+02 9.819205702182394191e-01 -1.851455296107884507e-01 -3.940972782738275809e-02 -1.519576959520937010e+02 3.274102020012330250e-02 -3.894023877519125348e-02 9.987050031918265347e-01 3.493845181489311447e+00
-1.864113922203198825e-01 -9.819441392873177188e-01 -3.219472270064036717e-02 -1.077483968308744835e+02 9.819261469192223091e-01 -1.851158446567486848e-01 -3.941022777641251668e-02 -1.519642891202429098e+02 3.273888890680768521e-02 -3.895935544009358070e-02 9.987043275048126389e-01 3.492173463509108622e+00
-1.865166354185261444e-01 -9.819231934650446414e-01 -3.222401042019435585e-02 -1.077419356321760233e+02 9.819077707514708431e-01 -1.852216624946125823e-01 -3.937087096583680862e-02 -1.519605907386061006e+02 3.269058656600256491e-02 -3.898432862241004576e-02 9.987049352395483970e-01 3.493821300301105381e+00
-1.865569627730305768e-01 -9.819140070803566989e-01 -3.227045615263915423e-02 -1.077415850583725927e+02 9.819005550458965725e-01 -1.852605950606838192e-01 -3.936765065789234880e-02 -1.519612332957641740e+02 3.267720369711307749e-02 -3.903068814610673870e-02 9.987035624955878932e-01 3.494303346477611427e+00
-1.865198030452255296e-01 -9.819214247677495733e-01 -3.225955136146758245e-02 -1.077399385692269362e+02 9.819060726076872525e-01 -1.852220917221516494e-01 -3.941118260365068793e-02 -1.519638106108584168e+02 3.272350299276941682e-02 -3.902681539843692871e-02 9.987021978706858150e-01 3.492721432095215572e+00
-1.864544138407322471e-01 -9.819356668114203046e-01 -3.220400290213523697e-02 -1.077426329659767248e+02 9.819159534438055559e-01 -1.851560165096302057e-01 -3.947543442228584193e-02 -1.519613536150382629e+02 3.279957212909380415e-02 -3.898199320067275570e-02 9.987014530250023503e-01 3.493742386874036487e+00
-1.864008559069625370e-01 -9.819466242142722567e-01 -3.217993336455159809e-02 -1.077377320588917655e+02 9.819304287944543574e-01 -1.851086351959720933e-01 -3.933733828595716714e-02 -1.519622329525468274e+02 3.267038298966101068e-02 -3.893096929283524493e-02 9.987076778042858205e-01 3.491033865123787994e+00
-1.864044191943263762e-01 -9.819421697064786292e-01 -3.229501288060823705e-02 -1.077397640322443948e+02 9.819293384164039518e-01 -1.851070866937856163e-01 -3.937182765458275419e-02 -1.519630852734913162e+02 3.268282212338285975e-02 -3.905050329857651797e-02 9.987026040469600963e-01 3.493696472704500788e+00
-1.863915227582106926e-01 -9.819458204669621049e-01 -3.225842388183033232e-02 -1.077402634722063368e+02 9.819327452208602702e-01 -1.850968225406639522e-01 -3.933510071647076944e-02 -1.519606038433001629e+02 3.265400598548882233e-02 -3.900733203917439162e-02 9.987052337603349317e-01 3.493766255214922900e+00
-1.864579809922493059e-01 -9.819344852548621549e-01 -3.221937292318512169e-02 -1.077418607016849990e+02 9.819158710775313104e-01 -1.851596676429794197e-01 -3.946035484374806057e-02 -1.519631125106767229e+02 3.278175483934778200e-02 -3.899441172284412449e-02 9.987015532200008705e-01 3.491684297562110739e+00
-1.865145841899451540e-01 -9.819214577933621513e-01 -3.228870714988661683e-02 -1.077378645478455326e+02 9.819088788557122083e-01 -1.852178785490550261e-01 -3.936103517575002819e-02 -1.519608736836066498e+02 3.266899920063456864e-02 -3.904597534633637290e-02 9.987032333483667479e-01 3.493565936725463228e+00
-1.865203188360584630e-01 -9.819203572751583620e-01 -3.228904814206592921e-02 -1.077437689224281883e+02 9.819039647106854174e-01 -1.852190256364518728e-01 -3.947805248135367179e-02 -1.519644875753928943e+02 3.278375736141631025e-02 -3.906820332327746309e-02 9.986986035548256480e-01 3.493837553109371719e+00
-1.864369790285691497e-01 -9.819377338586924298e-01 -3.224189316955529405e-02 -1.077348412637894199e+02 9.819221719306255869e-01 -1.851405495012996560e-01 -3.939321263111209004e-02 -1.519623809393044098e+02 3.271240012203416314e-02 -3.900338132537953251e-02 9.987034770758751456e-01 3.494417961059268052e+00
-1.864233055902324576e-01 -9.819407056559578129e-01 -3.223044692042451032e-02 -1.077378219457809365e+02 9.819204643649609432e-01 -1.851222358547042202e-01 -3.952163272759402074e-02 -1.519623081619940592e+02 3.284132753270392613e-02 -3.901548882219465358e-02 9.986987728228441386e-01 3.496059465020420198e+00
-1.864225691151331077e-01 -9.819401331444841396e-01 -3.225214170727767199e-02 -1.077419913942509595e+02 9.819238970174504200e-01 -1.851245463704949135e-01 -3.942540801541848106e-02 -1.519663560921713383e+02 3.274272729289893352e-02 -3.901893452301580245e-02 9.987018757157269944e-01 3.494345136854930978e+00
-1.864320722171339817e-01 -9.819392584661063017e-01 -3.222382863439034184e-02 -1.077411875780437214e+02 9.819214552497529391e-01 -1.851344120547504524e-01 -3.943989342466670128e-02 -1.519661552896462808e+02 3.276184013501859393e-02 -3.899412976558275928e-02 9.987022177179704086e-01 3.494827897109640702e+00
-1.865009185592414465e-01 -9.819239700498674228e-01 -3.229124367481975982e-02 -1.077448807195238913e+02 9.819089889106886737e-01 -1.852011648811093814e-01 -3.943686122233427960e-02 -1.519598053009430885e+02 3.274362339370377045e-02 -3.906207327046959388e-02 9.987001599874026914e-01 3.494518431134201908e+00
-1.864321841771039434e-01 -9.819362685106636235e-01 -3.231416541253906427e-02 -1.077400253200132880e+02 9.819229057755758383e-01 -1.851326515270461659e-01 -3.941203435266146804e-02 -1.519648177637353967e+02 3.271769882195955936e-02 -3.907769084682267968e-02 9.987003986491022056e-01 3.495910952109665626e+00
-1.864099556749505560e-01 -9.819413176710922730e-01 -3.228896213294553397e-02 -1.077376627970255498e+02 9.819283226247639274e-01 -1.851128990557495690e-01 -3.936983401659104043e-02 -1.519637620845277013e+02 3.268176330281272191e-02 -3.904437544046060471e-02 9.987028782845692731e-01 3.495551009056184544e+00
-1.864534708057701273e-01 -9.819334219805462283e-01 -3.227782554721122382e-02 -1.077404103445230277e+02 9.819188574097097444e-01 -1.851553548160895790e-01 -3.940624374560482840e-02 -1.519640929268490481e+02 3.271789552663551676e-02 -3.904163649877378378e-02 9.987018023072782302e-01 3.495799752245544845e+00
-1.864282704068855878e-01 -9.819400072868561535e-01 -3.222300548654916802e-02 -1.077364003024446646e+02 9.819228421534830220e-01 -1.851314411544346950e-01 -3.941930432298521025e-02 -1.519649118471161842e+02 3.274190053010279239e-02 -3.898937785565644021e-02 9.987030571516769539e-01 3.494165461676356443e+00
-1.864223428961164775e-01 -9.819407927295478178e-01 -3.223336226319944986e-02 -1.077362438114865881e+02 9.819237679717178757e-01 -1.851248696338567701e-01 -3.942710406905708398e-02 -1.519623443134037757e+02 3.274788483776461256e-02 -3.900079764204079924e-02 9.987024150476142559e-01 3.493509152519049810e+00
-1.864002009902945289e-01 -9.819434085217684238e-01 -3.228169034342760757e-02 -1.077384757003748774e+02 9.819308976990934745e-01 -1.851043156390794753e-01 -3.934595882222736291e-02 -1.519643655427138924e+02 3.266002471876224000e-02 -3.903248381078506385e-02 9.987040542587832803e-01 3.494732975781254858e+00
-1.864536198046959914e-01 -9.819343602826294815e-01 -3.224840706251411171e-02 -1.077405693326529104e+02 9.819195366477254661e-01 -1.851575279620167880e-01 -3.937909837098187149e-02 -1.519628869633485522e+02 3.269665443500886781e-02 -3.900771635636585133e-02 9.987038233898070105e-01 3.493316753854803558e+00
-1.864329234330937002e-01 -9.819381895923472436e-01 -3.225146322716849340e-02 -1.077362632081648428e+02 9.819218631468159542e-01 -1.851348303757212044e-01 -3.942777264871000914e-02 -1.519635649506199115e+02 3.274476652040233388e-02 -3.901905178058669849e-02 9.987018042757649372e-01 3.495265612549347090e+00
-1.863561839638343542e-01 -9.819535717285059473e-01 -3.222662979691758717e-02 -1.077374066543207505e+02 9.819363037234432046e-01 -1.850590597293839679e-01 -3.942384864543702766e-02 -1.519641032251792581e+02 3.274855918020639495e-02 -3.899137573498045323e-02 9.987027608302252446e-01 3.494788582570226954e+00
-1.863928335282187820e-01 -9.819454892448611361e-01 -3.226093242594968435e-02 -1.077366608835329487e+02 9.819299986861669272e-01 -1.850950497289638452e-01 -3.941193024981679699e-02 -1.519613114558257791e+02 3.272902823955679830e-02 -3.902407868870717139e-02 9.987021237551224617e-01 3.494119690528545874e+00
-1.863217399390999507e-01 -9.819584551374721526e-01 -3.227695168530170938e-02 -1.077392737494404429e+02 9.819411767167346428e-01 -1.850206684610156138e-01 -3.948262542427009858e-02 -1.519611796209717340e+02 3.279839468968932109e-02 -3.905053938510810729e-02 9.986988137969883272e-01 3.496101104883526656e+00
-1.864026559403964001e-01 -9.819449185764711485e-01 -3.222152603794291303e-02 -1.077365013557000282e+02 9.819291302518650122e-01 -1.851076249583005762e-01 -3.937448850605371892e-02 -1.519639014093669402e+02 3.269912875265146290e-02 -3.897876427164811280e-02 9.987048727800784675e-01 3.494934325514972961e+00
-1.863920147141149286e-01 -9.819469948553803951e-01 -3.221980982719345465e-02 -1.077372896422861857e+02 9.819314836179670047e-01 -1.850974669060414524e-01 -3.936355198384412085e-02 -1.519595527564613064e+02 3.268911639416138826e-02 -3.897469742607733573e-02 9.987053592676443659e-01 3.493448925550894479e+00
-1.864993318910743714e-01 -9.819280594144882413e-01 -3.217585024020250262e-02 -1.077395439510820410e+02 9.819085783890481034e-01 -1.852033675068629481e-01 -3.943673858366343599e-02 -1.519568266761052939e+02 3.276496437021110542e-02 -3.894866876563234104e-02 9.987038892040042137e-01 3.493512501574134177e+00
-1.863836443007207411e-01 -9.819481453823418748e-01 -3.223316486729040781e-02 -1.077353457668282317e+02 9.819331472789537552e-01 -1.850886636617723457e-01 -3.936344571741768467e-02 -1.519650184047609116e+02 3.268686910720041555e-02 -3.898751548994575794e-02 9.987049325120458398e-01 3.493435670674179150e+00
-1.864253214020201721e-01 -9.819408734923361637e-01 -3.221366954045284947e-02 -1.077373389788960480e+02 9.819233927619351876e-01 -1.851288605705831980e-01 -3.941770833937348339e-02 -1.519671073305069910e+02 3.274217902100920452e-02 -3.897981463457206308e-02 9.987034213238735747e-01 3.493391886143945690e+00
-1.863811949713747307e-01 -9.819478552261933224e-01 -3.225615875645451713e-02 -1.077361269740199532e+02 9.819331425896835608e-01 -1.850847360721123991e-01 -3.938202581209908348e-02 -1.519644315988413723e+02 3.270097315051473386e-02 -3.901346036684967544e-02 9.987034576215372272e-01 3.495043692299006466e+00
-1.864248803415069489e-01 -9.819405370169534963e-01 -3.222647595551531713e-02 -1.077364676076407193e+02 9.819231440323509252e-01 -1.851275102268667982e-01 -3.943024436678194827e-02 -1.519652580115905494e+02 3.275214807119703614e-02 -3.899470117923627827e-02 9.987025133024670653e-01 3.494975780661225162e+00
-1.864290926575888907e-01 -9.819402480181422810e-01 -3.221091015381854356e-02 -1.077374042184978151e+02 9.819215354827861564e-01 -1.851313785821879776e-01 -3.945213326787552072e-02 -1.519638553091415361e+02 3.277638732373906044e-02 -3.898361176607188089e-02 9.987021510178479833e-01 3.493360381131958903e+00
-1.863781672279458679e-01 -9.819509678502427175e-01 -3.217880542722676568e-02 -1.077374238741872858e+02 9.819353912642585502e-01 -1.850868092779165419e-01 -3.931615970599680598e-02 -1.519641262027203936e+02 3.265066865255796674e-02 -3.892518168604526541e-02 9.987085481096320549e-01 3.492661365603813017e+00
-1.864001585615457923e-01 -9.819465069944415259e-01 -3.218754867407574993e-02 -1.077400081239789671e+02 9.819298327680525684e-01 -1.851067659647895880e-01 -3.936100499429760757e-02 -1.519610621135467454e+02 3.269226832654889559e-02 -3.894281185882761398e-02 9.987064999268768783e-01 3.492772403887351995e+00
-1.863194076994081350e-01 -9.819607337184068641e-01 -3.222104513746114340e-02 -1.077401191846980737e+02 9.819413728168635558e-01 -1.850202945787806641e-01 -3.947950030731093435e-02 -1.519665490367126779e+02 3.280577182563385041e-02 -3.899497440939948129e-02 9.987007426179950187e-01 3.495268533088578877e+00
-1.864479354061343575e-01 -9.819351890289995666e-01 -3.225603709962220761e-02 -1.077406882735586890e+02 9.819175888812010644e-01 -1.851479387070300575e-01 -3.947264164286214128e-02 -1.519636831555865228e+02 3.278743705320525531e-02 -3.903236271506148325e-02 9.986998841655895243e-01 3.495546031623382177e+00
-1.864753964139822529e-01 -9.819303363164776366e-01 -3.224501750127730521e-02 -1.077423602896561050e+02 9.819135692449693087e-01 -1.851772218180152141e-01 -3.943525139221083081e-02 -1.519655279999522293e+02 3.275162690391860559e-02 -3.901552436109325533e-02 9.987017171277795535e-01 3.494186795214615060e+00
-1.864596843951034089e-01 -9.819350044945550637e-01 -3.219368018037392642e-02 -1.077459507789578481e+02 9.819175987047109588e-01 -1.851648408633586040e-01 -3.939303316604458177e-02 -1.519648924978171749e+02 3.272026053154933334e-02 -3.895675366768674291e-02 9.987050394858447699e-01 3.491965918624026610e+00
-1.863807311725482752e-01 -9.819499961260081955e-01 -3.219360426729006575e-02 -1.077386288402576611e+02 9.819349548701133967e-01 -1.850888365492957544e-01 -3.931751504173041506e-02 -1.519620884258199567e+02 3.264915698475029382e-02 -3.894005255467313659e-02 9.987080178186337198e-01 3.491184711759326209e+00
-1.864523964112434484e-01 -9.819353031623058170e-01 -3.222676335060199043e-02 -1.077411184578354408e+02 9.819213688812756802e-01 -1.851590833077305653e-01 -3.932606264251752026e-02 -1.519620725551189082e+02 3.264857128308763096e-02 -3.897658620495207671e-02 9.987066118340165444e-01 3.495154122796142460e+00
-1.863879636781056170e-01 -9.819484951719323895e-01 -3.219751272236124479e-02 -1.077392048627571484e+02 9.819260657293815697e-01 -1.850869614721850631e-01 -3.954766913753572644e-02 -1.519614595671793040e+02 3.287443440041682569e-02 -3.898678651250063465e-02 9.986988044652308494e-01 3.495422362704136532e+00
-1.864903684929610783e-01 -9.819291393802338508e-01 -3.219483957644856537e-02 -1.077395623884399072e+02 9.819078468520761049e-01 -1.851907636779919208e-01 -3.951406507412801028e-02 -1.519607605527841088e+02 3.283782498400012601e-02 -3.898135816458757341e-02 9.987002207699587908e-01 3.495212644782565992e+00
-1.863873256393713262e-01 -9.819472018231877319e-01 -3.224062146756805081e-02 -1.077437233654544144e+02 9.819336671537629568e-01 -1.850934947467299807e-01 -3.932774481718494947e-02 -1.519627302140885945e+02 3.265023967701251306e-02 -3.898834484886817137e-02 9.987060983167066475e-01 3.494087123161547570e+00
-1.864451379873328651e-01 -9.819388085497129381e-01 -3.216188403770611076e-02 -1.077406354184515465e+02 9.819212490817541550e-01 -1.851526500644022910e-01 -3.935932895587865299e-02 -1.519597497491741649e+02 3.269359451960641288e-02 -3.891879286539452754e-02 9.987073928029611691e-01 3.492381811433096228e+00
-1.864284308530175238e-01 -9.819421669800922903e-01 -3.215619498825852268e-02 -1.077374691005072833e+02 9.819275224284036430e-01 -1.851398930010235144e-01 -3.926271408330261198e-02 -1.519619437013633672e+02 3.260032004903171826e-02 -3.889473905312610530e-02 9.987113789312155321e-01 3.490545260490947488e+00
-1.863911846173560427e-01 -9.819499092773720239e-01 -3.213568059182872472e-02 -1.077408476976717395e+02 9.819285713257277504e-01 -1.850963621670222992e-01 -3.944131750778877982e-02 -1.519623568619446985e+02 3.278120057524434861e-02 -3.890645682526028964e-02 9.987050017428318327e-01 3.493067924247914124e+00
-1.863456229967053179e-01 -9.819569842427278150e-01 -3.218368976512206436e-02 -1.077387403976368176e+02 9.819368603496028136e-01 -1.850485187007071541e-01 -3.945944770824001691e-02 -1.519627418752139647e+02 3.279193615410803953e-02 -3.895544664872747920e-02 9.987027396075686125e-01 3.492350153123320755e+00
-1.863461259289025396e-01 -9.819564767745914136e-01 -3.219625866030288719e-02 -1.077392062276845053e+02 9.819347840480325829e-01 -1.850461635788427373e-01 -3.952211053696599169e-02 -1.519635388628436772e+02 3.285119827089393041e-02 -3.897941848185657726e-02 9.986998566671483335e-01 3.494753085743674159e+00
-1.863766179746910723e-01 -9.819519206323427118e-01 -3.215869771570049884e-02 -1.077426196953286706e+02 9.819328679048707764e-01 -1.850827141165807266e-01 -3.939837386689808846e-02 -1.519623379564481809e+02 3.273528983271514758e-02 -3.892061795107850525e-02 9.987059558738369258e-01 3.491455535588942283e+00
-1.863341354406140571e-01 -9.819617489129318644e-01 -3.210472926930541676e-02 -1.077372926266631623e+02 9.819428554336510073e-01 -1.850447512541926187e-01 -3.932770901136225378e-02 -1.519639816629463667e+02 3.267749427981434668e-02 -3.885310418911828295e-02 9.987104773969592841e-01 3.489748272738241397e+00
-1.864188353312015156e-01 -9.819407549886182140e-01 -3.225479074711984362e-02 -1.077377082017519569e+02 9.819248339232476974e-01 -1.851209839737897322e-01 -3.941880030363640458e-02 -1.519619569800134968e+02 3.273588792992279672e-02 -3.902018689035188087e-02 9.987020509924275924e-01 3.495454902954336251e+00
-1.863589271068044617e-01 -9.819541119939331208e-01 -3.219428871410259796e-02 -1.077357410230480355e+02 9.819393344314525374e-01 -1.850673273896021875e-01 -3.930938601893806811e-02 -1.519632843328174090e+02 3.264190227172486525e-02 -3.893849343613644404e-02 9.987083157484006879e-01 3.492446394298085455e+00
-1.863206732329809601e-01 -9.819627532825417893e-01 -3.215210555747670396e-02 -1.077410841917025124e+02 9.819434772094156605e-01 -1.850271136831034280e-01 -3.939511096547586300e-02 -1.519652634092565506e+02 3.273552033939554351e-02 -3.891167392788828783e-02 9.987062968361812842e-01 3.491979286765499069e+00
-1.863145227170541762e-01 -9.819634070418061800e-01 -3.216777666492384724e-02 -1.077462515116013293e+02 9.819443005495889221e-01 -1.850199355886843477e-01 -3.940829929009238147e-02 -1.519677826944138417e+02 3.274582787004690076e-02 -3.892930343079843009e-02 9.987052718853035582e-01 3.490547311362782068e+00
-1.864177037830283545e-01 -9.819429399889928467e-01 -3.219475612637617140e-02 -1.077418551561526812e+02 9.819290150582881127e-01 -1.851269914586486376e-01 -3.928621157772797107e-02 -1.519629111292234427e+02 3.261669975524288806e-02 -3.893661052586860211e-02 9.987092125628125316e-01 3.490794295033650130e+00
-1.864544051077461351e-01 -9.819354590646537373e-01 -3.221038725946675368e-02 -1.077396025433232438e+02 9.819155725865208462e-01 -1.851552964996940887e-01 -3.948828294818507861e-02 -1.519620047623778305e+02 3.281102144100451340e-02 -3.899064515494305577e-02 9.987007391918758525e-01 3.493433257862385677e+00
-1.863273156425506727e-01 -9.819601627102234609e-01 -3.219270562646604772e-02 -1.077392449081273895e+02 9.819418795463232819e-01 -1.850317152650349239e-01 -3.941331677380628673e-02 -1.519663964517949069e+02 3.274563541106904896e-02 -3.895514338556642364e-02 9.987042706253614899e-01 3.493433521096243499e+00
-1.863146784100395692e-01 -9.819622145623896348e-01 -3.220325729938864484e-02 -1.077386534070599566e+02 9.819466118525637111e-01 -1.850214549678455001e-01 -3.934352135805480738e-02 -1.519647428593312668e+02 3.267555784120140111e-02 -3.895215492509553762e-02 9.987066824380708141e-01 3.493711359586243237e+00
-1.863966138353425617e-01 -9.819458297007324088e-01 -3.222871210672974274e-02 -1.077426912726199077e+02 9.819295536407015579e-01 -1.851004418603130475e-01 -3.939769168478780836e-02 -1.519664718766303508e+02 3.272085019816811657e-02 -3.898992121634908825e-02 9.987037258395764505e-01 3.492960794832529636e+00
-1.864648620674240753e-01 -9.819336029962528745e-01 -3.220643601788832078e-02 -1.077464563226413503e+02 9.819184611229829773e-01 -1.851716982693774050e-01 -3.933926620957887976e-02 -1.519608700021021264e+02 3.266482695576411466e-02 -3.895948494054349287e-02 9.987067475556162810e-01 3.491133581536221442e+00
-1.864617631666165565e-01 -9.819328523636970951e-01 -3.224723748928285533e-02 -1.077441974333753620e+02 9.819181138569544887e-01 -1.851658526691735140e-01 -3.937543250427611580e-02 -1.519616209203664141e+02 3.269294352604968507e-02 -3.900615918276931909e-02 9.987040056940850175e-01 3.493381020827241557e+00
-1.864185331164531778e-01 -9.819440933396266225e-01 -3.215475184367555528e-02 -1.077409751591749227e+02 9.819261243025596553e-01 -1.851261637785450720e-01 -3.936229028897388765e-02 -1.519619533231332014e+02 3.269888259350690884e-02 -3.891145127154544553e-02 9.987075057478431717e-01 3.492751335707833693e+00
-1.863690680020846369e-01 -9.819517163316900943e-01 -3.220865233571363478e-02 -1.077296127114870927e+02 9.819346818609394623e-01 -1.850736252174327579e-01 -3.939586028421326186e-02 -1.519638972300730018e+02 3.272386057130822340e-02 -3.896896254874771676e-02 9.987044452225012359e-01 3.493948260565545638e+00
-1.863487550978801810e-01 -9.819558276775326444e-01 -3.220083793322910115e-02 -1.077348907697750349e+02 9.819384278306060310e-01 -1.850535282014069693e-01 -3.939689898670906826e-02 -1.519623613220174434e+02 3.272713588183630284e-02 -3.896080325587329002e-02 9.987046562355804680e-01 3.493016614876902626e+00
-1.863922922844685193e-01 -9.819465840933498946e-01 -3.223072081637655406e-02 -1.077364590790133860e+02 9.819309682152193020e-01 -1.850967548869633106e-01 -3.937975355734836536e-02 -1.519613319672029093e+02 3.270301265729717854e-02 -3.898842543265065852e-02 9.987043684922076725e-01 3.493566089617995196e+00
-1.864086307795320696e-01 -9.819454536998581951e-01 -3.217061281790456473e-02 -1.077347579004656382e+02 9.819288740114737735e-01 -1.851166771785226484e-01 -3.933830465260981096e-02 -1.519623175477722157e+02 3.267275246224289609e-02 -3.892225312802521237e-02 9.987079400194928125e-01 3.492329286424435963e+00
-1.864259139185311387e-01 -9.819409737408394401e-01 -3.220718411368515832e-02 -1.077373917802853072e+02 9.819236244339074604e-01 -1.851301221983863154e-01 -3.940601011761459688e-02 -1.519628823919586864e+02 3.273185601549938317e-02 -3.897129640777906995e-02 9.987040921404486404e-01 3.492785913552602040e+00
-1.864193360865322724e-01 -9.819418336969271133e-01 -3.221903736881175095e-02 -1.077391772015058535e+02 9.819248344247578641e-01 -1.851230328977548911e-01 -3.940916429776716856e-02 -1.519639225640281950e+02 3.273302114025243570e-02 -3.898330317781038834e-02 9.987035853547231445e-01 3.493543834220415700e+00
-1.863120263784361352e-01 -9.819600527102656518e-01 -3.228441896663351851e-02 -1.077412135608560391e+02 9.819469920789229977e-01 -1.850154077933001684e-01 -3.936246468698380296e-02 -1.519652215405345146e+02 3.267925295835512334e-02 -3.903528865438310458e-02 9.987033156377087550e-01 3.495298057912798129e+00
-1.864128135795153351e-01 -9.819424942664776168e-01 -3.223663889268832405e-02 -1.077425170271063593e+02 9.819256812317922467e-01 -1.851153479756162401e-01 -3.942416113689105328e-02 -1.519648960251440712e+02 3.274476249493804558e-02 -3.900315240586631205e-02 9.987024254659416789e-01 3.494783963909310565e+00
-1.864118057991646094e-01 -9.819429589213194420e-01 -3.222831183196991217e-02 -1.077402425462459803e+02 9.819284179027339965e-01 -1.851177102729000268e-01 -3.934482759337684654e-02 -1.519666837606789613e+02 3.266834513299435999e-02 -3.898023560938035370e-02 9.987058227817182665e-01 3.494091682559432144e+00
-1.864154537801725464e-01 -9.819431208825089019e-01 -3.220226612291438029e-02 -1.077398930063922791e+02 9.819269786833915159e-01 -1.851215059225996828e-01 -3.936288326146143018e-02 -1.519630385318386914e+02 3.269078043789908072e-02 -3.895812362611313778e-02 9.987059514581324571e-01 3.494167912186462388e+00
-1.863726879901659306e-01 -9.819500456946030909e-01 -3.223862484174818549e-02 -1.077359480984508338e+02 9.819364552837201998e-01 -1.850789720105403546e-01 -3.932647841294707736e-02 -1.519672018336087547e+02 3.264994572985698701e-02 -3.898566249133608719e-02 9.987062126391068606e-01 3.493829685312418221e+00
-1.863690400500706001e-01 -9.819496366835684942e-01 -3.227215406233815281e-02 -1.077328033756176779e+02 9.819379252988897910e-01 -1.850749165731986334e-01 -3.930885542896846163e-02 -1.519638664086011204e+02 3.262655008619785163e-02 -3.901520565666231899e-02 9.987058235321556454e-01 3.494427794680203370e+00
-1.864230589548683259e-01 -9.819425703598806399e-01 -3.217501522829400301e-02 -1.077367474729109063e+02 9.819235288016382457e-01 -1.851278042458532891e-01 -3.941928057242706507e-02 -1.519630110213022363e+02 3.275097976623538715e-02 -3.894206735832494992e-02 9.987046053334345252e-01 3.493187533202835482e+00
-1.864652936780466508e-01 -9.819332836708183354e-01 -3.221367214404267237e-02 -1.077368282141338227e+02 9.819142763568597942e-01 -1.851669526781656305e-01 -3.946585261293856367e-02 -1.519630802130068901e+02 3.278792674360541531e-02 -3.899007636984088560e-02 9.987015198769499946e-01 3.494979730942361140e+00
-1.864152251811206362e-01 -9.819423683660395419e-01 -3.222652678097812778e-02 -1.077369502727581363e+02 9.819265838358561815e-01 -1.851197825930543939e-01 -3.938083352527819991e-02 -1.519602285991884116e+02 3.270394130861648679e-02 -3.898527030037554630e-02 9.987044612509193842e-01 3.495525199346742440e+00
-1.864562832924765434e-01 -9.819363183628032621e-01 -3.217329794813291594e-02 -1.077365243620792086e+02 9.819210962603569515e-01 -1.851656599983422247e-01 -3.930189659847656974e-02 -1.519609036481641340e+02 3.263456970169432286e-02 -3.891972555763893032e-02 9.987092869413517482e-01 3.490981830253284457e+00
-1.864612963419798319e-01 -9.819349691307567296e-01 -3.218542161676032215e-02 -1.077349459496829382e+02 9.819172556572209887e-01 -1.851667375732721776e-01 -3.939266859535198867e-02 -1.519578480784700218e+02 3.272136930295930363e-02 -3.894862891875919969e-02 9.987053200500576322e-01 3.492639974147095483e+00
-1.863614932280761582e-01 -9.819542673896771712e-01 -3.217468876312622184e-02 -1.077337724421926595e+02 9.819357162749898782e-01 -1.850669453166708944e-01 -3.940145751972485427e-02 -1.519607684569711807e+02 3.273595798696052328e-02 -3.893639051528375444e-02 9.987053191749392100e-01 3.491092708965270131e+00
-1.863542459293534570e-01 -9.819555381192677235e-01 -3.217788341394192675e-02 -1.077393479746195339e+02 9.819376476981678259e-01 -1.850602428494401153e-01 -3.938480099600309009e-02 -1.519635504370012029e+02 3.271927653678542713e-02 -3.893620003807982816e-02 9.987058732527329674e-01 3.493344146658849070e+00
-1.863701568394773300e-01 -9.819497268856058891e-01 -3.226295877492831726e-02 -1.077436518914664134e+02 9.819350505911275118e-01 -1.850732195842141881e-01 -3.938857465475671671e-02 -1.519693726437720613e+02 3.270659047086289101e-02 -3.902098489296916550e-02 9.987029797080581028e-01 3.494253988404408151e+00
-1.863910197613141140e-01 -9.819472413037695357e-01 -3.221805469381475162e-02 -1.077379125965519506e+02 9.819340474593558632e-01 -1.850993780163117108e-01 -3.929054209427103317e-02 -1.519691197762503521e+02 3.261769753407844918e-02 -3.895940905469044702e-02 9.987082908706048645e-01 3.493188600283040124e+00
-1.864306174497434299e-01 -9.819385079700225782e-01 -3.225509948695350071e-02 -1.077422056235754013e+02 9.819259740271338854e-01 -1.851367655447839766e-01 -3.931614902912287240e-02 -1.519677349044104346e+02 3.263443592544416905e-02 -3.900185392031443182e-02 9.987060873863774502e-01 3.494034710037588809e+00
-1.864558501473090324e-01 -9.819342403154847077e-01 -3.223916316991377179e-02 -1.077375890493892285e+02 9.819156618785169766e-01 -1.851560145056025952e-01 -3.948269557762087295e-02 -1.519616416320506858e+02 3.280013572408165684e-02 -3.901791881242808874e-02 9.987000315950873564e-01 3.496728277860446710e+00
-1.864031309424467597e-01 -9.819456176306341488e-01 -3.219746559661829099e-02 -1.077377033443820267e+02 9.819305381618902429e-01 -1.851108496273876636e-01 -3.932418562827681013e-02 -1.519627017846774208e+02 3.265411153214138607e-02 -3.894582604360911221e-02 9.987076307077198400e-01 3.493647689543076140e+00
-1.864255698538053174e-01 -9.819417788996293028e-01 -3.218461986905586658e-02 -1.077353080557291349e+02 9.819242158512592189e-01 -1.851313102893130669e-01 -3.938568617469969529e-02 -1.519622364809480359e+02 3.271606989804538845e-02 -3.894535661659506015e-02 9.987056212760757612e-01 3.492257628003520686e+00
-1.863632449346555031e-01 -9.819537130184202711e-01 -3.218146091718124963e-02 -1.077364609431864722e+02 9.819399528621722828e-01 -1.850738675373433395e-01 -3.926311918079615493e-02 -1.519635003086082463e+02 3.259861822932295233e-02 -3.891746451284205932e-02 9.987105491810079894e-01 3.491278445440898714e+00
-1.863330565357030899e-01 -9.819579196153341849e-01 -3.222787840964591588e-02 -1.077345391723213055e+02 9.819455153689237159e-01 -1.850416718594269927e-01 -3.927574979967202173e-02 -1.519671905225585817e+02 3.260363306321510668e-02 -3.896439118211120212e-02 9.987085557513195599e-01 3.492500554527743439e+00
-1.863523416884231843e-01 -9.819554447421874332e-01 -3.219175808207159345e-02 -1.077319254258231354e+02 9.819433793688421286e-01 -1.850641914267712185e-01 -3.922301320977366473e-02 -1.519649477725400573e+02 3.255770970046719531e-02 -3.891978407865086947e-02 9.987117932348307248e-01 3.490331719899889773e+00
-1.862823699691689150e-01 -9.819682859043489254e-01 -3.220503247543895359e-02 -1.077379339100491649e+02 9.819503738515965585e-01 -1.849863068435777524e-01 -3.941483950345199549e-02 -1.519637880754590924e+02 3.274663236699083130e-02 -3.896603339381757292e-02 9.987038131048528999e-01 3.495187677902284573e+00
-1.863925583446632839e-01 -9.819484387839617634e-01 -3.217262444177581421e-02 -1.077396634882626500e+02 9.819309300482425007e-01 -1.850993647674161746e-01 -3.936843630743487588e-02 -1.519633893476092794e+02 3.270264222237816848e-02 -3.892927860157745223e-02 9.987066879015259468e-01 3.491749179725712970e+00
-1.864043699482320626e-01 -9.819442723162846720e-01 -3.223130356415208897e-02 -1.077422532359199749e+02 9.819251222154422587e-01 -1.851045593780704657e-01 -3.948868774268216031e-02 -1.519654619386730303e+02 3.280952950578983063e-02 -3.900959065015020821e-02 9.987000483683359242e-01 3.496466137203025681e+00
-1.864803579291007818e-01 -9.819299213784965508e-01 -3.222895605281419357e-02 -1.077373176989812436e+02 9.819127683361023040e-01 -1.851829887562586041e-01 -3.942811248121381312e-02 -1.519629445807408956e+02 3.274738898242655211e-02 -3.899859198636696639e-02 9.987025174384585036e-01 3.494454785135888475e+00
-1.864330863212961820e-01 -9.819390083828661853e-01 -3.222558208612561620e-02 -1.077377972422820420e+02 9.819212721040321279e-01 -1.851353652984004672e-01 -3.943997851707354424e-02 -1.519627798374673375e+02 3.276155848422828559e-02 -3.899590147568501169e-02 9.987021577796771910e-01 3.495513157155003547e+00
-1.863543488267060955e-01 -9.819541835428106102e-01 -3.221859860618828120e-02 -1.077363296621273747e+02 9.819409574343188618e-01 -1.850626835740500908e-01 -3.929070197062480702e-02 -1.519647614731841259e+02 3.261920885533242664e-02 -3.895875474323249460e-02 9.987082670342269930e-01 3.493624755732301246e+00
-1.863273436015855378e-01 -9.819592015176759059e-01 -3.222184943707873811e-02 -1.077351875404671944e+02 9.819423166054261909e-01 -1.850311000806241779e-01 -3.940531515574591942e-02 -1.519636412422535159e+02 3.273236755791372049e-02 -3.898228517830975431e-02 9.987036465119822903e-01 3.495864440836028209e+00
-1.863177772395812060e-01 -9.819632582375489305e-01 -3.215346569188430592e-02 -1.077366441569505753e+02 9.819453199601607674e-01 -1.850257057892905621e-01 -3.935577220069325088e-02 -1.519615474629178777e+02 3.269670461743486023e-02 -3.890562515462583915e-02 9.987078040340368057e-01 3.492333605799668117e+00
-1.863884017572952079e-01 -9.819484792411937724e-01 -3.219546251054376806e-02 -1.077329462032245146e+02 9.819354383219226490e-01 -1.850987355491002795e-01 -3.925879602914032762e-02 -1.519626167292089747e+02 3.259077565653444031e-02 -3.893124983905493774e-02 9.987102678595402017e-01 3.491615047486009704e+00
-1.863975091934875206e-01 -9.819471209850465510e-01 -3.218416001144797089e-02 -1.077390434402324502e+02 9.819302635978994775e-01 -1.851041707692686611e-01 -3.936246174188501312e-02 -1.519628616071159399e+02 3.269443373150349164e-02 -3.893966554812938741e-02 9.987065517207625032e-01 3.492686382082044183e+00
-1.863293809644337440e-01 -9.819606723417990679e-01 -3.216519490774123052e-02 -1.077378386350613937e+02 9.819446548072281455e-01 -1.850386510971522291e-01 -3.931148045622295806e-02 -1.519651556560265533e+02 3.265052350153876265e-02 -3.890932502869264009e-02 9.987091707503676918e-01 3.493103699511806326e+00
-1.863484100537136090e-01 -9.819544672044938638e-01 -3.224429263594076611e-02 -1.077342350478447628e+02 9.819402734845988912e-01 -1.850535631979213225e-01 -3.935070592435153253e-02 -1.519622841299619154e+02 3.267368022498999547e-02 -3.899491101274724786e-02 9.987050753529106428e-01 3.495371694403964113e+00
-1.863036076481541237e-01 -9.819646769872242276e-01 -3.219221841778981824e-02 -1.077325659186115701e+02 9.819492124968306479e-01 -1.850114402197717833e-01 -3.932570488446159029e-02 -1.519636829091512027e+02 3.266052440082047731e-02 -3.893764421715652235e-02 9.987077400364340329e-01 3.492508582650747151e+00
-1.862798195412174174e-01 -9.819691861502215513e-01 -3.219233267662860443e-02 -1.077341145378793499e+02 9.819577273347244173e-01 -1.849924636228934549e-01 -3.920216996998121539e-02 -1.519682833529678874e+02 3.253998400912781752e-02 -3.891408298037785096e-02 9.987125930849585220e-01 3.491870158575836491e+00
-1.863550869014110045e-01 -9.819549340705340246e-01 -3.219144359144481687e-02 -1.077348345127364553e+02 9.819370554987876254e-01 -1.850600236953752198e-01 -3.940059223207768857e-02 -1.519641671431191412e+02 3.273225663376872624e-02 -3.895247212181451868e-02 9.987048133914546710e-01 3.493262951175898134e+00
-1.863591276331599822e-01 -9.819546622216596132e-01 -3.217634051525219974e-02 -1.077368278228966432e+02 9.819349713171902083e-01 -1.850630977452321080e-01 -3.943807750445053883e-02 -1.519644199415624257e+02 3.277175082469636902e-02 -3.894471972019468431e-02 9.987038205362986920e-01 3.494072101088969706e+00
-1.864332134913331274e-01 -9.819370378148590817e-01 -3.228483660598268495e-02 -1.077378909344883056e+02 9.819272071561602200e-01 -1.851402324984752212e-01 -3.926899740143189460e-02 -1.519625568398965072e+02 3.258246083091451833e-02 -3.902240481813729761e-02 9.987069816359608332e-01 3.494355012501055846e+00
-1.863926564202091907e-01 -9.819489007771263767e-01 -3.215795228572326109e-02 -1.077389797367677033e+02 9.819336145623959178e-01 -1.851032708509499081e-01 -3.928302066679386501e-02 -1.519616748394840329e+02 3.262137681100722025e-02 -3.889904089913900215e-02 9.987105238216333891e-01 3.491310967128747222e+00
-1.862734749656116406e-01 -9.819725149913985929e-01 -3.212743882887520580e-02 -1.077343540815434295e+02 9.819559946878327894e-01 -1.849852179706490407e-01 -3.927968468534790564e-02 -1.519649122206553500e+02 3.262846948394203944e-02 -3.886449451387392201e-02 9.987116370831554679e-01 3.490210014963428087e+00
-1.862397905404900023e-01 -9.819781660623755348e-01 -3.214998905455842410e-02 -1.077331048711184138e+02 9.819560832738188916e-01 -1.849431941181942651e-01 -3.947487138549241048e-02 -1.519665819290510456e+02 3.281754014205896103e-02 -3.892166910775722577e-02 9.987032155414793388e-01 3.493260619194043404e+00
-1.864389035473821288e-01 -9.819366612214518453e-01 -3.226342500910361205e-02 -1.077437308422542088e+02 9.819220394228506121e-01 -1.851418849681936152e-01 -3.939023896975438893e-02 -1.519657997908184655e+02 3.270540841696033957e-02 -3.902404104769558596e-02 9.987028990047979171e-01 3.494316145492405212e+00
-1.863788039537350727e-01 -9.819499016387048806e-01 -3.220764053004068761e-02 -1.077352317799030033e+02 9.819366577758971149e-01 -1.850879465057169160e-01 -3.927915699448183279e-02 -1.519664140877399632e+02 3.260891829968315392e-02 -3.894666519785820041e-02 9.987090746144697828e-01 3.493142997964371776e+00
-1.861986576783991598e-01 -9.819850877498930153e-01 -3.217681332259328397e-02 -1.077313890655177886e+02 9.819701643261993240e-01 -1.849085202315161602e-01 -3.928658192014271300e-02 -1.519663260776337381e+02 3.262907065699824360e-02 -3.891177948418340915e-02 9.987097762440472204e-01 3.489013988019443069e+00
-1.863942612718638703e-01 -9.819473554779882818e-01 -3.219581393134662156e-02 -1.077413416401982715e+02 9.819300656922429482e-01 -1.850994908332379563e-01 -3.938939683346114051e-02 -1.519628054219471949e+02 3.271888528883628439e-02 -3.895599521333968640e-02 9.987051141264844389e-01 3.491941681386482976e+00
-1.863929107063508894e-01 -9.819468027800312138e-01 -3.222048026471759086e-02 -1.077374154842089240e+02 9.819252627855287185e-01 -1.850911370419245916e-01 -3.954806306379726050e-02 -1.519641605916921492e+02 3.287036875340529352e-02 -3.900958213826825199e-02 9.986980481403840981e-01 3.496367141530273059e+00
-1.864010572873364691e-01 -9.819434651293927896e-01 -3.227502334382470472e-02 -1.077454415312046763e+02 9.819315309307816708e-01 -1.851063888928949908e-01 -3.932039362676682109e-02 -1.519688351596262237e+02 3.263609054550982436e-02 -3.902122602781208510e-02 9.987052766022574968e-01 3.495231638767819948e+00
-1.863778165981782031e-01 -9.819516150516963693e-01 -3.216108172093461171e-02 -1.077294778030409361e+02 9.819386936568931246e-01 -1.850910295497898428e-01 -3.921367975073186685e-02 -1.519638765744078626e+02 3.255320843618844662e-02 -3.888877058436872314e-02 9.987131480775380821e-01 3.491267809810325140e+00
-1.864210715613068281e-01 -9.819430903500990793e-01 -3.217066041646294422e-02 -1.077391205864941384e+02 9.819245372133679206e-01 -1.851267453271296937e-01 -3.939912921496383641e-02 -1.519626013075165929e+02 3.273205304052035497e-02 -3.893398872811974082e-02 9.987055408004259505e-01 3.490373369600157538e+00
-1.863318855620332837e-01 -9.819600823220151486e-01 -3.216869828014605470e-02 -1.077322672784979858e+02 9.819399332776936884e-01 -1.850359590552583811e-01 -3.944187230723081306e-02 -1.519622204304205013e+02 3.277797823991672466e-02 -3.893700787994011647e-02 9.987039168641830278e-01 3.492901617008502768e+00
-1.864518247506312676e-01 -9.819347488738593421e-01 -3.224695336292716236e-02 -1.077418539639966042e+02 9.819151842585330803e-01 -1.851502052772133755e-01 -3.952179662334203564e-02 -1.519641569171906212e+02 3.283729540767441751e-02 -3.903268425098040811e-02 9.986982334972223097e-01 3.496012911319536176e+00
-1.863913101969363328e-01 -9.819458639423174207e-01 -3.225832868649158858e-02 -1.077446141438532266e+02 9.819344186073569736e-01 -1.850985661328703458e-01 -3.928509093520771850e-02 -1.519655676556739650e+02 3.260486217271260645e-02 -3.899796279463429299e-02 9.987072052711779557e-01 3.493093041786294428e+00
-1.863963480060388811e-01 -9.819474144741415778e-01 -3.218193060647994708e-02 -1.077377404706095092e+02 9.819338394438894557e-01 -1.851071021255281668e-01 -3.925933898668407251e-02 -1.519622142946736858e+02 3.259350249656793597e-02 -3.891832409338667753e-02 9.987106826527731851e-01 3.491251914287859748e+00
-1.863577820694033438e-01 -9.819559244881600479e-01 -3.214559728448631443e-02 -1.077383938778283010e+02 9.819401981901122456e-01 -1.850689035005674832e-01 -3.928037850455841362e-02 -1.519652191107936687e+02 3.262244994687780314e-02 -3.888525838542417068e-02 9.987110254922403341e-01 3.488755746839013128e+00
-1.863285600201416425e-01 -9.819618192455263905e-01 -3.213492282295266761e-02 -1.077445887873532797e+02 9.819391188946178239e-01 -1.850322807818038928e-01 -3.947938516676459397e-02 -1.519654200748683195e+02 3.282125081837283104e-02 -3.891067479112045313e-02 9.987035220134237168e-01 3.491339420099285551e+00
-1.863743936460391382e-01 -9.819523629867352721e-01 -3.215808168777856135e-02 -1.077391743811785147e+02 9.819324256140449236e-01 -1.850794905813006874e-01 -3.942453162542471773e-02 -1.519675545719542527e+02 3.276121061238516929e-02 -3.892478633124264037e-02 9.987049434584160945e-01 3.492137252753468424e+00
-1.863532217153680559e-01 -9.819526418593353956e-01 -3.227206069923152509e-02 -1.077434582575827164e+02 9.819368036057016802e-01 -1.850542037695541708e-01 -3.943419064509988414e-02 -1.519678794433811788e+02 3.275042718684149923e-02 -3.903781260122497765e-02 9.987008855039586352e-01 3.495013290605183176e+00
-1.863632050920989158e-01 -9.819513253705043354e-01 -3.225446311615005196e-02 -1.077422812235242731e+02 9.819394675065091782e-01 -1.850703187993663068e-01 -3.929197440362350996e-02 -1.519686731684662107e+02 3.261346257045374258e-02 -3.899450862123669120e-02 9.987070593304895327e-01 3.493362877984739434e+00
-1.863668995731315725e-01 -9.819535184549292861e-01 -3.216622976792149480e-02 -1.077411305204802972e+02 9.819370849478201713e-01 -1.850755328408846268e-01 -3.932694175548762799e-02 -1.519630180243580639e+02 3.266404671309275365e-02 -3.891445409673800065e-02 9.987085287082901885e-01 3.490994524651366948e+00
-1.863653280405568324e-01 -9.819526079033111809e-01 -3.220311066064373423e-02 -1.077363017265294474e+02 9.819369111683418083e-01 -1.850719237914972837e-01 -3.934825929174113474e-02 -1.519690381831922537e+02 3.267823418594510004e-02 -3.895457426285504204e-02 9.987065005067746748e-01 3.492047490946013966e+00
-1.863681314176965920e-01 -9.819525275884660731e-01 -3.218933293031608217e-02 -1.077417447060198157e+02 9.819344807612465642e-01 -1.850730143112842008e-01 -3.940374177506830722e-02 -1.519701629355344039e+02 3.273522695838847890e-02 -3.895141764246573546e-02 9.987047571628088205e-01 3.490789860508271669e+00
-1.863840701348933315e-01 -9.819473052396373580e-01 -3.225628826392697851e-02 -1.077402142478863425e+02 9.819335414484297031e-01 -1.850887288205291803e-01 -3.935330535222730797e-02 -1.519641948732431729e+02 3.267259675165339744e-02 -3.900836059378864906e-02 9.987045855633630564e-01 3.493124737836996729e+00
-1.863722202296955732e-01 -9.819523978566992994e-01 -3.216961097265248065e-02 -1.077348832900099325e+02 9.819416978469714952e-01 -1.850874236171249354e-01 -3.915542935764303872e-02 -1.519687228525569935e+02 3.249457733315274516e-02 -3.888616672099389632e-02 9.987151588324304496e-01 3.488220921732602786e+00
-1.863226707532927851e-01 -9.819609580797037385e-01 -3.219532839636779498e-02 -1.077316313107726700e+02 9.819446459914560332e-01 -1.850292168095806211e-01 -3.935608130323647175e-02 -1.519660769777670168e+02 3.268905890468161435e-02 -3.894696052355280796e-02 9.987064432023571303e-01 3.492661509775406348e+00
-1.862762166466671587e-01 -9.819730842697594886e-01 -3.209412534313093451e-02 -1.077411320389577583e+02 9.819528239931106794e-01 -1.849861365620784071e-01 -3.935455160196608265e-02 -1.519687248623918663e+02 3.270814216307115635e-02 -3.884573399451653891e-02 9.987097608347820232e-01 3.487039157884255669e+00
-1.862970219055062326e-01 -9.819658446081235281e-01 -3.219471466241297791e-02 -1.077384846985003009e+02 9.819454765719902722e-01 -1.849988324882554380e-01 -3.947800676059688707e-02 -1.519653334064834667e+02 3.281006962727581883e-02 -3.896808952254697533e-02 9.987016508096980827e-01 3.493956234792025217e+00
-1.864160877126608273e-01 -9.819399899654635000e-01 -3.229393671467175458e-02 -1.077407477182718765e+02 9.819259170885243915e-01 -1.851173392854119637e-01 -3.940893357794002239e-02 -1.519628917161493291e+02 3.271904020240053862e-02 -3.905671264348051230e-02 9.987011753300976125e-01 3.497846590190885063e+00
-1.864551008696331280e-01 -9.819331920910808753e-01 -3.227540285597197550e-02 -1.077410079992076106e+02 9.819249478722466007e-01 -1.851647350070515508e-01 -3.920991782513842672e-02 -1.519606946930884988e+02 3.252525335459526684e-02 -3.900291245008226382e-02 9.987096078013020239e-01 3.492471052374428009e+00
-1.863178480713525431e-01 -9.819654842148830554e-01 -3.208500117953397290e-02 -1.077377934763103866e+02 9.819474133312273700e-01 -1.850310244589192799e-01 -3.927846025234037891e-02 -1.519686282412632181e+02 3.263337160288964922e-02 -3.882406210474497604e-02 9.987130495089741045e-01 3.488973961594890483e+00
-1.862677908462515575e-01 -9.819744300297615913e-01 -3.210185136378386483e-02 -1.077448886052962393e+02 9.819544727351737778e-01 -1.849774743614465145e-01 -3.935412880814323500e-02 -1.519717381383551071e+02 3.270662881809498213e-02 -3.885296316351895263e-02 9.987095291849225065e-01 3.487914702897308761e+00
-1.863276243472773430e-01 -9.819611284733097412e-01 -3.216144543586132304e-02 -1.077360956905784661e+02 9.819388419620395103e-01 -1.850297411201373698e-01 -3.949817144202271563e-02 -1.519653616092467416e+02 3.283484507879403519e-02 -3.894017293796856599e-02 9.987019254413264102e-01 3.493652296246843925e+00
-1.864271686777581039e-01 -9.819390917662199625e-01 -3.225726026998740337e-02 -1.077420221827908620e+02 9.819221969227366342e-01 -1.851279479288359120e-01 -3.945176911222859212e-02 -1.519632212684615240e+02 3.276751393104321286e-02 -3.902900148593594493e-02 9.987006694068997215e-01 3.493256138506640962e+00
-1.864716993828310354e-01 -9.819317197084148630e-01 -3.222426352540058020e-02 -1.077437155448743198e+02 9.819196990567816696e-01 -1.851808399863470456e-01 -3.926526589990856492e-02 -1.519668113671673950e+02 3.258849388233030914e-02 -3.896350000226243143e-02 9.987090846357887797e-01 3.493267166994862727e+00
-1.864152575870925421e-01 -9.819420702984380522e-01 -3.223542021992327478e-02 -1.077401585779841895e+02 9.819312795992047871e-01 -1.851250747956829645e-01 -3.923861397349530378e-02 -1.519656061126215434e+02 3.256246126149163478e-02 -3.896764375619696241e-02 9.987097720843047810e-01 3.491591453857137761e+00
-1.864465958229695186e-01 -9.819369459381050991e-01 -3.221026401278714174e-02 -1.077349887017559382e+02 9.819222424744136202e-01 -1.851536808490512609e-01 -3.932968601535984793e-02 -1.519630675321536728e+02 3.265542282753978315e-02 -3.896086074247893244e-02 9.987070014224190828e-01 3.492685839476581844e+00
-1.864781136158490948e-01 -9.819320554911235011e-01 -3.217687898557496790e-02 -1.077397236600666872e+02 9.819155009987325933e-01 -1.851855842611975778e-01 -3.934778621787247271e-02 -1.519658211267395700e+02 3.267815846529526641e-02 -3.893247719856498396e-02 9.987073646361581680e-01 3.492056925231924680e+00
-1.863322676430714253e-01 -9.819596453442320794e-01 -3.217982210052536263e-02 -1.077396277283330335e+02 9.819440210378260758e-01 -1.850408450697638152e-01 -3.931698365762102687e-02 -1.519672680943079683e+02 3.265310985276663469e-02 -3.892480663148185915e-02 9.987084829146315457e-01 3.490309087948356925e+00
-1.863544007983148898e-01 -9.819554379000676736e-01 -3.218004477293169574e-02 -1.077361708613255047e+02 9.819381108822189397e-01 -1.850608970960458954e-01 -3.937017606090253974e-02 -1.519636137216934344e+02 3.270449051981665078e-02 -3.893561794159140776e-02 9.987063802516461530e-01 3.492343389393332220e+00
-1.863863319258545204e-01 -9.819488113893856118e-01 -3.219731482900537595e-02 -1.077391224090107897e+02 9.819302876466370344e-01 -1.850899868019648675e-01 -3.942850476294173373e-02 -1.519679087650298186e+02 3.275737281007205098e-02 -3.896445298758036829e-02 9.987035225380757053e-01 3.491809642360490962e+00
-1.863872331780314084e-01 -9.819493965614103370e-01 -3.217424281813746623e-02 -1.077399101550855249e+02 9.819340431351524234e-01 -1.850964878504528510e-01 -3.930426335246300917e-02 -1.519678092684464730e+02 3.263945833635689686e-02 -3.891879723359213672e-02 9.987091633610857278e-01 3.490088660923146957e+00
-1.863481206486512498e-01 -9.819556100976636337e-01 -3.221114292355722192e-02 -1.077360684526598504e+02 9.819388611667294597e-01 -1.850528539907063674e-01 -3.938926453339121336e-02 -1.519686594580547592e+02 3.271774535787761590e-02 -3.896948841876653191e-02 9.987046250574174167e-01 3.492696433281628376e+00
-1.864150963098913927e-01 -9.819442388167343161e-01 -3.217023037527193957e-02 -1.077364774751179510e+02 9.819260248537915459e-01 -1.851212170591831629e-01 -3.938802748752369409e-02 -1.519645520322007712e+02 3.272145446958441700e-02 -3.893130936856485647e-02 9.987059925564900631e-01 3.490518101730135658e+00
-1.864276671489708548e-01 -9.819409132399601337e-01 -3.219887927965528474e-02 -1.077375832609849056e+02 9.819271012397106091e-01 -1.851367475035956556e-01 -3.928807166009947588e-02 -1.519622389029817384e+02 3.261736918225877080e-02 -3.894133574061323794e-02 9.987090064670314238e-01 3.491302681972378252e+00
-1.862858025053317768e-01 -9.819699712449614371e-01 -3.213371061851633820e-02 -1.077390037873310860e+02 9.819515722568628036e-01 -1.849947945397707461e-01 -3.934508527711757381e-02 -1.519666071790593094e+02 3.269112306452882227e-02 -3.888317844978770449e-02 9.987088609331659095e-01 3.486814430677008136e+00
-1.864558888780376567e-01 -9.819367719559158880e-01 -3.216173788053894311e-02 -1.077399451623027602e+02 9.819172425159153894e-01 -1.851610521557729427e-01 -3.941971098965830339e-02 -1.519630758501569971e+02 3.275256253550144769e-02 -3.893020222607055519e-02 9.987050160092294515e-01 3.491758169543763834e+00
-1.865088756103652212e-01 -9.819266077287139849e-01 -3.216483099501139115e-02 -1.077404447198025821e+02 9.819032633845353741e-01 -1.852091820771184505e-01 -3.954162653615463097e-02 -1.519596940593145291e+02 3.286975316848720491e-02 -3.895761682527691672e-02 9.987000968348493934e-01 3.492416547195845933e+00
-1.864276339937112059e-01 -9.819379825282339436e-01 -3.228832222163694615e-02 -1.077375462411123408e+02 9.819244027950289055e-01 -1.851299016674439191e-01 -3.938764659418177855e-02 -1.519664417935670713e+02 3.269869231532753634e-02 -3.904763727786809274e-02 9.987021966251419247e-01 3.493615917155796335e+00
-1.863526358486682355e-01 -9.819540447164247787e-01 -3.223273456142868032e-02 -1.077391914801094543e+02 9.819415285490968870e-01 -1.850607016541963024e-01 -3.928576350180731230e-02 -1.519655897083016214e+02 3.261180189620113690e-02 -3.897166622445576850e-02 9.987080051790776514e-01 3.492539025381023787e+00
-1.865865498125032218e-01 -9.819097346578353758e-01 -3.222937190274709901e-02 -1.077420742440034047e+02 9.818942705175017771e-01 -1.852909915523075490e-01 -3.938134043510804067e-02 -1.519599290597404035e+02 3.269710926013872504e-02 -3.899386405246355741e-02 9.987043494509716401e-01 3.491946381705976155e+00
-1.865051080955695273e-01 -9.819285412730236473e-01 -3.212762810560065158e-02 -1.077452666392841678e+02 9.819115513009735174e-01 -1.852159107220974210e-01 -3.930358555017237493e-02 -1.519650274986859415e+02 3.264276452716057680e-02 -3.887680862436945078e-02 9.987106906783408400e-01 3.488713183652401018e+00
-1.864781087974169971e-01 -9.819314405223095177e-01 -3.219566823536332278e-02 -1.077411891904584564e+02 9.819109919953034060e-01 -1.851794601257450434e-01 -3.948887623543574643e-02 -1.519638423105914171e+02 3.281339266425643830e-02 -3.897709149385657212e-02 9.987011903470131013e-01 3.491396799115970673e+00
-1.863315242388046133e-01 -9.819599599259634104e-01 -3.217452683481282494e-02 -1.077344385166596368e+02 9.819401358732937624e-01 -1.850355234403353588e-01 -3.943887202112322798e-02 -1.519642016044221577e+02 3.277396277506267053e-02 -3.894216438979007655e-02 9.987038475927972891e-01 3.490717408443239744e+00
-1.865012599072224386e-01 -9.819282435523608576e-01 -3.215905109287644364e-02 -1.077438797766189680e+02 9.819102153155594426e-01 -1.852083490958416068e-01 -3.937253464211452197e-02 -1.519614707996752543e+02 3.270487902393553331e-02 -3.892032809944550448e-02 9.987069635026388781e-01 3.491196678478776239e+00
-1.864938754608502780e-01 -9.819275238226513602e-01 -3.222378585935701395e-02 -1.077464218528319861e+02 9.819119414928537681e-01 -1.851987661500560378e-01 -3.937456247670441389e-02 -1.519611754401048813e+02 3.269516125251411415e-02 -3.898403488626717150e-02 9.987047969518612067e-01 3.492010530100580379e+00
-1.865442092665010598e-01 -9.819208836462811618e-01 -3.213465805704192324e-02 -1.077395243141618408e+02 9.819074676575751948e-01 -1.852586573074612719e-01 -3.920401574998858690e-02 -1.519610430280602600e+02 3.254201818302952798e-02 -3.886654283498517520e-02 9.987143780384017955e-01 3.488784756306216206e+00
-1.864769747357617469e-01 -9.819331420940262678e-01 -3.215030871937164109e-02 -1.077395645638903972e+02 9.819132474757394924e-01 -1.851825741786461421e-01 -3.941812593487017957e-02 -1.519637825639254629e+02 3.275228732539368220e-02 -3.891938691607364775e-02 9.987054465642168921e-01 3.489989338782656603e+00
-1.863516387457886392e-01 -9.819569024535622637e-01 -3.215133683946178739e-02 -1.077422501121229033e+02 9.819339284793707767e-01 -1.850537013868933656e-01 -3.950807137890362947e-02 -1.519696503927822278e+02 3.284549950646325350e-02 -3.893288233378051216e-02 9.987018593330818650e-01 3.490290205126355350e+00
-1.863720064583769265e-01 -9.819532863923040589e-01 -3.214371714709300665e-02 -1.077401386231943405e+02 9.819306131629220724e-01 -1.850749954770520844e-01 -3.949072020939795730e-02 -1.519650699890566727e+02 3.282904418600342267e-02 -3.892286464949244046e-02 9.987027908568748558e-01 3.493721608980891791e+00
-1.864446093194600529e-01 -9.819379076483215618e-01 -3.219243977940029755e-02 -1.077430469402784610e+02 9.819181397534003652e-01 -1.851470781824826606e-01 -3.946297332578482114e-02 -1.519627152805800847e+02 3.278985329238118251e-02 -3.896799922662232823e-02 9.987023182897585283e-01 3.494588542529726727e+00
-1.864276412081657952e-01 -9.819389678916079500e-01 -3.225830016480795565e-02 -1.077402421274804283e+02 9.819248350391363012e-01 -1.851316305209833590e-01 -3.936874031521730294e-02 -1.519644531325046444e+02 3.268566852497100522e-02 -3.901464746227479435e-02 9.987039122565156690e-01 3.493977133736945628e+00
-1.865211690123413923e-01 -9.819232085984439529e-01 -3.219729687421857278e-02 -1.077361320511517846e+02 9.819072097798275944e-01 -1.852276177074614338e-01 -3.935684210924923071e-02 -1.519657928531871960e+02 3.268156808758494736e-02 -3.895564213506803181e-02 9.987063497611202711e-01 3.491950529072555653e+00
-1.864570293115275224e-01 -9.819381600556236211e-01 -3.211270849518171183e-02 -1.077390465167469813e+02 9.819181473197629018e-01 -1.851654905584920741e-01 -3.937630087193675493e-02 -1.519637227063726357e+02 3.271892700631404832e-02 -3.887403931686667785e-02 9.987083062049429971e-01 3.489503071107332488e+00
-1.863231420594897436e-01 -9.819620399376773889e-01 -3.215958417819419352e-02 -1.077390224272866135e+02 9.819432270067969259e-01 -1.850295380484068275e-01 -3.938996046038890225e-02 -1.519665229621715241e+02 3.272897292242781669e-02 -3.891814706571147114e-02 9.987062591975753856e-01 3.490048970900875513e+00
-1.863090430424032551e-01 -9.819641455442710276e-01 -3.217696918813078844e-02 -1.077363116219516286e+02 9.819428391605177220e-01 -1.850111244984762315e-01 -3.948600300348807657e-02 -1.519636908712913339e+02 3.282074194782978738e-02 -3.895254391332295119e-02 9.987019065870830214e-01 3.492346396520813023e+00
-1.863837300000119601e-01 -9.819481531933468288e-01 -3.223243136125245739e-02 -1.077423140767850498e+02 9.819306519892968543e-01 -1.850858246409836649e-01 -3.943896804990404403e-02 -1.519656090844014500e+02 3.276125570177337160e-02 -3.900079431424730014e-02 9.987019766515438102e-01 3.493667716010078639e+00
-1.864665783641785701e-01 -9.819333022629612717e-01 -3.220566813639513803e-02 -1.077460251954556867e+02 9.819177046986358182e-01 -1.851729292365009716e-01 -3.935235034069223259e-02 -1.519588732970901219e+02 3.267776541500995446e-02 -3.896121385339240684e-02 9.987062568456011036e-01 3.493931453345559657e+00
-1.864737022161402358e-01 -9.819331440227022645e-01 -3.216922522376868682e-02 -1.077394676235547735e+02 9.819196010847349720e-01 -1.851853773839367001e-01 -3.924631204029351006e-02 -1.519643892132653491e+02 3.257998445980898189e-02 -3.890599790341134345e-02 9.987116039877269591e-01 3.489819659126032647e+00
-1.863548064474682686e-01 -9.819567344299784395e-01 -3.213810544415023757e-02 -1.077321484694811602e+02 9.819385682570827001e-01 -1.850636190369829848e-01 -3.934596647897736776e-02 -1.519665233564848563e+02 3.268844265420140643e-02 -3.888995521400244459e-02 9.987086848026784924e-01 3.488813100421718438e+00
-1.864204042235408920e-01 -9.819434182453695703e-01 -3.216451855276276223e-02 -1.077380111863884338e+02 9.819236685565254641e-01 -1.851251421780617523e-01 -3.942830026830169282e-02 -1.519661509674662625e+02 3.276189887089187708e-02 -3.893334172854718417e-02 9.987045873952025143e-01 3.492675096321296913e+00
-1.864379156132209836e-01 -9.819391304919929953e-01 -3.219390672823540384e-02 -1.077411351711987351e+02 9.819163192195944356e-01 -1.851366664485893931e-01 -3.955700679458875463e-02 -1.519673847720588356e+02 3.288230028512201947e-02 -3.898664829056899123e-02 9.986985509066419464e-01 3.493222069931479101e+00
-1.863811305497895532e-01 -9.819503810712011393e-01 -3.217954768335045540e-02 -1.077393985868696404e+02 9.819285363123952948e-01 -1.850822544835695194e-01 -3.950833647062160225e-02 -1.519655010183075206e+02 3.283936281932008788e-02 -3.896162457344319596e-02 9.987009402519950729e-01 3.493416419961474340e+00
-1.865452751554190769e-01 -9.819181287721849838e-01 -3.221255509456130706e-02 -1.077441636893990733e+02 9.819049946861493350e-01 -1.852538959527951778e-01 -3.928836271345796660e-02 -1.519642052095485951e+02 3.261045426825998073e-02 -3.895872717174042599e-02 9.987085540084131852e-01 3.491927072184191072e+00
-1.865160665215661595e-01 -9.819225276949936632e-01 -3.224758183798946687e-02 -1.077408596337530469e+02 9.819055960079572376e-01 -1.852174277622133935e-01 -3.944496141978381942e-02 -1.519599574899272909e+02 3.275908206256175625e-02 -3.902120011255941212e-02 9.987012508674423250e-01 3.495176223809986826e+00
-1.865359018714893846e-01 -9.819229257000295918e-01 -3.212048096906520989e-02 -1.077426995608578295e+02 9.819050558524994310e-01 -1.852461727720373652e-01 -3.932323441188577406e-02 -1.519625036438885104e+02 3.266218921459056179e-02 -3.887445765546422571e-02 9.987101471086111681e-01 3.489810852783783890e+00
-1.864336033260094450e-01 -9.819426947372204006e-01 -3.211005766246031318e-02 -1.077404704133450650e+02 9.819255641195631101e-01 -1.851457389731794301e-01 -3.928411725561907486e-02 -1.519639591018589613e+02 3.262971160396791609e-02 -3.885356601756956296e-02 9.987120217201554961e-01 3.488731410558899348e+00
-1.865542686680035089e-01 -9.819161055038576613e-01 -3.222214446438632918e-02 -1.077351102667598610e+02 9.818971364195903107e-01 -1.852551602945149423e-01 -3.947833678439673782e-02 -1.519638682442108859e+02 3.279509616932162197e-02 -3.900368362592155497e-02 9.987007531442309016e-01 3.494464829811323892e+00
-1.863505470556487964e-01 -9.819560611633698644e-01 -3.218334284348182278e-02 -1.077420232828018101e+02 9.819326048268209872e-01 -1.850495086104038123e-01 -3.956057306287313891e-02 -1.519648166922475525e+02 3.289123272355815725e-02 -3.897400810243607794e-02 9.986987501255600863e-01 3.494359666570039824e+00
-1.864230061735314692e-01 -9.819438383886699429e-01 -3.213659938059178212e-02 -1.077405980991523506e+02 9.819231012449262108e-01 -1.851287738930929017e-01 -3.942537657887679181e-02 -1.519648801941956151e+02 3.276409636735856667e-02 -3.890546654861422315e-02 9.987056015973201362e-01 3.490899913841035485e+00
-1.864554263972280079e-01 -9.819354478027780830e-01 -3.220481820140901064e-02 -1.077392548923901217e+02 9.819166800535797934e-01 -1.851580871675966300e-01 -3.944763857308343502e-02 -1.519615962025315525e+02 3.277205211126972551e-02 -3.897767444056464414e-02 9.987025250271581722e-01 3.495893191525739407e+00
-1.864728153445216474e-01 -9.819332270812082264e-01 -3.217183071216229290e-02 -1.077369377330505387e+02 9.819179029720495055e-01 -1.851821602886034590e-01 -3.930393534772997494e-02 -1.519642962484836346e+02 3.263619096127021862e-02 -3.891921202606845459e-02 9.987092539747538522e-01 3.491822309303555638e+00
-1.864811223223352687e-01 -9.819331135513716946e-01 -3.212711516322350191e-02 -1.077384660256147555e+02 9.819165658846406020e-01 -1.851925302392485317e-01 -3.928847648992320196e-02 -1.519656261859709616e+02 3.262895430007506370e-02 -3.887270578302835788e-02 9.987113016715039038e-01 3.490650976450710097e+00
-1.864220173636155220e-01 -9.819428848336716475e-01 -3.217145266547635774e-02 -1.077344584597052659e+02 9.819288654891139556e-01 -1.851330292788846421e-01 -3.926148990149869178e-02 -1.519651036994114577e+02 3.259654216848380248e-02 -3.890928416908652487e-02 9.987109356786414427e-01 3.489257614758891624e+00
-1.864871220945920616e-01 -9.819333755079044934e-01 -3.208425402793521619e-02 -1.077360877236782528e+02 9.819112123077466947e-01 -1.851952285381648355e-01 -3.940937034549018420e-02 -1.519615368298613305e+02 3.275552529280829905e-02 -3.885322882785000737e-02 9.987079163461372033e-01 3.490753243677386486e+00
-1.865033946744956150e-01 -9.819265433721580116e-01 -3.219855891333084363e-02 -1.077374962512064656e+02 9.819056665814773766e-01 -1.852039682601849258e-01 -3.950635487950514974e-02 -1.519659231833292665e+02 3.282903760505806456e-02 -3.898401674900011521e-02 9.987004058915963656e-01 3.493252878284054397e+00
-1.865294107680610658e-01 -9.819207510791407856e-01 -3.222448632168017912e-02 -1.077432015283111610e+02 9.819032814937607156e-01 -1.852319407941998008e-01 -3.943442533369619085e-02 -1.519651268444624748e+02 3.275247639957629131e-02 -3.899700898518000669e-02 9.987024124231927980e-01 3.492510591738968273e+00
-1.864757747601211157e-01 -9.819303260682147316e-01 -3.224314152161063263e-02 -1.077422607618372297e+02 9.819157216967430157e-01 -1.851803267594702707e-01 -3.936701748952479291e-02 -1.519628503868058829e+02 3.268487283709849145e-02 -3.900104266331688024e-02 9.987044696799933785e-01 3.493252012438728293e+00
-1.864525364181643940e-01 -9.819362735689008970e-01 -3.219637111312601691e-02 -1.077396312136315544e+02 9.819238769731902794e-01 -1.851634667313821758e-01 -3.924271165396231442e-02 -1.519673820364536994e+02 3.257225035475409120e-02 -3.893128867167623686e-02 9.987108707074284775e-01 3.490106799870646537e+00
-1.863408085933899727e-01 -9.819592536277984562e-01 -3.214229717207604808e-02 -1.077344954520813332e+02 9.819406341543318595e-01 -1.850487729504648460e-01 -3.936423028735022700e-02 -1.519652083214953109e+02 3.270617754109735043e-02 -3.889699016972661405e-02 9.987078302017995401e-01 3.491036925983903583e+00
-1.863783634029909653e-01 -9.819509038700093839e-01 -3.217962156542836932e-02 -1.077422250750831694e+02 9.819346418234251583e-01 -1.850861236096454920e-01 -3.933809901681481480e-02 -1.519656551769255373e+02 3.267208047131874710e-02 -3.893005569000103361e-02 9.987076578867557508e-01 3.489690119600562301e+00
-1.865215355661886676e-01 -9.819241168080758975e-01 -3.216746183196051573e-02 -1.077415865728839037e+02 9.819035125521244911e-01 -1.852248648232979189e-01 -3.946189920658283584e-02 -1.519663545828042572e+02 3.279037675645967570e-02 -3.894583779905843451e-02 9.987031655653739737e-01 3.493041468425177154e+00
-1.864231377161826853e-01 -9.819416067017144867e-01 -3.220395553512630377e-02 -1.077379424041252065e+02 9.819253385149312452e-01 -1.851288937771491394e-01 -3.936905220076367812e-02 -1.519666932768638787e+02 3.269622770887512658e-02 -3.896118218052724985e-02 9.987056538223387792e-01 3.489156254496146303e+00
-1.865288806460039250e-01 -9.819207176176811824e-01 -3.222857424905627155e-02 -1.077459712283439757e+02 9.819107297978417748e-01 -1.852400216792511323e-01 -3.921036949762633089e-02 -1.519655071905315822e+02 3.253145236257713735e-02 -3.895944919334323048e-02 9.987111023342699623e-01 3.490516816786378929e+00
-1.865810080011931493e-01 -9.819114549595802099e-01 -3.220903712343757552e-02 -1.077391602127333243e+02 9.818969924335729793e-01 -1.852882645249211979e-01 -3.932626703930347523e-02 -1.519600620165554119e+02 3.264695549607095348e-02 -3.896349122580200497e-02 9.987071756267371647e-01 3.491218786680847508e+00
-1.864544963866394678e-01 -9.819375497076350268e-01 -3.214606121083332657e-02 -1.077415304578680946e+02 9.819196583867177974e-01 -1.851628495136141694e-01 -3.935103091038692769e-02 -1.519663283502642059e+02 3.268799857617778193e-02 -3.890202609331125383e-02 9.987082292215876400e-01 3.489160265587811338e+00
-1.864414955629225545e-01 -9.819376174836801363e-01 -3.221931257390052428e-02 -1.077422130870425860e+02 9.819175596888786162e-01 -1.851414970100806467e-01 -3.950357021211711034e-02 -1.519630797151610011e+02 3.282490985361788405e-02 -3.900181348783964691e-02 9.986998467196045448e-01 3.492742338529169377e+00
-1.864325688494734568e-01 -9.819395709294904684e-01 -3.221143143349553678e-02 -1.077403507147238315e+02 9.819186170013636250e-01 -1.851321443735232108e-01 -3.952111721333877864e-02 -1.519662052301467554e+02 3.284397750449623982e-02 -3.899702761069607365e-02 9.986994067181650392e-01 3.494429050176069307e+00
-1.865072304652586332e-01 -9.819231281790119503e-01 -3.228038617059113963e-02 -1.077399976219169275e+02 9.819076569064386639e-01 -1.852077440082045001e-01 -3.943912864020605868e-02 -1.519630175536293848e+02 3.274761506867675948e-02 -3.905204100344805695e-02 9.987004214481832731e-01 3.495416903653626228e+00
-1.864816105342315122e-01 -9.819311781998439903e-01 -3.218338409218603896e-02 -1.077391762262025168e+02 9.819161146095342074e-01 -1.851903382365629458e-01 -3.931008132710324399e-02 -1.519610318697266109e+02 3.263974268702502651e-02 -3.893199073889544448e-02 9.987086398416864519e-01 3.492309216046640241e+00
-1.865067911599624928e-01 -9.819278138235649767e-01 -3.214008853268725957e-02 -1.077418260847600493e+02 9.819081977883641343e-01 -1.852134821843021140e-01 -3.939869456178136248e-02 -1.519649130390750713e+02 3.273389630370158315e-02 -3.890674050649870624e-02 9.987065422715215579e-01 3.488913536183700703e+00
-1.865170496472159378e-01 -9.819250698669328425e-01 -3.216438026321834232e-02 -1.077404059665823723e+02 9.819099267717856794e-01 -1.852271297313399234e-01 -3.929129825439481305e-02 -1.519618520592794653e+02 3.262339494786582750e-02 -3.891102129613512040e-02 9.987099912005322766e-01 3.489148795658332247e+00
-1.864992917340506651e-01 -9.819259280780978649e-01 -3.224106001148388523e-02 -1.077423833510102895e+02 9.819073721115545439e-01 -1.851992632252010829e-01 -3.948601643397958716e-02 -1.519631858974248928e+02 3.280132277331612722e-02 -3.902184860830332225e-02 9.986998390685318805e-01 3.493088167756429385e+00
-1.864737478599671761e-01 -9.819304789762719476e-01 -3.225020645650601009e-02 -1.077398318567277755e+02 9.819102554930363436e-01 -1.851710524648955136e-01 -3.954657363974221906e-02 -1.519684615209441461e+02 3.286018132418109389e-02 -3.904120626303388131e-02 9.986971476362938027e-01 3.496535796398448692e+00
-1.865171270068051168e-01 -9.819213294901054656e-01 -3.227791854365763546e-02 -1.077422883396414193e+02 9.819063318596552570e-01 -1.852183855560052272e-01 -3.942213979407523800e-02 -1.519660363029479413e+02 3.273097595617864564e-02 -3.904679685211916856e-02 9.987011719571302626e-01 3.496197548528046983e+00
-1.865225660663480944e-01 -9.819230738521933510e-01 -3.219331273237460017e-02 -1.077505502156742239e+02 9.819076491997809075e-01 -1.852300124792678471e-01 -3.933460206853446606e-02 -1.519627237389630636e+02 3.266038565272149502e-02 -3.894765093802105005e-02 9.987073543813650423e-01 3.490893215796040838e+00
-1.865469793741212357e-01 -9.819202244862667017e-01 -3.213871856858945691e-02 -1.077452223396729920e+02 9.819079727919647338e-01 -1.852624934076529950e-01 -3.917322432419845929e-02 -1.519643948315515445e+02 3.251088208532412066e-02 -3.886491066783921006e-02 9.987154556052564303e-01 3.486865929088094784e+00
-1.864075000140015259e-01 -9.819454225754875587e-01 -3.217811401523811010e-02 -1.077413087601799475e+02 9.819281080823443197e-01 -1.851140797538342042e-01 -3.936963340849865267e-02 -1.519677711505576383e+02 3.270220934980548610e-02 -3.893538955678665925e-02 9.987064638539708827e-01 3.491124752816349819e+00
-1.863767130480766809e-01 -9.819538255065400900e-01 -3.209992844955183999e-02 -1.077401123940509819e+02 9.819367733654320585e-01 -1.850898314326936411e-01 -3.926738357595655621e-02 -1.519673720400118953e+02 3.261738717431414414e-02 -3.883862604789898448e-02 9.987130054127824064e-01 3.488078290307714102e+00
-1.865001515207544980e-01 -9.819264923845700821e-01 -3.221889253327962083e-02 -1.077425990261778139e+02 9.819099420548125234e-01 -1.852042661388715317e-01 -3.939854690058390563e-02 -1.519613593715176307e+02 3.271940061570611374e-02 -3.898388586707925152e-02 9.987040089366074902e-01 3.491425554937735320e+00
-1.863531524061639022e-01 -9.819550837042002600e-01 -3.219807720597637340e-02 -1.077360062303958301e+02 9.819369052299021794e-01 -1.850572103969265747e-01 -3.941754720463707534e-02 -1.519700236597081187e+02 3.274777451686081836e-02 -3.896206446769278492e-02 9.987039305002299860e-01 3.490787227464444697e+00
-1.864695830578217972e-01 -9.819307530573821996e-01 -3.226593861031198246e-02 -1.077379037564632114e+02 9.819179006837164270e-01 -1.851744290658503544e-01 -3.934040082433599289e-02 -1.519670861970292606e+02 3.265472264658119544e-02 -3.901829084286873722e-02 9.987047822397648877e-01 3.493108080425074036e+00
-1.864388323233951983e-01 -9.819402846294658094e-01 -3.215337033179472420e-02 -1.077376655180629541e+02 9.819255523884113934e-01 -1.851503967105472270e-01 -3.926245235133492273e-02 -1.519648617812024725e+02 3.260017436460770773e-02 -3.889226169473249117e-02 9.987114801641491235e-01 3.488117846408409051e+00
-1.863820611865167898e-01 -9.819515078703683342e-01 -3.213974889409788177e-02 -1.077379259809690808e+02 9.819356632192558498e-01 -1.850934653010141151e-01 -3.927801421944394217e-02 -1.519696107708263639e+02 3.262024779222372911e-02 -3.887988289555961013e-02 9.987113067047962423e-01 3.488545608098318596e+00
-1.863401744789114911e-01 -9.819589046199058702e-01 -3.215663248606807217e-02 -1.077393577541237164e+02 9.819426013084172622e-01 -1.850497639458845711e-01 -3.931046424594587113e-02 -1.519657537823904363e+02 3.265068316020752065e-02 -3.890108611912498210e-02 9.987094864813912398e-01 3.490846721614591086e+00
-1.864457490520174954e-01 -9.819384483292032950e-01 -3.216933871358003405e-02 -1.077387234695099352e+02 9.819193413432831807e-01 -1.851508295322397135e-01 -3.941544645816838499e-02 -1.519633092105694061e+02 3.274736258701371749e-02 -3.893653832020037286e-02 9.987049395227972637e-01 3.491922642217425654e+00
-1.864402872521591092e-01 -9.819382236919789175e-01 -3.220782734016840176e-02 -1.077373774099819883e+02 9.819217579373338278e-01 -1.851454741136651094e-01 -3.938038476808809751e-02 -1.519643535655081337e+02 3.270597160441654494e-02 -3.896765668946317041e-02 9.987050821706793258e-01 3.492589163746400605e+00
-1.864867685619129301e-01 -9.819284235268461725e-01 -3.223749713328339511e-02 -1.077419866947921179e+02 9.819143612663217002e-01 -1.851923975192195648e-01 -3.934416144786077180e-02 -1.519655319867524099e+02 3.266301104135193450e-02 -3.899162693664257745e-02 9.987055525722013938e-01 3.493112417987601415e+00
-1.864591892420950359e-01 -9.819353979546127098e-01 -3.218454583953943293e-02 -1.077479363862326380e+02 9.819183793853630826e-01 -1.851655304919250788e-01 -3.937032566370734371e-02 -1.519645860131615223e+02 3.269964789417516282e-02 -3.894355609546659019e-02 9.987062293118212919e-01 3.493076705791097414e+00
-1.866059284257315376e-01 -9.819070927952394667e-01 -3.219764890130555335e-02 -1.077467839991978735e+02 9.818948680769542525e-01 -1.853167203889374282e-01 -3.924514222714873407e-02 -1.519591334618674239e+02 3.256832081197089113e-02 -3.893808242183247753e-02 9.987107340049966586e-01 3.489084242292392890e+00
-1.864461782536610546e-01 -9.819377702215706938e-01 -3.218754459250242062e-02 -1.077424669056639601e+02 9.819241533676300593e-01 -1.851563594042708871e-01 -3.926932142805491383e-02 -1.519649167746786702e+02 3.260030134626801246e-02 -3.892734237585120799e-02 9.987101092748014164e-01 3.489854736262893553e+00
-1.863716014525922393e-01 -9.819504580695952445e-01 -3.223234507304770236e-02 -1.077425041823407525e+02 9.819343349582720926e-01 -1.850753636388116075e-01 -3.939633998250768182e-02 -1.519670589314165170e+02 3.271984110676297297e-02 -3.899240529735938793e-02 9.987036619173250696e-01 3.493738201072735361e+00
-1.865642981713715454e-01 -9.819170237231120701e-01 -3.213597937778320951e-02 -1.077471604471031270e+02 9.818984780807007429e-01 -1.852724955953619634e-01 -3.936344901898997106e-02 -1.519569300727253562e+02 3.269772760648010507e-02 -3.889808348251053149e-02 9.987080643064618624e-01 3.489611725889274485e+00
-1.865190979693247542e-01 -9.819229502737139015e-01 -3.221716651841492057e-02 -1.077436812732002664e+02 9.819093628209254465e-01 -1.852268534726932980e-01 -3.930669099797264032e-02 -1.519639458816889999e+02 3.262865760821472699e-02 -3.896578599709327184e-02 9.987076840719283366e-01 3.490616713771667712e+00
-1.865167705610724092e-01 -9.819224664161486649e-01 -3.224537558620258620e-02 -1.077444213029344979e+02 9.819120595911380311e-01 -1.852260973805623934e-01 -3.924283474286083262e-02 -1.519619233023438483e+02 3.256073600146847796e-02 -3.898156995803825353e-02 9.987092848645441334e-01 3.491636831231605953e+00
-1.866526169608810903e-01 -9.818987679653329304e-01 -3.218089572737009574e-02 -1.077450861249144083e+02 9.818886581365372512e-01 -1.853671918843089461e-01 -3.916206322138936213e-02 -1.519586530638376303e+02 3.248789935475833446e-02 -3.890775810923904898e-02 9.987145351672959137e-01 3.487747371568328258e+00
-1.864125849450091188e-01 -9.819464631490097961e-01 -3.211684422961999519e-02 -1.077412358928280156e+02 9.819245061792774010e-01 -1.851184818472153548e-01 -3.943870995816488312e-02 -1.519617440389323235e+02 3.278128030906889145e-02 -3.888818828040438436e-02 9.987057106443149035e-01 3.489096690884662344e+00
-1.865523193915790134e-01 -9.819188583058514608e-01 -3.214946085015887856e-02 -1.077455021402293625e+02 9.818982724584165434e-01 -1.852570450741803931e-01 -3.944121947354856800e-02 -1.519620354193665150e+02 3.277216307782884752e-02 -3.892535104166327392e-02 9.987045621070744783e-01 3.489147667319774104e+00
-1.865284364405810358e-01 -9.819214831167526469e-01 -3.220781571030615492e-02 -1.077399143024660475e+02 9.818997212330773383e-01 -1.852271864116352695e-01 -3.954525074436147924e-02 -1.519618665213699558e+02 3.286456817664281521e-02 -3.900115905747242318e-02 9.986985680127595799e-01 3.493255926811327239e+00
-1.865860850491609657e-01 -9.819090971619707231e-01 -3.225147712261844379e-02 -1.077453514499682967e+02 9.818954372403655428e-01 -1.852909282717372097e-01 -3.935253774217654238e-02 -1.519614982581679499e+02 3.266470867126827771e-02 -3.901021418502314403e-02 9.987047711894940782e-01 3.494707401622767939e+00
-1.865568269426507442e-01 -9.819155677158323270e-01 -3.222372105119420543e-02 -1.077420094728879008e+02 9.819027747946921236e-01 -1.852649525234526529e-01 -3.929170671996165543e-02 -1.519613528007975845e+02 3.261121235977666039e-02 -3.897069724521498579e-02 9.987080622407367159e-01 3.493075955265919408e+00
-1.864583089434488361e-01 -9.819375670097004738e-01 -3.212341079368303404e-02 -1.077391467524352606e+02 9.819242398059778720e-01 -1.851738869222772088e-01 -3.918442143950192497e-02 -1.519615665109142242e+02 3.252823861511994902e-02 -3.884901668209930076e-02 9.987155088389444435e-01 3.487717258497900374e+00
-1.865101642028061946e-01 -9.819273260053353880e-01 -3.213541804698913373e-02 -1.077399876274118924e+02 9.819056993692305557e-01 -1.852148310503525241e-01 -3.945458028179148896e-02 -1.519606580589635598e+02 3.278957449045680206e-02 -3.891263037886116133e-02 9.987044863230228886e-01 3.490233465868947782e+00
-1.864817178011208831e-01 -9.819332193561497446e-01 -3.212042420035927937e-02 -1.077405189805241861e+02 9.819109325794462828e-01 -1.851868311077824458e-01 -3.945577353468465026e-02 -1.519622804787690313e+02 3.279465515759781569e-02 -3.889717610734217540e-02 9.987049215278598346e-01 3.490795668240509908e+00
-1.864859926036841475e-01 -9.819279590120332246e-01 -3.225612923277774297e-02 -1.077405289994625122e+02 9.819124745437134427e-01 -1.851884487312582817e-01 -3.940978040983660752e-02 -1.519641913821968728e+02 3.272410270825016482e-02 -3.902206769218021648e-02 9.987023637375486151e-01 3.492760313048710152e+00
-1.865993579090363674e-01 -9.819082698751083749e-01 -3.219983196861249397e-02 -1.077488428710441752e+02 9.818928007932500313e-01 -1.853061134354705430e-01 -3.934681783610503164e-02 -1.519587834024719371e+02 3.266814011116214722e-02 -3.895887414071396576e-02 9.987066630134022738e-01 3.491007056243669471e+00
-1.865894693601910515e-01 -9.819112395993919717e-01 -3.216655829067293498e-02 -1.077405797174150308e+02 9.818968496539332014e-01 -1.853001612169065115e-01 -3.927374304378424691e-02 -1.519575198548236301e+02 3.260286127877546486e-02 -3.891230912414957860e-02 9.987106115562522923e-01 3.488942161753564086e+00
-1.865486870537487185e-01 -9.819194586688895221e-01 -3.215220126084535057e-02 -1.077431861925415575e+02 9.819053907333432640e-01 -1.852609630467290103e-01 -3.924511714595232958e-02 -1.519583610386720522e+02 3.257899641369420285e-02 -3.889154481881540448e-02 9.987121991516287878e-01 3.487019208328025144e+00
-1.864043868711759977e-01 -9.819481483127471266e-01 -3.211290364243429146e-02 -1.077410312664197107e+02 9.819305177462306355e-01 -1.851157488002754814e-01 -3.930162674410502682e-02 -1.519637536101922990e+02 3.264755540313234866e-02 -3.885863573622502093e-02 9.987112413280020418e-01 3.486785004488240691e+00
-1.864028467972291825e-01 -9.819469853162176021e-01 -3.215737449296938999e-02 -1.077400819742882732e+02 9.819259214515777545e-01 -1.851066165991497314e-01 -3.945915955371808587e-02 -1.519662124640082084e+02 3.279425997577974095e-02 -3.893145925351155362e-02 9.987035986683101552e-01 3.490975234656775061e+00
-1.865435712238578958e-01 -9.819195113167489275e-01 -3.218026305869110815e-02 -1.077399645462973439e+02 9.819024197680170651e-01 -1.852500305889606125e-01 -3.937085496280498531e-02 -1.519588547127118829e+02 3.269761594921673231e-02 -3.894225805299832144e-02 9.987063464547379921e-01 3.490939103777865427e+00
-1.865822882148213679e-01 -9.819113312305479679e-01 -3.220539280267950555e-02 -1.077426163475808352e+02 9.818951507092347208e-01 -1.852877822946163988e-01 -3.937449359715759767e-02 -1.519612323829072977e+02 3.269499561417821276e-02 -3.896890213229457778e-02 9.987053929605028690e-01 3.492575773184777521e+00
-1.864875035644264489e-01 -9.819272032453087995e-01 -3.227039728844655758e-02 -1.077401010952528253e+02 9.819102535724981706e-01 -1.851870792505312391e-01 -3.947150374447263438e-02 -1.519613578017593341e+02 3.278208265959507012e-02 -3.904757617962442001e-02 9.986994652301541819e-01 3.496774544585975697e+00
-1.865344882630060042e-01 -9.819218079916222086e-01 -3.216283070444395098e-02 -1.077372261245034366e+02 9.819085446114262927e-01 -1.852469069767470611e-01 -3.923255631002928873e-02 -1.519595278757525136e+02 3.256523771646209486e-02 -3.889918310212512470e-02 9.987123504024858489e-01 3.489348958574127746e+00
-1.864071993186455778e-01 -9.819471031205282419e-01 -3.212853428621958995e-02 -1.077346925277302034e+02 9.819330812988900092e-01 -1.851216238616855136e-01 -3.920979762354828702e-02 -1.519619029405172910e+02 3.255426075102460515e-02 -3.885705923014116936e-02 9.987143480770362958e-01 3.487838495744869149e+00
-1.863901728868808672e-01 -9.819501290982374231e-01 -3.213483180527755556e-02 -1.077391693073841310e+02 9.819298392260870090e-01 -1.850966635168014296e-01 -3.940832389710112460e-02 -1.519680770482771095e+02 3.274895858847313990e-02 -3.889947453247641351e-02 9.987063315071491587e-01 3.489494852273944847e+00
-1.864740945381928583e-01 -9.819335356823338801e-01 -3.215499290237985863e-02 -1.077422359279018025e+02 9.819128400467614926e-01 -1.851783766860066738e-01 -3.944798295525987070e-02 -1.519626735477167472e+02 3.278088799078199278e-02 -3.892942730539940971e-02 9.987041168795738333e-01 3.490049714241585388e+00
-1.865468046767067012e-01 -9.819151353126824855e-01 -3.229484028118061872e-02 -1.077457021771514576e+02 9.819011623374243047e-01 -1.852478954880729667e-01 -3.941223943973628380e-02 -1.519685445230884113e+02 3.271692322523234858e-02 -3.906256854222880243e-02 9.987010156566168417e-01 3.494908589677832467e+00
-1.865311637179720705e-01 -9.819195132739781950e-01 -3.225204511054440004e-02 -1.077390014601084545e+02 9.819043140710377315e-01 -1.852342120675700698e-01 -3.939802899119720231e-02 -1.519617794657220315e+02 3.271151128737102842e-02 -3.901738242757967629e-02 9.987029592915984688e-01 3.493766296863225040e+00
-1.864410081710825562e-01 -9.819395956135723580e-01 -3.216179470123770034e-02 -1.077368270721407271e+02 9.819247681209788414e-01 -1.851517894576748535e-01 -3.927549632000601476e-02 -1.519633346656007689e+02 3.261135113288453347e-02 -3.890302593468891734e-02 9.987106960228335772e-01 3.491369571896007162e+00
-1.865067725562929990e-01 -9.819285843085924226e-01 -3.211664846085993813e-02 -1.077392800803264947e+02 9.819097176076042599e-01 -1.852162062334365977e-01 -3.934797855351079843e-02 -1.519591447737551277e+02 3.268838109160029232e-02 -3.887431370733522573e-02 9.987092957790039138e-01 3.489471101132149755e+00
-1.863873654811092351e-01 -9.819506403273283723e-01 -3.213549361315836544e-02 -1.077393531494237635e+02 9.819324069287294066e-01 -1.850962529038848725e-01 -3.934622452146539079e-02 -1.519666216664810463e+02 3.268789091030343402e-02 -3.888852172159554949e-02 9.987087586810006190e-01 3.489875942538337217e+00
-1.863995599450734009e-01 -9.819483191923652488e-01 -3.213568868986840799e-02 -1.077406720337460229e+02 9.819288765154443599e-01 -1.851069746383795511e-01 -3.938387240158026242e-02 -1.519633336876769079e+02 3.272438719671599827e-02 -3.889609717588003029e-02 9.987072684761455488e-01 3.489214476672411802e+00
-1.864443779698905512e-01 -9.819381145148310397e-01 -3.218746940160771564e-02 -1.077388749214343306e+02 9.819207522428353707e-01 -1.851501020957693200e-01 -3.938370232457400616e-02 -1.519630883102690007e+02 3.271284515729344644e-02 -3.894841404967642334e-02 9.987056076766215318e-01 3.491029039110308041e+00
-1.865288232879473984e-01 -9.819196887047861866e-01 -3.226023894377817031e-02 -1.077412806912041816e+02 9.819082087306182371e-01 -1.852356680984292847e-01 -3.929398034759973291e-02 -1.519666472010349310e+02 3.260778603712139595e-02 -3.900605335104445626e-02 9.987067938547994350e-01 3.493393663758122436e+00
-1.863742614969559064e-01 -9.819507281292783052e-01 -3.220872828666609261e-02 -1.077388327971034414e+02 9.819387221703363977e-01 -1.850848043219750494e-01 -3.924233825325434966e-02 -1.519666769694635207e+02 3.257269644888128451e-02 -3.894075930790449891e-02 9.987104869333118806e-01 3.491696999049533012e+00
-1.865458954383660828e-01 -9.819195260708128981e-01 -3.216633668866478862e-02 -1.077407692628679996e+02 9.819028722601628179e-01 -1.852539742636083453e-01 -3.934100236115958826e-02 -1.519574201289218820e+02 3.267075668454407639e-02 -3.892312089759279725e-02 9.987079714897897365e-01 3.490545213562906923e+00
-1.863848429672601004e-01 -9.819535840468347487e-01 -3.206008561507690813e-02 -1.077396362361833582e+02 9.819342240306896397e-01 -1.850983452228178727e-01 -3.929099480825368890e-02 -1.519634934731681426e+02 3.264766437767767371e-02 -3.880414118816181285e-02 9.987133565930375045e-01 3.485407233581572228e+00
-1.864278012518458816e-01 -9.819432058085112436e-01 -3.212811054055021709e-02 -1.077340217730936587e+02 9.819236389434412571e-01 -1.851356222648263827e-01 -3.937980005898587821e-02 -1.519637279532622358e+02 3.272066937690089328e-02 -3.888884075308825239e-02 9.987076728755058808e-01 3.488761601313702165e+00
-1.864912928355042521e-01 -9.819280285671772024e-01 -3.222335194729201296e-02 -1.077368249936927498e+02 9.819088629263952317e-01 -1.851919553615231084e-01 -3.948321891600482803e-02 -1.519598055975454542e+02 3.280217375625734538e-02 -3.900367141119552572e-02 9.987005211840593866e-01 3.492099178109455693e+00
-1.864913220975177310e-01 -9.819283360407508043e-01 -3.221381167391231676e-02 -1.077396006012959617e+02 9.819136389538042353e-01 -1.851980628264835449e-01 -3.933552035776483741e-02 -1.519631328744796974e+02 3.265872653393139119e-02 -3.896691424221717520e-02 9.987066572200375969e-01 3.493101599897767695e+00
-1.865300666656883877e-01 -9.819216417469190938e-01 -3.219353504555376444e-02 -1.077376087928993940e+02 9.819101485086397796e-01 -1.852421790218861108e-01 -3.921473405449874688e-02 -1.519632806335552573e+02 3.254219546120640238e-02 -3.892588573506067934e-02 9.987120610738140503e-01 3.490780211007277423e+00
-1.865068376087251067e-01 -9.819288476528785781e-01 -3.210821814243823569e-02 -1.077394000256897186e+02 9.819138939581592007e-01 -1.852215973693396300e-01 -3.921816823711993250e-02 -1.519619199892111396e+02 3.256231529110628631e-02 -3.884196203901173206e-02 9.987146727708783311e-01 3.486549924313969928e+00
-1.863706431814613484e-01 -9.819560552134983800e-01 -3.206694543721232832e-02 -1.077389609634666243e+02 9.819307385317027626e-01 -1.850765634724016451e-01 -3.948025303656112900e-02 -1.519643602167957681e+02 3.283303346803604500e-02 -3.884547956700846322e-02 9.987056726736340817e-01 3.489723478889828812e+00
-1.864472654549071962e-01 -9.819389971589161936e-01 -3.214378731464067468e-02 -1.077381272957565699e+02 9.819169256666072654e-01 -1.851508429759993746e-01 -3.947551690244080480e-02 -1.519644473841603940e+02 3.281110016176561756e-02 -3.892263099815233829e-02 9.987033896519807996e-01 3.492009234862497813e+00
-1.864204633919932519e-01 -9.819396064595223850e-01 -3.228033603965247550e-02 -1.077407471389099527e+02 9.819257761737981705e-01 -1.851230771641705353e-01 -3.938548446766643868e-02 -1.519692237283472025e+02 3.269833197884407933e-02 -3.903915428626731493e-02 9.987025400580566981e-01 3.492417284883913009e+00
-1.864532943822647670e-01 -9.819343205035027111e-01 -3.225149967559434033e-02 -1.077446720773602777e+02 9.819214119744412717e-01 -1.851592443047611614e-01 -3.932422859522029940e-02 -1.519644298955944350e+02 3.264214637734375729e-02 -3.900057007037292106e-02 9.987058855409164382e-01 3.492195722149549653e+00
-1.865122684317375157e-01 -9.819259489685649989e-01 -3.216526801739162666e-02 -1.077374117432193827e+02 9.819140974469535710e-01 -1.852262168597875736e-01 -3.919124676181535288e-02 -1.519602512672936996e+02 3.252505125871417435e-02 -3.889317845065063534e-02 9.987138938207598127e-01 3.487326778704374686e+00
-1.864603451594306627e-01 -9.819392284183309227e-01 -3.206074509800065780e-02 -1.077420555157646191e+02 9.819216313638660099e-01 -1.851757733690440055e-01 -3.924083099146104953e-02 -1.519629004192534012e+02 3.259523803793932389e-02 -3.879799802038059325e-02 9.987153076862598233e-01 3.485174633073943706e+00
-1.863835326266198855e-01 -9.819517080580797419e-01 -3.212509622463451814e-02 -1.077446792020886051e+02 9.819290667759985602e-01 -1.850880123610192385e-01 -3.946815806019463024e-02 -1.519635843648129878e+02 3.280985501399030085e-02 -3.890078048146937417e-02 9.987042819032536656e-01 3.490826995964175339e+00
-1.864641333290497638e-01 -9.819347912773478404e-01 -3.217441003279707806e-02 -1.077426732230426154e+02 9.819159611080218175e-01 -1.851691126541457066e-01 -3.941376714026211675e-02 -1.519652270422324705e+02 3.274404225438359156e-02 -3.894182068147945125e-02 9.987048424328655027e-01 3.490554471182868213e+00
-1.864409121075711884e-01 -9.819376808935541545e-01 -3.222075625874534083e-02 -1.077432144259634015e+02 9.819247458440322207e-01 -1.851492864662038773e-01 -3.928785079624688009e-02 -1.519665466859768514e+02 3.261257106745046180e-02 -3.896322063746946590e-02 9.987083095909067287e-01 3.489740347257284547e+00
-1.865292904039472788e-01 -9.819221264683414274e-01 -3.218324677981167226e-02 -1.077421296464574993e+02 9.819089686856642407e-01 -1.852402284522374210e-01 -3.925347089899205999e-02 -1.519630949589707427e+02 3.258221963057439385e-02 -3.892294072720209330e-02 9.987108708976245586e-01 3.488423637711713710e+00
-1.864281559188170068e-01 -9.819403779479146666e-01 -3.221237085680497131e-02 -1.077382767642992007e+02 9.819300798633400218e-01 -1.851403682771022297e-01 -3.919645766895420852e-02 -1.519655331031594869e+02 3.252477425416486906e-02 -3.893761920978312113e-02 9.987121711834644477e-01 3.489398290539215797e+00
-1.864255004445833919e-01 -9.819410469363487604e-01 -3.220734583187832845e-02 -1.077357818280935220e+02 9.819276001389742881e-01 -1.851343500104387640e-01 -3.928690025348158948e-02 -1.519642122833571989e+02 3.261473392964141238e-02 -3.894936184021401820e-02 9.987087795463394091e-01 3.489063468400161572e+00
-1.864440113912502195e-01 -9.819395433138506935e-01 -3.214597786544529101e-02 -1.077381708232041575e+02 9.819209235177945860e-01 -1.851515210046530413e-01 -3.937275996961807356e-02 -1.519655366756058470e+02 3.270979324760352192e-02 -3.890562358130104925e-02 9.987073755006764531e-01 3.489815128435421965e+00
-1.864136375040874594e-01 -9.819444197046103273e-01 -3.217316216151935859e-02 -1.077349603969988721e+02 9.819289887321687171e-01 -1.851228433897376124e-01 -3.930641096207981855e-02 -1.519650658781689856e+02 3.264072364265081794e-02 -3.891901163024859278e-02 9.987091136531240920e-01 3.490162988897085761e+00
-1.864839394443316145e-01 -9.819315106052977082e-01 -3.215973895605076655e-02 -1.077411018472195394e+02 9.819136609715639619e-01 -1.851912142570748543e-01 -3.936720156946537513e-02 -1.519616140331285408e+02 3.270019459794678424e-02 -3.891943784779860332e-02 9.987071515869242466e-01 3.491519783813532563e+00
-1.865123146952347710e-01 -9.819253524100276520e-01 -3.218320620243610153e-02 -1.077434002575664636e+02 9.819086121313725934e-01 -1.852190091570169450e-01 -3.936236869313775727e-02 -1.519636275256142426e+02 3.268996618639155582e-02 -3.894253383301617827e-02 9.987065861249724286e-01 3.490319544123314355e+00
-1.864478412501295868e-01 -9.819362422232085219e-01 -3.222450467782568551e-02 -1.077433951100719582e+02 9.819205859664650315e-01 -1.851526599729169664e-01 -3.937582202605838938e-02 -1.519673219809932618e+02 3.269809395730848001e-02 -3.898344152993756667e-02 9.987047240991908659e-01 3.492142892798497655e+00
-1.864749781631580561e-01 -9.819324377045414165e-01 -3.218338550660442693e-02 -1.077374760261475757e+02 9.819204997488616415e-01 -1.851874489570857207e-01 -3.921403985452880103e-02 -1.519637089954878206e+02 3.254557868582998864e-02 -3.891396320581776147e-02 9.987124154508246754e-01 3.490138744429140516e+00
-1.864150943787650228e-01 -9.819449707492401425e-01 -3.214789274634919508e-02 -1.077360133555006882e+02 9.819235922396704064e-01 -1.851192207851448668e-01 -3.945799157385924960e-02 -1.519640990598371957e+02 3.279438352672840035e-02 -3.892233955166832238e-02 9.987039500737575626e-01 3.490700478210813529e+00
-1.863422100743543641e-01 -9.819597088420990438e-01 -3.212025770981289524e-02 -1.077390287590053788e+02 9.819438564874374276e-01 -1.850552074588323048e-01 -3.925344442144098472e-02 -1.519676579903548088e+02 3.260127990100711998e-02 -3.885486331346618000e-02 9.987128997593393009e-01 3.488510802426044943e+00
-1.864496412918457136e-01 -9.819362649434772994e-01 -3.221339552104522663e-02 -1.077412379149956507e+02 9.819185017430409612e-01 -1.851528272473772496e-01 -3.942697676723955907e-02 -1.519641670580353718e+02 3.275037704887694134e-02 -3.898207474155446911e-02 9.987030643049015222e-01 3.494058247093394964e+00
-1.864658042803963856e-01 -9.819332503595389339e-01 -3.221173190649742613e-02 -1.077396665030838960e+02 9.819145464833524128e-01 -1.851679770154430749e-01 -3.945432412804206895e-02 -1.519651281119624855e+02 3.277693149849719711e-02 -3.898605040728656684e-02 9.987020379648693380e-01 3.490870257222982609e+00
-1.865132749313724858e-01 -9.819231936514257741e-01 -3.224344962560696248e-02 -1.077403007332676168e+02 9.819091315177758128e-01 -1.852183900942130368e-01 -3.935232411072459718e-02 -1.519640515321651719e+02 3.266887993766991183e-02 -3.899986846506892785e-02 9.987050388094201869e-01 3.492445307826512746e+00
-1.864776133790699841e-01 -9.819304307459318926e-01 -3.222931714377948870e-02 -1.077359887547909096e+02 9.819173733817235794e-01 -1.851851051816439941e-01 -3.930329082914153782e-02 -1.519651918889228170e+02 3.262470780838822720e-02 -3.897571030746832532e-02 9.987074258492552037e-01 3.492287811960492760e+00
-1.865689304861342102e-01 -9.819154494508948172e-01 -3.215718126496282941e-02 -1.077404938259131768e+02 9.819005433421064133e-01 -1.852797804771715295e-01 -3.927754995932945803e-02 -1.519617135542586084e+02 3.260915763610802015e-02 -3.890312424444540562e-02 9.987107638161735190e-01 3.488228758849060807e+00
-1.864701841365064006e-01 -9.819357771248036215e-01 -3.210918918947220507e-02 -1.077379460178743500e+02 9.819176456834364242e-01 -1.851811392721880445e-01 -3.931517205039234547e-02 -1.519609675038013847e+02 3.265895778488468043e-02 -3.885968682532568025e-02 9.987108276254156314e-01 3.488542369594702208e+00
-1.863071739740032040e-01 -9.819637784260729640e-01 -3.219898732896948890e-02 -1.077410800419230696e+02 9.819449049460439172e-01 -1.850104063393080978e-01 -3.943796643678844360e-02 -1.519666742018474110e+02 3.276950680626254664e-02 -3.896520762622344980e-02 9.987030950279064401e-01 3.492102149671509892e+00
-1.864222736151919246e-01 -9.819419685813689513e-01 -3.219792289401113977e-02 -1.077395747294154233e+02 9.819228849481004273e-01 -1.851251573718433185e-01 -3.944773913990556186e-02 -1.519654054781305206e+02 3.277474508432289685e-02 -3.896981455686409496e-02 9.987027433816637600e-01 3.491551021015124157e+00
-1.864724067686198694e-01 -9.819305968757930936e-01 -3.225437075912285928e-02 -1.077391935489880410e+02 9.819150423945678385e-01 -1.851749404872768956e-01 -3.940927473079870041e-02 -1.519675667269743826e+02 3.272447147308014254e-02 -3.901979413941202707e-02 9.987024404857162141e-01 3.493534836063378446e+00
-1.865234180582959755e-01 -9.819208092120210729e-01 -3.225738601095880231e-02 -1.077387858715044899e+02 9.819071118669187026e-01 -1.852278475665742885e-01 -3.935820309694439134e-02 -1.519608696287815519e+02 3.267167245514868146e-02 -3.901498330467158271e-02 9.987043571031016809e-01 3.494637737701877356e+00
-1.865918603562959355e-01 -9.819085465460468676e-01 -3.223482384947475021e-02 -1.077369374091688456e+02 9.818969725114006231e-01 -1.853005078426448460e-01 -3.926903571777753954e-02 -1.519612010515847942e+02 3.258547255638187534e-02 -3.897855837621548580e-02 9.987085956199581727e-01 3.492110509545933716e+00
-1.864249173088181610e-01 -9.819410588969688103e-01 -3.221035638890132335e-02 -1.077353231017234521e+02 9.819266726765127906e-01 -1.851324079369203179e-01 -3.931921944685694281e-02 -1.519665231795251543e+02 3.264597513986532140e-02 -3.895829030870610887e-02 9.987074105679750735e-01 3.491227879059012551e+00
-1.862998795335417679e-01 -9.819682380411437483e-01 -3.210505200368790613e-02 -1.077390192665391311e+02 9.819464742960001269e-01 -1.850071152087728876e-01 -3.941432404320521082e-02 -1.519703972176967568e+02 3.276395127945896935e-02 -3.886832644325618341e-02 9.987070524913989056e-01 3.488587609575794168e+00
-1.864123681590643677e-01 -9.819468642669272329e-01 -3.210583675405234011e-02 -1.077384453257972865e+02 9.819232763052082591e-01 -1.851172008532950830e-01 -3.947532644939441560e-02 -1.519644227102731691e+02 3.281933039193312557e-02 -3.888415750134302518e-02 9.987046179166469972e-01 3.490859470232053230e+00
-1.865313906093257756e-01 -9.819193357216071671e-01 -3.225613822807722048e-02 -1.077414016079395793e+02 9.819026283081742079e-01 -1.852323160773676758e-01 -3.944892396648814331e-02 -1.519629408342492809e+02 3.276078202440776271e-02 -3.903084955073139045e-02 9.987008180353600384e-01 3.492828458176397088e+00
-1.864535524743151651e-01 -9.819332320031750605e-01 -3.228313270899404314e-02 -1.077362106453818740e+02 9.819197585939798412e-01 -1.851563177783559500e-01 -3.937925430351624234e-02 -1.519670482507026179e+02 3.269037247337931024e-02 -3.904184773495290861e-02 9.987026953368016713e-01 3.494196467774433490e+00
-1.864218514582016706e-01 -9.819435216382119691e-01 -3.215297204991467150e-02 -1.077330258226731559e+02 9.819286486755647303e-01 -1.851333062944493513e-01 -3.926560595056532293e-02 -1.519646165543142047e+02 3.260402136356271852e-02 -3.889189135580848472e-02 9.987113690039240987e-01 3.488378932299331936e+00
-1.864734133593088927e-01 -9.819344985833956541e-01 -3.212952850422557544e-02 -1.077398659872629878e+02 9.819187820143530088e-01 -1.851856332689458817e-01 -3.926559254906537150e-02 -1.519617963661893612e+02 3.260631284855877027e-02 -3.887057656576466819e-02 9.987121240076476392e-01 3.489834887572779376e+00
-1.864322271757388183e-01 -9.819413466113673383e-01 -3.215923639249496785e-02 -1.077329916477417271e+02 9.819218003473844103e-01 -1.851376058074452047e-01 -3.941630269873691583e-02 -1.519640165740581494e+02 3.275061332013682464e-02 -3.892632439547438761e-02 9.987052310848347769e-01 3.491142891691739081e+00
-1.865924432270014144e-01 -9.819082199992164028e-01 -3.224139619416758334e-02 -1.077390537000256501e+02 9.818908712398985994e-01 -1.852936765225992044e-01 -3.945339550015809771e-02 -1.519615099045471140e+02 3.276548651144627761e-02 -3.901923805905761766e-02 9.987011174295135074e-01 3.491717192825400051e+00
-1.864947881091381099e-01 -9.819278880699233714e-01 -3.220740037116010673e-02 -1.077391296614716936e+02 9.819099955799743817e-01 -1.851982231866931006e-01 -3.942560980665879566e-02 -1.519624259788209031e+02 3.274835245112003163e-02 -3.897743910305466464e-02 9.987033116259828036e-01 3.493059120605744639e+00
-1.864365351035743856e-01 -9.819391336047990082e-01 -3.220180544675391165e-02 -1.077452741068377406e+02 9.819218905464607294e-01 -1.851412788826296563e-01 -3.939679833906338524e-02 -1.519679406905054293e+02 3.272337458512124264e-02 -3.896466025979514192e-02 9.987046290102997714e-01 3.493649644286390021e+00
-1.864365747640348570e-01 -9.819373448154440354e-01 -3.225607612606572194e-02 -1.077297387427864095e+02 9.819245227275759103e-01 -1.851422916257954299e-01 -3.932637178499622660e-02 -1.519609898104416743e+02 3.264406923894827561e-02 -3.900490620864310171e-02 9.987056533509649503e-01 3.493121823506788015e+00
-1.865060866369983028e-01 -9.819263272620041283e-01 -3.218955540395698062e-02 -1.077341508536535315e+02 9.819142056392057283e-01 -1.852178004250386589e-01 -3.922829552298602585e-02 -1.519647147586273661e+02 3.255721749905336054e-02 -3.892369760778741083e-02 9.987116567624796382e-01 3.490392979617150448e+00
-1.864176910205987969e-01 -9.819412699341616424e-01 -3.224572645537477494e-02 -1.077362951920053860e+02 9.819279710944570638e-01 -1.851236889186271828e-01 -3.932784488734166611e-02 -1.519697536322982501e+02 3.264818611917006536e-02 -3.899438679150749737e-02 9.987059295617916055e-01 3.492335988642531586e+00
-1.864909738937075012e-01 -9.819282989892292868e-01 -3.221695671996076260e-02 -1.077410002153840480e+02 9.819099124578321014e-01 -1.851930702520654393e-01 -3.945187635165626344e-02 -1.519652530252666054e+02 3.277255670876778881e-02 -3.899156799530893031e-02 9.987019661300551299e-01 3.493265724811203565e+00
-1.865146601701668239e-01 -9.819221479812838549e-01 -3.226727204815281469e-02 -1.077397347839721107e+02 9.819080219766078699e-01 -1.852178076038681898e-01 -3.938273891443338365e-02 -1.519680158094812441e+02 3.269431020213008077e-02 -3.902895143657874460e-02 9.987030705020226717e-01 3.495601269277384571e+00
-1.864555943860288778e-01 -9.819345102295951033e-01 -3.223242067109188813e-02 -1.077388393603671375e+02 9.819194231847936383e-01 -1.851604523460106400e-01 -3.936817571926916337e-02 -1.519688906785480640e+02 3.268880075186693379e-02 -3.899005651683810914e-02 9.987047700888478374e-01 3.491859848763517959e+00
-1.865052178609272193e-01 -9.819248698125306873e-01 -3.223900982184058767e-02 -1.077372162595394087e+02 9.819104198126933358e-01 -1.852102348144943900e-01 -3.935856175243442751e-02 -1.519662317501799009e+02 3.267615604547773750e-02 -3.899639680283958215e-02 9.987049363362969778e-01 3.492684707320499626e+00
-1.865520070163888544e-01 -9.819160053997849635e-01 -3.223828497124448661e-02 -1.077417652786660511e+02 9.819010812074323580e-01 -1.852564412592707654e-01 -3.937407390182164069e-02 -1.519657748069389243e+02 3.268968341591765164e-02 -3.900011938033470793e-02 9.987043482865620714e-01 3.492742108232262943e+00
-1.865406183486890690e-01 -9.819199491765073784e-01 -3.218401956396405028e-02 -1.077374826371453338e+02 9.819044107642747043e-01 -1.852486360067970850e-01 -3.932773803924480976e-02 -1.519658601330001773e+02 3.265464481128184382e-02 -3.893785133807600024e-02 9.987079242228044107e-01 3.490220912672847398e+00
-1.865542019740760171e-01 -9.819191778927873759e-01 -3.212876922896844289e-02 -1.077353716233548795e+02 9.818987458619803377e-01 -1.852607426542574043e-01 -3.941205533669910749e-02 -1.519634936998353112e+02 3.274725332735067829e-02 -3.889968274350912719e-02 9.987063793137443968e-01 3.489396966230160047e+00
-1.864147783533722791e-01 -9.819446840989860537e-01 -3.215847914945182268e-02 -1.077307073184282018e+02 9.819248445640924583e-01 -1.851198960199205157e-01 -3.942364424247177257e-02 -1.519690719152455074e+02 3.275866357539945067e-02 -3.892635954358565631e-02 9.987049656897862837e-01 3.490572896469097852e+00
-1.865484894235975855e-01 -9.819208177093903256e-01 -3.211181780430494986e-02 -1.077364926994752778e+02 9.819029996061274801e-01 -1.852594861453524810e-01 -3.931185772320779787e-02 -1.519655220780660159e+02 3.265211261562869088e-02 -3.886425789955225835e-02 9.987108735763586820e-01 3.489334107350774428e+00
-1.865609861689672133e-01 -9.819167697963412378e-01 -3.216295434783986162e-02 -1.077380516564105903e+02 9.819008263852785356e-01 -1.852701551905791000e-01 -3.931585862684024851e-02 -1.519651298778334194e+02 3.264606536122480196e-02 -3.891563681063896912e-02 9.987090705646229916e-01 3.490507894030622893e+00
-1.865229304747944017e-01 -9.819209390506389301e-01 -3.225625305280228200e-02 -1.077351961702679404e+02 9.819107810475504738e-01 -1.852316829383235941e-01 -3.924846109627494473e-02 -1.519640740917740800e+02 3.256400573769175494e-02 -3.899350060904768767e-02 9.987087125085911676e-01 3.493119957921218877e+00
-1.865105959264072855e-01 -9.819234193071838535e-01 -3.225207316227456100e-02 -1.077427807546504539e+02 9.819147915414415673e-01 -1.852215328476078948e-01 -3.919599369463255129e-02 -1.519691255779878531e+02 3.251368572314672356e-02 -3.897925583782777675e-02 9.987109080484830592e-01 3.491583477183153317e+00
-1.865960258752556999e-01 -9.819127258297967176e-01 -3.208304818840887473e-02 -1.077492167033633166e+02 9.818971387026736997e-01 -1.853118760342513660e-01 -3.921119238392337808e-02 -1.519722645999735562e+02 3.255659894804342758e-02 -3.881890588572885908e-02 9.987157555634992301e-01 3.487179251317246820e+00
-1.866487849886449002e-01 -9.819026836560155180e-01 -3.208349873966169497e-02 -1.077559113926239718e+02 9.818860925843772014e-01 -1.853633198333934917e-01 -3.924462829136626807e-02 -1.519754156171266288e+02 3.258730200012113776e-02 -3.882730340183669637e-02 9.987144277814827831e-01 3.488057546500003436e+00
-1.865720708087690305e-01 -9.819180603276546071e-01 -3.205908914027790629e-02 -1.077724137692046185e+02 9.819015315227251905e-01 -1.852887257767128482e-01 -3.921059159677262734e-02 -1.519801128153514753e+02 3.256140026863866416e-02 -3.879446999790921863e-02 9.987165485312270441e-01 3.485631325408884429e+00
-1.864977664303419935e-01 -9.819342778998011445e-01 -3.199464020565345040e-02 -1.077813542276341678e+02 9.819167798783107193e-01 -1.852184592508319128e-01 -3.916069133910424216e-02 -1.519843819420304669e+02 3.252722720894447167e-02 -3.871945555071135137e-02 9.987205731594569480e-01 3.484360916514737561e+00
-1.867319156581073170e-01 -9.818907501302784890e-01 -3.196476940715055337e-02 -1.078152687602567283e+02 9.818690063516719579e-01 -1.854495437208232289e-01 -3.926475645816222826e-02 -1.519921112461813095e+02 3.262584927069021867e-02 -3.871719956734090418e-02 9.987174437332256849e-01 3.488915518635525626e+00
-1.868749202918409402e-01 -9.818691874764816641e-01 -3.179092402229913294e-02 -1.078381303406999194e+02 9.818471853177851427e-01 -1.856056501219907062e-01 -3.907233453910483045e-02 -1.519869248140432205e+02 3.246334624558247506e-02 -3.851546867255734030e-02 9.987305391463068283e-01 3.487138472977416637e+00
-1.868318035166516289e-01 -9.818849188385893045e-01 -3.155761955618179709e-02 -1.078696352694506118e+02 9.818593578991275939e-01 -1.855765637880364416e-01 -3.890424499380533419e-02 -1.519998511694215040e+02 3.234313683965277936e-02 -3.825369433090390625e-02 9.987445000446356635e-01 3.485228308138531350e+00
-1.872792283970692306e-01 -9.818117236120051938e-01 -3.118060276873520567e-02 -1.079139041291034147e+02 9.817709436015784608e-01 -1.860345199261701499e-01 -3.894832083036978837e-02 -1.519982180699335288e+02 3.243924953916845627e-02 -3.790642127480031015e-02 9.987546236766430274e-01 3.486032698389167628e+00
-1.874191267759250934e-01 -9.817911245000566778e-01 -3.098804239483219508e-02 -1.079631763569113616e+02 9.817582995259269696e-01 -1.861982700313200567e-01 -3.848175605795099014e-02 -1.520136641072450061e+02 3.201112666729761386e-02 -3.763498492437312298e-02 9.987787020552812978e-01 3.477635158532925264e+00
-1.876702485601897674e-01 -9.817451283273161966e-01 -3.092540720732236265e-02 -1.080361417482960320e+02 9.817178350831956557e-01 -1.864603113109797317e-01 -3.824453667357586434e-02 -1.520268390050529206e+02 3.178002650912235133e-02 -3.753738551623802405e-02 9.987897549553083065e-01 3.465946487670039655e+00
-1.882057129015002328e-01 -9.816431879159264184e-01 -3.090730090925720638e-02 -1.081207823914245836e+02 9.816232534344986327e-01 -1.870050832165583987e-01 -3.801167146861924445e-02 -1.520446867616408042e+02 3.153407597993340694e-02 -3.749333900075319664e-02 9.987992048368212750e-01 3.461593601489597827e+00
-1.886174525663379953e-01 -9.815723349367539985e-01 -3.064649856335920075e-02 -1.082286159337687650e+02 9.815334513816171835e-01 -1.874136466877334151e-01 -3.831721354816659125e-02 -1.520639452906950453e+02 3.186754471677458178e-02 -3.730785871655128288e-02 9.987955663055929634e-01 3.462995335109365413e+00
-1.887140000321736455e-01 -9.815564017043065803e-01 -3.056233736400088344e-02 -1.083508438031536087e+02 9.815174172014249354e-01 -1.875162871839015644e-01 -3.822566900668686318e-02 -1.520958381911410129e+02 3.178971409278411736e-02 -3.721118533531050931e-02 9.988016528639909186e-01 3.454761796024866438e+00
-1.882472698271362432e-01 -9.816534625967072714e-01 -3.032234777394668054e-02 -1.084945078162019030e+02 9.815954047585642162e-01 -1.870461218501475731e-01 -3.852544169363680132e-02 -1.521211648428120213e+02 3.214695568011793902e-02 -3.701658645410880327e-02 9.987974497203053748e-01 3.453176600861707080e+00
-1.874734458916209601e-01 -9.818080523134793403e-01 -3.011072064786476932e-02 -1.086614860117087176e+02 9.817536501882537792e-01 -1.862934049653022228e-01 -3.813840070681780853e-02 -1.521485699757457724e+02 3.183516024086205376e-02 -3.671124730714262624e-02 9.988187057187066786e-01 3.447186620685347869e+00
-1.867782781444049522e-01 -9.819489526107990640e-01 -2.983503443882927486e-02 -1.088604354460920831e+02 9.818741187501139889e-01 -1.855962563335580295e-01 -3.843493936063027694e-02 -1.521761338508484869e+02 3.220387774940098452e-02 -3.647305994186793299e-02 9.988156116903552650e-01 3.442866308187005675e+00
-1.852074025902856746e-01 -9.822538345300992901e-01 -2.959092051080168886e-02 -1.090494695592359307e+02 9.821918252569110663e-01 -1.840600468207107543e-01 -3.769771296584920744e-02 -1.522158150521843822e+02 3.158221689903432244e-02 -3.604585572953553779e-02 9.988509697950279653e-01 3.432580064853140378e+00
-1.836162183073504206e-01 -9.825611602464096039e-01 -2.930274304117316819e-02 -1.092586114597528564e+02 9.824921026859484430e-01 -1.824839075551585310e-01 -3.753520538300617743e-02 -1.522485830423259756e+02 3.153335589897582336e-02 -3.568178609080555758e-02 9.988655853552661501e-01 3.424386138386903866e+00
-1.809532720664206451e-01 -9.830621204505158861e-01 -2.906511076516034645e-02 -1.094747861318682993e+02 9.829920689703766090e-01 -1.798404626319798361e-01 -3.720215506732755389e-02 -1.522977301619900743e+02 3.134494647935975181e-02 -3.530262505325344052e-02 9.988849878712541264e-01 3.419076539029523243e+00
-1.792189126965249013e-01 -9.833880367376083287e-01 -2.878455372639458429e-02 -1.097268788567480300e+02 9.833022301982173863e-01 -1.781106820358937526e-01 -3.732705495911534804e-02 -1.523473225159625315e+02 3.158014279713428074e-02 -3.499363007836028133e-02 9.988884524484460403e-01 3.412520947762637036e+00
-1.768543940795206382e-01 -9.838274455690821929e-01 -2.839155930519247223e-02 -1.099936108427071986e+02 9.837349321124609913e-01 -1.757693355604363905e-01 -3.702329021486840122e-02 -1.523959720989903985e+02 3.143416352405836722e-02 -3.447750022344123200e-02 9.989110047155779215e-01 3.405091122365561329e+00
-1.745747673088002827e-01 -9.842477928079552685e-01 -2.792728006353359729e-02 -1.102692240726610322e+02 9.841345900069927710e-01 -1.735021133097629509e-01 -3.709616461057369668e-02 -1.524419118487786022e+02 3.166637602958104897e-02 -3.396025662027594288e-02 9.989213890989812050e-01 3.391424718010183970e+00
-1.721283182274166990e-01 -9.846814854681245066e-01 -2.782470557775967163e-02 -1.105793395555395193e+02 9.845350613906578285e-01 -1.710307186383031031e-01 -3.793687091154699514e-02 -1.524998655533540273e+02 3.259685501233114402e-02 -3.392440800299178355e-02 9.988926767100415605e-01 3.403317199987069053e+00
-1.699355330175680301e-01 -9.850641363061294342e-01 -2.775899820768692669e-02 -1.108912900445020568e+02 9.849363275833711295e-01 -1.688646987456907667e-01 -3.721752442209861483e-02 -1.525523591706107709e+02 3.197413368048362264e-02 -3.366542560233622833e-02 9.989215654366443431e-01 3.402699100790100406e+00
-1.674052538382291289e-01 -9.855037311779675235e-01 -2.752956268562593845e-02 -1.112180146404685246e+02 9.853612060696137487e-01 -1.663376706785744119e-01 -3.735067450879549222e-02 -1.525888547886445679e+02 3.223002575850494184e-02 -3.337926223765140532e-02 9.989229451224334033e-01 3.403301560471601928e+00
-1.647134531329177420e-01 -9.859662074067766513e-01 -2.720507689618520408e-02 -1.115584641337321443e+02 9.858462966265725269e-01 -1.636942645804426721e-01 -3.621142321340278108e-02 -1.526417885287753222e+02 3.124992455514502554e-02 -3.278453286788237525e-02 9.989737817480158766e-01 3.392108954286176647e+00
-1.629128602949159177e-01 -9.862799261078718516e-01 -2.667034508925529221e-02 -1.118946705258672125e+02 9.861196120841158042e-01 -1.618891373306119430e-01 -3.687842021322226133e-02 -1.526985108477037727e+02 3.205480640406263571e-02 -3.230811927365982023e-02 9.989638005530515619e-01 3.388232372298795259e+00
-1.608733756562323869e-01 -9.866168290958894360e-01 -2.658927508868477729e-02 -1.122562566279766685e+02 9.864853611146968682e-01 -1.598866612517733099e-01 -3.581742397447737480e-02 -1.527577851910736797e+02 3.108680284904720426e-02 -3.199200053972384161e-02 9.990045658504723702e-01 3.379392060554572641e+00
-1.580280947506049749e-01 -9.870893519746214428e-01 -2.611000742657711149e-02 -1.126223456676629269e+02 9.869403884266801930e-01 -1.570572656121076438e-01 -3.580062863472830564e-02 -1.528128149132982401e+02 3.123765294780801727e-02 -3.142652600542957669e-02 9.990178089010938178e-01 3.374083251082058865e+00
-1.556123578943380270e-01 -9.874721622031392698e-01 -2.614427173247309971e-02 -1.130060800825610841e+02 9.873444912644915306e-01 -1.546636916497523551e-01 -3.507132810334576828e-02 -1.528787720655207067e+02 3.058839061190801040e-02 -3.127093473382688144e-02 9.990427813665669898e-01 3.379713574488573347e+00
-1.536394783900139061e-01 -9.877931823545104129e-01 -2.568150256494704936e-02 -1.134194809258022758e+02 9.876653050026712455e-01 -1.527214387982132049e-01 -3.454572948114081193e-02 -1.529280859090936815e+02 3.020192003871539216e-02 -3.067231692182031261e-02 9.990730969256566008e-01 3.355544353299650950e+00
-1.518897694120122654e-01 -9.880750590681097734e-01 -2.524233736239093334e-02 -1.138240031531165926e+02 9.879418947450648858e-01 -1.509949593780546273e-01 -3.422476953831168900e-02 -1.529966587513610534e+02 3.000517547851840050e-02 -3.013635495494806915e-02 9.990953355683994674e-01 3.353806140537706870e+00
-1.512878091949962922e-01 -9.881805012508994013e-01 -2.472439557400354579e-02 -1.142535142500658338e+02 9.880393776659731619e-01 -1.504166126285999550e-01 -3.395630761396845054e-02 -1.530544962721678246e+02 2.983600124706991055e-02 -2.956585180337445440e-02 9.991174472687011088e-01 3.347744776520300114e+00
-1.512194246233862227e-01 -9.881973761226703346e-01 -2.446694588300531506e-02 -1.146871325736097020e+02 9.880580663860603075e-01 -1.503652446445726820e-01 -3.363852928440151657e-02 -1.531275134726617466e+02 2.956252807206757524e-02 -2.926156228309872639e-02 9.991345344380507809e-01 3.336336022686275271e+00
-1.519520264848577273e-01 -9.880941003960892477e-01 -2.409627376978332181e-02 -1.151508082814232807e+02 9.879394735945841166e-01 -1.511036787225650269e-01 -3.381234671187826474e-02 -1.531857950361960832e+02 2.976874469643371601e-02 -2.894351462678922821e-02 9.991376755984369140e-01 3.333873179450905777e+00
-1.523746512696042554e-01 -9.880289986673735925e-01 -2.409695920264696631e-02 -1.156249120883979344e+02 9.878793386604602933e-01 -1.515306876221949040e-01 -3.365802959944059342e-02 -1.532586812646962073e+02 2.960368048467103622e-02 -2.893351864347574326e-02 9.991428694639566954e-01 3.324479156716340533e+00
-1.529927210530035442e-01 -9.879355373149028008e-01 -2.401252621262493087e-02 -1.161037392300889337e+02 9.877760694266088937e-01 -1.521434925771498747e-01 -3.392335971783667220e-02 -1.533357899497783308e+02 2.986074300677858673e-02 -2.890902586980175631e-02 9.991359288156653751e-01 3.327509249142672765e+00
-1.537867236110659341e-01 -9.878200911922756511e-01 -2.368778330401670462e-02 -1.165930594666684925e+02 9.876614543620325648e-01 -1.529561989445145098e-01 -3.360435644259444909e-02 -1.534021615253801372e+02 2.957186514997765803e-02 -2.856341438502281796e-02 9.991544606066776746e-01 3.329178563463765173e+00
-1.541105572307273075e-01 -9.877719204207701109e-01 -2.359172266491441072e-02 -1.170881985565889067e+02 9.876195808142677057e-01 -1.532912977964717705e-01 -3.330678027253868023e-02 -1.534883200404691195e+02 2.928309652827899151e-02 -2.843257371637156888e-02 9.991666973081011482e-01 3.321977657493611069e+00
-1.543931777876594857e-01 -9.877304625155463036e-01 -2.347935415323901959e-02 -1.175991432849940708e+02 9.875644703419645953e-01 -1.535668743749385445e-01 -3.366945222166344009e-02 -1.535700223176518193e+02 2.965069258589356910e-02 -2.838570967118728833e-02 9.991571887924541873e-01 3.325433396383667084e+00
-1.548330538892968011e-01 -9.876644852396450069e-01 -2.335786847340217201e-02 -1.181223064615832783e+02 9.874929184888936451e-01 -1.540078997969316354e-01 -3.375355884088841046e-02 -1.536397168127156192e+02 2.973989505027049493e-02 -2.829189630344646628e-02 9.991571984657638961e-01 3.317469240172893130e+00
-1.556229888178373155e-01 -9.875460019434407766e-01 -2.311664761442813742e-02 -1.186465530029571340e+02 9.873597817689825362e-01 -1.547968746087189373e-01 -3.403805159641673517e-02 -1.537338301056933858e+02 3.003575696584132038e-02 -2.812155146678235046e-02 9.991531572519750659e-01 3.301609900401107467e+00
-1.559927485569569949e-01 -9.874914334072296684e-01 -2.295498518800326640e-02 -1.191915336330293229e+02 9.873142507617357344e-01 -1.551838456460168381e-01 -3.359381331891857919e-02 -1.538133647141151528e+02 2.961135998969208552e-02 -2.790417527626758848e-02 9.991719193220515161e-01 3.294686290754750946e+00
-1.565515382322091309e-01 -9.874075306225691406e-01 -2.275926947354930951e-02 -1.197251599191472593e+02 9.872278288231477461e-01 -1.557506472063574510e-01 -3.351044452009900587e-02 -1.538957147221670425e+02 2.954369432320635980e-02 -2.771469582443962520e-02 9.991791960209618351e-01 3.285449759255631985e+00
-1.570041358060068060e-01 -9.873469604575862979e-01 -2.226389487432283223e-02 -1.202783827893453008e+02 9.871494430739832238e-01 -1.562136255774835281e-01 -3.366422764096733272e-02 -1.539888280606435274e+02 2.976034909966742900e-02 -2.726321439419224918e-02 9.991851874214120466e-01 3.286085759414720808e+00
-1.573095497292205103e-01 -9.873088164370412700e-01 -2.179464497711775320e-02 -1.208448401846319769e+02 9.871026669302901402e-01 -1.565363971562427903e-01 -3.353626849325733184e-02 -1.540790296819502601e+02 2.969899835177531797e-02 -2.678912747798433899e-02 9.991998359416746078e-01 3.277720923062008573e+00
-1.566059857638653074e-01 -9.874326653327590853e-01 -2.124374394430035215e-02 -1.214277670175273158e+02 9.872158737487185531e-01 -1.558533566371358425e-01 -3.338487447170847278e-02 -1.541712537234026001e+02 2.965440678013965201e-02 -2.620043241591132888e-02 9.992167700252719831e-01 3.272053570965802738e+00
-1.552441613603601223e-01 -9.876694658837416041e-01 -2.020585371725882456e-02 -1.220084574290179233e+02 9.874250677568713330e-01 -1.545227872567263017e-01 -3.338328599390522067e-02 -1.542592225955088452e+02 2.984938741175204024e-02 -2.513432671342659408e-02 9.992383497903820633e-01 3.250218944227925899e+00
-1.542729457898501799e-01 -9.878339582235694527e-01 -1.959411079068435965e-02 -1.226093737680041329e+02 9.875721664082078854e-01 -1.535688891546169721e-01 -3.343370185331379085e-02 -1.543535509507400718e+02 3.001790021172775699e-02 -2.450851411596887894e-02 9.992488470860029226e-01 3.231078660808234027e+00
-1.536516894326067639e-01 -9.879288715670964116e-01 -1.969017670486830629e-02 -1.232255669976880483e+02 9.876631509767934691e-01 -1.529401388007782803e-01 -3.362758014175225990e-02 -1.544433995526561318e+02 3.021023894471900478e-02 -2.461419646793071292e-02 9.992404529417037162e-01 3.244573987811047111e+00
-1.527791093121271260e-01 -9.880688014617757808e-01 -1.945732087630278745e-02 -1.238417060837529391e+02 9.877977616440982711e-01 -1.520756515428993705e-01 -3.359431944112244856e-02 -1.545333880683112397e+02 3.023451419657088163e-02 -2.435240821136462966e-02 9.992461330250942408e-01 3.242686417662905995e+00
-1.515413745826210690e-01 -9.882660347001638312e-01 -1.911691522250835718e-02 -1.244748712458744677e+02 9.879951239858925094e-01 -1.508559014236023899e-01 -3.328861645928875984e-02 -1.546425081204871503e+02 3.001410951054582499e-02 -2.393202172168421710e-02 9.992629341502674567e-01 3.238726446503143119e+00
-1.507557447543377283e-01 -9.883945966763690860e-01 -1.867690243382629997e-02 -1.250934810830286068e+02 9.881048628435556980e-01 -1.500776173452620377e-01 -3.354830542496762408e-02 -1.547290593114617252e+02 3.035597879302793720e-02 -2.351233788730539703e-02 9.992625703580567675e-01 3.244017706537335677e+00
-1.502279462891094042e-01 -9.884788187292764539e-01 -1.847130415890367583e-02 -1.257299205347974862e+02 9.881966457200989096e-01 -1.495660330491184187e-01 -3.312689459480742254e-02 -1.548209563507061262e+02 2.998255394895358444e-02 -2.322986615381804343e-02 9.992804510132147211e-01 3.242049319304049160e+00
-1.491087468554932460e-01 -9.886567912538098968e-01 -1.800918429316299835e-02 -1.263836648426721325e+02 9.883722189587703655e-01 -1.484678452527419257e-01 -3.282766693696951427e-02 -1.549076457781955583e+02 2.978151107148763188e-02 -2.269466972063197835e-02 9.992987609141573691e-01 3.226481796592913120e+00
-1.486222115517539244e-01 -9.887261402169688074e-01 -1.822245551842919392e-02 -1.270350454729068588e+02 9.884501856651862761e-01 -1.479782364119128779e-01 -3.269054919819219113e-02 -1.550241219853088239e+02 2.962547369958980908e-02 -2.287053125914366436e-02 9.992993896265520704e-01 3.215827828202969751e+00
-1.480041250322381430e-01 -9.888290571781401805e-01 -1.765997320585995650e-02 -1.276887729396723046e+02 9.885533264370567341e-01 -1.473870782653503575e-01 -3.223926101251751997e-02 -1.551296163695192831e+02 2.927626621807159768e-02 -2.222936887528575989e-02 9.993241493107904994e-01 3.213467713048951513e+00
-1.471221427653381930e-01 -9.889528269504148650e-01 -1.809367776098007655e-02 -1.283475437554432403e+02 9.887214786242339848e-01 -1.465203742325122960e-01 -3.100996036555002389e-02 -1.552302900574857460e+02 2.801629553034972950e-02 -2.245185964563457121e-02 9.993552927678968079e-01 3.248970120694845143e+00
-1.465805617810387318e-01 -9.890409084848468257e-01 -1.766975527345811259e-02 -1.290116171234811020e+02 9.888328469165712509e-01 -1.460171687892428682e-01 -2.980918109647222314e-02 -1.553342035599304722e+02 2.690241191461506531e-02 -2.184188092272630610e-02 9.993994158848271692e-01 3.239761372145881335e+00
-1.470547234975243533e-01 -9.889713614744499726e-01 -1.762255601324732787e-02 -1.296878646975079334e+02 9.887993132408368080e-01 -1.465229597649553295e-01 -2.840669632616914936e-02 -1.554042516965456002e+02 2.551130007499804661e-02 -2.160251015717006701e-02 9.994410963750653965e-01 3.239600329727421180e+00
-1.468225044573958638e-01 -9.890150626855126470e-01 -1.709847847119930209e-02 -1.303712254660913743e+02 9.888356087911273073e-01 -1.463073992298511428e-01 -2.825391507876946762e-02 -1.555084549122417457e+02 2.544191367683155958e-02 -2.105589494106184512e-02 9.994545303897980348e-01 3.218841555820950884e+00
-1.461014466217906982e-01 -9.891196268392627999e-01 -1.722588448751920936e-02 -1.310504161835828825e+02 9.889267451275549625e-01 -1.455702605338611288e-01 -2.886506572872451354e-02 -1.556252738555988913e+02 2.604342654951241620e-02 -2.125236573798533479e-02 9.994348787610422002e-01 3.214697905172351877e+00
-1.465465634055052035e-01 -9.890447438850862305e-01 -1.773694864739867524e-02 -1.317385288903597882e+02 9.888560302748818920e-01 -1.459960987105639596e-01 -2.913572635609371422e-02 -1.557218077099848301e+02 2.622701170621884528e-02 -2.180902919846482504e-02 9.994180857390876360e-01 3.232031611527994119e+00
-1.470210194061714049e-01 -9.889814546523743033e-01 -1.733499946477000050e-02 -1.324384418280170905e+02 9.887882962636398432e-01 -1.464842719582934993e-01 -2.898384448096798585e-02 -1.558212518001473654e+02 2.612517990021167094e-02 -2.140187894840288665e-02 9.994295545723367313e-01 3.215097546372070347e+00
-1.469131640323420029e-01 -9.889967509614805419e-01 -1.737667464279210594e-02 -1.331046273074155124e+02 9.887944182255201664e-01 -1.463671818235003919e-01 -2.936403533408731698e-02 -1.559077469712875086e+02 2.649756064360111324e-02 -2.149592223380202005e-02 9.994177327860742643e-01 3.210524634782302211e+00
-1.465818490725439016e-01 -9.890505070191383252e-01 -1.711303852797595518e-02 -1.337831337849677595e+02 9.888371634372826735e-01 -1.460387853596478713e-01 -2.955904896961242950e-02 -1.560212644090691470e+02 2.673622500996024678e-02 -2.125482853058831972e-02 9.994165330513359313e-01 3.196339363581108373e+00
-1.468950910988047198e-01 -9.890215738908640919e-01 -1.606731432170062368e-02 -1.344688558068370696e+02 9.887710230315176485e-01 -1.463682965025434601e-01 -3.013612105347713774e-02 -1.561168207493819295e+02 2.745352844863732655e-02 -2.031374306675200539e-02 9.994166576650290734e-01 3.171389992196905983e+00
-1.469189611750876256e-01 -9.890230070418860597e-01 -1.575786752892105458e-02 -1.351395274338750312e+02 9.887503805512841693e-01 -1.463892257782271056e-01 -3.070634357494072750e-02 -1.562068339901104537e+02 2.806249823027455459e-02 -2.009194161541302467e-02 9.994042275652023077e-01 3.160789159000154669e+00
-1.469339523393002889e-01 -9.890175485167748137e-01 -1.595939772738753579e-02 -1.358183833715642095e+02 9.887446609747635451e-01 -1.463954254311157221e-01 -3.086057042153354801e-02 -1.563137104645296915e+02 2.818526288420912171e-02 -2.031423487880843620e-02 9.993962791692976300e-01 3.163182522969205213e+00
-1.470582349843259085e-01 -9.890029787805517669e-01 -1.571570827199567089e-02 -1.364990631697447441e+02 9.887244407142586899e-01 -1.465259813039296866e-01 -3.088878659315110256e-02 -1.564117923698517529e+02 2.824634237510276202e-02 -2.008095530885367283e-02 9.993992692494387819e-01 3.165989068567908404e+00
-1.464042927492521518e-01 -9.890999880973107006e-01 -1.571612581050441451e-02 -1.371615363071146589e+02 9.888174812175435369e-01 -1.458696423194851821e-01 -3.101670982194737122e-02 -1.565107755810339256e+02 2.838612166507957155e-02 -2.008135940333198241e-02 9.993953007200552241e-01 3.173799403487849613e+00
-1.464098291015134556e-01 -9.891035401861573151e-01 -1.543854700662739693e-02 -1.378234615651642798e+02 9.888174534203780786e-01 -1.458844261753136085e-01 -3.094798879955883153e-02 -1.566079516093317636e+02 2.835852171224274854e-02 -1.979699448678307050e-02 9.994017576808570391e-01 3.166482172985265020e+00
-1.465556589058001347e-01 -9.890932013097881725e-01 -1.469959065558344366e-02 -1.384971004106713224e+02 9.887910124842924642e-01 -1.460499953061651368e-01 -3.101181228753039504e-02 -1.567057281179915833e+02 2.852669754764115481e-02 -1.907977971110100257e-02 9.994109212597195313e-01 3.152306660437136365e+00
-1.466333368787391400e-01 -9.890845481463372835e-01 -1.450589997079472851e-02 -1.391680459682643232e+02 9.887625867900564636e-01 -1.461225835575081788e-01 -3.157115041799739286e-02 -1.567962619724915214e+02 2.910689746508568140e-02 -1.897227431373234297e-02 9.993962383996256582e-01 3.134451746538088113e+00
-1.466057461262035844e-01 -9.890885381690363021e-01 -1.451271392324226910e-02 -1.398166851256974041e+02 9.887672124310941113e-01 -1.460951429210690655e-01 -3.155326981654590912e-02 -1.568958467873776783e+02 2.908874050251190196e-02 -1.897558635487032325e-02 9.993967041663016637e-01 3.137341897802410351e+00
-1.470652896221154027e-01 -9.890250289428959007e-01 -1.418776631000029029e-02 -1.404792320490346640e+02 9.887157257298069268e-01 -1.465755645074877656e-01 -3.093246811834760371e-02 -1.569810925821198850e+02 2.851340532003533365e-02 -1.857676004622848057e-02 9.994207771020373610e-01 3.135562133263561702e+00
-1.466031125611451102e-01 -9.890985516552910362e-01 -1.384133305682354147e-02 -1.411279726549006455e+02 9.887850055547477979e-01 -1.461249287155310661e-01 -3.084992703360340399e-02 -1.570863014598709526e+02 2.849105434135227460e-02 -1.820879790888684652e-02 9.994281862651420711e-01 3.157368681642169328e+00
-1.460508307194738897e-01 -9.891921106078629400e-01 -1.296623142293391526e-02 -1.417796258796478526e+02 9.888682456418518285e-01 -1.456011546781301735e-01 -3.065773177521941700e-02 -1.571927000066552296e+02 2.843848813417600499e-02 -1.729948171352851949e-02 9.994458366140136496e-01 3.154399481783776604e+00
-1.461190095517730381e-01 -9.891950056710884231e-01 -1.193632284182417208e-02 -1.424373975558304721e+02 9.888518509602061135e-01 -1.456975274268539344e-01 -3.072860807578953191e-02 -1.572846272018997240e+02 2.865749291517281916e-02 -1.629328871273540147e-02 9.994564907202014847e-01 3.154775798997260239e+00
-1.459942372243887565e-01 -9.892166116276650545e-01 -1.166953200221310973e-02 -1.431063877955835721e+02 9.888739184388097847e-01 -1.455831510559337794e-01 -3.056009751456536042e-02 -1.573685664756347364e+02 2.853166887413912528e-02 -1.600129396351746350e-02 9.994648080161450121e-01 3.158543437875392268e+00
-1.454617140875456016e-01 -9.892936572882343738e-01 -1.178767932981443153e-02 -1.437778701773701471e+02 9.889620401707969188e-01 -1.450527715509049020e-01 -3.022873743006465261e-02 -1.574702614363550310e+02 2.819526265045150734e-02 -1.605469136017196805e-02 9.994734984227454655e-01 3.156409821730364218e+00
-1.456631343020979852e-01 -9.892644095862792586e-01 -1.175496623556787287e-02 -1.444334420178194023e+02 9.889199822358827330e-01 -1.452480554037485216e-01 -3.066384085549459307e-02 -1.575559501159331717e+02 2.862726043250552951e-02 -1.609131216961324704e-02 9.994606293560489574e-01 3.149220959060876623e+00
-1.456854399567988345e-01 -9.892631932765117986e-01 -1.157959468001455716e-02 -1.451154326362507447e+02 9.889132471019385084e-01 -1.452738664173909289e-01 -3.075863199888362320e-02 -1.576653805720980586e+02 2.874617002132073829e-02 -1.593229941036415631e-02 9.994597638447502153e-01 3.119709582153098459e+00
-1.452911318230207804e-01 -9.893167629077098679e-01 -1.195113565297737171e-02 -1.457840564922050532e+02 9.889623568997855108e-01 -1.448632159435199185e-01 -3.111439058896504212e-02 -1.577586486360589504e+02 2.905070823245344339e-02 -1.633986830765183501e-02 9.994443781696314977e-01 3.139584855044336376e+00
-1.446042318599496390e-01 -9.894202766142947691e-01 -1.171035237241900215e-02 -1.464423795394677654e+02 9.890625127050485244e-01 -1.441840292667131429e-01 -3.108555397594457703e-02 -1.578742583555793999e+02 2.906823162439929262e-02 -1.607737319675873328e-02 9.994481257080441994e-01 3.137626098616425718e+00
-1.432591737597221915e-01 -9.896145812296600619e-01 -1.182327159995478182e-02 -1.471074186240706467e+02 9.892408765283920991e-01 -1.428266962906377113e-01 -3.167053886564884929e-02 -1.579726974312550567e+02 2.965294823487829579e-02 -1.623315879139053397e-02 9.994284302623340777e-01 3.155256515875772827e+00
-1.413974976753833435e-01 -9.898841149548026630e-01 -1.166990193990704965e-02 -1.477724004187593039e+02 9.895065129853922725e-01 -1.409699469626646273e-01 -3.169124189478077225e-02 -1.580658169159378588e+02 2.972555147730542718e-02 -1.602850627758616378e-02 9.994295765965101053e-01 3.163240373420585616e+00
-1.390335666252808799e-01 -9.902209381123090459e-01 -1.149613306432416444e-02 -1.484326753189076840e+02 9.898187443112638206e-01 -1.386011555279642593e-01 -3.238167840595364277e-02 -1.581729081609345542e+02 3.047163864197595384e-02 -1.588122823625710486e-02 9.994094585444850409e-01 3.140783922688872298e+00
-1.361035482683705666e-01 -9.906278197603858304e-01 -1.150421077448753916e-02 -1.490944402181984856e+02 9.902035662358391610e-01 -1.356613437799765176e-01 -3.305899601677571298e-02 -1.582668225137011291e+02 3.118848445477074433e-02 -1.589095719569942958e-02 9.993871901904781696e-01 3.118849118344629634e+00
-1.322463158896987068e-01 -9.911510480105436560e-01 -1.142418317444211448e-02 -1.497724013766990936e+02 9.906923703705623474e-01 -1.317926633159023364e-01 -3.404880593586041837e-02 -1.583669540966829175e+02 3.224188616006723462e-02 -1.582068025409638992e-02 9.993548753336518597e-01 3.125431625442455452e+00
-1.278845331830940069e-01 -9.917246117071412126e-01 -1.130666647875322971e-02 -1.504259578505052843e+02 9.912499793185749475e-01 -1.274308872415312877e-01 -3.442161352639886568e-02 -1.584375044483234660e+02 3.269594276766959323e-02 -1.560972489045856122e-02 9.993434403724164028e-01 3.133047740778986956e+00
-1.227950561540533947e-01 -9.923645894071033702e-01 -1.157133851350543828e-02 -1.510820508799327513e+02 9.918803770839204059e-01 -1.223297424598779326e-01 -3.476710608549066911e-02 -1.585196714703260739e+02 3.308612609512796149e-02 -1.574661235222322292e-02 9.993284507405191253e-01 3.145769973691243671e+00
-1.161462600731628658e-01 -9.931720979602093324e-01 -1.091925383591932711e-02 -1.517443303523913869e+02 9.926550426144239436e-01 -1.156970608552176927e-01 -3.535755197436646347e-02 -1.585988159668235085e+02 3.385280849757076049e-02 -1.494569980897735365e-02 9.993150721439393314e-01 3.153474607651952422e+00
-1.089670874035473247e-01 -9.939854961007181799e-01 -1.090905148016319340e-02 -1.524029501552445822e+02 9.934511382811852531e-01 -1.085159875057764012e-01 -3.576473547314018564e-02 -1.586645780206870029e+02 3.436582183805894641e-02 -1.473478866680258750e-02 9.993006936314712263e-01 3.149922629566280996e+00
-1.005626896375888535e-01 -9.948724450820959353e-01 -1.076863358213113638e-02 -1.530464215783917723e+02 9.942961761560377143e-01 -1.001061661192117480e-01 -3.679496686225893626e-02 -1.587431730521065845e+02 3.552829202672050379e-02 -1.440741202593318754e-02 9.992648132223905799e-01 3.153147431199943895e+00
-9.031235657459202315e-02 -9.958527236884510137e-01 -1.100140773889501933e-02 -1.537024432224387454e+02 9.952760184508796515e-01 -8.985386510265169768e-02 -3.676860104326615253e-02 -1.587942248284051914e+02 3.562759248824067665e-02 -1.427009629989049559e-02 9.992632481008614231e-01 3.146939471195768778e+00
-7.987022840875090957e-02 -9.967445687751779193e-01 -1.100051049357094954e-02 -1.543297114621336448e+02 9.961725430627270672e-01 -7.942152571396565719e-02 -3.650322864084056679e-02 -1.588351108418909803e+02 3.551071756348445074e-02 -1.387392772256956786e-02 9.992729872600756291e-01 3.146574505352696338e+00
-6.875924411481926235e-02 -9.975752880372145137e-01 -1.075690690797457064e-02 -1.549492555618005838e+02 9.970064484321888854e-01 -6.832987883652208438e-02 -3.618244661184333300e-02 -1.588754410671838286e+02 3.535969645502309855e-02 -1.321258323169056254e-02 9.992873057889578581e-01 3.161640626920560138e+00
-5.696464368348075347e-02 -9.983225205189710794e-01 -1.035250668497771954e-02 -1.555691859837394304e+02 9.977106853125156105e-01 -5.654505984949387276e-02 -3.709507541234268596e-02 -1.589057421051761878e+02 3.644746607439691005e-02 -1.244191429264747580e-02 9.992581152962882740e-01 3.191722799670115407e+00
-4.408393249453546048e-02 -9.989799132957752903e-01 -9.784667975085802397e-03 -1.561669988734515755e+02 9.983360008282355924e-01 -4.368685695564789029e-02 -3.763891576044649245e-02 -1.589398104444319131e+02 3.717305941273174597e-02 -1.142765771723029504e-02 9.992435000003729861e-01 3.187270196030680403e+00
-3.106684723337016507e-02 -9.994740170451139605e-01 -9.302701472278877490e-03 -1.567549529140966627e+02 9.987891527052381591e-01 -3.068767112228298899e-02 -3.845120647578697398e-02 -1.589531118774829395e+02 3.814550355325582037e-02 -1.048599507888922124e-02 9.992171758260933734e-01 3.193367281633355148e+00
-1.752293018289541315e-02 -9.998097414193968246e-01 -8.569006983530781663e-03 -1.573701177424181310e+02 9.991106369446541846e-01 -1.718065114151090533e-02 -3.850662761656145627e-02 -1.589679581323266859e+02 3.835208028063410296e-02 -9.236134972602397936e-03 9.992216029234534114e-01 3.191365865938165847e+00
-3.395664202743065019e-03 -9.999592646324632073e-01 -8.362926540696712790e-03 -1.579781144128829453e+02 9.991959431173030870e-01 -3.058738921584147619e-03 -3.997638520592445427e-02 -1.589871286153405947e+02 3.994917674427192478e-02 -8.491948652251016250e-03 9.991656269535809098e-01 3.191081542487727241e+00
1.129737041710510148e-02 -9.998960605194653350e-01 -8.957543151573970491e-03 -1.585538635319842058e+02 9.990909010913775479e-01 1.165562728835511930e-02 -4.100631303755657153e-02 -1.589767274695927313e+02 4.110645664707490710e-02 -8.486136351045892035e-03 9.991187340410315754e-01 3.218030054330439427e+00
2.522571088333669387e-02 -9.996406690559459518e-01 -9.066216399968338169e-03 -1.591251968971306212e+02 9.987666118785508695e-01 2.558955267088247609e-02 -4.254914559358677351e-02 -1.589640234320015679e+02 4.276585679102454240e-02 -7.981701791277308333e-03 9.990532387863244601e-01 3.252955944449264170e+00
3.964839444775591915e-02 -9.991764121519294273e-01 -8.631466672190207107e-03 -1.597022183436429543e+02 9.982714962657291968e-01 3.998457304976099635e-02 -4.307265561131254361e-02 -1.589311822747074814e+02 4.338230700524770000e-02 -6.908785510225414622e-03 9.990346561164312744e-01 3.277138926502383587e+00
5.520347652460355636e-02 -9.984381744668489045e-01 -8.589991088707771977e-03 -1.602590921123905900e+02 9.974878658768688844e-01 5.552933344916544112e-02 -4.398238914726246285e-02 -1.589012736881458068e+02 4.439069280837348863e-02 -6.140431092189552881e-03 9.989953761144215738e-01 3.280593705268100013e+00
7.075710954411673637e-02 -9.974612337085505542e-01 -8.032353178140969746e-03 -1.608196451608143605e+02 9.964902536343694939e-01 7.104472720373777861e-02 -4.426986727172860930e-02 -1.588693053548329033e+02 4.472813276531729942e-02 -4.871753807717316143e-03 9.989873173139712792e-01 3.288715456606159826e+00
8.651713835773167105e-02 -9.962220551715595951e-01 -7.510097212633175257e-03 -1.613499599234554012e+02 9.952180210136175598e-01 8.676812036755154889e-02 -4.485960251295975643e-02 -1.588125581507856623e+02 4.534176242855779415e-02 -3.593059648290090891e-03 9.989650717128382151e-01 3.270594509830531127e+00
1.033760631296231081e-01 -9.946167810417145816e-01 -7.130809353672457745e-03 -1.618902762741335835e+02 9.936044106090853312e-01 1.035929685054055582e-01 -4.493074776153160171e-02 -1.587630131249572685e+02 4.542757741716482722e-02 -2.440439807964205066e-03 9.989646537608581900e-01 3.277418859554871222e+00
1.205777611257425885e-01 -9.926810786479781656e-01 -6.729013017531721569e-03 -1.624056166660747351e+02 9.916688689131866186e-01 1.207587313978097932e-01 -4.483506685210868203e-02 -1.586853500644428436e+02 4.531950959956193570e-02 -1.266840747047522781e-03 9.989717399226951677e-01 3.291882381782774036e+00
1.375657263221325977e-01 -9.904702461810758196e-01 -6.660508348733749223e-03 -1.629003966089134110e+02 9.894389209140096453e-01 1.377263656657281565e-01 -4.518926842769747931e-02 -1.585898274697542831e+02 4.567595343268156249e-02 -3.736716600878479955e-04 9.989562391053503632e-01 3.314602346127454968e+00
1.545313390396038100e-01 -9.879638637336143336e-01 -6.889790357903581575e-03 -1.633860285474740124e+02 9.869376868273884718e-01 1.546847740991836861e-01 -4.501802951805806974e-02 -1.585044575235604611e+02 4.554193204543759144e-02 1.569026237949362745e-04 9.989624156128874555e-01 3.332028545261662700e+00
1.712694446791954705e-01 -9.851916266565733382e-01 -8.014741733529333334e-03 -1.638778633703961987e+02 9.841969972649936560e-01 1.714565952015921768e-01 -4.425953610746223565e-02 -1.584035705043598909e+02 4.497830470182710705e-02 -3.077785771101355927e-04 9.989879165327761879e-01 3.353645754535804269e+00
1.877568499737214403e-01 -9.821782378858310292e-01 -8.560041555365254656e-03 -1.643630332302393811e+02 9.812218800285243958e-01 1.879516953111559641e-01 -4.333338646991093113e-02 -1.582983722746463968e+02 4.416998348690767684e-02 -2.631599257934165437e-04 9.990239953602815248e-01 3.353411338860377455e+00
2.048709457914927867e-01 -9.787446260504839568e-01 -9.319471433384081405e-03 -1.648286204601710381e+02 9.778109284955123215e-01 2.050824963630820674e-01 -4.274292690294438646e-02 -1.581845217028537718e+02 4.374567047426831251e-02 -3.558971548618394820e-04 9.990426365536017039e-01 3.364460111950368315e+00
2.221587209908917337e-01 -9.749688799438874787e-01 -9.010317899633614458e-03 -1.652749699210441747e+02 9.740204068029906237e-01 2.223400084855399195e-01 -4.300195063001579360e-02 -1.580814686020882789e+02 4.392891779941079933e-02 7.770248460523682121e-04 9.990343569734532192e-01 3.353910648074152068e+00
2.409989257432395560e-01 -9.704903434106081361e-01 -8.246886525503437787e-03 -1.657279222197439026e+02 9.695358032075934718e-01 2.411281305299258770e-01 -4.309931514246756468e-02 -1.579714499888203250e+02 4.381602548396244801e-02 2.391236898138169448e-03 9.990367550280048192e-01 3.353293547548813702e+00
2.616024823363278795e-01 -9.651452980812368354e-01 -7.661254933231564229e-03 -1.661625510544707822e+02 9.641966514259600052e-01 2.616863213547145905e-01 -4.295447118523482155e-02 -1.578406255964546574e+02 4.346215151643338659e-02 3.850039937159210890e-03 9.990476558092936665e-01 3.371063977552836821e+00
2.835678168611933669e-01 -9.589281528233501994e-01 -6.789032580135610090e-03 -1.665818026399374219e+02 9.579681596814579869e-01 2.835903766544135562e-01 -4.328398439987113377e-02 -1.577044317923151766e+02 4.343153551392288370e-02 5.770267914515434665e-03 9.990397418176604205e-01 3.383806218634627605e+00
3.064941467352395588e-01 -9.518536106613209036e-01 -6.003489655538523512e-03 -1.669942642598391558e+02 9.509608200243186982e-01 3.064704704494370935e-01 -4.182546498457875850e-02 -1.575684103821380972e+02 4.165161216223114971e-02 7.110176756414680194e-03 9.991068954775458311e-01 3.438372651802354518e+00
3.303333655703978300e-01 -9.438494069947099829e-01 -5.307024276186535910e-03 -1.674001351891143941e+02 9.430111715884473833e-01 3.302685724184699634e-01 -4.065218729723711621e-02 -1.574184822270762538e+02 4.012228620502143739e-02 8.424190667359516410e-03 9.991592641622667470e-01 3.456126245880593473e+00
3.550348501240020438e-01 -9.348423316182404852e-01 -4.479979017734128655e-03 -1.677898894533437044e+02 9.340455541842219711e-01 3.549232423517627577e-01 -3.985467033111265989e-02 -1.572533645518717549e+02 3.884788161685572699e-02 9.965292423394936025e-03 9.991954438651123871e-01 3.463387490781900446e+00
3.811159898005622715e-01 -9.245183101433609441e-01 -4.061591806430731033e-03 -1.681509279842390754e+02 9.237646202579035126e-01 3.809763448502437866e-01 -3.893521573485504012e-02 -1.570794351692846647e+02 3.754369025694305473e-02 1.108687847017760832e-02 9.992334824492613565e-01 3.455613296097970633e+00
4.069361724916427114e-01 -9.134474178614235829e-01 -4.094669724181623088e-03 -1.685469552662811736e+02 9.126901827746820572e-01 4.067742451149082283e-01 -3.913238783813502430e-02 -1.569156620146209491e+02 3.741098481154504773e-02 1.218721926834389832e-02 9.992256451382418581e-01 3.461215917973849976e+00
4.326889064299441756e-01 -9.015334525301369473e-01 -4.212389054993350562e-03 -1.689015218616901564e+02 9.007680138297430306e-01 4.325058287946048630e-01 -3.944227833064421762e-02 -1.567283336823388709e+02 3.738041617851549370e-02 1.327185095544742774e-02 9.992129715223563302e-01 3.476274627815898466e+00
4.586819113225663047e-01 -8.885853558169033439e-01 -5.193231481928042154e-03 -1.692658471925414005e+02 8.877971799690035359e-01 4.585078622753708810e-01 -3.983349684316415951e-02 -1.565298593722041858e+02 3.777659943089449468e-02 1.366036820210199051e-02 9.991928356808913447e-01 3.490229579723979292e+00
4.846744242463854047e-01 -8.746715034502665631e-01 -6.361095305461592422e-03 -1.696186466698609934e+02 8.739022219020138316e-01 4.845320229375819077e-01 -3.903364321630783951e-02 -1.563264261906871013e+02 3.722376977360333794e-02 1.335963323092947963e-02 9.992176495457717467e-01 3.537362918718961247e+00
5.100225649968905817e-01 -8.601249042820424684e-01 -7.882399875675991791e-03 -1.699534063302893401e+02 8.593964380401841741e-01 5.099341132204023852e-01 -3.748282884156124012e-02 -1.560997681378738378e+02 3.625941916021947764e-02 1.234298213274815682e-02 9.992661834137259724e-01 3.564281157237380260e+00
5.341973840509786076e-01 -8.453117922070156887e-01 -9.007154315020063709e-03 -1.702502712615320206e+02 8.446175982073986788e-01 5.341444656755311993e-01 -3.620500775537287969e-02 -1.558703628539043109e+02 3.541564162141659644e-02 1.173301938822993162e-02 9.993037919394576196e-01 3.560512763450984330e+00
5.570887778260638079e-01 -8.304018160827995043e-01 -9.215067370937095673e-03 -1.705658008819385145e+02 8.297292453362987708e-01 5.570321874144549268e-01 -3.556011273778154902e-02 -1.556387685975203397e+02 3.466227133236755159e-02 1.216412884903698456e-02 9.993250526807707645e-01 3.554756305834376739e+00
5.798172672299164443e-01 -8.147001864639252799e-01 -8.691535979172342399e-03 -1.708590037734611258e+02 8.140214396169208610e-01 5.797182468301302904e-01 -3.599791849810089067e-02 -1.554072889274180795e+02 3.436615291282276580e-02 1.379711809928598799e-02 9.993140682819025011e-01 3.564784628052167559e+00
6.025930486842272504e-01 -7.980064900590716492e-01 -8.201189002185194088e-03 -1.711604664983485407e+02 7.973056063535984839e-01 6.024435644524878120e-01 -3.695296641545887939e-02 -1.551846653369625813e+02 3.442946056169608054e-02 1.572874672000950866e-02 9.992833525942721451e-01 3.558780113071518869e+00
6.239265270750012915e-01 -7.814411688073490403e-01 -8.086315918367666805e-03 -1.714667331452695009e+02 7.807167721631707025e-01 6.237395059239934092e-01 -3.781997372833886817e-02 -1.549310187717051974e+02 3.459783917020434196e-02 1.728376239991057800e-02 9.992518506773235831e-01 3.568200207820331205e+00
6.454143935443612534e-01 -7.637857408336520271e-01 -8.461838154553463082e-03 -1.718030931188987722e+02 7.630237920644883376e-01 6.452010772771648028e-01 -3.886209752335141598e-02 -1.546597967308517525e+02 3.514190304028549927e-02 1.862557326837232727e-02 9.992087543006874517e-01 3.593236264889839049e+00
6.657194735016054299e-01 -7.461531120027581343e-01 -8.550792322621474442e-03 -1.721055693923311765e+02 7.453750060632297059e-01 6.654773012266758103e-01 -3.944695030418093884e-02 -1.543738206372667605e+02 3.512382292669067457e-02 1.988705610842393667e-02 9.991850789830455382e-01 3.620961277290160929e+00
6.842196412871843769e-01 -7.292281563813531875e-01 -8.353347681586454493e-03 -1.724069126193303134e+02 7.284729303678099122e-01 6.839587469638388484e-01 -3.908480744472632440e-02 -1.540774771203144837e+02 3.421508728868913329e-02 2.065740526562287807e-02 9.992009804886698987e-01 3.639427970762437514e+00
7.007658950044031165e-01 -7.133483500217238094e-01 -7.828915631308894577e-03 -1.726935748400020998e+02 7.126572165203962639e-01 7.005003622262357954e-01 -3.766874383774396901e-02 -1.537488133115809887e+02 3.235509449961615491e-02 2.081763776696663598e-02 9.992596128222757113e-01 3.652407285442393015e+00
7.159661170185891432e-01 -6.980872209722794874e-01 -8.170140544911134659e-03 -1.729713332259840968e+02 6.974518782159502273e-01 7.157341278787725525e-01 -3.585436880850120800e-02 -1.534237561629444428e+02 3.087712509880075756e-02 1.997223334563846472e-02 9.993236277807207024e-01 3.673499902942887640e+00
7.306407564842092306e-01 -6.827067305707074096e-01 -8.695113434460660998e-03 -1.732768550346541758e+02 6.820844503907098622e-01 7.304236520444110647e-01 -3.524331240545225397e-02 -1.530786173561859300e+02 3.041196309654754099e-02 1.981939876889996649e-02 9.993409347830466416e-01 3.694782813032357449e+00
7.444579955368124669e-01 -6.676067914578461826e-01 -9.135911594979142375e-03 -1.735766895294066785e+02 6.670048666656535064e-01 7.442578177262997308e-01 -3.442104875828191912e-02 -1.527515653493768752e+02 2.977919954675023809e-02 1.953132746758718535e-02 9.993656620685487102e-01 3.720469651585663673e+00
7.564696470272322948e-01 -6.539667810246799773e-01 -9.006799804206674573e-03 -1.738526395590307629e+02 6.533599133119770697e-01 7.562469963049353039e-01 -3.480379658498628653e-02 -1.524154370969268371e+02 2.957189211837240456e-02 2.044333377855736544e-02 9.993535777193964798e-01 3.731083262328101391e+00
7.671182217829412009e-01 -6.414463102381287030e-01 -8.732977182412580974e-03 -1.741328003162513198e+02 6.408611633684451192e-01 7.668865123169114062e-01 -3.438090331050961540e-02 -1.520512481398264697e+02 2.875070598474380873e-02 2.077759149405835823e-02 9.993706462554745595e-01 3.754075441928437229e+00
7.773502127927320871e-01 -6.290199500439550562e-01 -7.781331363873888324e-03 -1.743994452280858241e+02 6.284801561053774410e-01 7.770989545781532559e-01 -3.361410679018259073e-02 -1.516844720101339021e+02 2.719080824202542088e-02 2.123952071591092908e-02 9.994045940993586674e-01 3.761562097250960246e+00
7.866968139180186004e-01 -6.172994541752645503e-01 -7.036110158248874008e-03 -1.746693563010869070e+02 6.167825330037313147e-01 7.864199920684976641e-01 -3.350974569413085746e-02 -1.513169716840158401e+02 2.621888542138204811e-02 2.202226032687776974e-02 9.994136231297608974e-01 3.764770661157624154e+00
7.948883956154992880e-01 -6.067225038622200417e-01 -6.343644297717327199e-03 -1.749548576118804988e+02 6.062341414741526657e-01 7.945951459287226015e-01 -3.314694220601863139e-02 -1.509382132526938847e+02 2.515162473707652918e-02 2.250238595505775832e-02 9.994303569531070019e-01 3.783598307369981040e+00
8.021130253024096879e-01 -5.971386014842408052e-01 -6.339184305648322068e-03 -1.752317019319474127e+02 5.966559974728917748e-01 8.018157505058050027e-01 -3.306240947725033047e-02 -1.505447542110621839e+02 2.482569877857259549e-02 2.273747695453322976e-02 9.994331852714806175e-01 3.810401586025550014e+00
8.089929550608797593e-01 -5.877914289876244869e-01 -5.624470690809880991e-03 -1.755016046104635734e+02 5.873534855736384230e-01 8.086966459532181073e-01 -3.202526828167577555e-02 -1.501591957383253657e+02 2.337266878991837993e-02 2.260466395905640080e-02 9.994712339637068510e-01 3.833309515259561984e+00
8.153165065473333417e-01 -5.789979323510853204e-01 -4.515360962333526615e-03 -1.757865502941878901e+02 5.785933209702959212e-01 8.149949610057176663e-01 -3.182738543853349394e-02 -1.497486735625375900e+02 2.210798679247568538e-02 2.333683501370440935e-02 9.994831809748110363e-01 3.831456370060958516e+00
8.203530667044420799e-01 -5.718427616521672974e-01 -4.086795155105297367e-03 -1.760593330308241491e+02 5.714648504312833666e-01 8.200337935276322820e-01 -3.118496743996348325e-02 -1.493419833033469217e+02 2.118420803731297861e-02 2.324722389239667480e-02 9.995052755794381349e-01 3.863140334911979945e+00
8.249795164785687085e-01 -5.651506719935882606e-01 -3.676320984726368438e-03 -1.763359381940535116e+02 5.647980753399036713e-01 8.246635302628383402e-01 -3.054825603489066260e-02 -1.489258800659448241e+02 2.029609526799443925e-02 2.312530647642246223e-02 9.995265322727776569e-01 3.880086152294305535e+00
8.293947148972057315e-01 -5.586538887285956712e-01 -3.199923280434370521e-03 -1.766255595076075338e+02 5.583079002024693427e-01 8.290580617127558671e-01 -3.090337976011734919e-02 -1.484909953009398009e+02 1.991721547035257139e-02 2.384455739799429611e-02 9.995172542834872553e-01 3.908475767861892880e+00
8.338919995596059120e-01 -5.519207176379984370e-01 -2.766678954818017899e-03 -1.769116378261730347e+02 5.515920031713253957e-01 8.335492007511210444e-01 -3.069188760262011803e-02 -1.480596137720250169e+02 1.924565166282638656e-02 2.406764153638754969e-02 9.995250639793626934e-01 3.934801595729818580e+00
8.378734292557623586e-01 -5.458583798827519873e-01 -2.597240644641207394e-03 -1.771833167860050935e+02 5.455373795199732756e-01 8.375264605471024471e-01 -3.063324060434425775e-02 -1.476272011766037338e+02 1.889666885114131556e-02 2.424988649911845665e-02 9.995273177412962173e-01 3.962143953090750514e+00
8.410698923199156907e-01 -5.409228773529651813e-01 -1.969007149370984380e-03 -1.774536441166389693e+02 5.406283147831004721e-01 8.407215845892702655e-01 -3.013706124510715650e-02 -1.471865300247248740e+02 1.795721269435267275e-02 2.428287383930066712e-02 9.995438362324857717e-01 3.973662527460386507e+00
8.436809273382364083e-01 -5.368425366668702070e-01 -1.607380096181195220e-03 -1.777280870301114248e+02 5.365698365040715290e-01 8.433406445867497325e-01 -2.948504268268093906e-02 -1.467400658113435554e+02 1.718439407391073037e-02 2.401349647772389392e-02 9.995639292147485699e-01 4.002720993851977660e+00
8.457929925471382449e-01 -5.335099378628455069e-01 -1.166173117244709116e-03 -1.780110349416919746e+02 5.332577687434086888e-01 8.454565480310487491e-01 -2.897201177385219650e-02 -1.462923016192235650e+02 1.644280489934182507e-02 2.388245366384691287e-02 9.995795428949295625e-01 4.021666670567587865e+00
8.468067313817555508e-01 -5.318999339527519243e-01 -9.055095833616138776e-04 -1.782703391292461959e+02 5.316702276185940601e-01 8.464886867804636283e-01 -2.799414611447185661e-02 -1.458421122719072969e+02 1.565658808743816341e-02 2.322419888272249724e-02 9.996076769591738520e-01 4.047946659037475747e+00
8.474389183950070681e-01 -5.308921568624749288e-01 -8.929565553690201746e-04 -1.785509291835082593e+02 5.306685661886714200e-01 8.471285070348564261e-01 -2.764354225049485414e-02 -1.454050068284519170e+02 1.543218872228091336e-02 2.295234957045958618e-02 9.996174454262166664e-01 4.075783322475523107e+00
8.481814180762696775e-01 -5.297057866285220795e-01 -2.482788488950811792e-04 -1.788170278759435519e+02 5.295057493461431397e-01 8.478738077851842858e-01 -2.708629692726429242e-02 -1.449650546321841205e+02 1.455827735371544723e-02 2.284262866027094926e-02 9.996330681186879064e-01 4.099912009739820284e+00
8.487249566853158900e-01 -5.288344385089804867e-01 -2.907686366262597980e-04 -1.791023377483938077e+02 5.286427601071534976e-01 8.484318814672724418e-01 -2.646081435244837521e-02 -1.445160871906009561e+02 1.424008728201189844e-02 2.230424078052123393e-02 9.996498090618560761e-01 4.135893633525723700e+00
8.491742367926284896e-01 -5.281127837130121794e-01 5.697850591829083100e-05 -1.793785575323076671e+02 5.279330435908602404e-01 8.488824007302685493e-01 -2.617959539998043067e-02 -1.440623041444171690e+02 1.377741095227008952e-02 2.226111877936689382e-02 9.996572540316721600e-01 4.150903486508475737e+00
8.496558372238123269e-01 -5.273375160437718812e-01 3.200691913207943592e-04 -1.796477952281397847e+02 5.271674365017824382e-01 8.493660706036515462e-01 -2.591856476450812158e-02 -1.436255258697401018e+02 1.339597565098190821e-02 2.219058989971953166e-02 9.996640063322580483e-01 4.158663110246589412e+00
8.501006297168411940e-01 -5.266201353340247415e-01 3.904046661655892828e-04 -1.799202664580939484e+02 5.264562063675499726e-01 8.498170349018643321e-01 -2.559042726667637782e-02 -1.431818538721805112e+02 1.314466173461993972e-02 2.195996929362234104e-02 9.996724351588902602e-01 4.185087061711590728e+00
8.507619215801204282e-01 -5.255508637155941187e-01 6.651594501451548944e-04 -1.801954703378874285e+02 5.253970975146746714e-01 8.504809867729767880e-01 -2.529784696014997572e-02 -1.427416156733037838e+02 1.272959985453091247e-02 2.187191773614772031e-02 9.996797369668382061e-01 4.198953772502603599e+00
8.516294199082481420e-01 -5.241440209944551176e-01 6.135165074550646622e-04 -1.804658192465789739e+02 5.239899493846110756e-01 8.513495059650098007e-01 -2.526957928115283400e-02 -1.423064229124690598e+02 1.272258191773837158e-02 2.184179362822167778e-02 9.996804849352860511e-01 4.228584707399681619e+00
8.525214403594578716e-01 -5.226920016876015485e-01 5.148778920653178381e-04 -1.807264207282997575e+02 5.225391046299243669e-01 8.522473911990541273e-01 -2.504532545133836621e-02 -1.418603664163596250e+02 1.265218795277874529e-02 2.162072076075992680e-02 9.996861840466700899e-01 4.269243751845249513e+00
8.542395990963623786e-01 -5.198793039702813701e-01 4.654450149309541374e-04 -1.809963463047695313e+02 5.197293395617388345e-01 8.539709829958592735e-01 -2.479866528272558351e-02 -1.414144297015427298e+02 1.249483630964424649e-02 2.142590731945274996e-02 9.996923574586000782e-01 4.287411632428710817e+00
8.567933159020093559e-01 -5.156598791116528968e-01 3.207806028353169317e-04 -1.812597153731194055e+02 5.155083923917116451e-01 8.565261994730180017e-01 -2.477835729060404169e-02 -1.409774624057406243e+02 1.250244773444702043e-02 2.139529599849944452e-02 9.996929179051855519e-01 4.301465371295424056e+00
8.601446592552726145e-01 -5.100500813172316183e-01 2.823170493012798835e-04 -1.815295294673915691e+02 5.098961365808495350e-01 8.598711828727291229e-01 -2.504952624256876967e-02 -1.405392360744180849e+02 1.253375660185249846e-02 2.169016858714995291e-02 9.996861715218964273e-01 4.319186817203918949e+00
8.643161570038496722e-01 -5.029487994407653151e-01 2.930583380230493418e-04 -1.817742702768402978e+02 5.027933215763451535e-01 8.640341841918939281e-01 -2.537329947157648813e-02 -1.400997628396167727e+02 1.250825808506602146e-02 2.207790046497105224e-02 9.996780030543516160e-01 4.336202295293405840e+00
8.688034672198531316e-01 -4.951568715760988337e-01 4.559361055518794045e-04 -1.820152321029060545e+02 4.950034194488274752e-01 8.685105454244290701e-01 -2.571083858082144971e-02 -1.396553023165389504e+02 1.233491308156605890e-02 2.256335563544600506e-02 9.996693177755024973e-01 4.352391061723283272e+00
8.738074871796516208e-01 -4.862715241521537446e-01 6.929267813691299474e-04 -1.822568720407803653e+02 4.861230830235920286e-01 8.735037061851547158e-01 -2.599275730731053641e-02 -1.392217996095351111e+02 1.203426360110203958e-02 2.304951365084032672e-02 9.996618910511888556e-01 4.367001391272952837e+00
8.791440258760567783e-01 -4.765557147864648568e-01 6.576251217573153909e-04 -1.824816898605609197e+02 4.764086567421130791e-01 8.788367291932395187e-01 -2.609205247013043558e-02 -1.387772443431524039e+02 1.185637160410844826e-02 2.325197035285605715e-02 9.996593281348877813e-01 4.386876080067891870e+00
8.846011741066309719e-01 -4.663478497473582673e-01 6.676864423517721997e-04 -1.827112094587811555e+02 4.662009396643347903e-01 8.842846990040290622e-01 -2.640558583794366809e-02 -1.383414168801675146e+02 1.172376327214021650e-02 2.366968828204393110e-02 9.996510887461532713e-01 4.409869199353161129e+00
8.896065340099509333e-01 -4.567272707497063156e-01 6.440499409958661339e-04 -1.829127148582483358e+02 4.565758532708810158e-01 8.892734746827282155e-01 -2.704029281783174032e-02 -1.378795216146750136e+02 1.177730261006257328e-02 2.434927882364470997e-02 9.996341369541155153e-01 4.440285726640062158e+00
8.949300313842086796e-01 -4.462057955110825258e-01 7.918200434598983775e-04 -1.831435423829141769e+02 4.460551358173885372e-01 8.945788265789390570e-01 -2.763220670846749938e-02 -1.374425241118913164e+02 1.162130533073837263e-02 2.508208701385220007e-02 9.996178440651404262e-01 4.456614433500647010e+00
8.997784659295279264e-01 -4.363455404619172584e-01 1.132063824488280593e-03 -1.833573493316626468e+02 4.362013048768724199e-01 8.994079459985330205e-01 -2.817389391642143026e-02 -1.369932140092148813e+02 1.127536576875538127e-02 2.584407076482462401e-02 9.996023960220801197e-01 4.479894426765901549e+00
9.035154745354407879e-01 -4.285527922242602372e-01 1.513787233150109407e-03 -1.835463912012624803e+02 4.284170690423408923e-01 9.031282974066558999e-01 -2.860233166238352817e-02 -1.365372867814261610e+02 1.089046501152803395e-02 2.649118155433840063e-02 9.995897233723882724e-01 4.493877565056036083e+00
9.067954760149374849e-01 -4.215675498562709289e-01 1.663005418961283587e-03 -1.837568217210186106e+02 4.214338695252766720e-01 9.063932759271418060e-01 -2.906411827350509347e-02 -1.360780779712904689e+02 1.074515219971750729e-02 2.705605777353185110e-02 9.995761659033093327e-01 4.507108912869774997e+00
9.091439976145980761e-01 -4.164781949241057046e-01 1.762031244428431329e-03 -1.839660894022455295e+02 4.163446340130763645e-01 9.087275539338210972e-01 -2.951912007448524375e-02 -1.356199477904714286e+02 1.069286350166512994e-02 2.757074308416400735e-02 9.995626627660327834e-01 4.537970260694287994e+00
9.106544826645347479e-01 -4.131653821376362612e-01 1.667394989100754420e-03 -1.841636569227494533e+02 4.130284261247402777e-01 9.102326241792901840e-01 -2.973363571114315262e-02 -1.351523779419993048e+02 1.076719164446314839e-02 2.776575017434336490e-02 9.995564669899081878e-01 4.581196614732085948e+00
9.111799144374289616e-01 -4.120052221500786205e-01 1.691285565501706931e-03 -1.843721439550802188e+02 4.118717605852181274e-01 9.107635797186770521e-01 -2.951871762888422582e-02 -1.346841164964933739e+02 1.062150451831102467e-02 2.759345536690490860e-02 9.995627968580473866e-01 4.605977173297260308e+00
9.104198278614769047e-01 -4.136811647322929386e-01 1.905513687240951819e-03 -1.845690762095749164e+02 4.135467543516734845e-01 9.099854001786187307e-01 -3.009407627683173547e-02 -1.342114451089182126e+02 1.071536289051241986e-02 2.818626274433449347e-02 9.995452543985349214e-01 4.625442620143387806e+00
9.080031496486137277e-01 -4.189575252593571997e-01 2.207318905901599175e-03 -1.847820957867126026e+02 4.188297215127006479e-01 9.075679156534747216e-01 -3.003569300018000751e-02 -1.337300014016960574e+02 1.058038779019359124e-02 2.819699460869075011e-02 9.995463895634092433e-01 4.648773956808846641e+00
9.049198612105436856e-01 -4.255778659636926808e-01 1.877442004329459534e-03 -1.849961091858162661e+02 4.254338213506731470e-01 9.044795646695747982e-01 -3.037730643259929988e-02 -1.332579735543832555e+02 1.122980131854248165e-02 2.828775524720406401e-02 9.995367399277629294e-01 4.680686726298933564e+00
9.011775287265840761e-01 -4.334450650740528932e-01 2.106485508331778535e-03 -1.852310460210659642e+02 4.332971100177632762e-01 9.007194935099257505e-01 -3.095171176974239810e-02 -1.327929063541377559e+02 1.151851416203872325e-02 2.880572120556844015e-02 9.995186612851838515e-01 4.694755386809402964e+00
8.965362436782867706e-01 -4.429644024583597739e-01 2.302591135221304305e-03 -1.854645343221525309e+02 4.428132960127436624e-01 8.960677736562149276e-01 -3.128785529761759360e-02 -1.323216619326330203e+02 1.179612841393450941e-02 2.907031423123293198e-02 9.995077629438099409e-01 4.710336761085650359e+00
8.912288506921848263e-01 -4.535496580448329929e-01 1.960454361206310017e-03 -1.857083177325575321e+02 4.533776394387654674e-01 8.907536960007086391e-01 -3.172647345687815146e-02 -1.318555966746058346e+02 1.264324921925032673e-02 2.916437464600077703e-02 9.994946660691529372e-01 4.742093673852306068e+00
8.858436224377410628e-01 -4.639807528131886238e-01 1.713944365419566365e-03 -1.859716270071687632e+02 4.637959924260321998e-01 8.853736651904066113e-01 -3.172933023021071164e-02 -1.313857800161310649e+02 1.320431732172746078e-02 2.890214535657595341e-02 9.994950285008197266e-01 4.769399609253152761e+00
8.802864416286807492e-01 -4.744400065830988167e-01 1.568705882084534854e-03 -1.862359639369960576e+02 4.742451486064034327e-01 8.798198962641575749e-01 -3.175671836033058110e-02 -1.309030462369855456e+02 1.368647902148826395e-02 2.869895975738851607e-02 9.994943971833150087e-01 4.796566655557870540e+00
8.739085462693615414e-01 -4.860876395706849040e-01 1.630770974449090131e-03 -1.864949575225995488e+02 4.858860172953696210e-01 8.734389586843360753e-01 -3.192434258158510785e-02 -1.304380809947427053e+02 1.409364942855315453e-02 2.869132462997407707e-02 9.994889578863602742e-01 4.816549193855848898e+00
8.672575013484666862e-01 -4.978571250081151867e-01 1.646035682577092624e-03 -1.867704985083587133e+02 4.976461017363563721e-01 8.667835556965068911e-01 -3.216558721255673159e-02 -1.299861296114209779e+02 1.458711011209378947e-02 2.871499003612157375e-02 9.994811982052503874e-01 4.838918963273551199e+00
8.603027182526075123e-01 -5.097811761333078673e-01 1.544482863591405651e-03 -1.870566302505253304e+02 5.095559256166591888e-01 8.598241733763777317e-01 -3.248306553541846498e-02 -1.295024368392511747e+02 1.523127165157948243e-02 2.873226997245448625e-02 9.994710926415559804e-01 4.864057711820984231e+00
8.531458624390227952e-01 -5.216701019778428039e-01 1.562723776986366109e-03 -1.873442802316707514e+02 5.214258954292384507e-01 8.526467445665945055e-01 -3.329511309194801288e-02 -1.290364001919228940e+02 1.603661370093608513e-02 2.922043261855846591e-02 9.994443422915511022e-01 4.886527825279356030e+00
8.458065523246076634e-01 -5.334866304932378567e-01 1.814147108734911161e-03 -1.876349171367553481e+02 5.332364391077114574e-01 8.452953433624632584e-01 -3.368504857445524941e-02 -1.285944542682062490e+02 1.643703295879907558e-02 2.945840414392629156e-02 9.994308512212360940e-01 4.909459750782724896e+00
8.381093828667717238e-01 -5.454994860727613304e-01 1.724252021107647651e-03 -1.879407770129839435e+02 5.452291649244911387e-01 8.375856936192659363e-01 -3.428357566058813644e-02 -1.281254181714694766e+02 1.725746407851358466e-02 2.967349892894968755e-02 9.994106580354706892e-01 4.939237937311646398e+00
8.307916513407840320e-01 -5.565814866170790687e-01 1.510237589074271344e-03 -1.882586710579485612e+02 5.562978227050110469e-01 8.302751906619920685e-01 -3.429052675093867408e-02 -1.276741642264793200e+02 1.783155955370661905e-02 2.932842522732695412e-02 9.994107658803599303e-01 4.966189087894699483e+00
8.233332167806255431e-01 -5.675564929773884160e-01 1.428784404727647880e-03 -1.885765852784590209e+02 5.672616819995615067e-01 8.228189532940828332e-01 -3.439700910047502336e-02 -1.272029077119544667e+02 1.834661496559600313e-02 2.913069479496710121e-02 9.994072264798101735e-01 4.992331146927238450e+00
8.162953901294243142e-01 -5.776334454960491138e-01 1.199457299697245447e-03 -1.889120286254317875e+02 5.773188707603721381e-01 8.157786678130495295e-01 -3.475754026301380167e-02 -1.267417318013576875e+02 1.909862606104666127e-02 2.906488922272252445e-02 9.993950543689172905e-01 5.011194931182087586e+00
8.105929753653746683e-01 -5.856090556647861600e-01 1.030636554014622078e-03 -1.892543164614567388e+02 5.852850076882365471e-01 8.100833009506607230e-01 -3.473478510459281077e-02 -1.262866063194176576e+02 1.950610324206329682e-02 2.875898893004900925e-02 9.993960338584655378e-01 5.037991987973825303e+00
8.054255417675979523e-01 -5.926966726904258076e-01 5.923259826547764423e-04 -1.896168360056624635e+02 5.923518991041553106e-01 8.049221221034349449e-01 -3.492284318613730898e-02 -1.258239034623935595e+02 2.022187667037760039e-02 2.847861531397380408e-02 9.993898359367713313e-01 5.064643925789015455e+00
8.009518718827376427e-01 -5.987282856629909666e-01 7.340807819313597410e-04 -1.899523989772089578e+02 5.983716104924736712e-01 8.004311837081001801e-01 -3.551529113343935423e-02 -1.253490674605082660e+02 2.067642822592748175e-02 2.888529201350448911e-02 9.993688634438800955e-01 5.091084254141617471e+00
7.972250567667135135e-01 -6.036817448416331722e-01 7.482033625367725399e-04 -1.903049157879067650e+02 6.033133231982474864e-01 7.966939721757064774e-01 -3.594090636561103613e-02 -1.249169775517037948e+02 2.110077995708718734e-02 2.910439217465155340e-02 9.993536368279982707e-01 5.116514093340432723e+00
7.937246037292127188e-01 -6.082770700420678800e-01 5.094074416402191025e-04 -1.906629044884260509e+02 6.078949854790007823e-01 7.931957887968034138e-01 -3.611270225976483117e-02 -1.244433563585736664e+02 2.156246888438053538e-02 2.897320652006166175e-02 9.993475938028549832e-01 5.151286828133633477e+00
7.915469578033290654e-01 -6.111081923815956385e-01 4.368024651442616729e-04 -1.910302665230796038e+02 6.107149930256549064e-01 7.910116147422081578e-01 -3.643930071500862261e-02 -1.239693314646831226e+02 2.192283936832116475e-02 2.911017943989991502e-02 9.993357726845405464e-01 5.171141294380257492e+00
7.909417213765637111e-01 -6.118913842374512635e-01 3.567658253697397752e-04 -1.914003651754893269e+02 6.114867707376313577e-01 7.903972393607500146e-01 -3.682571416508918782e-02 -1.235131246348369700e+02 2.225135049253862754e-02 2.934515133512183641e-02 9.993216396608135543e-01 5.196483367372793261e+00
7.912933192456519382e-01 -6.114367307651719097e-01 8.478441797130954749e-05 -1.917760789729152577e+02 6.110166348851148177e-01 7.907444959296359155e-01 -3.717275952436743108e-02 -1.230383833843602588e+02 2.266174774524771368e-02 2.946636095931664742e-02 9.993088505366827246e-01 5.231784516772711946e+00
7.924950336070692991e-01 -6.098782636677023694e-01 -3.538556182378568837e-04 -1.921430015484077103e+02 6.094385933453049242e-01 7.919454754268218100e-01 -3.750953068596449974e-02 -1.225559810288203408e+02 2.315648180156426594e-02 2.951046351133262274e-02 9.992962072848671218e-01 5.271000553171263370e+00
7.942588324840067493e-01 -6.075795238970412848e-01 -1.707693975373739820e-04 -1.925099235747526336e+02 6.071443962264909677e-01 7.937005844006767008e-01 -3.761734244725502968e-02 -1.220631644180404578e+02 2.299106678499833467e-02 2.977422481054605580e-02 9.992922027040033184e-01 5.294637104579761555e+00
7.957798327537964900e-01 -6.055860448294873022e-01 -9.493046945089483879e-06 -1.928831332994248555e+02 6.051525465215871202e-01 7.952107803380339401e-01 -3.781812095561574993e-02 -1.215874054624202500e+02 2.290967526566347820e-02 3.008915322758967670e-02 9.992846389479168590e-01 5.311583488707178446e+00
7.970659924352644365e-01 -6.038921441375776356e-01 -2.862727828137796859e-04 -1.932462183775537312e+02 6.034498648512892638e-01 7.965001981228705397e-01 -3.789056612388772699e-02 -1.210939183217206363e+02 2.310983154736958450e-02 3.002853041937100093e-02 9.992818536562670939e-01 5.352856644308493728e+00
7.982000041922870937e-01 -6.023923929329898508e-01 -3.977988175937023640e-04 -1.936161856742006364e+02 6.019423818207801924e-01 7.976288934232962369e-01 -3.812502254759001646e-02 -1.205871783140619158e+02 2.328351939374929958e-02 3.019194118956954748e-02 9.992728978671674422e-01 5.383156941998091582e+00
7.993914502480672368e-01 -6.008105432686818848e-01 -1.916984858136433489e-05 -1.939974415855840846e+02 6.003614595293329526e-01 7.987951672030916273e-01 -3.863157730139929469e-02 -1.200921118098031570e+02 2.322557172818260837e-02 3.087024376606263207e-02 9.992535218190241597e-01 5.414372099805039085e+00
8.002980073047171183e-01 -5.996024315340836575e-01 -1.536310953183361167e-04 -1.943809077474318485e+02 5.991445734093082676e-01 7.996968562772038824e-01 -3.886795871325234020e-02 -1.195739982478296497e+02 2.342818085718496868e-02 3.101390266915095284e-02 9.992443435831656062e-01 5.443579646108554826e+00
8.009459976881140308e-01 -5.987361357216645086e-01 -7.406540894961139571e-04 -1.947630535454512710e+02 5.982648433028896484e-01 8.003634081650243814e-01 -3.869873561546306046e-02 -1.190565594581918134e+02 2.376312385105717323e-02 3.055249010400157630e-02 9.992506488830938949e-01 5.495625187801849165e+00
8.016267172568458665e-01 -5.978244294721866137e-01 -7.467973403680033123e-04 -1.951459482921987387e+02 5.973465809543554439e-01 8.010346776195110818e-01 -3.899368504191007279e-02 -1.185428870808810160e+02 2.390958807998681823e-02 3.081228289595910885e-02 9.992391779852233258e-01 5.522551021262455784e+00
8.017521645463747682e-01 -5.976562217474497007e-01 -7.122160950302647980e-04 -1.955426806200319447e+02 5.971818378008870720e-01 8.011621358896230394e-01 -3.889838836677256273e-02 -1.180053431526401795e+02 2.381846439125965414e-02 3.076154455388388498e-02 9.992429174783785673e-01 5.544943785220751487e+00
8.019026458727944728e-01 -5.974544869803823932e-01 -5.315347774655157509e-04 -1.959384363480115496e+02 5.969820460274959384e-01 8.013032842939098455e-01 -3.905743591965803174e-02 -1.174648538477409829e+02 2.376096090304799513e-02 3.100294448599476629e-02 9.992368258677030157e-01 5.563993027988199280e+00
8.021159848160963612e-01 -5.971679974727962525e-01 -5.741923323413691133e-04 -1.963366245880962708e+02 5.967000682010886736e-01 8.015247892963059950e-01 -3.882062277100351011e-02 -1.169221413427012379e+02 2.364266294900246174e-02 3.079602146126901585e-02 9.992460305404454735e-01 5.595879996559038005e+00
8.021596969985207437e-01 -5.971091241118428039e-01 -7.172263445896498446e-04 -1.967354827461281559e+02 5.966376063844466282e-01 8.015728486532203156e-01 -3.878833522851706656e-02 -1.163855376256403247e+02 2.373577803821821930e-02 3.068651502451246599e-02 9.992471919583115758e-01 5.631838720476091353e+00
8.022997321437010942e-01 -5.969206494204010172e-01 -9.370686592837292744e-04 -1.971550352067655183e+02 5.964421985981328556e-01 8.017175770385073230e-01 -3.880245351689080163e-02 -1.158298272883644700e+02 2.391325016744705323e-02 3.057229077173930637e-02 9.992464618418207545e-01 5.677715823451719324e+00
8.024670303740149002e-01 -5.966958393967869423e-01 -8.604703794129857364e-04 -1.975637059829070097e+02 5.962209098369508631e-01 8.018842149504583627e-01 -3.875993403613590960e-02 -1.152682369962562632e+02 2.381788898933990400e-02 3.059053873096933066e-02 9.992481809361678513e-01 5.704781035219840923e+00
8.024770870315933724e-01 -5.966821453990490687e-01 -9.706447736555334077e-04 -1.979846204289052878e+02 5.962072917412800654e-01 8.019012752999965521e-01 -3.861618762601207178e-02 -1.147039792312716457e+02 2.381995096167874304e-02 3.040990026664363091e-02 9.992536454284047798e-01 5.738778946750854537e+00
8.026269676412585152e-01 -5.964802843443973712e-01 -1.105080732381441555e-03 -1.983972006168353914e+02 5.960040780275127625e-01 8.020575245450697333e-01 -3.850800300209659272e-02 -1.141417311196286022e+02 2.385560289686178975e-02 3.024892905644429794e-02 9.992576807317347098e-01 5.771443813622338936e+00
8.027775798287544173e-01 -5.962775341871932033e-01 -1.122295829214033092e-03 -1.988314056929838500e+02 5.958030682120264432e-01 8.022111105670017839e-01 -3.841923986745451880e-02 -1.135776817392667652e+02 2.380884779705059670e-02 3.017343710116825173e-02 9.992610782273463332e-01 5.802138224805672984e+00
8.030295969431466840e-01 -5.959376292122633423e-01 -1.344813070434913369e-03 -1.992566689708933438e+02 5.954545467284970695e-01 8.024655409232489545e-01 -3.850893936630078729e-02 -1.129918380519621621e+02 2.402809217743930026e-02 3.012304300073821717e-02 9.992573507694042512e-01 5.840258004011030124e+00
8.029905630738887190e-01 -5.959902533144885162e-01 -1.331753885291359074e-03 -1.996845074573620025e+02 5.955126412695497251e-01 8.024326384811569790e-01 -3.829562361854564612e-02 -1.124145385505263306e+02 2.389246120523520756e-02 2.995794809897084007e-02 9.992655661250695598e-01 5.883101297093751292e+00
8.031726482878334128e-01 -5.957441194404369256e-01 -1.625175204915682917e-03 -2.001192796880524725e+02 5.952605429769948220e-01 8.026248699314589841e-01 -3.818643924539225770e-02 -1.118334790221362880e+02 2.405375266027322961e-02 2.970290086249329983e-02 9.992693103779938246e-01 5.918099919148819055e+00
8.031195690664996167e-01 -5.958164659138278640e-01 -1.302585274089039860e-03 -2.005508669701140718e+02 5.953407237038106370e-01 8.025619438201496703e-01 -3.825897321473574475e-02 -1.112229933907452306e+02 2.384073157986005276e-02 2.995104802138322600e-02 9.992670084817960596e-01 5.936282746373245267e+00
8.032348641320192772e-01 -5.956603408897919172e-01 -1.584718862558511313e-03 -2.010025974301637177e+02 5.951776895708499326e-01 8.026856491925193904e-01 -3.820034577708171508e-02 -1.106217939377827264e+02 2.402646207666482570e-02 2.974066023881347109e-02 9.992688438296463138e-01 5.976603074876569721e+00
8.034199229615184290e-01 -5.954086099726759729e-01 -2.239321083197307397e-03 -2.014464604936171099e+02 5.949110807156520186e-01 8.028915888559224889e-01 -3.802502578759453522e-02 -1.100156425482396543e+02 2.443835981081367292e-02 2.921786636320469754e-02 9.992742780913251854e-01 6.005657021984479371e+00
8.034217483559725759e-01 -5.954007936548101343e-01 -3.374786490207394921e-03 -2.018902925286418792e+02 5.948948114503759266e-01 8.029490150550845362e-01 -3.705458853490953969e-02 -1.094025193706595473e+02 2.477211291057079823e-02 2.776281933255099824e-02 9.993075443949445136e-01 6.059817571975647077e+00
8.031588269351718212e-01 -5.957567166587688368e-01 -3.135804853994936248e-03 -2.023290818179692110e+02 5.952847271249545047e-01 8.027115866940767175e-01 -3.591938527934730729e-02 -1.088045192724774779e+02 2.391636192833852467e-02 2.698227460836558067e-02 9.993497708455590933e-01 6.096703386427573257e+00
8.035585470863699786e-01 -5.952198866603984895e-01 -2.635892339290381303e-03 -2.027879748418795316e+02 5.947675873115850775e-01 8.031059012731927016e-01 -3.567111469702947957e-02 -1.082124932893461278e+02 2.334905753982087148e-02 2.709608577184344225e-02 9.993601070924569285e-01 6.124599919731688935e+00
8.033551321292314862e-01 -5.954941485012231750e-01 -2.692727692933603520e-03 -2.032187735945992131e+02 5.950362656648314763e-01 8.028994709549633901e-01 -3.583688161506262682e-02 -1.076032734091691907e+02 2.350264294238302298e-02 2.718747213411277716e-02 9.993540249249410756e-01 6.169726550935142662e+00
8.034093963745411182e-01 -5.954244947672527877e-01 -1.735755817313330146e-03 -2.036540774553917572e+02 5.949977957495881098e-01 8.029374958910013849e-01 -3.562303672372096885e-02 -1.070009741176863116e+02 2.260453207272864612e-02 2.758711154597182080e-02 9.993637908221024713e-01 6.209057163882429897e+00
8.033234682830785456e-01 -5.955420389786417745e-01 -1.041688440835204094e-03 -2.040903204324587250e+02 5.951347901282145747e-01 8.028364240467983359e-01 -3.561260735744440492e-02 -1.063871037714368128e+02 2.204511022180923388e-02 2.798849822537027507e-02 9.993651270093412142e-01 6.241873620855272975e+00
8.034806430348373496e-01 -5.953303976245015727e-01 -7.575833796598634845e-04 -2.045431354044127943e+02 5.949358530971199377e-01 8.029932003189899081e-01 -3.540128445506648264e-02 -1.057872431677648422e+02 2.168379505359436382e-02 2.799353328394587476e-02 9.993728909302844743e-01 6.261683540947864834e+00
8.031582460462500794e-01 -5.957657420892412681e-01 1.111789854903021818e-04 -2.049768438720793142e+02 5.954172386955347562e-01 8.026820146883646423e-01 -3.434960203572107185e-02 -1.051979318958199769e+02 2.037507477521711269e-02 2.765436400793804678e-02 9.994098721141495556e-01 6.303611310898488362e+00
8.031388454950028066e-01 -5.957913323055061827e-01 8.265631155896721594e-04 -2.054199316920616241e+02 5.954677906958338873e-01 8.026554047481517795e-01 -3.409415598608354914e-02 -1.046022367964854851e+02 1.964955726668694141e-02 2.787453278910052498e-02 9.994182834634418588e-01 6.336387314968696671e+00
8.030509716468263726e-01 -5.959093842117993978e-01 1.068992704498318569e-03 -2.058621807214238686e+02 5.955862299962121353e-01 8.025537471184664984e-01 -3.441693805392382483e-02 -1.040085875305155270e+02 1.965145226153195562e-02 2.827523288007776844e-02 9.994069899843557314e-01 6.367947694397625646e+00
8.025246500398455218e-01 -5.966164689104708208e-01 1.724848754164870490e-03 -2.063157744731894638e+02 5.963260016796526619e-01 8.020366423249166710e-01 -3.365299524459149788e-02 -1.033990630904605865e+02 1.869453928778033389e-02 2.803593039253164665e-02 9.994320891425503284e-01 6.418650983778907637e+00
8.019914346933737503e-01 -5.973345515888980328e-01 1.082661791175809282e-03 -2.067489604842412518e+02 5.970237103461356609e-01 8.015129039611087469e-01 -3.376024390261405522e-02 -1.028181898221644843e+02 1.929839275684674255e-02 2.772180120267344478e-02 9.994293740805709758e-01 6.436883633752453093e+00
8.009475078007909365e-01 -5.987344028808301299e-01 4.522771691619440620e-04 -2.071893010672733055e+02 5.984055138820896236e-01 8.004820442812365933e-01 -3.375407736621551663e-02 -1.022108238489436332e+02 1.984768760370191065e-02 2.730588929641489249e-02 9.994300664411280843e-01 6.479337655004500540e+00
8.000097936559653622e-01 -5.999863878783872062e-01 8.151166697337713235e-04 -2.076378873944498764e+02 5.996795856160318516e-01 7.995557541060067663e-01 -3.309064325998060940e-02 -1.016114935033424445e+02 1.920220429857470018e-02 2.696164751309491903e-02 9.994520223169571782e-01 6.522390235398258795e+00
7.991358599643925142e-01 -6.011504135977536745e-01 2.398962702710900896e-04 -2.080829104777677969e+02 6.008125099570318373e-01 7.986731633119943385e-01 -3.384532588621105842e-02 -1.010246754339545561e+02 2.015453294180237498e-02 2.719114628812329196e-02 9.994270540491865251e-01 6.552578324696169076e+00
7.983428694558831751e-01 -6.022023546413591832e-01 9.934049272119181706e-04 -2.085287829658499561e+02 6.018739152239881429e-01 7.978507416461362300e-01 -3.437999749357301821e-02 -1.004462516147803086e+02 1.991112658526274573e-02 2.804493036384899177e-02 9.994083394283802546e-01 6.581507341250429910e+00
7.974704558115600639e-01 -6.033573044250514217e-01 9.139500196801795401e-04 -2.089628226521392378e+02 6.030010249093952224e-01 7.969456259191477487e-01 -3.560102929069423189e-02 -9.986597645533286993e+01 2.075177259709773403e-02 2.894188185439374242e-02 9.993656645136477223e-01 6.618187557492884565e+00
7.963944979787097589e-01 -6.047759455308895360e-01 1.363560214132019180e-03 -2.094129169206532310e+02 6.044382668671649528e-01 7.958702777594605093e-01 -3.528289281928519150e-02 -9.928133364810238959e+01 2.025302781948522951e-02 2.892328968665022759e-02 9.993764346720634961e-01 6.665173893447725817e+00
7.954167346383149706e-01 -6.060624991421025287e-01 6.821956826647754268e-04 -2.098508291606920011e+02 6.056830067996822331e-01 7.948778215511737022e-01 -3.629523495111304510e-02 -9.870363695932060466e+01 2.145491858331316851e-02 2.928303160004694372e-02 9.993408780435703020e-01 6.699823477360435930e+00
7.945584520286761432e-01 -6.071875942158327932e-01 3.028864198902879445e-04 -2.103071339363026482e+02 6.067886297239263316e-01 7.940180922297088717e-01 -3.664461829045962543e-02 -9.811961754263732871e+01 2.200966032345810786e-02 2.930007921973652382e-02 9.993283145243925247e-01 6.748991260134805437e+00
7.933506426231469177e-01 -6.087649304794126026e-01 1.314071377691260201e-04 -2.107394158719635868e+02 6.083437584613299309e-01 7.927937003856091458e-01 -3.736335330288363676e-02 -9.753429841208748030e+01 2.264132042489861232e-02 2.972218106547752994e-02 9.993017374958016452e-01 6.762305321120659407e+00
7.925757713508557734e-01 -6.097734043234926959e-01 -2.050544667874607679e-04 -2.111874788127358329e+02 6.093436738958254439e-01 7.920297468303274524e-01 -3.727153362856667346e-02 -9.694486290640291770e+01 2.288959918246473435e-02 2.941556587294957142e-02 9.993051539613113654e-01 6.773018565027706828e+00
7.919170834226743061e-01 -6.106282165057835831e-01 -7.170706318621027781e-04 -2.116396042404938669e+02 6.102038316451540156e-01 7.914094076536545286e-01 -3.636527633422100003e-02 -9.636658310496179070e+01 2.277316027471316950e-02 2.836072432533342721e-02 9.993383073248240933e-01 6.818871355971260151e+00
7.913606888540021256e-01 -6.113479455652321981e-01 -1.396277081806401518e-03 -2.120829467352447182e+02 6.109178362332037260e-01 7.908856238455109766e-01 -3.576768606770110159e-02 -9.579909943734806177e+01 2.297079686601688486e-02 2.745213011165046138e-02 9.993591561814366697e-01 6.894917786710075269e+00
7.911328001863947579e-01 -6.116439780423691408e-01 -7.325255898985357644e-04 -2.125186345054663377e+02 6.112268844595259987e-01 7.906364198178208458e-01 -3.599649110065750862e-02 -9.523935008990498829e+01 2.259619842219521418e-02 2.803026546724726037e-02 9.993516478370866318e-01 6.950196484832081190e+00
7.915398449022987837e-01 -6.111175196908927854e-01 2.259621564140498057e-04 -2.129665265335743243e+02 6.106903308787358098e-01 7.909726040027135197e-01 -3.767836897195499940e-02 -9.468500261931309581e+01 2.284718151687453735e-02 2.996192323629941895e-02 9.992898926000988169e-01 6.967710719496838401e+00
7.915538017517844693e-01 -6.110990137865315308e-01 7.578135821131280758e-04 -2.134002750330658955e+02 6.106637572970379235e-01 7.909419787746136965e-01 -3.873708476334942336e-02 -9.410268985499101291e+01 2.307280772166927368e-02 3.112525600259429329e-02 9.992491501035224433e-01 6.975428693505807409e+00
7.915847579751724705e-01 -6.110593515381990137e-01 1.995973529111561701e-04 -2.138505830320528105e+02 6.106125687007000202e-01 7.909934085361124412e-01 -3.849309804569588100e-02 -9.352959262141227725e+01 2.336368733998526320e-02 3.059242635258369383e-02 9.992588461273390621e-01 7.002831538241839127e+00
7.916950074400187498e-01 -6.109162528599337838e-01 -5.892250215269317914e-04 -2.142938997255109825e+02 6.104702846720276854e-01 7.911531932406109524e-01 -3.745205411773706861e-02 -9.294785863490203326e+01 2.334623582083368912e-02 2.929089989675840930e-02 9.992982520029923821e-01 7.032290495382728324e+00
7.918049386390089150e-01 -6.107730838266653972e-01 -1.085918846155106005e-03 -2.147343454090173225e+02 6.103101104345147743e-01 7.912715248770048060e-01 -3.756252148391845541e-02 -9.240342800471115936e+01 2.380143374432807518e-02 2.907944276778066245e-02 9.992936894427132399e-01 7.089242990113142184e+00
7.919774857928687517e-01 -6.105474826241099606e-01 -1.852959408255383869e-03 -2.151503227344481104e+02 6.100660291895134701e-01 7.914665271400387336e-01 -3.741893164998166127e-02 -9.183921774717393305e+01 2.431258986916328552e-02 2.850452382076396757e-02 9.992979486097254282e-01 7.142383745634448111e+00
7.923834235365565526e-01 -6.100174956385001623e-01 -2.676774069361381042e-03 -2.155747103769758724e+02 6.095201192089337860e-01 7.919003115351527233e-01 -3.713651666561160886e-02 -9.130365270521444643e+01 2.477366311253030931e-02 2.779481256386718419e-02 9.993066166150038621e-01 7.182762399665418407e+00
7.925233928818504747e-01 -6.098319460957765115e-01 -3.416029285323453346e-03 -2.159856424842903664e+02 6.093431806307839649e-01 7.920897607231223159e-01 -3.598192846897801250e-02 -9.074504124338099587e+01 2.464873128175091091e-02 2.643498588281960326e-02 9.993466023195231029e-01 7.208770520537948201e+00
7.927113089144639524e-01 -6.095847967152147051e-01 -3.893113508189167959e-03 -2.163923163903750435e+02 6.090997185428929095e-01 7.923061663071235827e-01 -3.533371906093810827e-02 -9.021342579583919985e+01 2.462343578962629745e-02 2.563814434351863528e-02 9.993679862615847398e-01 7.233443807196118236e+00
7.922183211472451081e-01 -6.102257551959745507e-01 -3.828750989961646201e-03 -2.167861151673923814e+02 6.097387974454512305e-01 7.918086442358931443e-01 -3.546364057865552394e-02 -8.970007287914282301e+01 2.467246498458703502e-02 2.576040777665449671e-02 9.993636329498711834e-01 7.264999515322698720e+00
7.918812270006270193e-01 -6.106599083110298976e-01 -4.312621655799275117e-03 -2.171794399104246907e+02 6.101599556021247706e-01 7.914834667929213641e-01 -3.547887220687468562e-02 -8.919623485071676328e+01 2.507889358792707649e-02 2.546366381774712445e-02 9.993611213777441327e-01 7.300184102584365675e+00
7.911724370370977200e-01 -6.115784263476201632e-01 -4.243029454087714203e-03 -2.175547014073021330e+02 6.110825119795523230e-01 7.907762847682329177e-01 -3.536991660876377674e-02 -8.868502263409975228e+01 2.498676500749996698e-02 2.539086202394741365e-02 9.993652814162301556e-01 7.335379612308266850e+00
7.908287966643408051e-01 -6.120236219928926191e-01 -4.111020448961645590e-03 -2.179260148497117768e+02 6.115366628314270470e-01 7.904355790759821643e-01 -3.513552822739827303e-02 -8.819796055110268185e+01 2.475327007553400696e-02 2.527214778204959350e-02 9.993741012088765974e-01 7.371614148113002862e+00
7.905509038419179513e-01 -6.123809460907213564e-01 -4.341117339991745067e-03 -2.182958448623217009e+02 6.118900027713572998e-01 7.901656293743392068e-01 -3.505570800772342399e-02 -8.769448706105083602e+01 2.489764935079218436e-02 2.505703534912577871e-02 9.993759312872797507e-01 7.400945783135823852e+00
7.902674290471820573e-01 -6.127438100434472457e-01 -4.734325780604457107e-03 -2.186724927481928376e+02 6.122512126382715358e-01 7.899004132382265730e-01 -3.472448399969196853e-02 -8.723417186935607504e+01 2.501685851826783089e-02 2.454303199522687301e-02 9.993857095087753661e-01 7.430282304394522974e+00
7.898435372694101453e-01 -6.132882604484484190e-01 -4.969530144987840958e-03 -2.190280821114500895e+02 6.127882728735023488e-01 7.894814317785036062e-01 -3.477932583696789065e-02 -8.677206710374306908e+01 2.525310401625524906e-02 2.442495594837620215e-02 9.993826605782512029e-01 7.457310713347325759e+00
7.896519031876192418e-01 -6.135312548045545045e-01 -5.410283737431744247e-03 -2.193646720338110754e+02 6.130213629665653974e-01 7.893020211970123157e-01 -3.474374592535568046e-02 -8.632588821233655096e+01 2.558672192339830204e-02 2.411884558306795490e-02 9.993816092709305599e-01 7.494209910963428811e+00
7.895667075497603271e-01 -6.136411476550458488e-01 -5.381099667288722840e-03 -2.197070087293292602e+02 6.131326141199688884e-01 7.892168133625572235e-01 -3.471626431895961928e-02 -8.588806737904610600e+01 2.555018261078622482e-02 2.411147881090333969e-02 9.993827218629041109e-01 7.511484950901611946e+00
7.891103895058750872e-01 -6.142256089571189737e-01 -5.629784644415677594e-03 -2.200144111318481634e+02 6.137097513433764640e-01 7.887662403056616700e-01 -3.475858541601048457e-02 -8.547058121520819896e+01 2.579019736134337271e-02 2.397330714206015803e-02 9.993798808584928306e-01 7.546794769886329135e+00
7.886706237016436472e-01 -6.147933585656526478e-01 -5.270063910935565005e-03 -2.203279485324270581e+02 6.142806572689107902e-01 7.883126320093587491e-01 -3.496381443367548719e-02 -8.506778738037087351e+01 2.564997885643274106e-02 2.433763501333671003e-02 9.993746835429753173e-01 7.575052337615185039e+00
7.885642032215193220e-01 -6.149288838394323387e-01 -5.381934373474943356e-03 -2.206319059758012315e+02 6.144192620199230292e-01 7.882146924753542505e-01 -3.473570245260358680e-02 -8.466904985803736849e+01 2.560210648566924388e-02 2.408456738188698501e-02 9.993820419426815427e-01 7.608507413689408416e+00
7.884680252133934308e-01 -6.150502862150654115e-01 -5.596306179769222622e-03 -2.209281632219569644e+02 6.145290591947550896e-01 7.881181447785988725e-01 -3.498321420265447512e-02 -8.428511089831087588e+01 2.592698635207830310e-02 2.414405304636474056e-02 9.993722309936340364e-01 7.632768416436853443e+00
7.879673876609550875e-01 -6.156918432643549988e-01 -5.563283249232560401e-03 -2.212132158185154935e+02 6.151588618873504721e-01 7.876056256890564544e-01 -3.545353331347356196e-02 -8.392157092064506685e+01 2.621012446040400790e-02 2.451392503641354817e-02 9.993558409571033918e-01 7.647332289248055304e+00
7.875680782361432763e-01 -6.162102898737272794e-01 -4.626099562823792616e-03 -2.214745139912114098e+02 6.156946343110795139e-01 7.871768532081275804e-01 -3.567518821108310589e-02 -8.357999926359465803e+01 2.562497656534242635e-02 2.524837474149599706e-02 9.993527305956283469e-01 7.693837368531228904e+00
7.872527715334760590e-01 -6.166176440373302148e-01 -3.969228478283782363e-03 -2.217357296672607561e+02 6.160905199558205370e-01 7.868164914082426131e-01 -3.677336085523892628e-02 -8.324662843036084325e+01 2.579815755877293282e-02 2.650452621487818169e-02 9.993157484782763111e-01 7.702673072474244265e+00
7.869736421282845784e-01 -6.169815319251491514e-01 -2.505166389484348929e-03 -2.219923479867517528e+02 6.164660292808220587e-01 7.864699043355972696e-01 -3.787775491094018399e-02 -8.291921821912623614e+01 2.534011322151972362e-02 2.826444476109192527e-02 9.992792401647638822e-01 7.688215401628854195e+00
7.866387989623485621e-01 -6.174105592481990978e-01 -1.897708064961247873e-03 -2.222332865784484852e+02 6.168804842134287814e-01 7.860836955609685761e-01 -3.912661204111819030e-02 -8.260426992711641958e+01 2.564894079059468895e-02 2.960785203348195380e-02 9.992324589074776942e-01 7.703415554057401415e+00
7.863385084238723177e-01 -6.177946545629938724e-01 -1.230838377147195142e-03 -2.224846215641607898e+02 6.172795696238143615e-01 7.857612172615604518e-01 -3.930957100591721959e-02 -8.227696271519224069e+01 2.525238790209953510e-02 3.015085804785335236e-02 9.992263220433197368e-01 7.722334057417244324e+00
7.859319595741043329e-01 -6.183125539613326671e-01 -7.352100534085675293e-04 -2.227333453938098273e+02 6.178029470333595841e-01 7.853313789204343642e-01 -3.967548260355353157e-02 -8.196090783630829435e+01 2.510923250329111928e-02 3.072801485197474564e-02 9.992123475750049888e-01 7.763737159020564604e+00
7.859012450166320551e-01 -6.183518681784775373e-01 4.474388164312330385e-04 -2.229715161898982387e+02 6.178584445614055953e-01 7.852448054695317925e-01 -4.051589771037741178e-02 -8.165645314159449697e+01 2.470173203377190596e-02 3.211794830470871692e-02 9.991787937257414765e-01 7.794665257616574472e+00
7.857144587641422540e-01 -6.185893250523395448e-01 1.903162161351404369e-04 -2.232126470325775358e+02 6.180970303977209035e-01 7.850768135625263433e-01 -4.013050984013522005e-02 -8.135231407444153717e+01 2.467489214748285961e-02 3.164875570700058371e-02 9.991944285071392429e-01 7.801427091216527998e+00
7.857851875154961974e-01 -6.184979760468451992e-01 -1.375756952658015522e-03 -2.234432014273918696e+02 6.180058623321260658e-01 7.852449375447774216e-01 -3.819871965686562343e-02 -8.102290091738784383e+01 2.470613697771896489e-02 2.916576222653519124e-02 9.992692155317222102e-01 7.843762120003982652e+00
7.857378300195931864e-01 -6.185576454869305962e-01 -1.581671826200694436e-03 -2.236686494232858422e+02 6.180792492506557156e-01 7.852257612847295398e-01 -3.739713171571799194e-02 -8.072486666707548864e+01 2.437425120587017810e-02 2.840674258836612537e-02 9.992992308881616381e-01 7.870972016658439152e+00
7.854724382868522037e-01 -6.188963772453213164e-01 -5.682643083257665761e-04 -2.238792029838579083e+02 6.184358448435256506e-01 7.849227168421946121e-01 -3.786072368223722395e-02 -8.044949466827436879e+01 2.387790829159826961e-02 2.938711992837777717e-02 9.992828641970866732e-01 7.889909181031732111e+00
7.856871327917496206e-01 -6.186240536361541364e-01 -9.812365850799149858e-05 -2.241218504905391171e+02 6.181332487333667247e-01 7.850700805112453828e-01 -3.970208428282605284e-02 -8.019490705677095832e+01 2.463769826533102059e-02 3.113276327021884116e-02 9.992115566161887674e-01 7.876621779480371899e+00
7.868529453952981534e-01 -6.171403487162100410e-01 -4.819846249053648390e-04 -2.243431585330728240e+02 6.166198074087706482e-01 7.862208529984945349e-01 -4.045718009810257004e-02 -7.990950573874023632e+01 2.534670459674278481e-02 3.153665005599690790e-02 9.991811568826400869e-01 7.919492710353548404e+00
7.886727911850254236e-01 -6.148122050472637490e-01 -1.086724133603354792e-03 -2.245703607302233138e+02 6.143003336988257512e-01 7.880858874669811609e-01 -3.944279392857422822e-02 -7.962405137039789338e+01 2.510634306171413352e-02 3.043988338187330472e-02 9.992212392847569236e-01 7.944861340573442732e+00
7.902742510765295991e-01 -6.127514016849725520e-01 -1.525719021246867146e-03 -2.247793784769614263e+02 6.122689141509961575e-01 7.897460697882179304e-01 -3.778785543561970911e-02 -7.933172118416666763e+01 2.435949198547592356e-02 2.892861882573419599e-02 9.992846191966755498e-01 7.971276863601270968e+00
7.919339088421009087e-01 -6.106050177049406891e-01 -1.482018765138710947e-03 -2.249789146302225333e+02 6.101223803541548918e-01 7.913999456400370169e-01 -3.790523752631762971e-02 -7.906285408229545908e+01 2.431799780103544376e-02 2.911423010308904907e-02 9.992802392664698052e-01 7.986793776918354126e+00
7.943368781609805307e-01 -6.074773708958561835e-01 -4.096863750289152922e-04 -2.251915786752584836e+02 6.070101945781446462e-01 7.937520857786275474e-01 -3.868139087832094675e-02 -7.879104531976155101e+01 2.382325904805164540e-02 3.047737146698777794e-02 9.992515109604751533e-01 7.991981805580392617e+00
7.978392517184811350e-01 -6.028702249716774153e-01 -1.423372516559974488e-04 -2.253762889235386240e+02 6.023921522613103763e-01 7.972159260558082661e-01 -3.962905672567129667e-02 -7.851741424008356773e+01 2.400465186751199118e-02 3.153187412094680953e-02 9.992144502573711007e-01 8.016213898865181875e+00
8.021409785116075941e-01 -5.971346521469738100e-01 -2.404116331387005923e-04 -2.255799247657773208e+02 5.966586131516342650e-01 8.015174512462649448e-01 -3.960144820154586076e-02 -7.824713723062546933e+01 2.384009111578976395e-02 3.162250073925068627e-02 9.992155260516055737e-01 8.028992844339454038e+00
8.053795357362560914e-01 -5.927581827212575760e-01 -1.241061740862673193e-03 -2.257746868365248645e+02 5.922601971723004954e-01 8.047853119830440383e-01 -3.935048235768062036e-02 -7.801076534140364060e+01 2.432410867185406250e-02 3.095704174088022981e-02 9.992246991062486705e-01 8.075723110907995661e+00
8.078504768545332615e-01 -5.893874383233149716e-01 -2.336505591960368750e-04 -2.259496720093970055e+02 5.889048191483051697e-01 8.072048830156230981e-01 -4.014213272406370880e-02 -7.774956308589308662e+01 2.384787264737279339e-02 3.229124312278559839e-02 9.991939524375534898e-01 8.079516531720775774e+00
8.117374163468334958e-01 -5.840184686749757548e-01 2.189782889628117193e-03 -2.261378310994777507e+02 5.835961611166465834e-01 8.109957858428999966e-01 -4.124749780253545578e-02 -7.746195854123345725e+01 2.231339580791189686e-02 3.476008618506771369e-02 9.991465602082240105e-01 8.097133197803923821e+00
8.170016893382887613e-01 -5.766289454360926658e-01 2.701648319447845850e-03 -2.263286810675205345e+02 5.762072572366412349e-01 8.162058105005265407e-01 -4.234703783035818903e-02 -7.719612433062754064e+01 2.221342671019944925e-02 3.615431081404209268e-02 9.990993091196451736e-01 8.075228257841560620e+00
8.222081997962460420e-01 -5.691832687271112245e-01 2.020591234625824378e-03 -2.265094802571486525e+02 5.687413136040906370e-01 8.214189908106750426e-01 -4.247540153389391809e-02 -7.694649002025546736e+01 2.251653587277105059e-02 3.607281714384363153e-02 9.990954696502216681e-01 8.078829779314744997e+00
8.274335682066324971e-01 -5.615631703189423174e-01 7.042344629285199331e-04 -2.267031039098029908e+02 5.610893974133221995e-01 8.266826623927652218e-01 -4.212438497550231170e-02 -7.668311330376721457e+01 2.307332475381621006e-02 3.525026865923199665e-02 9.991121259619747397e-01 8.114631152342246523e+00
8.334412684979084496e-01 -5.526080454823891763e-01 -5.721100174478285783e-06 -2.268881451162580163e+02 5.521221820563553262e-01 8.327089251518456914e-01 -4.191589261588814230e-02 -7.639740114524275327e+01 2.316782350429262560e-02 3.493127596569582660e-02 9.991211427617184837e-01 8.144505067145404453e+00
8.412811348880009366e-01 -5.405970246898768039e-01 -9.534033825766841108e-04 -2.270489348444068582e+02 5.400956296371695053e-01 8.405742493487465827e-01 -4.161300492178715560e-02 -7.611953407500604385e+01 2.329727298175928579e-02 3.449330700649010095e-02 9.991333488796024787e-01 8.186349572545200459e+00
8.501194540196360672e-01 -5.265876743909324587e-01 -1.528095842929339324e-03 -2.272139091751158730e+02 5.260805914325678012e-01 8.494212674785801553e-01 -4.150568241870179753e-02 -7.586950707125168947e+01 2.315437788660257984e-02 3.448088651168526586e-02 9.991370993262399525e-01 8.207565296760680695e+00
8.589058424990185792e-01 -5.121296162011392816e-01 -2.002481142253549617e-03 -2.273615318765815232e+02 5.116239023952493525e-01 8.582189705750020714e-01 -4.124537602010915766e-02 -7.560528613289338296e+01 2.284154589575086713e-02 3.440137722326801900e-02 9.991470407433705736e-01 8.222346149718415376e+00
8.678792724649329049e-01 -4.967704101221280810e-01 -2.174408616501271110e-03 -2.275028242553272264e+02 4.962730795074502543e-01 8.671905458373101450e-01 -4.115322304000183090e-02 -7.532165928957994083e+01 2.232933008244620404e-02 3.463692881132528906e-02 9.991504812492402188e-01 8.242298186365694335e+00
8.777483518035712473e-01 -4.791192452481847774e-01 -1.606156568928712378e-03 -2.276292586102765938e+02 4.786477786617182040e-01 8.770238724697588806e-01 -4.153830882872988628e-02 -7.504837192312290028e+01 2.131044082878166823e-02 3.569139883722473316e-02 9.991356210048389919e-01 8.243936831212904437e+00
8.881212792462275241e-01 -4.596074267744142405e-01 -1.267518775332106273e-03 -2.277481270329703875e+02 4.591568554622644793e-01 8.873661921020068455e-01 -4.190731674051240835e-02 -7.477251302984119263e+01 2.038566731921148678e-02 3.663678981823986075e-02 9.991206985143309405e-01 8.256389534500472749e+00
8.993622691316122131e-01 -4.372035998353100417e-01 -7.219096089689496648e-04 -2.278807519716166041e+02 4.367697437161568996e-01 8.985409359045920530e-01 -4.308569922633741223e-02 -7.447274991503050501e+01 1.948588813885762661e-02 3.843434394842536184e-02 9.990711192746460911e-01 8.269832728868827587e+00
9.120048612308669922e-01 -4.101781023452928943e-01 -1.028322751603007179e-03 -2.280054813214181024e+02 4.097212252939694266e-01 9.111017591642346369e-01 -4.496778837618517488e-02 -7.417044422975628493e+01 1.938170877078245966e-02 4.058951594009729824e-02 9.989879081154452445e-01 8.282997153264268775e+00
9.252926270542389808e-01 -3.792502775073022803e-01 -1.667731902662344598e-03 -2.281335973435070912e+02 3.787753858155557540e-01 9.243369583563856295e-01 -4.615619694843080267e-02 -7.386881651643597024e+01 1.904629673563490444e-02 4.207629293437854801e-02 9.989328426643897529e-01 8.291890068050962626e+00
9.386701529346050954e-01 -3.448056244948106142e-01 -2.724941553255927004e-03 -2.282476967841635656e+02 3.443102554474948840e-01 9.376910854437888743e-01 -4.675335573977418280e-02 -7.354043534057736053e+01 1.867597342592430820e-02 4.294775426017878595e-02 9.989027472284783826e-01 8.303774058790633461e+00
9.517740620280166208e-01 -3.067863471983534596e-01 -2.876112546559439313e-03 -2.283438039763865675e+02 3.063290503385596719e-01 9.507909590036844882e-01 -4.646574217130381573e-02 -7.322561671121420090e+01 1.698963711694056328e-02 4.334385134647397025e-02 9.989157435845574806e-01 8.327109411349255197e+00
9.636495088386863861e-01 -2.671543731450276571e-01 -2.857450690002464114e-03 -2.283989361113104053e+02 2.667412961427434448e-01 9.626548431917357762e-01 -4.631127089147826781e-02 -7.289228105763632470e+01 1.512299729047488113e-02 4.386563334755315402e-02 9.989229705858055919e-01 8.352190281329614052e+00
9.742221363293642744e-01 -2.255774487710662801e-01 -2.458392114092951448e-03 -2.284284727338814491e+02 2.252296093680526412e-01 9.732208329629585819e-01 -4.596556701270460704e-02 -7.255283373794271995e+01 1.276135375906849861e-02 4.422697019717698047e-02 9.989399996783659974e-01 8.381767644461723066e+00
9.832844225939592064e-01 -1.820641480589229588e-01 -2.095298461508180408e-03 -2.284575514624624475e+02 1.817786837067364436e-01 9.822702876239015612e-01 -4.584312599620557482e-02 -7.220311324414832654e+01 1.040453910130058682e-02 4.469595107877541440e-02 9.989464537818096845e-01 8.401582723029640931e+00
9.905646285870504109e-01 -1.370306004930732513e-01 -2.081134475841005596e-03 -2.284830300376205230e+02 1.367941853890651815e-01 9.895484785258877869e-01 -4.561972699219666444e-02 -7.186716214081943122e+01 8.310682038247009518e-03 4.490460082896016031e-02 9.989567104677014031e-01 8.433992879042278901e+00
9.958275171182040530e-01 -9.122434014226545040e-02 -2.382418057604357344e-03 -2.284948291942840797e+02 9.102439386955070433e-02 9.948242243281011365e-01 -4.515885749964095031e-02 -7.152507861858555316e+01 6.489674173164856549e-03 4.475357478012492729e-02 9.989769775492955972e-01 8.465175656354954725e+00
9.989931780936620598e-01 -4.478318242533002591e-02 -2.663962121420035672e-03 -2.284917582279513226e+02 4.461864901782026938e-02 9.979942346496554206e-01 -4.490750233394387447e-02 -7.116226310698375812e+01 4.669719707789203242e-03 4.474342608594272797e-02 9.989875972903480283e-01 8.486655678879229114e+00
9.999947925281817973e-01 2.056318336495398073e-03 -2.487261831341798946e-03 -2.284775573954884749e+02 -2.164244199168720642e-03 9.990205044917451760e-01 -4.419669277338773850e-02 -7.082252276550083536e+01 2.393943099787775638e-03 4.420184566234595935e-02 9.990197524956536679e-01 8.509496105655534492e+00
9.988003652181581815e-01 4.891909636943578277e-02 -2.180011576056002740e-03 -2.283969923038530396e+02 -4.896764388297397685e-02 9.978255648722410553e-01 -4.411702551105873421e-02 -7.044941170288602450e+01 1.710625979776643837e-05 4.417085122330133978e-02 9.990239915085047384e-01 8.524288216424832143e+00
9.953041785132542563e-01 9.678938488885191482e-02 -1.186257515782836603e-03 -2.283326912719178949e+02 -9.674846201702513859e-02 9.943472734826003245e-01 -4.374053972071005603e-02 -7.008074607815258616e+01 -3.054068007807014210e-03 4.364991054465582054e-02 9.990422203180640004e-01 8.554331219559941246e+00
9.894399045980067919e-01 1.449430084502311700e-01 4.466435754034154930e-04 -2.282526865281042205e+02 -1.447902072090933023e-01 9.885292112907929640e-01 -4.296270849411940734e-02 -6.970268621874875237e+01 -6.668664441629603909e-03 4.244434857786221621e-02 9.990765767389233609e-01 8.586656266280607852e+00
9.813817279544359007e-01 1.920669172465721275e-01 -4.509285575994763200e-04 -2.281604064725466969e+02 -1.919412486000892926e-01 9.806491142262108163e-01 -3.854700835586265251e-02 -6.935630113056427604e+01 -6.961402373399167703e-03 3.791588145812564703e-02 9.992566861473827222e-01 8.615853244439460212e+00
9.713141266384305306e-01 2.378000541045452443e-01 -4.074921349162333173e-05 -2.280446824980176928e+02 -2.376422775136913801e-01 9.706634052775443555e-01 -3.658827125059814500e-02 -6.900103684033514639e+01 -8.661139112653854985e-03 3.554838847088577503e-02 9.993304242073260957e-01 8.633828353643330900e+00
9.590439704279000166e-01 2.832571554260001068e-01 -2.160691094726446479e-04 -2.279168390898896916e+02 -2.830814194104593340e-01 9.584215387073917736e-01 -3.595920085757026152e-02 -6.866076426531969901e+01 -9.978615657939629568e-03 3.454761991405880250e-02 9.993532354417155039e-01 8.647589236075337027e+00
9.452508410707979314e-01 3.263446392554008035e-01 1.545451758325835923e-04 -2.277913039887386049e+02 -3.261276915125883580e-01 9.446395105835470041e-01 -3.601282928550383206e-02 -6.830454560711591228e+01 -1.189858326100561893e-02 3.399075571003287027e-02 9.993513157256770363e-01 8.675675934338435979e+00
9.313088626009617954e-01 3.642233948480619321e-01 2.262981717935540725e-03 -2.276118000916101494e+02 -3.639272388682204817e-01 9.307691311633145004e-01 -3.501127365923391993e-02 -6.797612518389783531e+01 -1.485823847756203436e-02 3.178274876157461543e-02 9.993843553060566265e-01 8.715749999427091055e+00
9.185766810460317400e-01 3.949672581975381402e-01 1.475621870182764091e-02 -2.274310701128623862e+02 -3.941962041256786287e-01 9.182207409187336244e-01 -3.847107484277174916e-02 -6.763807604481844749e+01 -2.874428102011289399e-02 2.952178684583795301e-02 9.991507545961548775e-01 8.720366455665548244e+00
9.060664433974973120e-01 4.228222488267988632e-01 1.627716332959694423e-02 -2.272376505503799251e+02 -4.219638588646599242e-01 9.057495547089202681e-01 -3.955054938478074628e-02 -6.729100649566349546e+01 -3.146588567091515576e-02 2.896705096555830458e-02 9.990849853727677976e-01 8.727196653433551887e+00
8.934815919616786450e-01 4.488041594148309832e-01 1.629329056916661161e-02 -2.270399543647205007e+02 -4.479279960608812949e-01 8.931827163633286881e-01 -3.981388620454706651e-02 -6.693829422806813056e+01 -3.242152326013472002e-02 2.827475343433537291e-02 9.990742630794370305e-01 8.740510023486782742e+00
8.821139346501939427e-01 4.707844773495568624e-01 1.539422562710021126e-02 -2.268405205765008930e+02 -4.699562339148259937e-01 8.818332326750413230e-01 -3.887528719482268719e-02 -6.660816508442479744e+01 -3.187702151310325971e-02 2.705782024833423144e-02 9.991254825410379459e-01 8.777601439166362596e+00
8.728623665452269753e-01 4.876743067425423073e-01 1.688370848618779563e-02 -2.266135082194444692e+02 -4.867970359390946244e-01 8.726431220786536880e-01 -3.902085711170000942e-02 -6.624173147129631900e+01 -3.376292152610087943e-02 2.584089843640566958e-02 9.990957477129115416e-01 8.795867840451968789e+00
8.651769853484185813e-01 5.011219637355684986e-01 1.858928415054744709e-02 -2.263549697299806382e+02 -5.002125041321451304e-01 8.650401534740917997e-01 -3.863914578983899950e-02 -6.586537784013431462e+01 -3.544340182983211213e-02 2.413110729592161940e-02 9.990803045438348962e-01 8.799376217065139727e+00
8.590883027030453700e-01 5.108071627144769034e-01 3.230062969024952851e-02 -2.261017418753215509e+02 -5.096222268629163610e-01 8.595337734693524467e-01 -3.856005903546137759e-02 -6.549445335950532865e+01 -4.746023647310312205e-02 1.666537683708435580e-02 9.987340943258096182e-01 8.807457146645326418e+00
8.552235880261305212e-01 5.170404580079390744e-01 3.552153243670691518e-02 -2.258299621216053481e+02 -5.158090480967960634e-01 8.558355618424505762e-01 -3.855537559529215175e-02 -6.510916969378355645e+01 -5.033527972693185859e-02 1.465113882118360134e-02 9.986249064318664104e-01 8.821118195978913334e+00
8.534091968182028198e-01 5.201036671916104970e-01 3.442264022338419049e-02 -2.256061997911323829e+02 -5.188695005222797585e-01 8.539641612833022144e-01 -3.898272273028337287e-02 -6.471939883443550912e+01 -4.967075813665326744e-02 1.540735595567234960e-02 9.986467990078300438e-01 8.848054508165411391e+00
8.534430511274141429e-01 5.201694828053738950e-01 3.253717320727078643e-02 -2.253707109567777991e+02 -5.189797491355349068e-01 8.539107621476208498e-01 -3.868372106825602313e-02 -6.431581888172304673e+01 -4.790593355261181518e-02 1.612821894876542012e-02 9.987216339320948988e-01 8.864865677188712212e+00
8.545513800184011410e-01 5.184278723030292246e-01 3.121666426766867702e-02 -2.251251557289833727e+02 -5.172868156468927170e-01 8.549640512530189973e-01 -3.808964981359984348e-02 -6.390182361451094550e+01 -4.643586185852340703e-02 1.640159395848891574e-02 9.987866130706183343e-01 8.909136486449932946e+00
8.560421159837336980e-01 5.159028281545486871e-01 3.218955675727643712e-02 -2.248760809059372718e+02 -5.146527403471209405e-01 8.564644956473720372e-01 -4.001405438957034155e-02 -6.349802111914725344e+01 -4.821257631874249078e-02 1.768727219304450093e-02 9.986804833814860727e-01 8.909315210477222635e+00
8.593347867714319355e-01 5.103603484057636086e-01 3.280303369575934824e-02 -2.246075457912446041e+02 -5.090075288655305785e-01 8.597452677153687439e-01 -4.182595126515289974e-02 -6.307542889691939081e+01 -4.954856004672281156e-02 1.924550379118127041e-02 9.985862760829030682e-01 8.886390726884950908e+00
8.626588643240558074e-01 5.045897375253173278e-01 3.476896011188258806e-02 -2.243406520239618374e+02 -5.031300846372045443e-01 8.631344169910727393e-01 -4.311723713830117877e-02 -6.263559035658414587e+01 -5.176680148598789000e-02 1.970215697867883087e-02 9.984648332687025007e-01 8.881986989978834401e+00
8.661732840419447133e-01 4.986196115897016945e-01 3.350111863994469780e-02 -2.241009958216968698e+02 -4.971945638307495585e-01 8.665788109075410750e-01 -4.288041724637105256e-02 -6.216168968112612703e+01 -5.041237654726560963e-02 2.048529775734856187e-02 9.985183748267477677e-01 8.903360316634369553e+00
8.696601462866990762e-01 4.927481609560589448e-01 2.984090874988590616e-02 -2.238611263405636294e+02 -4.914417547628887051e-01 8.698974991808328117e-01 -4.199217301480949460e-02 -6.170469358825948802e+01 -4.665009792240520925e-02 2.185385076719242869e-02 9.986722072684687257e-01 8.942543001949161408e+00
8.743292412088574661e-01 4.844611097401413935e-01 2.908283198889610732e-02 -2.236146668010570124e+02 -4.831015525807755284e-01 8.744848267672059583e-01 -4.346467126269285691e-02 -6.126264147263989912e+01 -4.648943816812417529e-02 2.395247175722112903e-02 9.986315693164981022e-01 8.966542222218260250e+00
8.783628239858743969e-01 4.771424311034372923e-01 2.852805426701080643e-02 -2.233225422740104875e+02 -4.756968006966864615e-01 8.784272139936122326e-01 -4.558709820067224222e-02 -6.078053060564283783e+01 -4.681135809284876076e-02 2.647130816794535796e-02 9.985529363020173577e-01 8.993502439577795826e+00
8.816455471280918443e-01 4.710377925039416214e-01 2.871458274503251029e-02 -2.230597821963715148e+02 -4.694918445586966360e-01 8.816532148456759366e-01 -4.759219101025857074e-02 -6.030029707036840847e+01 -4.773402478400821936e-02 2.847818086356544015e-02 9.984540330393891772e-01 8.988846784035029458e+00
8.852642754912969369e-01 4.642564160277201091e-01 2.780544399871457198e-02 -2.228033035813692777e+02 -4.627002688639953454e-01 8.851940871593482196e-01 -4.837240175259739650e-02 -5.981333798360947185e+01 -4.707041249081639345e-02 2.995677277719907897e-02 9.984422707561613208e-01 8.994974662795589992e+00
8.894546351412787599e-01 4.561062866743219590e-01 2.893971806801100971e-02 -2.225516502330878552e+02 -4.544754099296854921e-01 8.893978537267389628e-01 -4.922966133861481769e-02 -5.931245767008334013e+01 -4.819288116453595422e-02 3.063516023185753473e-02 9.983681350897720685e-01 9.012051581780692544e+00
8.935203169123266953e-01 4.480547768769952421e-01 2.946795178836192353e-02 -2.223132941177762802e+02 -4.463888232048042193e-01 8.934619207634881821e-01 -4.962675350502478849e-02 -5.880445207661235685e+01 -4.856399677461922804e-02 3.118834819807688591e-02 9.983330231711010638e-01 9.039265044970271390e+00
8.974016731666903945e-01 4.402564780041098857e-01 2.905977586013677033e-02 -2.220585232277602472e+02 -4.385666305850585700e-01 8.972841176018815368e-01 -5.040359944172244366e-02 -5.826323148647247763e+01 -4.826538650931392477e-02 3.248762648808818654e-02 9.983060685933332623e-01 9.091441471296301202e+00
9.012653994767658716e-01 4.322193823382661781e-01 3.011785578545209813e-02 -2.218151177626637036e+02 -4.304592264134916579e-01 9.011594566320966226e-01 -5.115161891907842040e-02 -5.774359843043537666e+01 -4.924971168934830917e-02 3.313667535634769179e-02 9.982366586360391647e-01 9.120495246779796616e+00
9.051097793295622695e-01 4.240488930421026925e-01 3.096487803558151813e-02 -2.215446443890902799e+02 -4.222225884671810814e-01 9.050035781706440297e-01 -5.192888682038594023e-02 -5.722481750917220467e+01 -5.004371239291214440e-02 3.392727233507555201e-02 9.981706101873752957e-01 9.153412390983792335e+00
9.086183156182794374e-01 4.164879303434217972e-01 3.083115958334844975e-02 -2.212939897412722985e+02 -4.146328178241404094e-01 9.084662831380556636e-01 -5.261785613780987914e-02 -5.667076065222812531e+01 -4.992377095346516025e-02 3.502593724055223789e-02 9.981386681289362572e-01 9.166520423568245590e+00
9.120593057003538728e-01 4.089737324846533517e-01 2.980451346624676465e-02 -2.210561201081973479e+02 -4.071303121262926372e-01 9.118220312090055124e-01 -5.315536049949082242e-02 -5.611940827868041737e+01 -4.891555819303335106e-02 3.634652032113226683e-02 9.981413720647037691e-01 9.208557709051472528e+00
9.149582734124352967e-01 4.026446305380583790e-01 2.699369209659622376e-02 -2.208198479143831889e+02 -4.008806258763009667e-01 9.145526723899322086e-01 -5.374135485321006322e-02 -5.556015173747609737e+01 -4.632582121409852677e-02 3.834984906494241785e-02 9.981899655704496999e-01 9.238539158155361974e+00
9.175695671971435541e-01 3.968298770796522823e-01 2.433388605617429340e-02 -2.205639962080948351e+02 -3.951703704611852497e-01 9.170312325044367441e-01 -5.379681143862759946e-02 -5.499463118511471293e+01 -4.366311559218385291e-02 3.974628622074920931e-02 9.982553606509918520e-01 9.262468155723070140e+00
9.195966502859038716e-01 3.922120604695802926e-01 2.262079585583370855e-02 -2.203291335239631508e+02 -3.906310487014644228e-01 9.189833174190638054e-01 -5.363810302244514938e-02 -5.444027616332883923e+01 -4.182564492436630088e-02 4.048903465950472180e-02 9.983041888617928405e-01 9.315854805120116211e+00
9.209226519766764429e-01 3.891077711375536818e-01 2.228478217552013613e-02 -2.200836895995067266e+02 -3.875376036082714970e-01 9.202851812644716745e-01 -5.375677570852503695e-02 -5.385015385758097750e+01 -4.142553398332337461e-02 4.086964136597685815e-02 9.983053628769169574e-01 9.359703013426816653e+00
9.216475853225711834e-01 3.874179316071154067e-01 2.175028133929178542e-02 -2.198462642576776602e+02 -3.858398773746294919e-01 9.209538690222085489e-01 -5.451201849643427799e-02 -5.326628871014234079e+01 -4.114993920535969796e-02 4.184874433348195755e-02 9.982761968018200038e-01 9.396080776452279792e+00
9.220164133239286963e-01 3.865233335087683297e-01 2.203284399590076797e-02 -2.196040756791146578e+02 -3.849184923131993008e-01 9.213169971831349780e-01 -5.488847763224011245e-02 -5.267256994612228027e+01 -4.151491101534268008e-02 4.212722818701467031e-02 9.982493720552332306e-01 9.433197439078686131e+00
9.220090715130427883e-01 3.865879814967325689e-01 2.118972887836859803e-02 -2.193502100871975813e+02 -3.850359497068749359e-01 9.212929372052323096e-01 -5.446688249827276451e-02 -5.209035915709481657e+01 -4.057818972036171534e-02 4.206015237772861570e-02 9.982907162249785582e-01 9.469200290920387175e+00
9.217049355728165194e-01 3.872755451690531592e-01 2.185552229352673986e-02 -2.191045766707788687e+02 -3.857165261909151210e-01 9.210388851144999389e-01 -5.394565348804398336e-02 -5.145438167049282896e+01 -4.102161825090803321e-02 4.129193893548382260e-02 9.983046642258188719e-01 9.519388710365051409e+00
9.216324734083047865e-01 3.874697799164937284e-01 2.146517204110913457e-02 -2.188290120207644236e+02 -3.859379053350009969e-01 9.209621195692396789e-01 -5.367222320870745911e-02 -5.085765610286544813e+01 -4.056497485420505061e-02 4.118184029396258772e-02 9.983278714155386924e-01 9.552820033999644522e+00
9.214415586693662785e-01 3.878325336571837312e-01 2.305167659885520859e-02 -2.185768962987919792e+02 -3.862463347694687910e-01 9.208477755804753695e-01 -5.341482084255188417e-02 -5.025391729722781520e+01 -4.194309042166775858e-02 4.031501017660701208e-02 9.983063042575359702e-01 9.591837080228483359e+00
9.210804485165526856e-01 3.885869551986586568e-01 2.471812310799260254e-02 -2.183052133235693475e+02 -3.869218162047560194e-01 9.205484359377074099e-01 -5.368505599748933654e-02 -4.964429801405321285e+01 -4.361554201611216736e-02 3.988427437068647885e-02 9.982519367136557520e-01 9.626913136581549679e+00
9.208769225625874633e-01 3.889731096240812702e-01 2.618422198635639991e-02 -2.180552159524391413e+02 -3.872271871858212755e-01 9.203908824556119583e-01 -5.418236795062308930e-02 -4.902501626654510147e+01 -4.517520332898623120e-02 3.975604962709763934e-02 9.981876865210432825e-01 9.676932234662951160e+00
9.205704548839558354e-01 3.895906050203582494e-01 2.773442039448079099e-02 -2.177933904132458167e+02 -3.877893089060947540e-01 9.201619315807321176e-01 -5.405063892082530991e-02 -4.838665183616286924e+01 -4.657777896035875109e-02 3.900230954042579329e-02 9.981529593993261340e-01 9.724414562746988011e+00
9.203723353662056628e-01 3.899996583373309122e-01 2.854874409359964282e-02 -2.175232175961378687e+02 -3.881493798650332283e-01 9.199888321758674659e-01 -5.441146553874297992e-02 -4.775444386697002841e+01 -4.748497870850164337e-02 3.899763029273446008e-02 9.981103955117411886e-01 9.746645647322099038e+00
9.201691561356918347e-01 3.903232078090476675e-01 3.060257411042144327e-02 -2.172479333073244447e+02 -3.883689591990118761e-01 9.198668322748904114e-01 -5.490503083721034322e-02 -4.711911592503271606e+01 -4.958100066764556391e-02 3.863682603700497459e-02 9.980225047796172921e-01 9.795227817534136960e+00
9.198880087297849339e-01 3.908495131666555045e-01 3.229101194666292307e-02 -2.169675459554233043e+02 -3.888013364797628935e-01 9.196502740159486766e-01 -5.546975981506155340e-02 -4.647581282815114889e+01 -5.137676660418895314e-02 3.847117829984987580e-02 9.979380723739924575e-01 9.818946035004572082e+00
9.198105798277473877e-01 3.909457257021216603e-01 3.331571389276550416e-02 -2.166931115995373887e+02 -3.888549883390646777e-01 9.196238478422509299e-01 -5.553176139506347392e-02 -4.585721899325849904e+01 -5.234782976178670860e-02 3.812372011037051117e-02 9.979009403163107139e-01 9.866491605760746353e+00
9.195241801563363016e-01 3.916278793868709918e-01 3.320973042287330562e-02 -2.164190747974958811e+02 -3.895343979421769798e-01 9.193285940687977442e-01 -5.565868258693628529e-02 -4.520147295357931938e+01 -5.232814661005271567e-02 3.824317212823839102e-02 9.978974019697248732e-01 9.915418344024958586e+00
9.195359366459865402e-01 3.914726392841391123e-01 3.468189597612065384e-02 -2.161471003288685040e+02 -3.893044047552133291e-01 9.194048311048258482e-01 -5.600747253086667266e-02 -4.456469522217413015e+01 -5.381209580361264594e-02 3.799906884407897034e-02 9.978278053412852344e-01 9.949354922182525485e+00
9.191448038399461229e-01 3.922976560547083991e-01 3.571244360175908350e-02 -2.158554855119857621e+02 -3.900685685454823859e-01 9.190566961967668869e-01 -5.640302304630546992e-02 -4.388692596033094162e+01 -5.494853416521139344e-02 3.791224379887696283e-02 9.977691718845742574e-01 9.990837845609796375e+00
9.189725677380906621e-01 3.926416791617584612e-01 3.635837633744327946e-02 -2.155757827940049367e+02 -3.903856115249866865e-01 9.189193144152003612e-01 -5.644792209603789052e-02 -4.323182821819491295e+01 -5.557422117423366226e-02 3.768030493152724897e-02 9.977433039420231520e-01 1.002584567884468214e+01
9.188305427295505590e-01 3.929298028806967880e-01 3.683210224052292647e-02 -2.152922497694797244e+02 -3.906991435573463622e-01 9.188331932570400484e-01 -5.567532840160892282e-02 -4.257596197309909769e+01 -5.571905393019170594e-02 3.676592141110736345e-02 9.977693391019372138e-01 1.006223819725587809e+01
9.187089485661342758e-01 3.932009268428319215e-01 3.697159659043694480e-02 -2.149959028002789694e+02 -3.909899404266500289e-01 9.187362755848120788e-01 -5.523153455873679174e-02 -4.191410874458932767e+01 -5.568423753336937398e-02 3.628618269377810457e-02 9.977888447140712547e-01 1.010096732997024738e+01
9.185879900191977754e-01 3.936016838105014792e-01 3.569060232089450724e-02 -2.147254748421966042e+02 -3.914731801521834087e-01 9.185695027042212191e-01 -5.457854819666758950e-02 -4.126170177650487148e+01 -5.426650729525915595e-02 3.616328529403531333e-02 9.978714160565557156e-01 1.015137990695555459e+01
9.183240353881424456e-01 3.942194357800641868e-01 3.566514379174102328e-02 -2.144451334934413183e+02 -3.920581953864225588e-01 9.182830659430711862e-01 -5.519585339982450989e-02 -4.062456375900513450e+01 -5.450997577305839031e-02 3.670486691763191756e-02 9.978383713236225194e-01 1.018058300346209677e+01
9.181570303903326957e-01 3.946178923607968070e-01 3.555821386864586181e-02 -2.141601709132027622e+02 -3.924408682153934791e-01 9.180978362689106165e-01 -5.555652970347160768e-02 -3.996352738154018880e+01 -5.456951987285490330e-02 3.705512200853176841e-02 9.978221712478526628e-01 1.021965980083403736e+01
9.179132553161842845e-01 3.952816821474148257e-01 3.446226158503913617e-02 -2.138812278471418153e+02 -3.931667286632508085e-01 9.178111004502153003e-01 -5.516074113536349743e-02 -3.930039469580231781e+01 -5.343387677385252887e-02 3.708336081148781715e-02 9.978825808499924843e-01 1.025825798177849002e+01
9.178324472103682741e-01 3.955480383979179670e-01 3.354620943394004406e-02 -2.136033882214840958e+02 -3.934934032652227520e-01 9.177008430938532468e-01 -5.466355432629414757e-02 -3.864741831791183557e+01 -5.240744636575342397e-02 3.697177172371048093e-02 9.979411544079292984e-01 1.030022302342856655e+01
9.176113228040392311e-01 3.961587622149329024e-01 3.236812293219475112e-02 -2.133118815198352536e+02 -3.941754399075911297e-01 9.174398863559957151e-01 -5.412741908455127871e-02 -3.799495375936642461e+01 -5.113885837089442166e-02 3.690921353036283326e-02 9.980092820816305332e-01 1.034639565675751172e+01
9.176358760534709669e-01 3.962224034123252858e-01 3.085783553231567083e-02 -2.130463197085589115e+02 -3.943273574106970214e-01 9.174123474884373630e-01 -5.348382814693745935e-02 -3.733470877777402563e+01 -4.950085026618516321e-02 3.691059075543628998e-02 9.980918164743208809e-01 1.039505447841183816e+01
9.174226841234430774e-01 3.967615965672073308e-01 3.026308221542915733e-02 -2.127531340383698364e+02 -3.949218715922743206e-01 9.171961428168662334e-01 -5.280105055695268057e-02 -3.668444556975862980e+01 -4.870661139714370369e-02 3.648932845782898449e-02 9.981463795029786867e-01 1.043507696551865926e+01
9.172307500760469301e-01 3.972698007319697133e-01 2.940164181322854620e-02 -2.124821406797066174e+02 -3.954695711036810835e-01 9.169697233360005750e-01 -5.263406516856797973e-02 -3.604463895786458494e+01 -4.787033994033088047e-02 3.665012839649559734e-02 9.981809448404219687e-01 1.047214062299166315e+01
9.174835214122794014e-01 3.967648522972503922e-01 2.831324634273962165e-02 -2.121866386438231302e+02 -3.950214238922900578e-01 9.171829393391610630e-01 -5.228317560443920126e-02 -3.539121618407067160e+01 -4.671255294919419293e-02 3.678461317885527854e-02 9.982308498690324328e-01 1.051576564391002755e+01
9.174367849615724380e-01 3.969331050309880538e-01 2.745643330500285861e-02 -2.119122329317365825e+02 -3.952580619951903684e-01 9.171263141627132853e-01 -5.148192205155525253e-02 -3.474724274922474621e+01 -4.561589664995875648e-02 3.637903243318551388e-02 9.982964269053784534e-01 1.055502708978774606e+01
9.174189525617607588e-01 3.970217984654587640e-01 2.676111028590670571e-02 -2.116372329739495228e+02 -3.954034750039492896e-01 9.171025178639727882e-01 -5.078448269267672732e-02 -3.411354652807952448e+01 -4.470522827682497924e-02 3.600921091629491477e-02 9.983510300960793948e-01 1.058719173394023727e+01
9.175877560901579688e-01 3.967237279324123400e-01 2.535731785575809361e-02 -2.113389091942220546e+02 -3.951822521634021368e-01 9.172305200161962047e-01 -5.019124152558491342e-02 -3.345230909533580643e+01 -4.317056229063911954e-02 3.603410670777888042e-02 9.984176709700617325e-01 1.064454907135927009e+01
9.176594393365813396e-01 3.965359995839044527e-01 2.569736232504995707e-02 -2.110716259771943157e+02 -3.949280594614445472e-01 9.172713250268546004e-01 -5.143096473425469439e-02 -3.282100689694780016e+01 -4.396568260005596918e-02 3.704750082626603880e-02 9.983458826659420415e-01 1.069128738450397620e+01
9.175771369259936305e-01 3.966851928708765573e-01 2.632594818219808480e-02 -2.107787233495293435e+02 -3.950022248036338945e-01 9.171739928270780107e-01 -5.258430642135111799e-02 -3.216251477635736933e+01 -4.500489074396030881e-02 3.785134923130907547e-02 9.982694201319068927e-01 1.073192249579923363e+01
9.178649074928181273e-01 3.960788527073695331e-01 2.540775533600590427e-02 -2.104853317079516728e+02 -3.943895463329113449e-01 9.173834345282201319e-01 -5.352120884777561427e-02 -3.149971857395763308e+01 -4.450727284973628184e-02 3.910468630766238129e-02 9.982434203000080108e-01 1.075269707437568023e+01
9.178314092331756324e-01 3.961566750956311833e-01 2.540458624377448654e-02 -2.102082819911200033e+02 -3.944807866769599047e-01 9.173616279299114940e-01 -5.322173000297430318e-02 -3.084214850538580421e+01 -4.438933619429049487e-02 3.882695428381065933e-02 9.982595125784041734e-01 1.078285015385894141e+01
9.179505206320003330e-01 3.958695121317715171e-01 2.557676750476320371e-02 -2.099256429663975609e+02 -3.942640496234388059e-01 9.175540096516839883e-01 -5.148299279028095005e-02 -3.017880582341814844e+01 -4.384861281689639290e-02 3.717484010282681023e-02 9.983462978432700030e-01 1.083490295187407604e+01
9.182063055975621113e-01 3.952634609011914657e-01 2.576774800576759478e-02 -2.096361115480371495e+02 -3.936778535150519120e-01 9.178395445647271611e-01 -5.087551557473904418e-02 -2.951732435543171462e+01 -4.375989045527620830e-02 3.657002747642501550e-02 9.983725282066387985e-01 1.086615100594149119e+01
9.183401922004481577e-01 3.949227786144204888e-01 2.621622247215427831e-02 -2.093451314255536886e+02 -3.932996569575972767e-01 9.179749588531580518e-01 -5.135518236341085618e-02 -2.885643558409042342e+01 -4.434716706036955641e-02 3.685069673708146754e-02 9.983362935022002116e-01 1.091488778361866352e+01
9.180398350985715661e-01 3.955910998229293929e-01 2.665601082444088096e-02 -2.090625474048091519e+02 -3.939427189145734420e-01 9.176881625426357436e-01 -5.155162988028932219e-02 -2.818541199842574585e+01 -4.485527155620600004e-02 3.682550841476685960e-02 9.983145228552036121e-01 1.099336590424766946e+01
9.180385509860702342e-01 3.956303975198161016e-01 2.611144311808239610e-02 -2.087539285472541621e+02 -3.939453540191774072e-01 9.176147598434358788e-01 -5.282244375432184474e-02 -2.750865499210329546e+01 -4.485841002645519354e-02 3.820655802065623524e-02 9.982624815017905329e-01 1.101754855043643211e+01
9.176648594056772135e-01 3.965133004086504043e-01 2.585359570732900791e-02 -2.084732623721897369e+02 -3.948150657856481782e-01 9.172116599643976853e-01 -5.332761624176090426e-02 -2.682701966237339519e+01 -4.485832855371423011e-02 3.872949037095078234e-02 9.982423337722025058e-01 1.104056184984636246e+01
9.178541913881331782e-01 3.960861762109971762e-01 2.567925944779574782e-02 -2.081659151605442446e+02 -3.944060838931221502e-01 9.174020761113177436e-01 -5.307797786969136594e-02 -2.614458640654589772e+01 -4.458165922582697088e-02 3.858978830202221960e-02 9.982601383905286285e-01 1.108121715789551764e+01
9.180214413196756684e-01 3.956850053594352379e-01 2.588454772734175707e-02 -2.078580784567749902e+02 -3.940163738384833692e-01 9.175942292551615420e-01 -5.264909861335155539e-02 -2.545644069465060610e+01 -4.458397048848205396e-02 3.813406575923437847e-02 9.982775478814258641e-01 1.113396111300191649e+01
9.179169632769840215e-01 3.959181336449517086e-01 2.602460334871974090e-02 -2.075620786393381820e+02 -3.942325572564360781e-01 9.174866276047637381e-01 -5.290537747231774390e-02 -2.477586596162499788e+01 -4.482342386979022708e-02 3.830299750066226694e-02 9.982603573492505600e-01 1.118894731350192018e+01
9.177086505794872506e-01 3.963843717560865954e-01 2.627284680252863283e-02 -2.072557875583725604e+02 -3.946696822768654411e-01 9.172738516146278220e-01 -5.333407011980077078e-02 -2.406014758368588957e+01 -4.524018725706879795e-02 3.857604141949138449e-02 9.982310426375985424e-01 1.121853059254102369e+01
9.177188655350401181e-01 3.964201369862981328e-01 2.536057635077532124e-02 -2.069563908945222295e+02 -3.947344109138060664e-01 9.172376018961612143e-01 -5.347828071572466313e-02 -2.339198170813632061e+01 -4.446154160180892934e-02 3.906733494294135911e-02 9.982469206858824995e-01 1.126213161107687455e+01
9.177065597721305590e-01 3.964938026876384525e-01 2.464415917610178822e-02 -2.066417575681755068e+02 -3.948508796768570583e-01 9.172069975024910171e-01 -5.314232353668471576e-02 -2.266728411358529272e+01 -4.367439718660269532e-02 3.903829098156817723e-02 9.982828050545723420e-01 1.131354518135217013e+01
9.176516998518271517e-01 3.965933975865512107e-01 2.508056518118732467e-02 -2.063478583203608423e+02 -3.949456412302203567e-01 9.171822345008900923e-01 -5.286481995811868895e-02 -2.198303986572146229e+01 -4.396928737541822008e-02 3.860603199902805371e-02 9.982866702811311610e-01 1.136614624445993016e+01
9.174819431512515333e-01 3.970169394126003559e-01 2.458523562740969060e-02 -2.060242507835973811e+02 -3.954022804170592154e-01 9.170041181408332687e-01 -5.254030789538582935e-02 -2.127607744233676357e+01 -4.340415455221918739e-02 3.848372554995511952e-02 9.983161233974952031e-01 1.141426003262835565e+01
9.172094712868037458e-01 3.976276787107354549e-01 2.488001014658464821e-02 -2.057180043178787230e+02 -3.959937627864600351e-01 9.167388821671234034e-01 -5.271396169131913750e-02 -2.058428179063236740e+01 -4.376900291305255847e-02 3.849741609621629840e-02 9.982996661012724093e-01 1.144595325679324738e+01
9.169053302380770765e-01 3.983578415788316951e-01 2.440584834946839948e-02 -2.054141233017435582e+02 -3.967321774006412616e-01 9.164067349072483326e-01 -5.293652455141291402e-02 -1.987797882484685630e+01 -4.345336345956347240e-02 3.885519616847488145e-02 9.982995937767180639e-01 1.149097021562724130e+01
9.170484935797841297e-01 3.980063678567325458e-01 2.475866653396137373e-02 -2.051125903137813680e+02 -3.963917425986165921e-01 9.165863019101699871e-01 -5.237497064696922111e-02 -1.917769481951651400e+01 -4.353902643239393466e-02 3.821625696127353700e-02 9.983205251226627830e-01 1.154070217378724195e+01
9.169712496581490235e-01 3.975565946947965945e-01 3.335388005989353699e-02 -2.048051043267300315e+02 -3.955148381841134264e-01 9.168383300844094030e-01 -5.454804546659926257e-02 -1.848049079028410802e+01 -5.226605089890661027e-02 3.682703494321594440e-02 9.979539214917310108e-01 1.161285439061391145e+01
9.168989126403185308e-01 3.976292050798539424e-01 3.445866025493463797e-02 -2.045014795987403886e+02 -3.955302391219367997e-01 9.168130675487061731e-01 -5.486008669401755411e-02 -1.778110875870468277e+01 -5.340612267469937308e-02 3.667171170664243474e-02 9.978992792969437753e-01 1.165787729921913751e+01
9.166247463973067333e-01 3.982503126186500708e-01 3.457980322703543136e-02 -2.041942857380684870e+02 -3.961357783498827834e-01 9.165392304260522316e-01 -5.506618019394902280e-02 -1.709358447169855921e+01 -5.362386971494648852e-02 3.677672618881944883e-02 9.978837372197360001e-01 1.170257731233684062e+01
9.162656327420268809e-01 3.991954398585192409e-01 3.317063538758963093e-02 -2.039000609731289728e+02 -3.971111320587698001e-01 9.160918840922485096e-01 -5.548340918974360020e-02 -1.638470264265067300e+01 -5.253607380510390279e-02 3.766511245805079927e-02 9.979084628625348730e-01 1.171409990111195754e+01
9.161533028336864559e-01 3.994484414986832488e-01 3.322752309758585793e-02 -2.035938598465037046e+02 -3.973624753580181079e-01 9.159835044621992273e-01 -5.547326140129782424e-02 -1.568893183749156250e+01 -5.259457086312283730e-02 3.761864082368301943e-02 9.979071344460378468e-01 1.176407634793532431e+01
9.161600794022586314e-01 3.994624828849386855e-01 3.286995097421371859e-02 -2.032951593876223910e+02 -3.973686321453074877e-01 9.159560552431149638e-01 -5.588090058722221254e-02 -1.499481394858707795e+01 -5.242975392479359842e-02 3.813436286175260481e-02 9.978962327178682035e-01 1.180783887739881521e+01
9.160832925518035408e-01 3.996722125926635005e-01 3.245802810910773661e-02 -2.029838150307976434e+02 -3.975571630766411291e-01 9.158309090311177458e-01 -5.658664285579673159e-02 -1.430218926372022992e+01 -5.234217414188882533e-02 3.893415652767251434e-02 9.978699455648410988e-01 1.185723039219688779e+01
9.158678212332701518e-01 4.002209140857823644e-01 3.177033140783420972e-02 -2.026733682247149204e+02 -3.980908254877256192e-01 9.155490544732547420e-01 -5.739009945653113232e-02 -1.360203198062431262e+01 -5.205601494471140400e-02 3.991426789345051129e-02 9.978461918184614587e-01 1.189958856211951144e+01
9.156274052727497725e-01 4.008778208500588525e-01 3.038794932205618124e-02 -2.023807282182950757e+02 -3.987912183042420233e-01 9.152295412219279003e-01 -5.762335531811640932e-02 -1.291100696553268001e+01 -5.091187402669582196e-02 4.064307598112629205e-02 9.978758046259476044e-01 1.196499432247436268e+01
9.158181479398894709e-01 4.005059108537322721e-01 2.953193652934021571e-02 -2.020816277236976077e+02 -3.984311956098310348e-01 9.153570735989311480e-01 -5.808623053118133067e-02 -1.222998181553840880e+01 -5.029614566615688009e-02 4.142997928581728523e-02 9.978746687573071261e-01 1.198920193295057324e+01
9.157253123303664699e-01 4.007232235653389596e-01 2.946269595363103927e-02 -2.017811978806152524e+02 -3.986412832966894637e-01 9.152529967199005689e-01 -5.828446831541236883e-02 -1.153361941844179661e+01 -5.032176079015199949e-02 4.162751602780469240e-02 9.978651563715077444e-01 1.204030278554458810e+01
9.162733886436430497e-01 3.995009913215765152e-01 2.901784272776040952e-02 -2.014739181239901598e+02 -3.974324462595543728e-01 9.157710994300261031e-01 -5.840157625328040725e-02 -1.083706179868682895e+01 -4.990518934581690547e-02 4.197917795525452078e-02 9.978713447607157061e-01 1.208074699788282302e+01
9.170057614615709785e-01 3.979244411148004645e-01 2.750586500654128574e-02 -2.011699245158797282e+02 -3.959431819425963117e-01 9.164451520876546464e-01 -5.794203904081674655e-02 -1.015864561835101298e+01 -4.826417014159117835e-02 4.224242391848676698e-02 9.979409539156284259e-01 1.214063068235415699e+01
9.173513052128277057e-01 3.971969868661925362e-01 2.647898126324000484e-02 -2.008657783359954294e+02 -3.952598597692631444e-01 9.167400731568062788e-01 -5.794205315343844975e-02 -9.462524497619471120e+00 -4.728875214576686720e-02 4.268713966607660948e-02 9.979687279808046041e-01 1.219140012661002892e+01
9.176064841296820429e-01 3.966903903468864678e-01 2.520068430813857119e-02 -2.005765737964969730e+02 -3.948145772626919792e-01 9.169401104137190339e-01 -5.781248563553205433e-02 -8.772156841118672332e+00 -4.604117574568883375e-02 4.309951416097003440e-02 9.980093396431933828e-01 1.223421201958825577e+01
9.179023897412735833e-01 3.958467083573927181e-01 2.757873075173095795e-02 -2.002833320941770410e+02 -3.938469592937719477e-01 9.173261424623382343e-01 -5.828654227363200269e-02 -8.096572741884852320e+00 -4.837122659504406591e-02 4.263955719497170005e-02 9.979188807713318399e-01 1.228368160285369370e+01
9.181927404805021453e-01 3.952161221659380441e-01 2.695010406331525832e-02 -1.999958828691265751e+02 -3.932504207539461172e-01 9.175909314267794992e-01 -5.814627365686986238e-02 -7.412427680601912705e+00 -4.770951588257361931e-02 4.279134659546922348e-02 9.979442382973092718e-01 1.235082899626294228e+01
9.185233072030181134e-01 3.944003184792870820e-01 2.762829904766094663e-02 -1.996935427363858935e+02 -3.923899676675837722e-01 9.179380018467468982e-01 -5.848023631479520174e-02 -6.730979541572137848e+00 -4.842568944953346693e-02 4.287439269585770901e-02 9.979061774797762796e-01 1.239597636313456164e+01
9.189768647253546696e-01 3.932237305204517308e-01 2.926806886585283513e-02 -1.993994762349167900e+02 -3.911162324483483110e-01 9.184457924993547628e-01 -5.903743689932394734e-02 -6.044024340610095081e+00 -5.009605588234183199e-02 4.280682183731052137e-02 9.978266188016944316e-01 1.244094136031415943e+01
9.195152105860469050e-01 3.920487030526407235e-01 2.809967856826999649e-02 -1.991048023798415727e+02 -3.899884581373633807e-01 9.189201751091056192e-01 -5.911610860918233706e-02 -5.368006679797349356e+00 -4.899775526021323685e-02 4.339961073780478767e-02 9.978555475454687906e-01 1.247388770779715017e+01
9.200467410497856768e-01 3.907929789732536019e-01 2.819294005382865648e-02 -1.988101975766022917e+02 -3.887200180849099684e-01 9.194450602122226091e-01 -5.930875813410381447e-02 -4.696932719905003495e+00 -4.909930573578268759e-02 4.360766946940111688e-02 9.978414850765183752e-01 1.252325406146545994e+01
9.204651897289032325e-01 3.897606440172042275e-01 2.881796093807487830e-02 -1.985160515658918428e+02 -3.876898039300495924e-01 9.199170403113915429e-01 -5.873035734106572814e-02 -4.008593628385961338e+00 -4.940091523457745132e-02 4.288681988704426407e-02 9.978578407037559383e-01 1.257451530820215169e+01
9.208232493381717232e-01 3.887750189887146934e-01 3.063540580138696470e-02 -1.982226424433048919e+02 -3.866026872838462802e-01 9.203437332201667154e-01 -5.920958458961794735e-02 -3.326511935777468398e+00 -5.121431111710586515e-02 4.267783186492800362e-02 9.977753740216829259e-01 1.263795357334907621e+01
9.209769719113528597e-01 3.883549004588554010e-01 3.133510010495674236e-02 -1.979377277750864721e+02 -3.861150662446373727e-01 9.205013500772039059e-01 -5.993680109034937170e-02 -2.658708501585621775e+00 -5.212075237268186390e-02 4.310145932143532449e-02 9.977102241515160008e-01 1.267320817286371515e+01
9.210711111737502899e-01 3.880566609953963741e-01 3.224958942772541970e-02 -1.976388954693202038e+02 -3.857579946395378601e-01 9.206269063231125038e-01 -6.030645840718344697e-02 -1.968131900293041303e+00 -5.309216263098677502e-02 4.310599971047021639e-02 9.976588069355804000e-01 1.271822324977344287e+01
9.210302967022864218e-01 3.881638734938099855e-01 3.212475479719222732e-02 -1.973556360141824371e+02 -3.858735622034227264e-01 9.205821892541412588e-01 -6.024970390378528440e-02 -1.298008182852168568e+00 -5.296023554460011634e-02 4.309570909422420770e-02 9.976662634913172623e-01 1.277551203689839987e+01
9.208894749695207826e-01 3.884479424054917418e-01 3.272263637453642210e-02 -1.970604687795974428e+02 -3.861317994885576921e-01 9.204739544757453151e-01 -6.024892161285372305e-02 -6.336281321767394115e-01 -5.352390413720419654e-02 4.284734732423120529e-02 9.976468796689478280e-01 1.281896912111679043e+01
9.204478063217187422e-01 3.895000137540910456e-01 3.264314817995760815e-02 -1.967808063054382330e+02 -3.871835239566415732e-01 9.200280478408492391e-01 -6.031011492836736709e-02 4.207601409002637016e-02 -5.352340248949586515e-02 4.287342383947166657e-02 9.976457862960322887e-01 1.286385668222773404e+01
9.202853739691573276e-01 3.900108876465676611e-01 3.108597715344723830e-02 -1.964848095343193677e+02 -3.877613224251681423e-01 9.197844835237977135e-01 -6.031302263977129235e-02 7.084029925926261795e-01 -5.211513493730077218e-02 4.345125298535291308e-02 9.976953449447730771e-01 1.291524302591096252e+01
9.200701412434685311e-01 3.905707619517799212e-01 3.042063609837812599e-02 -1.962034325613508088e+02 -3.883252357959750545e-01 9.195151338547703501e-01 -6.079004734365836549e-02 1.382452471470025479e+00 -5.171505038404483612e-02 4.411800675971065677e-02 9.976869023112039381e-01 1.296542802619464929e+01
9.198563606902583345e-01 3.911388702711908194e-01 2.957464895226863399e-02 -1.959238549739237385e+02 -3.889181147345119327e-01 9.192484754376104572e-01 -6.103229011746111321e-02 2.050907656536371082e+00 -5.105855196758277148e-02 4.463882355758846954e-02 9.976975492113669963e-01 1.300941014628023851e+01
9.196644432275924430e-01 3.916566412768661132e-01 2.867729426927422692e-02 -1.956384696844839368e+02 -3.894739441975977878e-01 9.190106728434138672e-01 -6.106905919581689934e-02 2.720039680833892248e+00 -5.027284211230604455e-02 4.499398341578443594e-02 9.977214956100380894e-01 1.305093962682921216e+01
9.187748125022024981e-01 3.937323322541490533e-01 2.876967933868889576e-02 -1.953628833033301646e+02 -3.915638742407593353e-01 9.181482375467094892e-01 -6.067574704474548719e-02 3.370590643107734596e+00 -5.030483377479161994e-02 4.448218101194575946e-02 9.977428322324901622e-01 1.310847226674829713e+01
9.175787556211322249e-01 3.965495962557895049e-01 2.824260862853935489e-02 -1.950724295437535716e+02 -3.943745648171334550e-01 9.169072200450127941e-01 -6.123603885477083703e-02 4.043212204250461461e+00 -5.017897824857652650e-02 4.505072184434710109e-02 9.977236604407214715e-01 1.314853829274933794e+01
9.159932158651167278e-01 4.002481823928830673e-01 2.752854845928151550e-02 -1.947688067006069730e+02 -3.981024484552442289e-01 9.152945598553627882e-01 -6.123976839536070249e-02 4.702817173055509059e+00 -4.970783663589933843e-02 4.513602984724258971e-02 9.977433887461282236e-01 1.320467715677510157e+01
9.140356180124660224e-01 4.047328387851848452e-01 2.702255009163531674e-02 -1.944844207151957676e+02 -4.025592030068569915e-01 9.132789642736784952e-01 -6.219020412959835181e-02 5.356210749463713228e+00 -4.984954442172476186e-02 4.596588543781725961e-02 9.976984315397433578e-01 1.322790027369705790e+01
9.123817346943789985e-01 4.084616212301180327e-01 2.680809911462253212e-02 -1.941876085228587669e+02 -4.063030739492025645e-01 9.116309001460894956e-01 -6.202349553402691784e-02 6.009467543579745552e+00 -4.977330906725653537e-02 4.569689137013852043e-02 9.977145943723590982e-01 1.328896484826758062e+01
9.103484775981021127e-01 4.129539748880660666e-01 2.710468518474886887e-02 -1.938765164039859030e+02 -4.107806134311843271e-01 9.096252747163076080e-01 -6.197698949111456884e-02 6.647395044677008258e+00 -5.024875086922787892e-02 4.528657882229943782e-02 9.977094711461117482e-01 1.334116557674346559e+01
9.085891738698885778e-01 4.167695566804981433e-01 2.772814005256295233e-02 -1.935725350469629973e+02 -4.145727417997693842e-01 9.079134179799391857e-01 -6.182772200725239475e-02 7.311411149953273458e+00 -5.094266270087653703e-02 4.468066781422755374e-02 9.977016001994881700e-01 1.341210026707332581e+01
9.068614295689176874e-01 4.205115494579734770e-01 2.779180333611296072e-02 -1.932781381542420149e+02 -4.183037776261972485e-01 9.061933398985759780e-01 -6.193206235155513523e-02 7.941773334892906711e+00 -5.122789458753686243e-02 4.453838227774224029e-02 9.976933573599705563e-01 1.345967180832742471e+01
9.055580949520077860e-01 4.232847366729009519e-01 2.818808909173018198e-02 -1.929683247301579456e+02 -4.210002055898346973e-01 9.048680178748560454e-01 -6.302933539667089635e-02 8.571185407799523759e+00 -5.218585594016153517e-02 4.520953358509746667e-02 9.976135196120843318e-01 1.347979169690849943e+01
9.049292522430524288e-01 4.246475325133964862e-01 2.788407368219180879e-02 -1.926657908953096694e+02 -4.223809986719863074e-01 9.042313549650295990e-01 -6.292812295756237961e-02 9.217580064922202610e+00 -5.193592586722149684e-02 4.516779636411836357e-02 9.976284527698295879e-01 1.352805889894590408e+01
9.049908623123201767e-01 4.245092031009571332e-01 2.799063439426697705e-02 -1.923499208847554769e+02 -4.222460190595222485e-01 9.043051458400740428e-01 -6.277342268466735986e-02 9.849892022530005065e+00 -5.195997035785147877e-02 4.499043998176309456e-02 9.976352147907864287e-01 1.356962591500400528e+01
9.049347507480358654e-01 4.246011703569765317e-01 2.840674251082157126e-02 -1.920502853146667235e+02 -4.223318289913351453e-01 9.042817623244374658e-01 -6.253255590684998755e-02 1.048602041005742080e+01 -5.223909560304381555e-02 4.459081137292172925e-02 9.976385800637826984e-01 1.362363171429349329e+01
9.052736562763658013e-01 4.238969207394053251e-01 2.812486159380393758e-02 -1.917592134024377231e+02 -4.216481675176383392e-01 9.046106414981494037e-01 -6.238918269479198919e-02 1.111435526056482104e+01 -5.188863152018816094e-02 4.462048717749388105e-02 9.976555427816783395e-01 1.368800998586367790e+01
9.058467431700574224e-01 4.226623177689926569e-01 2.825319497584718315e-02 -1.914598288264031964e+02 -4.204182181914849492e-01 9.051954681863194629e-01 -6.220680177960330459e-02 1.175479618989301223e+01 -5.186713507508478732e-02 4.447167090511669474e-02 9.976633053219958747e-01 1.373555807289412378e+01
9.066432668974766518e-01 4.210158449329795549e-01 2.726985340701910260e-02 -1.911601274493920073e+02 -4.188275626483324854e-01 9.059467196515871290e-01 -6.200011224655736786e-02 1.238000753934786147e+01 -5.080806388289253045e-02 4.479061807898988834e-02 9.977035337095754297e-01 1.379209797037024110e+01
9.069949884448230693e-01 4.202956043132257125e-01 2.667762978518966460e-02 -1.908731681845234505e+02 -4.181107061912254230e-01 9.062453427251700999e-01 -6.247252321792156476e-02 1.300753857388317769e+01 -5.043340464662277728e-02 4.550806284516398931e-02 9.976900760816610481e-01 1.382203949488491368e+01
9.076652866246317508e-01 4.188530215837858450e-01 2.656828497960836769e-02 -1.905850381613873026e+02 -4.166680617703056311e-01 9.069009864874397753e-01 -6.259654150738203082e-02 1.364179480310259684e+01 -5.031355440834808790e-02 4.574655198199402417e-02 9.976852205102353377e-01 1.385626704036970835e+01
9.084103717841189862e-01 4.172594300748704854e-01 2.617564609771937112e-02 -1.902989698959068789e+02 -4.151162435827801533e-01 9.076431634144671579e-01 -6.214814736338383772e-02 1.427903749513792597e+01 -4.969004677760616162e-02 4.559008577062820255e-02 9.977236307368219093e-01 1.390847902412654591e+01
9.091541465113874843e-01 4.156406041099457438e-01 2.610796997604356712e-02 -1.900024300554988201e+02 -4.135331963115309595e-01 9.084085450605026146e-01 -6.151593947449380401e-02 1.490790384093708631e+01 -4.928522526599048853e-02 4.513095917638080407e-02 9.977645830025739793e-01 1.395919144727916361e+01
9.098739085727278741e-01 4.140592308151001544e-01 2.616149604657389688e-02 -1.897141034968800000e+02 -4.119774411469712683e-01 9.091517378467471877e-01 -6.097299038290057704e-02 1.554438764459542277e+01 -4.903119909385377645e-02 4.469978687921297156e-02 9.977965075947959894e-01 1.402913132703700860e+01
9.109588317159744708e-01 4.116081846203718531e-01 2.706860307051069114e-02 -1.894278378683630137e+02 -4.094594369680968349e-01 9.102503742027796552e-01 -6.154043988686420941e-02 1.617028925375079496e+01 -4.996975481665016927e-02 4.497731224986076248e-02 9.977374729789105778e-01 1.407124680262758076e+01
9.118834365578567525e-01 4.095699330135063043e-01 2.685271127363417915e-02 -1.891371181951529934e+02 -4.074096632437330667e-01 9.111385715225458481e-01 -6.199894982564269769e-02 1.678629347774492331e+01 -4.985944671836262804e-02 4.559576137281270286e-02 9.977149202641866221e-01 1.412205245384079255e+01
9.129583451764613500e-01 4.072215227557314243e-01 2.603250616365335862e-02 -1.888599290159421855e+02 -4.051165138351279227e-01 9.121821052520066031e-01 -6.167995684247670751e-02 1.741542050758354776e+01 -4.886379222624832180e-02 4.576503318605236459e-02 9.977564289678867437e-01 1.416640856362333523e+01
9.139282525585495920e-01 4.049483882075895491e-01 2.742174435282042355e-02 -1.885694270242718744e+02 -4.028983673298031642e-01 9.133194441307496136e-01 -5.933378949365636368e-02 1.806758222084015841e+01 -4.907193473111802484e-02 4.317865052052759223e-02 9.978614880638350115e-01 1.417540529820135120e+01
9.152348366943141578e-01 4.018325905758341476e-01 2.959329066268341635e-02 -1.882947015795508605e+02 -3.998046207008472686e-01 9.148205261267278177e-01 -5.709352190457814974e-02 1.870797444208644222e+01 -5.001458754587199962e-02 4.042244584795576939e-02 9.979301412946125494e-01 1.423564412363959519e+01
9.162286581176234401e-01 3.996749413753920566e-01 2.801762446311252541e-02 -1.880225252828838620e+02 -3.977066472594520397e-01 9.157271219769640425e-01 -5.721241824492599715e-02 1.932898858043798995e+01 -4.852286852222262303e-02 4.127686170681389710e-02 9.979688130988921824e-01 1.428478884660801107e+01
9.163666413331376104e-01 3.995680459717326771e-01 2.485065975293364315e-02 -1.877662740089965894e+02 -3.976250747680457609e-01 9.156139059827039794e-01 -5.954389210323887682e-02 1.994838450306425059e+01 -4.654544625987358519e-02 4.468279097625224572e-02 9.979163139377178471e-01 1.434854907308605476e+01
9.166296331318681823e-01 3.991677517979208001e-01 2.133592250478594243e-02 -1.875042633256876741e+02 -3.972830243567960218e-01 9.156084334036427297e-01 -6.186594570557034378e-02 2.056751450823970728e+01 -4.423024103997331979e-02 4.823175929530944261e-02 9.978563940632064755e-01 1.437801953554887824e+01
9.169391705785366886e-01 3.985197742026678203e-01 2.011335447407797822e-02 -1.872284836091948534e+02 -3.966884288398107028e-01 9.158557089151936337e-01 -6.202105184572898056e-02 2.120063013740439217e+01 -4.313754609789113154e-02 4.889079685281097487e-02 9.978721571923677702e-01 1.439507309775117783e+01
9.175472696017903385e-01 3.970018224409333496e-01 2.228364927199052992e-02 -1.869800045053570443e+02 -3.952659173587902974e-01 9.167639388907815601e-01 -5.752160397601290692e-02 2.183875944517319212e+01 -4.326502768765350115e-02 4.397082359971125204e-02 9.980955385388463608e-01 1.442058677406892642e+01
9.182564642167232449e-01 3.954413565240106898e-01 2.076534311423668469e-02 -1.866859698365471161e+02 -3.939430234946154075e-01 9.175817932635528251e-01 -5.340923994182658618e-02 2.248771955217748442e+01 -4.017412306600653960e-02 4.086301777515878586e-02 9.983567767157112138e-01 1.448097356699053684e+01
9.188327369203843631e-01 3.940786966020707882e-01 2.117504304148418864e-02 -1.864168819796359458e+02 -3.926047268923683053e-01 9.182124746751295641e-01 -5.241545356804110795e-02 2.309573243314794055e+01 -4.009900229637357316e-02 3.984761266861049783e-02 9.984008402337448684e-01 1.455933865220700874e+01
9.192809388098363010e-01 3.930698288887748970e-01 2.046130881090759551e-02 -1.861474355440779220e+02 -3.915866582650582850e-01 9.185912247920806628e-01 -5.338586707912243434e-02 2.369838172737099669e+01 -3.977995235933013546e-02 4.106423446668010235e-02 9.983643042687148084e-01 1.461774860931722841e+01
9.196377003840382480e-01 3.922950632423061190e-01 1.926352480915378279e-02 -1.858829325563868338e+02 -3.908031864636987152e-01 9.188359376678582047e-01 -5.489434488039134780e-02 2.432262543698935886e+01 -3.923479937730494499e-02 4.295466221195159279e-02 9.983063294961520562e-01 1.465647978160598264e+01
9.202811244595677787e-01 3.907844717472898077e-01 1.923924646718923326e-02 -1.856122854948086172e+02 -3.893010878983121925e-01 9.194826941973699430e-01 -5.473790307215441187e-02 2.494450833868087258e+01 -3.908087671258459600e-02 4.288439940978056031e-02 9.983153877220556360e-01 1.468725615082591673e+01
9.207688250154979492e-01 3.896277133752291677e-01 1.936532596083897703e-02 -1.853641689422490231e+02 -3.881431034678567427e-01 9.199769452340044174e-01 -5.465666901897966307e-02 2.557570739317124975e+01 -3.911140639148517895e-02 4.280963919376017807e-02 9.983174007710073905e-01 1.471068166705980218e+01
9.213622496224358471e-01 3.881959844558802164e-01 1.988674490745517831e-02 -1.851072752542831097e+02 -3.867351541686082639e-01 9.206366523961437842e-01 -5.351705144161666983e-02 2.618721620541215245e+01 -3.908357072820996259e-02 4.161768755171109391e-02 9.983688910327590538e-01 1.475964922986174344e+01
9.220825757097681485e-01 3.865035000416609523e-01 1.946196362100819505e-02 -1.848283919169542742e+02 -3.850471740032082590e-01 9.213219641664681658e-01 -5.389352592458748759e-02 2.681192840217515183e+01 -3.876077094928267325e-02 4.220050710580235120e-02 9.983570102099901256e-01 1.481383620393516587e+01
9.224296214982296016e-01 3.856676917117941028e-01 1.959655460353913747e-02 -1.845676826952774263e+02 -3.841986865745334323e-01 9.216645569077441813e-01 -5.409079195625596248e-02 2.742978567809826629e+01 -3.892252069222142813e-02 4.236597821068280312e-02 9.983437089866473713e-01 1.487534343663751280e+01
9.228088846838760073e-01 3.847278603579574741e-01 2.020484627233530561e-02 -1.843104121665253956e+02 -3.832025802501892731e-01 9.220325049210356116e-01 -5.488025472460626025e-02 2.803835959147749790e+01 -3.974348799612321959e-02 4.290143742846361935e-02 9.982884962917651928e-01 1.492776963973085103e+01
9.233347295426712620e-01 3.835272670821054386e-01 1.896872755072197964e-02 -1.840640638371210969e+02 -3.820615927649494981e-01 9.225138295462947946e-01 -5.474644855823731365e-02 2.864858817061772456e+01 -3.849566929242866781e-02 4.330207501218859972e-02 9.983200958336794217e-01 1.495376579210834045e+01
9.238646622401157638e-01 3.822944559091546735e-01 1.802872278006027382e-02 -1.837953204798131708e+02 -3.809208452523806798e-01 9.230638468483286507e-01 -5.340827926246305424e-02 2.927324470804857270e+01 -3.705935126481202380e-02 4.247450556143980704e-02 9.984099963748072071e-01 1.498858051456480212e+01
9.244796725060089315e-01 3.808045970457688556e-01 1.803313594448336526e-02 -1.835523488938632113e+02 -3.794552562987884015e-01 9.237033432535310951e-01 -5.278107738072486399e-02 2.989322548588949502e+01 -3.675654486487318212e-02 4.195226490976200484e-02 9.984432702354889555e-01 1.503179749274267074e+01
9.251484573222895635e-01 3.791738042085027183e-01 1.809856669020482381e-02 -1.832813860266341237e+02 -3.778501485585262221e-01 9.244029480650515218e-01 -5.204281740011101193e-02 3.051807755970225244e+01 -3.646364145950582725e-02 4.130878611982802956e-02 9.984808395962432304e-01 1.508577848105042385e+01
9.256412387886165938e-01 3.779387310857397209e-01 1.872465217771250925e-02 -1.830330087045020662e+02 -3.766026623253558858e-01 9.249307269220701233e-01 -5.170672224058444483e-02 3.113106040287264875e+01 -3.686097914230383743e-02 4.081012056723069131e-02 9.984867561845568451e-01 1.514720522875698450e+01
9.262694627326737429e-01 3.764148905050065941e-01 1.834973065273242873e-02 -1.827738958446443860e+02 -3.750679778736500380e-01 9.255120790116879714e-01 -5.245382328519306719e-02 3.175314453186737040e+01 -3.672729751417980193e-02 4.170397834220391370e-02 9.984547480020002919e-01 1.518277877490214500e+01
9.265633869857609062e-01 3.757214296679469157e-01 1.771149868726934473e-02 -1.825322021366995671e+02 -3.743893955727763401e-01 9.257673011593813284e-01 -5.279663423672587008e-02 3.235215575591324466e+01 -3.623355323627957397e-02 4.228843095161431698e-02 9.984482050800252972e-01 1.523153144802600245e+01
9.272070618979278978e-01 3.741749681813468786e-01 1.673790766793037399e-02 -1.822850874499575582e+02 -3.728806868579567224e-01 9.263679147888693732e-01 -5.293845311359703792e-02 3.298511138646632901e+01 -3.531370463361917927e-02 4.284366506509659084e-02 9.984574916484123541e-01 1.526053349026508243e+01
9.273779678074993704e-01 3.737944119042576063e-01 1.574301287501458924e-02 -1.820472990792518715e+02 -3.725343590760367696e-01 9.264923467265251400e-01 -5.319852220675722748e-02 3.360399567032882118e+01 -3.447109126556856251e-02 4.347032420314528994e-02 9.984598513614026949e-01 1.528105377458770064e+01
9.274807421243198569e-01 3.735702512633881645e-01 1.499134281944277357e-02 -1.818025428030257729e+02 -3.723507942025217066e-01 9.265789877686174680e-01 -5.297419638310234269e-02 3.422432040236380857e+01 -3.368024710824322338e-02 4.355050856985744068e-02 9.984833469607965473e-01 1.532872231029295840e+01
9.271699722729821458e-01 3.743483394555141008e-01 1.480416367839623541e-02 -1.815479455157142468e+02 -3.731361114198666340e-01 9.262627239904648313e-01 -5.297932143982980041e-02 3.484282462467132291e+01 -3.354526598163219686e-02 4.359686792262840865e-02 9.984858678206509630e-01 1.538519586753884205e+01
9.267824202698876634e-01 3.753268823751675920e-01 1.428554672479791406e-02 -1.812966319065796768e+02 -3.741253316886353208e-01 9.258445730567381737e-01 -5.331100008680043217e-02 3.545896151749533942e+01 -3.323524736718370953e-02 4.406311278068458098e-02 9.984757685715356379e-01 1.543733855809844790e+01
9.263003901813418040e-01 3.765283127743382918e-01 1.392899239729648679e-02 -1.810453359424010671e+02 -3.753216973967588022e-01 9.253259945692851041e-01 -5.390201515323046061e-02 3.607560511464333786e+01 -3.318449356415906215e-02 4.470160459841810568e-02 9.984490752828694138e-01 1.548165869808029171e+01
9.259068817633283599e-01 3.774957364788018577e-01 1.390738090500279363e-02 -1.807858654365609539e+02 -3.762767410136103052e-01 9.249164161638249171e-01 -5.427188298596938298e-02 3.669899014288270678e+01 -3.335056934276026119e-02 4.501768597999378230e-02 9.984293402507362636e-01 1.552275485810907973e+01
9.253785119950473925e-01 3.787892201422162763e-01 1.390454033341409490e-02 -1.805382738743015523e+02 -3.775492116183311042e-01 9.243629886578478283e-01 -5.486035003450282638e-02 3.731914209481860212e+01 -3.363335166480656974e-02 4.551694084165989335e-02 9.983972184217102530e-01 1.555165330450564731e+01
9.248820975405289690e-01 3.800293588308956694e-01 1.306874422466743242e-02 -1.802789972877801574e+02 -3.788350561206231260e-01 9.238527820115775002e-01 -5.458971902797310483e-02 3.793178852165767978e+01 -3.281929163031610530e-02 4.553815538696193155e-02 9.984233423257076190e-01 1.560611848079515340e+01
9.244696469812675454e-01 3.810396624080644723e-01 1.283150350812062128e-02 -1.800146554962312848e+02 -3.798469233857307281e-01 9.234225115872654044e-01 -5.483775969404324629e-02 3.856603540011487752e+01 -3.274426063794234898e-02 4.582183721562291950e-02 9.984128267552753178e-01 1.564364605059307500e+01
9.239874976686103247e-01 3.822295111428328229e-01 1.215339309044475603e-02 -1.797534970205036871e+02 -3.810762152221660037e-01 9.229336545794383229e-01 -5.453794492453321874e-02 3.918307251358642418e+01 -3.206278752774373991e-02 4.576101021779402367e-02 9.984377334615301969e-01 1.569149234466882170e+01
9.237986283279319144e-01 3.826948312843846955e-01 1.186424913965446366e-02 -1.794908819047539623e+02 -3.815526686683444191e-01 9.227338456575724379e-01 -5.458764613034493979e-02 3.981366707056507437e+01 -3.183795426053696170e-02 4.590115669788192437e-02 9.984384950923619328e-01 1.574333026529789947e+01
9.237762044420336771e-01 3.827363989042144587e-01 1.226266938737617489e-02 -1.792251078878019825e+02 -3.815683893467077259e-01 9.227135172681949493e-01 -5.482088381188049420e-02 4.043736565926246840e+01 -3.229687845642836841e-02 4.596318096466438241e-02 9.984209020436122239e-01 1.580756586001869479e+01
9.235322316094631834e-01 3.833259225586051477e-01 1.222514920314796139e-02 -1.789722010965674315e+02 -3.821452771266417581e-01 9.224495714333302843e-01 -5.524287585080457641e-02 4.106670917360739992e+01 -3.245310999345250164e-02 4.634679338486655253e-02 9.983981021590001559e-01 1.584853191287165863e+01
9.235058667405303678e-01 3.834057838091323722e-01 1.170124085414319531e-02 -1.787037937371499368e+02 -3.822338456136284979e-01 9.223837672907981844e-01 -5.572677189512768858e-02 4.171354843628831333e+01 -3.215900127862575397e-02 4.699139048953127062e-02 9.983774876551563260e-01 1.589252639720557170e+01
9.236079380261643657e-01 3.831741642567108586e-01 1.122215047253205880e-02 -1.784236568110015071e+02 -3.820203256098831379e-01 9.224631774592930711e-01 -5.587626555724430760e-02 4.233975077864777603e+01 -3.176236193950135456e-02 4.732067283836900035e-02 9.983746322328849176e-01 1.591192819177335238e+01
9.235285943135832509e-01 3.833789049799147253e-01 1.074945122220540006e-02 -1.781674427277904158e+02 -3.822706696068428056e-01 9.224046074321178290e-01 -5.512599519588435443e-02 4.296580664709344433e+01 -3.104948700885525048e-02 4.680123293677387192e-02 9.984215412099665121e-01 1.598363353737506287e+01
9.235946821849267963e-01 3.832234986038911551e-01 1.061193467363491863e-02 -1.778956448239183885e+02 -3.821321027989511565e-01 9.224817035529421227e-01 -5.479564417463943238e-02 4.361002390542376617e+01 -3.078829404458652622e-02 4.655380465499323051e-02 9.984411971778652806e-01 1.602418728896445543e+01
9.235127342759825719e-01 3.834185266898229583e-01 1.069873922964682984e-02 -1.776338442280431309e+02 -3.823233496335476933e-01 9.224034069336654040e-01 -5.477966047860154813e-02 4.425972536284509573e+01 -3.087209022859522395e-02 4.649933621216887497e-02 9.984411478784041005e-01 1.608465614407993982e+01
9.234777151694145703e-01 3.834866808933884985e-01 1.126388755492798745e-02 -1.773774707812302722e+02 -3.823659069204062289e-01 9.223871096820658311e-01 -5.475703714866186900e-02 4.489461105259332641e+01 -3.138825911727013279e-02 4.625997697510350615e-02 9.984361730826112336e-01 1.613495307297811010e+01
9.232516052055671496e-01 3.840448425830116363e-01 1.077183228301533714e-02 -1.771072617956952513e+02 -3.829510915487999156e-01 9.221536384757188509e-01 -5.459971179022673343e-02 4.552681157819415603e+01 -3.090202205238823385e-02 4.628418662332683259e-02 9.984502186397130608e-01 1.618367998147422071e+01
9.229343770241421607e-01 3.848177006931005062e-01 1.036691566156243589e-02 -1.768320401731502614e+02 -3.837371048276376762e-01 9.218177437996861734e-01 -5.475291402801110707e-02 4.616463729311415420e+01 -3.062629728780936339e-02 4.655517639673857622e-02 9.984461154539624461e-01 1.620154518487310469e+01
9.225017474430902142e-01 3.858712395818786889e-01 9.690842480893156752e-03 -1.765807568096768421e+02 -3.848132816710849169e-01 9.213539252990129436e-01 -5.500620497390504987e-02 4.680226872160468332e+01 -3.015400825720097183e-02 4.701415531141015652e-02 9.984389841078818995e-01 1.624489962321673886e+01
9.223258645851010185e-01 3.863000935258794066e-01 9.340088824135964196e-03 -1.763222768579616115e+02 -3.852527799852725754e-01 9.211595784438322276e-01 -5.518447748054140095e-02 4.743125808125166998e+01 -2.992148109577896092e-02 4.729977571910962825e-02 9.984324895484706364e-01 1.629394143556812224e+01
9.222777769481399490e-01 3.864089286705845727e-01 9.583422731364562089e-03 -1.760428988624487374e+02 -3.853484503927568361e-01 9.211165325707948437e-01 -5.523499981584906182e-02 4.808203075812020444e+01 -3.017074622043684068e-02 4.724905574090214333e-02 9.984273898507067813e-01 1.636661608322839001e+01
9.219569634109135992e-01 3.872241178422093921e-01 7.269125081472350980e-03 -1.757755690216719415e+02 -3.863524352594215894e-01 9.208643104279957692e-01 -5.235186289986567404e-02 4.873380835479876083e+01 -2.696578178436166012e-02 4.545772037063244148e-02 9.986022442751987249e-01 1.640383026548958512e+01
9.212478938532991934e-01 3.889477858442128011e-01 -4.683797363754921110e-03 -1.755234142945700739e+02 -3.887739707178265447e-01 9.203146557513995907e-01 -4.330974603339806522e-02 4.938434922971509877e+01 -1.253466246673192938e-02 4.171995081573393743e-02 9.990507133978624443e-01 1.643358486878437930e+01
9.204497331650234315e-01 3.908118445229914473e-01 -6.196038813172008095e-03 -1.752716339533798475e+02 -3.907275862551403689e-01 9.196059450932602131e-01 -4.070453400253526421e-02 5.003329130006273573e+01 -1.020989988535806088e-02 3.988744075105407627e-02 9.991520154684482291e-01 1.647812543499221860e+01
9.195394912586405400e-01 3.929491522452966956e-01 -6.171528619646184100e-03 -1.749929515839532996e+02 -3.928594279441991466e-01 9.186864096750293474e-01 -4.094814469253487549e-02 5.067880306418368974e+01 -1.042083927315988132e-02 4.007797934161417414e-02 9.991422129410487685e-01 1.654080442672156437e+01
9.181458600191448882e-01 3.962093248089089137e-01 -5.133289800248266171e-03 -1.747065837711116103e+02 -3.960198568763578786e-01 9.171184847614891611e-01 -4.540878624692765847e-02 5.127306180196301710e+01 -1.328354957584198040e-02 4.372477379311009299e-02 9.989553000346950151e-01 1.659249489918013154e+01
9.165137796486539923e-01 3.999902208811469406e-01 3.211683918122553577e-03 -1.744416988150817076e+02 -3.991251764198995855e-01 9.150043860161093390e-01 -5.887331415052794725e-02 5.189975768149777480e+01 -2.648745480265436367e-02 5.267633976211733016e-02 9.982602956981426745e-01 1.662758055206623453e+01
9.152992728603763783e-01 4.027654327541436152e-01 2.692077196834501140e-03 -1.741444136346984237e+02 -4.018139553890617832e-01 9.135575229943501130e-01 -6.291420694107587031e-02 5.249271250055478788e+01 -2.779903516065586680e-02 5.650361367908121601e-02 9.980153081417848515e-01 1.667673310280592602e+01
9.140547435570396395e-01 4.055801130275958344e-01 2.949185887182273827e-03 -1.738688645025876269e+02 -4.046103782620145695e-01 9.123263277462630993e-01 -6.285788338536089925e-02 5.314211043989850225e+01 -2.818452737840421163e-02 5.626227526096654052e-02 9.980181304960923372e-01 1.673139510803246921e+01
9.129102972892775281e-01 4.081410658393784807e-01 3.957205920747540809e-03 -1.735801865803526312e+02 -4.072048510076121675e-01 9.113935751533969176e-01 -5.954796793323786225e-02 5.375346269840953539e+01 -2.791054315256912000e-02 5.275055966154009596e-02 9.982176015460371143e-01 1.678673566569531772e+01
9.126026000548390638e-01 4.087552323651806874e-01 8.697953048534960360e-03 -1.732691970371848811e+02 -4.078218179035549285e-01 9.116127144256852555e-01 -5.141618168703096514e-02 5.438634802561540482e+01 -2.894579788133480602e-02 4.337532606818315928e-02 9.986394353686878222e-01 1.681153110608438439e+01
9.118087788067333888e-01 4.104701465363216339e-01 1.090915640295557661e-02 -1.729724281470396932e+02 -4.095112148468074142e-01 9.109833338989832274e-01 -4.909104065902084729e-02 5.503264320091086148e+01 -3.008846632291872075e-02 4.029421994212533525e-02 9.987347295621546994e-01 1.684954021998785834e+01
9.110609308165339426e-01 4.120804056315725550e-01 1.255864778666209748e-02 -1.726845572677026155e+02 -4.110824520508571389e-01 9.103233370894165954e-01 -4.819377103156688436e-02 5.565725917963833780e+01 -3.129213887808806466e-02 3.874482216899410858e-02 9.987590504218359921e-01 1.691761046687600611e+01
9.106527672218852620e-01 4.130088622437366741e-01 1.162829562992437164e-02 -1.724181789672670106e+02 -4.121074626362740689e-01 9.099650053906969127e-01 -4.616414413590790716e-02 5.627100287320990901e+01 -2.964754274159594333e-02 3.724739819696189919e-02 9.988661844996766792e-01 1.698862718686489259e+01
9.104133639909163245e-01 4.135693209449123331e-01 1.038862069321139225e-02 -1.721308749368330666e+02 -4.127222209121252372e-01 9.097009552278281230e-01 -4.587527027647786415e-02 5.689827151343948231e+01 -2.842314254452125294e-02 3.747784453168484520e-02 9.988931555162207099e-01 1.703920076375004911e+01
9.103591189013802154e-01 4.136992022711910577e-01 9.962162078730079848e-03 -1.718567577660623726e+02 -4.128176104127169177e-01 9.095665415819081945e-01 -4.764794820200733694e-02 5.752067611240698852e+01 -2.877316746965841859e-02 3.926418819875246435e-02 9.988145114879218855e-01 1.703776684837698596e+01
9.111419246892393797e-01 4.119673614571282005e-01 1.016298025385993162e-02 -1.715696933885150202e+02 -4.110176679874449901e-01 9.102688241846368378e-01 -4.975082230155750129e-02 5.811687971376835549e+01 -2.974675907978785103e-02 4.115289554296948371e-02 9.987099526452505316e-01 1.706997897880306425e+01
9.120076866296983331e-01 4.100364007950509371e-01 1.058912420298655996e-02 -1.712976765422955623e+02 -4.089797489237625983e-01 9.110190616509631356e-01 -5.272413374209949932e-02 5.872950983094474253e+01 -3.126570802975769947e-02 4.375407788582701130e-02 9.985529711386166296e-01 1.709276228575755496e+01
9.130764179830442862e-01 4.076363443729659197e-01 1.113847698285960926e-02 -1.710163487569338656e+02 -4.064909805079918170e-01 9.120087764795468122e-01 -5.481855880932540170e-02 5.935435687607989053e+01 -3.250442568181124287e-02 4.552584288648339750e-02 9.984342041119038669e-01 1.715168978586170567e+01
9.136482398042030662e-01 4.063597347525615966e-01 1.089311133282537536e-02 -1.707322747863159123e+02 -4.052219013297810868e-01 9.125637468806111485e-01 -5.497834630013100077e-02 5.996629075863829428e+01 -3.228164471272648023e-02 4.581674203877612872e-02 9.984281253868970696e-01 1.722049714532863973e+01
9.149280295569492960e-01 4.034178724030540453e-01 1.267757693059759147e-02 -1.704597095452933502e+02 -4.021643876455073263e-01 9.138478185700373846e-01 -5.608894547500541811e-02 6.058064394987005130e+01 -3.421265907163803521e-02 4.621887840025128841e-02 9.983452855794284764e-01 1.724298656093631976e+01
9.158468955978799064e-01 4.013650348569689497e-01 1.142683761984258396e-02 -1.701913473171522355e+02 -4.001461675619557568e-01 9.146848506897227171e-01 -5.687414618435037567e-02 6.120753427612026343e+01 -3.327924892790355693e-02 4.751560494178450750e-02 9.983159614459797826e-01 1.726444143557218780e+01
9.166713261020611458e-01 3.994910650266526031e-01 1.098038551962082082e-02 -1.699168370437914461e+02 -3.982574998426185453e-01 9.154359279454686860e-01 -5.803469346628221948e-02 6.183053017220119330e+01 -3.323618090869347175e-02 4.882571853531127160e-02 9.982541787982233128e-01 1.730444925302706594e+01
9.176663928783783675e-01 3.972214740166255531e-01 1.017309990341934076e-02 -1.696516975836134975e+02 -3.960227690190277761e-01 9.163896065829222337e-01 -5.827568416843145055e-02 6.244054525671585054e+01 -3.247087618293488520e-02 4.944885769010478466e-02 9.982486927980703806e-01 1.737166467823332994e+01
9.184585763062800279e-01 3.953727570282906112e-01 1.068768493592338331e-02 -1.693871757362860819e+02 -3.941612578466415218e-01 9.172112559269711696e-01 -5.796908498175313423e-02 6.305523777747157510e+01 -3.272226187467306563e-02 4.902953192430658386e-02 9.982611675193464595e-01 1.743370727045909163e+01
9.191350565396467776e-01 3.938000841572958932e-01 1.059441161966522861e-02 -1.691311551107060609e+02 -3.926293068923275009e-01 9.179337561157819847e-01 -5.691965172436143361e-02 6.368790888550933715e+01 -3.213993169113349424e-02 4.815717081472677130e-02 9.983225489239490047e-01 1.750445618192091857e+01
9.197048401041151289e-01 3.924993580166606377e-01 9.341362083402091412e-03 -1.688732085048445128e+02 -3.914391150347378834e-01 9.185378096505938395e-01 -5.535080363563502776e-02 6.432778902111537889e+01 -3.030554915993426135e-02 4.724982750020002148e-02 9.984232707080279434e-01 1.754351045705340439e+01
9.203959850463145909e-01 3.908752328629086503e-01 9.369260642722138446e-03 -1.686116014327241999e+02 -3.898416244079610515e-01 9.192682966577263581e-01 -5.449134462430271775e-02 6.495008657179155875e+01 -2.991218129101478468e-02 4.650108702352291623e-02 9.984702851442521787e-01 1.759715758038821320e+01
9.211646587486077564e-01 3.890769644357368606e-01 8.647960339493663759e-03 -1.683532041725427177e+02 -3.880919169303178040e-01 9.200340011297860610e-01 -5.405645917434966086e-02 6.556174380041521488e+01 -2.898854059645635667e-02 4.643869626280638929e-02 9.985004316491297160e-01 1.763937373561138600e+01
9.216177308116821898e-01 3.880197395515456726e-01 7.838365382936862691e-03 -1.680861677352583570e+02 -3.870827652075043979e-01 9.204777722708896714e-01 -5.373642744481828964e-02 6.616638196287026119e+01 -2.806583568749990154e-02 4.649034817648605572e-02 9.985243894835976741e-01 1.768366006462076356e+01
9.219900051114412465e-01 3.871296661423634378e-01 8.065486166791901654e-03 -1.678212449149955603e+02 -3.861879533776881868e-01 9.208632847262993026e-01 -5.356935232988356554e-02 6.679314009989182921e+01 -2.816549556739698229e-02 4.627561383269652995e-02 9.985315580510463196e-01 1.774032939019843980e+01
9.221153125131550388e-01 3.868395231180284388e-01 7.650737388173435571e-03 -1.675673775041762781e+02 -3.859269266673752141e-01 9.209926207693794886e-01 -5.322593128752597935e-02 6.743828601126408273e+01 -2.763616655473163236e-02 4.612782069604377810e-02 9.985531865934796913e-01 1.779880325277962427e+01
9.218451487640076936e-01 3.874815006400844641e-01 7.720645178525664676e-03 -1.673135098007318220e+02 -3.865594419740265852e-01 9.207159549797696574e-01 -5.342216830511482134e-02 6.803902384255512459e+01 -2.780862314091925996e-02 4.626247839663408939e-02 9.985421691504106079e-01 1.785009364679077493e+01
9.217505984413130182e-01 3.877019143673850476e-01 7.941024426743060680e-03 -1.670683894944817496e+02 -3.867709950273269803e-01 9.206304065252530755e-01 -5.336526948042798896e-02 6.865744546288969730e+01 -2.800056568451274319e-02 4.611811116049872178e-02 9.985434833517943254e-01 1.789005611202938439e+01
9.217229769017823982e-01 3.877688299266889294e-01 7.879618556938576546e-03 -1.667906245682958968e+02 -3.868435864202933727e-01 9.206059608130712224e-01 -5.326072249723135671e-02 6.926009085981785063e+01 -2.790687185625242289e-02 4.604345178989780601e-02 9.985495516249907055e-01 1.793434272497830051e+01
9.216110387099614165e-01 3.880156276298578066e-01 8.773029291728549200e-03 -1.665256007758499948e+02 -3.870436774284486403e-01 9.205109502964033963e-01 -5.344887414226150157e-02 6.986270335646669594e+01 -2.881466797672610144e-02 4.586352689686951090e-02 9.985320484641297956e-01 1.798953629918222319e+01
9.215403601950041823e-01 3.881824146095334549e-01 8.819156398103104172e-03 -1.662818615161441471e+02 -3.871938407144647765e-01 9.204190166670325191e-01 -5.394222344763538457e-02 7.046522418209079319e+01 -2.905674180708492024e-02 4.629521298801023144e-02 9.985051121601487001e-01 1.802481664204303513e+01
9.213949097766124252e-01 3.885349244818975811e-01 8.487207761943380002e-03 -1.660317897491952408e+02 -3.875483627862097991e-01 9.202434267710072335e-01 -5.439027474174198268e-02 7.106926799707481734e+01 -2.894281844390064751e-02 4.682571881562495181e-02 9.984836830504159044e-01 1.806177200864908983e+01
9.213347679233019338e-01 3.886680033392105327e-01 8.912272214581648186e-03 -1.657901284295753328e+02 -3.876657051205307236e-01 9.202026515717943722e-01 -5.424371957785045079e-02 7.165439661586979980e+01 -2.928389470540283812e-02 4.652164249626360853e-02 9.984879520005901510e-01 1.812399006751423514e+01
9.212720511100622733e-01 3.888112306620895575e-01 9.145203906426629253e-03 -1.655555258310077136e+02 -3.877983359381633743e-01 9.201475778982693976e-01 -5.422993206283504425e-02 7.224062822557122843e+01 -2.950014384795665232e-02 4.641402588635993448e-02 9.984865946591221508e-01 1.817180998296226235e+01
9.210502008484934278e-01 3.893386586061360899e-01 9.051874486780860096e-03 -1.653256636788302956e+02 -3.883228373898859886e-01 9.199131143406233946e-01 -5.445398080584452905e-02 7.281955022892950069e+01 -2.952797789246680571e-02 4.663980037381924848e-02 9.984752513421012443e-01 1.821110143957370653e+01
9.208258100059608653e-01 3.898642422478116876e-01 9.257442595317749365e-03 -1.650975182902854215e+02 -3.888338728818092616e-01 9.196886328852521553e-01 -5.459888131993918814e-02 7.338742190205297788e+01 -2.980011621787777287e-02 4.667645185953391007e-02 9.984654535411856546e-01 1.826394980963083725e+01
9.208151086555228515e-01 3.898997887047111477e-01 8.814218044690578027e-03 -1.648649929735900628e+02 -3.888761531654464920e-01 9.196425822503132563e-01 -5.507139376500354289e-02 7.394304266634752310e+01 -2.957825503578537241e-02 4.728293222715208854e-02 9.984435142505762029e-01 1.830026305792283381e+01
9.208812722440079535e-01 3.897836276957297175e-01 6.812195726351060951e-03 -1.646290678943087471e+02 -3.888434513388191460e-01 9.196301673563650469e-01 -5.550788807925750856e-02 7.448693419891098699e+01 -2.790076667715007952e-02 4.846729689657475193e-02 9.984350095776722833e-01 1.833253815002671772e+01
9.206580826764819703e-01 3.903691029571943472e-01 -8.113315348633708124e-04 -1.643967854676286606e+02 -3.898526709602082030e-01 9.193291839140320665e-01 -5.337365032627565398e-02 7.501600029284850280e+01 -2.008954324158952753e-02 4.945518234073466302e-02 9.985742812590303608e-01 1.840112455881474673e+01
9.206724467674638479e-01 3.903241816335426551e-01 -3.046144336165229963e-03 -1.641744705183607493e+02 -3.899217432704080721e-01 9.193077183483383541e-01 -5.323864301555916029e-02 7.555248936671222282e+01 -1.797998576688868144e-02 5.020310963752522976e-02 9.985771717271254566e-01 1.845149332066197445e+01
9.206149304574984260e-01 3.904503139629286745e-01 -4.086825783626083820e-03 -1.639626672393266631e+02 -3.900929463106549977e-01 9.192106790288365747e-01 -5.365837118304576242e-02 7.606504209161704466e+01 -1.719427397152008957e-02 5.099293956613536877e-02 9.985509887116414962e-01 1.849647803257426659e+01
9.203659631369582872e-01 3.910336744382523211e-01 -4.377139967835305331e-03 -1.637608367034179082e+02 -3.906838807273211867e-01 9.189378547112595497e-01 -5.403077381000871704e-02 7.656353825867357443e+01 -1.710553240385630225e-02 5.143816320580436863e-02 9.985296771389389203e-01 1.854337084271872627e+01
9.200837706733008270e-01 3.916917674986746811e-01 -4.838823965080936949e-03 -1.635573450983106056e+02 -3.913559034114351687e-01 9.186208724024771399e-01 -5.455501490725894048e-02 7.706547934684149936e+01 -1.692370552273613285e-02 5.208888614931209832e-02 9.984990416275338898e-01 1.857775380156255807e+01
9.201401207945880678e-01 3.915603937481070274e-01 -4.755644220119004464e-03 -1.633299429463854722e+02 -3.912111997651247508e-01 9.186504176529011190e-01 -5.509271571162686898e-02 7.754540733446465595e+01 -1.720335090767620423e-02 5.255347937080707965e-02 9.984699176858407021e-01 1.860815356706707036e+01
9.199641732184362652e-01 3.919691207299371150e-01 -5.111593559633792645e-03 -1.631163393244201529e+02 -3.916389609452742282e-01 9.184715713381478297e-01 -5.503541508283103095e-02 7.804909708688293790e+01 -1.687732989026559383e-02 5.263250932487963801e-02 9.984713189160425717e-01 1.865229652770342739e+01
9.197375936987033374e-01 3.925106808124593782e-01 -4.257250927354593907e-03 -1.629114656470127045e+02 -3.921399091154464389e-01 9.182749877719298404e-01 -5.474795440371672123e-02 7.852162733168079001e+01 -1.757982981283375684e-02 5.202318983493522259e-02 9.984911303077008693e-01 1.869361065676007883e+01
9.194077243104242791e-01 3.932885577338982586e-01 -3.680602385091447278e-03 -1.627148159802711120e+02 -3.929063215868328074e-01 9.180120545867835880e-01 -5.365156186409410916e-02 7.899322448517612827e+01 -1.772170802804576978e-02 5.077379234351670628e-02 9.985529345385882882e-01 1.876318164136735334e+01
9.189349608991042029e-01 3.943987346963891416e-01 -2.859319368149171661e-03 -1.625150720124678116e+02 -3.939740308957110915e-01 9.175567507198131301e-01 -5.361037388681372945e-02 7.947222777485761469e+01 -1.852027583885049178e-02 5.039094440855344109e-02 9.985578361339251252e-01 1.880289407069978580e+01
9.180696821546403541e-01 3.964150446486945367e-01 -1.780753955800906674e-03 -1.623065154070889093e+02 -3.959246666581286989e-01 9.166912229101968901e-01 -5.404498284815411474e-02 7.993253599504407703e+01 -1.979184276734364048e-02 5.032210464180845305e-02 9.985369140619146933e-01 1.883241558566295382e+01
9.171991655195160797e-01 3.984284611410212618e-01 -6.724009972694667409e-04 -1.620967833087996439e+02 -3.978770565280055349e-01 9.158383976777531021e-01 -5.416527695540819531e-02 8.038506304816806391e+01 -2.096517729268431579e-02 4.994787975323393414e-02 9.985317574565382159e-01 1.886175555308032514e+01
9.159507191054606645e-01 4.012907517538760738e-01 -1.128139997102917819e-04 -1.618955622528358447e+02 -4.007097180336144371e-01 9.146093077031494101e-01 -5.405123621331012207e-02 8.082852125785035469e+01 -2.158708047909128902e-02 4.955347434413467922e-02 9.985381570760401004e-01 1.889141325719691267e+01
9.142803688448065680e-01 4.050819751706743466e-01 -2.316958361365389907e-05 -1.616796577169219233e+02 -4.045006237386415959e-01 9.129651775698206517e-01 -5.360811449730086553e-02 8.127125869491426613e+01 -2.169452788272422869e-02 4.902221880669034582e-02 9.985620509128186884e-01 1.895136389338539828e+01
9.124374718088472669e-01 4.092160772449848216e-01 -2.493257020562428955e-04 -1.614952768232744518e+02 -4.086329096357445567e-01 9.111043148684970783e-01 -5.392654810603056403e-02 8.170301637458699417e+01 -2.184044875236172689e-02 4.930648590432291922e-02 9.985448739270871288e-01 1.897038578865016234e+01
9.099653865590537904e-01 4.146840459173819493e-01 -3.705752587117219082e-04 -1.612772397168403984e+02 -4.140863353000296954e-01 9.086051002697925760e-01 -5.449108809256314467e-02 8.215285419314197668e+01 -2.225987830656529082e-02 4.973845419100547671e-02 9.985141881778476503e-01 1.901966438757056821e+01
9.071963495492660901e-01 4.207068312086350015e-01 7.386060350157569454e-04 -1.610616061024217345e+02 -4.200306931099953567e-01 9.058351016622038232e-01 -5.510885085139963918e-02 8.258681286349519723e+01 -2.385372528605844006e-02 4.968431111542182671e-02 9.984800794302123306e-01 1.906069903967651769e+01
9.041932373578251969e-01 4.271227222735372031e-01 8.772878765905944148e-04 -1.608358847286648938e+02 -4.264045724128282533e-01 9.027882796890303041e-01 -5.614679582624718807e-02 8.299159801241312095e+01 -2.477357749314244156e-02 5.039347352350270065e-02 9.984221390195768819e-01 1.908374282765638696e+01
9.006738602783760372e-01 4.344955973364458823e-01 4.163009649914978239e-04 -1.606470625867328295e+02 -4.337624256928548916e-01 8.992088745064317212e-01 -5.721501608779753362e-02 8.341051406991985573e+01 -2.523401411386789334e-02 5.135149368929300268e-02 9.983617924518043418e-01 1.909765912908342500e+01
8.963818698199911283e-01 4.432816751704181102e-01 -9.486390907480629631e-04 -1.604470990552487422e+02 -4.425824287576963223e-01 8.948435490130594028e-01 -5.810177746550571759e-02 8.384110900004326083e+01 -2.490656967459069573e-02 5.250123091719281071e-02 9.983102140813867598e-01 1.911547741961288693e+01
8.913894340186354626e-01 4.532325322583761751e-01 -2.269057645112626184e-03 -1.602724053015745653e+02 -4.525766097271827770e-01 8.898066952174832345e-01 -5.846757626231974259e-02 8.425179440073587500e+01 -2.448038495992526514e-02 5.314430212921121555e-02 9.982867293034667355e-01 1.915527673753512516e+01
8.855587067492645126e-01 4.645173328712831617e-01 -3.069912493796896763e-03 -1.600572203935212485e+02 -4.638631477224698374e-01 8.839196286555114357e-01 -5.930489239940406332e-02 8.463245414969070168e+01 -2.483459453206773512e-02 5.394198308972571188e-02 9.982351954197845600e-01 1.919875530110896378e+01
8.788193893034168536e-01 4.771461422685370768e-01 -2.835472204492976711e-03 -1.598460245953550896e+02 -4.764461941950248192e-01 8.771755355966800449e-01 -5.968336273832208078e-02 8.500295208153247017e+01 -2.599047943855850237e-02 5.380184633384297449e-02 9.982133320636543683e-01 1.919886170087128008e+01
8.708953866726815152e-01 4.914619509181646362e-01 -2.525128106058076999e-03 -1.596082625087508973e+02 -4.907364836931395469e-01 8.693065581386287821e-01 -5.902382188289512222e-02 8.535484387975250797e+01 -2.681285223047743735e-02 5.264274666924509405e-02 9.982533807497895317e-01 1.925887551864313352e+01
8.622665763787469295e-01 5.064500446765369812e-01 -2.168757065314601273e-03 -1.594120877568632864e+02 -5.057043575890234344e-01 8.607481903182292449e-01 -5.810039224795690571e-02 8.569369620764372542e+01 -2.755819253049267628e-02 5.119477620838966403e-02 9.983083896839819449e-01 1.931233587951392749e+01
8.532163069273001055e-01 5.215527420893598665e-01 -2.161206239325228623e-03 -1.592058566659651149e+02 -5.207889323104136770e-01 8.517273165927268241e-01 -5.778811428600306999e-02 8.601505662526699325e+01 -2.829879107521427947e-02 5.043129374527707820e-02 9.983265312686320225e-01 1.935660904712798569e+01
8.436257278897821843e-01 5.369270986870235962e-01 -2.218544110537136113e-03 -1.589948993794851049e+02 -5.361058597625043554e-01 8.420919308841077200e-01 -5.892102399128092138e-02 8.631915759606727079e+01 -2.976807636951318836e-02 5.089666625045623227e-02 9.982601820136113302e-01 1.936917435357914385e+01
8.330767649317929457e-01 5.531519117967848009e-01 -2.462966979160241196e-03 -1.587772962497022036e+02 -5.522934036536589764e-01 8.315185518914460783e-01 -5.957259555373601440e-02 8.661079364880038156e+01 -3.090469238537792845e-02 5.098882559850349133e-02 9.982209372942698611e-01 1.938444232866855188e+01
8.218017932989711838e-01 5.697678141377499061e-01 -2.539784102147755324e-03 -1.585599036198377689e+02 -5.688205912277052301e-01 8.201615797903758498e-01 -6.146639757720330499e-02 8.688499146356929259e+01 -3.293854164894102765e-02 5.195787725114763000e-02 9.981059219670003202e-01 1.939142623300777046e+01
8.091471782900930831e-01 5.875954825915021829e-01 -3.520327149575985456e-03 -1.583494451148425810e+02 -5.866062043604138854e-01 8.074065642212525651e-01 -6.314903845903589719e-02 8.714072234903173353e+01 -3.426375447975258531e-02 5.316191202818115052e-02 9.979978989148520219e-01 1.938518107705004923e+01
7.955082898984551232e-01 6.059292413518148068e-01 -4.039205076458843302e-03 -1.581571155685061285e+02 -6.049032698825907994e-01 7.937357510567337737e-01 -6.384036011609106609e-02 8.738727812893817770e+01 -3.547667949773447571e-02 5.322886406092945666e-02 9.979519493655985007e-01 1.940485927065040883e+01
7.815803895085556841e-01 6.237917150554614931e-01 -3.998870318033535126e-03 -1.579298467090700058e+02 -6.227228612156141541e-01 7.798317597632317133e-01 -6.386442346111403934e-02 8.763897006815588497e+01 -3.671965216465952753e-02 5.240536893055289247e-02 9.979505721488208803e-01 1.943296970661426570e+01
7.661895037410771936e-01 6.426027602958522822e-01 -3.916224859930331204e-03 -1.576870247590349834e+02 -6.415024418312303967e-01 7.644907608360609341e-01 -6.347041610758262509e-02 8.788121670538716046e+01 -3.779234686508566726e-02 5.114263443011388827e-02 9.979760365168979241e-01 1.946231220690826191e+01
7.498525791081467329e-01 6.615987851965138278e-01 -2.856051707844586840e-03 -1.574578340811553971e+02 -6.604577595225470388e-01 7.482912925604428001e-01 -6.209419751216257999e-02 8.810586596080645450e+01 -3.894428701771665557e-02 4.844779566418935812e-02 9.980662070243450090e-01 1.950354971436150819e+01
7.335230963699661544e-01 6.796611995739190171e-01 -2.126237418293038667e-03 -1.572380908723634434e+02 -6.784607820258949928e-01 7.320342762918901069e-01 -6.178013909517922342e-02 8.831550100155089922e+01 -4.043308477754818664e-02 4.675972762485088030e-02 9.980875179701533817e-01 1.952461685037619077e+01
7.161183818265666190e-01 6.979743629153127848e-01 -2.500384583011449474e-03 -1.570073811555508030e+02 -6.967460070954694107e-01 7.146360976081521654e-01 -6.196974739267476634e-02 8.853636356651522021e+01 -4.146642987550214210e-02 4.611980819945964843e-02 9.980748962302503635e-01 1.953607654982630848e+01
6.968279645509347642e-01 7.172339679364185816e-01 -2.494605776841483935e-03 -1.567679538398554087e+02 -7.159644198541028626e-01 6.953789196699051711e-01 -6.199280266041767851e-02 8.873726611331423442e+01 -4.272864756552839649e-02 4.498436747244763390e-02 9.980734789384620997e-01 1.955638612104738527e+01
6.763264816314277228e-01 7.365990882291691966e-01 -2.067235838250979646e-03 -1.565408065560424404e+02 -7.352457477041324241e-01 6.749083365107226840e-01 -6.254940280546567033e-02 8.891521833396323871e+01 -4.467863837501571955e-02 4.382374388714317670e-02 9.980397280392543369e-01 1.958058523842568732e+01
6.559401745814066320e-01 7.548096898096219309e-01 -2.195344987894812944e-03 -1.562939932404197521e+02 -7.534103560596809857e-01 6.545413756727591625e-01 -6.283647757820640112e-02 8.907795513840066803e+01 -4.599263802108227717e-02 4.287096572173301756e-02 9.980214213863085604e-01 1.958855197069637910e+01
6.339438014674230182e-01 7.733767115077002652e-01 -1.928387556458199120e-03 -1.560371425454165717e+02 -7.719053131009637747e-01 6.325798864206111372e-01 -6.328408095714081749e-02 8.923802637469587751e+01 -4.772257523998139905e-02 4.160708345488987880e-02 9.979936905706578987e-01 1.960365027352861134e+01
6.117036913270581522e-01 7.910849462422054890e-01 -1.789370229380846111e-03 -1.557915798049908744e+02 -7.895462365019004780e-01 6.103696645017748779e-01 -6.376216026512675217e-02 8.937690358616350750e+01 -4.934910781904804089e-02 4.041633933148169877e-02 9.979635189086355496e-01 1.960375336450515604e+01
5.897995054810335480e-01 8.075471467790041880e-01 -2.036924990732567886e-03 -1.555475478935020419e+02 -8.059572014609056589e-01 5.884761990519493668e-01 -6.425536991314914625e-02 8.950631164625589520e+01 -5.069055876229282970e-02 3.953945976439285359e-02 9.979314096539433354e-01 1.961756075665403642e+01
5.673452225058963627e-01 8.234760495555859539e-01 -2.567938484692194878e-03 -1.552945590273024834e+02 -8.218257103552935039e-01 5.660051253646097846e-01 -6.512065616998555240e-02 8.964399074002392354e+01 -5.217183434337049203e-02 3.905629103382127904e-02 9.978740931760525790e-01 1.961283198102079339e+01
5.440345329390188223e-01 8.390572711513404336e-01 -3.053309334113206430e-03 -1.550560334361613570e+02 -8.373825796140037525e-01 5.427113159675200915e-01 -6.522915666938586265e-02 8.979793371822555059e+01 -5.307393266774565466e-02 3.804370182919465659e-02 9.978656394637059890e-01 1.961924829451590924e+01
5.201291867407927816e-01 8.540790316209869726e-01 -3.825813079413927648e-03 -1.547982306961277743e+02 -8.523261698760242755e-01 5.187637519573380374e-01 -6.651518472959491723e-02 8.994951959604804870e+01 -5.482453141457926948e-02 3.785732954795627270e-02 9.977780782091122402e-01 1.962098458673573020e+01
4.954232451141598048e-01 8.686404505388513053e-01 -4.424464737874507503e-03 -1.545214737076206575e+02 -8.668558278903205627e-01 4.940652132134636387e-01 -6.678726484084947235e-02 9.009821842928815272e+01 -5.582814570753964756e-02 3.692333652307420999e-02 9.977574281191102790e-01 1.962644795902837913e+01
4.695764249010565550e-01 8.828784622031827789e-01 -4.858204903600480545e-03 -1.542146842647073868e+02 -8.810152515321535427e-01 4.682126746416531704e-01 -6.774229013434328317e-02 9.024118174298162387e+01 -5.753353582805886823e-02 3.609033503103535601e-02 9.976910243018471958e-01 1.965531457334614984e+01
4.432967443061003321e-01 8.963589315705237093e-01 -5.353716593276668795e-03 -1.539084717924198458e+02 -8.944661407243567064e-01 4.419553122815732538e-01 -6.786622903751544922e-02 9.036402496933980899e+01 -5.846639706093915978e-02 3.487359660038286124e-02 9.976800652889012966e-01 1.966622848306261062e+01
4.164301590266948905e-01 9.091496585729975655e-01 -5.728958858626915368e-03 -1.535828867521710492e+02 -9.072425614078297729e-01 4.151302734325289512e-01 -6.765937370382883731e-02 9.051089337333094420e+01 -5.913423224463332240e-02 3.337295906023279857e-02 9.976920307291232692e-01 1.967695008938983747e+01
3.892957918841984943e-01 9.210929269578856937e-01 -6.050316471915628130e-03 -1.532491820972447556e+02 -9.191443700087312818e-01 3.880262905420835962e-01 -6.789127285154741842e-02 9.062400007803238111e+01 -6.018648936852515063e-02 3.199090114870168505e-02 9.976743801166723102e-01 1.968288862872530132e+01
3.616908874128447193e-01 9.322738883496443085e-01 -6.715583663685985305e-03 -1.528893668852944074e+02 -9.302245115960993127e-01 3.603969149656335302e-01 -6.925620339762039723e-02 9.072772026164159342e+01 -6.214547439924737043e-02 3.129633819936483707e-02 9.975763024586157268e-01 1.968150912267622843e+01
3.324635575209548000e-01 9.430922600850333293e-01 -6.706108276405876173e-03 -1.525391174108904977e+02 -9.408599439390814556e-01 3.311682962645099426e-01 -7.148514139463192640e-02 9.081802130325401379e+01 -6.519623310789891824e-02 3.007571307493644985e-02 9.974191208672383846e-01 1.972877832963230205e+01
3.005086544531171411e-01 9.537443186551864960e-01 -8.143907645065739248e-03 -1.521802919982232254e+02 -9.514925612547521228e-01 2.991864202094411951e-01 -7.175926308938530840e-02 9.090699302826558892e+01 -6.600344290754052434e-02 2.931314713936418459e-02 9.973887331071756845e-01 1.971131332273579417e+01
2.690343929026816072e-01 9.630846448129712911e-01 -9.405443155887149853e-03 -1.518259905237788985e+02 -9.607980771574307077e-01 2.676908276717608892e-01 -7.217115567172044388e-02 9.102023162481077634e+01 -6.698918096282140133e-02 2.845325475021614342e-02 9.973479141844382445e-01 1.971507827075848596e+01
2.372027708321274853e-01 9.714113048308722353e-01 -9.742810495116341341e-03 -1.514242652979813215e+02 -9.690988069503202462e-01 2.359154543262700354e-01 -7.205137595838043141e-02 9.109079194174431393e+01 -6.769304157021993618e-02 2.653253204675548593e-02 9.973533360179632767e-01 1.972840061884078011e+01
2.047723011442885710e-01 9.787593861359407121e-01 -9.918101374214643995e-03 -1.510227129005652102e+02 -9.763984924626869510e-01 2.035466017947363815e-01 -7.221332850940581638e-02 9.116757079114110240e+01 -6.866067725172196601e-02 2.447130868203476611e-02 9.973398951464457207e-01 1.974994208562078768e+01
1.715653930644132075e-01 9.851359302225888293e-01 -8.515567340357296094e-03 -1.506066194015519102e+02 -9.827385243626927114e-01 1.705278337587190496e-01 -7.173040252916620951e-02 9.120108949040096036e+01 -6.921205556903325951e-02 2.067503078675885647e-02 9.973877051908528468e-01 1.978099592479088287e+01
1.392832941135757618e-01 9.902305692184394381e-01 -6.601800223950328450e-03 -1.501643795112892406e+02 -9.877174054103692313e-01 1.384468815835188105e-01 -7.243471563558233350e-02 9.123119281137678627e+01 -7.081307104115516782e-02 1.660965879014186797e-02 9.973513063131743683e-01 1.979494894724907184e+01
1.076128714751598547e-01 9.941761007018722340e-01 -5.775005289283145771e-03 -1.497370712917359583e+02 -9.915966022854437734e-01 1.069105164806887220e-01 -7.284449053837746546e-02 9.126417790989371781e+01 -7.180284276290255230e-02 1.356548042101354129e-02 9.973265911987472254e-01 1.978195368617031491e+01
7.796127129377616871e-02 9.969561339847458070e-01 7.121014310363590893e-04 -1.493076928836650836e+02 -9.931272327895662722e-01 7.772435699126645225e-02 -8.750556452039473521e-02 9.128996870083707904e+01 -8.729455693224530410e-02 6.114837731618909256e-03 9.961637762383849237e-01 1.975326238781132915e+01
5.019705331307899865e-02 9.987387529809155229e-01 -1.076630303600542571e-03 -1.488586507174170777e+02 -9.948272448873081153e-01 4.990508152328554381e-02 -8.847731725184139473e-02 9.128775801979833204e+01 -8.831199617612925379e-02 5.512361769782023191e-03 9.960776100280069878e-01 1.978281732715428376e+01
2.291537047876690547e-02 9.997322560822001769e-01 -3.209664252768605619e-03 -1.484011527389774017e+02 -9.957482572987270686e-01 2.253729772780710405e-02 -8.931673022271274798e-02 9.128175341133299980e+01 -8.922047905256688671e-02 5.242743549213925436e-03 9.959981022861980060e-01 1.980012416917704954e+01
-1.658187315541015394e-03 9.999842931882509944e-01 -5.353857639222581177e-03 -1.479642698698707193e+02 -9.959684831790893700e-01 -2.131661804010587247e-03 -8.967851767228149362e-02 9.127378312583819309e+01 -8.968852172252009258e-02 5.183569691612620323e-03 9.959563743841801653e-01 1.982783729618204305e+01
-2.476582778110625327e-02 9.996707640310330545e-01 -6.709494461411773247e-03 -1.474894804425180439e+02 -9.956270556121743498e-01 -2.526926337677259937e-02 -8.993458990526388697e-02 9.124450232023777119e+01 -9.007452418608316580e-02 4.452849650103424262e-03 9.959250735987342784e-01 1.984354306623473008e+01
-4.425098152747941604e-02 9.989850206187792514e-01 -8.413038283055319921e-03 -1.470088986484280156e+02 -9.949071510195973689e-01 -4.483062580165642075e-02 -9.027721661803905784e-02 9.121574469169846111e+01 -9.056274887570039955e-02 4.375336504696278328e-03 9.958811399692975019e-01 1.984749194413659978e+01
-6.142698366681842437e-02 9.980718666249699389e-01 -8.903635737415503681e-03 -1.465099110991794760e+02 -9.939089807765411066e-01 -6.198364817533663640e-02 -9.112060848465161622e-02 9.114545155395256870e+01 -9.149679562330861882e-02 3.252139391882992447e-03 9.958000602430401305e-01 1.982876828015125881e+01
-7.698266535396069976e-02 9.969934163138485239e-01 -8.820264272771598246e-03 -1.459533456089810386e+02 -9.925751674460070451e-01 -7.747107934585217848e-02 -9.376976503393832929e-02 9.108740921573254923e+01 -9.417115378146029281e-02 1.536128845537131082e-03 9.955548373161764442e-01 1.983566096413013824e+01
-9.165798548626469255e-02 9.957453309939909847e-01 -9.489441515048054054e-03 -1.454257419910940996e+02 -9.910931170193402195e-01 -9.214599619459784563e-02 -9.614337617430462890e-02 9.103500132094110597e+01 -9.660873197329719608e-02 5.926119919368380562e-04 9.953222602341106340e-01 1.984671466945977159e+01
-1.062689856622121010e-01 9.942855258812639541e-01 -1.015852889661995884e-02 -1.448764245751450233e+02 -9.895703280574528193e-01 -1.067531833920640771e-01 -9.671775257896521316e-02 9.098214479629589846e+01 -9.724951678332482974e-02 -2.255186892860805425e-04 9.952600065443856225e-01 1.987768305925622769e+01
-1.210388711652861105e-01 9.925954160263402715e-01 -1.019469227245016485e-02 -1.443318665037728579e+02 -9.879385582512015818e-01 -1.214575038432004206e-01 -9.604936168822891807e-02 9.090111626746663376e+01 -9.657637799985335780e-02 -1.553976729430396608e-03 9.953243633955484171e-01 1.990163170603042886e+01
-1.364488681627984423e-01 9.905889776371037403e-01 -1.073236977415448212e-02 -1.437694255561906118e+02 -9.859778732169164339e-01 -1.368483839177621064e-01 -9.549949395543201602e-02 9.084592711141918642e+01 -9.606945354137302884e-02 -2.448918735840341365e-03 9.953716204982374638e-01 1.990170626573000945e+01
-1.505561387452536426e-01 9.885335759383808707e-01 -1.158526342370164164e-02 -1.432038096102546092e+02 -9.839439057751662165e-01 -1.509727434278382852e-01 -9.519254713359787123e-02 9.074527394842361616e+01 -9.585008802306882458e-02 -2.932572991208928781e-03 9.953914610049762191e-01 1.988223947247957568e+01
-1.626088073891540642e-01 9.866220817097762774e-01 -1.162943000084439016e-02 -1.426041080310022267e+02 -9.819128396415200966e-01 -1.629686586746708077e-01 -9.637630225789431404e-02 9.063437374783634937e+01 -9.698222056956289083e-02 -4.252548935191426127e-03 9.952770291335726327e-01 1.988818007812786348e+01
-1.716808651638579430e-01 9.850732634320460424e-01 -1.250384772492903890e-02 -1.420088546717583711e+02 -9.802250815332216316e-01 -1.720762615778088644e-01 -9.771668094340277277e-02 9.050737007816383084e+01 -9.840970516050975836e-02 -4.519499169656514270e-03 9.951357214257143813e-01 1.988343575161182031e+01
-1.795568339884139331e-01 9.836656189628579794e-01 -1.270013537229138650e-02 -1.413917653838854847e+02 -9.786415017423407692e-01 -1.799236114090785321e-01 -9.943995738640970528e-02 9.039224122066963218e+01 -1.001007214537097678e-01 -5.426244367176272232e-03 9.949625125784963275e-01 1.990030885163702479e+01
-1.871147245482118748e-01 9.822504034804023787e-01 -1.312344161543837345e-02 -1.407621064628755221e+02 -9.772152830636128273e-01 -1.874848962249311413e-01 -9.949725742165044240e-02 9.026705305566034099e+01 -1.001916683369939998e-01 -5.792974202755228619e-03 9.949512907905271319e-01 1.991622134687155210e+01
-1.960646748931313965e-01 9.805034460921016048e-01 -1.310097174123205782e-02 -1.401294029093775180e+02 -9.754984346250628047e-01 -1.963888816755363642e-01 -9.916759147163323185e-02 9.014448702365446309e+01 -9.980705036771342353e-02 -6.663284156181552287e-03 9.949844990456638838e-01 1.992739164964147847e+01
-2.038122874618248925e-01 9.789263740027578375e-01 -1.279475522983290064e-02 -1.394752278709065365e+02 -9.740010982674147666e-01 -2.040725344371092653e-01 -9.836798901210067059e-02 9.001402218122979093e+01 -9.890607692881328572e-02 -7.586499207655902910e-03 9.950678534533833330e-01 1.992984843184093791e+01
-2.109386584374295381e-01 9.774201896281357049e-01 -1.243604776114130839e-02 -1.388295689199031528e+02 -9.725055959564349317e-01 -2.111283978899216596e-01 -9.827342182836021345e-02 8.986892970922706070e+01 -9.868002943877389466e-02 -8.635537721238477349e-03 9.950817450231049799e-01 1.990601618288392061e+01
-2.172317189487718014e-01 9.760329132936450547e-01 -1.304348305026354488e-02 -1.381590264846217622e+02 -9.710352528455193921e-01 -2.174429694704758109e-01 -9.904086408700557564e-02 8.970189953162982022e+01 -9.950335679664709665e-02 -8.849135290092957629e-03 9.949978767770395471e-01 1.989889418177603631e+01
-2.229750085920791935e-01 9.747241857852453339e-01 -1.396091646895695343e-02 -1.374764920493452678e+02 -9.696343150840807112e-01 -2.232410059821086090e-01 -9.986364833873401237e-02 8.954826643458969215e+01 -1.004561623534787063e-01 -8.730114168042424350e-03 9.949031835067292384e-01 1.990754476148504182e+01
-2.278021757117196788e-01 9.736024828302328737e-01 -1.429594934982031385e-02 -1.367812745288369172e+02 -9.685031769662745260e-01 -2.280761446918382340e-01 -9.991430542590314101e-02 8.937484930363422109e+01 -1.005373808453343260e-01 -8.915023797696111640e-03 9.948933397120752753e-01 1.991629523454434292e+01
-2.323766114694059137e-01 9.725163462220709487e-01 -1.459680694089934838e-02 -1.360569640572257128e+02 -9.674289910735729414e-01 -2.326582903148359804e-01 -9.975603830418644513e-02 8.923263221905864384e+01 -1.004104460321017245e-01 -9.059595943009104979e-03 9.949048527618024051e-01 1.993809034055443163e+01
-2.354143420960825850e-01 9.717980058231321383e-01 -1.373766405368991722e-02 -1.353509435784759205e+02 -9.666291271074678448e-01 -2.355848469374455245e-01 -1.006375204429984654e-01 8.904683125707549607e+01 -1.010357271608572083e-01 -1.041228945255563698e-02 9.948283098431773830e-01 1.996017349680982989e+01
-2.376352472121836534e-01 9.712638634833355988e-01 -1.326637756997316175e-02 -1.346065599990258477e+02 -9.658478779360509803e-01 -2.377182574823049066e-01 -1.030917394654098651e-01 8.886140112600163832e+01 -1.032829413254277851e-01 -1.168492836953968078e-02 9.945833783450067633e-01 1.995235800327968079e+01
-2.390254925964230281e-01 9.709342054662510879e-01 -1.239284247690176921e-02 -1.338966720719963917e+02 -9.654601371862827630e-01 -2.390021674972018229e-01 -1.037530116954873544e-01 8.868274879029596036e+01 -1.036992641887195810e-01 -1.283481933099871186e-02 9.945258820259323951e-01 1.994816285478740170e+01
-2.397976173993285887e-01 9.707506426039755887e-01 -1.184451660363727843e-02 -1.331539751359678689e+02 -9.652235776112574328e-01 -2.397052822560645780e-01 -1.043303545564059631e-01 8.849919517192613228e+01 -1.041179519243932150e-01 -1.358556375381460291e-02 9.944721637856741570e-01 1.995679666935884100e+01
-2.406547991908287720e-01 9.705381157683599103e-01 -1.187575122776358266e-02 -1.323970433482470810e+02 -9.648728077862098740e-01 -2.405426596379987014e-01 -1.056394513855214989e-01 8.830355635700661310e+01 -1.053837388840327682e-01 -1.396405152810921424e-02 9.943335822769652221e-01 1.996230014153585941e+01
-2.413273505952633347e-01 9.703733569763923761e-01 -1.169007805954500046e-02 -1.316479653500642542e+02 -9.646147073024746721e-01 -2.411787169288632793e-01 -1.065424467351333976e-01 8.810596177544556440e+01 -1.062053497260491697e-01 -1.443518517077560515e-02 9.942394324903096603e-01 1.998230929194419758e+01
-2.419347585088722496e-01 9.702305040878849152e-01 -1.097003020153412139e-02 -1.308847109277997163e+02 -9.644033549334227740e-01 -2.416947302364054195e-01 -1.072838588470332172e-01 8.792804077804883889e+01 -1.067414709398955275e-01 -1.537616055197643661e-02 9.941679093937136891e-01 2.000105012842402274e+01
-2.420048942685837368e-01 9.701991511452958683e-01 -1.213417764000067345e-02 -1.301256189985842298e+02 -9.643386412631105298e-01 -2.418867087648772785e-01 -1.074327933627033799e-01 8.773647582700189673e+01 -1.071663012185709168e-01 -1.429780542051616032e-02 9.941382985496975966e-01 1.998355992306039397e+01
-2.422373934802291018e-01 9.701110677901707557e-01 -1.433741088620617277e-02 -1.293696396300714468e+02 -9.643723019314600631e-01 -2.423714376160048811e-01 -1.060290030857987398e-01 8.754675691631305767e+01 -1.063348882884726510e-01 -1.185758740074321221e-02 9.942596688761501378e-01 1.996024994224290694e+01
-2.424140468107500723e-01 9.700321868524397484e-01 -1.652229944979376891e-02 -1.285965990755098574e+02 -9.644446662932864012e-01 -2.427957107935569958e-01 -1.043873961677492523e-01 8.735923981576965502e+01 -1.052706776232904817e-01 -9.370127561806981809e-03 9.943994595444070050e-01 1.992532329582803285e+01
-2.428392597444581913e-01 9.699083173743319186e-01 -1.751998330067373877e-02 -1.278398362498158747e+02 -9.643729336222892634e-01 -2.433284866317790840e-01 -1.038079596670118676e-01 8.717524636695824825e+01 -1.049473145130609686e-01 -8.312850388435474858e-03 9.944430389393432712e-01 1.993689113728670392e+01
-2.438719298642904043e-01 9.696774225031118410e-01 -1.588011687576295489e-02 -1.270215473835831261e+02 -9.638160699134329379e-01 -2.441501407525337175e-01 -1.070013651648524799e-01 8.698991542695100065e+01 -1.076339407477526211e-01 -1.078911758390239256e-02 9.941320484426955373e-01 2.001445229701498008e+01
-2.439391039655656179e-01 9.696914358616555152e-01 -1.386480338981060240e-02 -1.262349477538873685e+02 -9.636260741069366809e-01 -2.439731486193017496e-01 -1.090957930171313067e-01 8.677622158782472184e+01 -1.091718959152476742e-01 -1.325224393622406738e-02 9.939345427003355438e-01 2.006352784616457541e+01
-2.444238686567443697e-01 9.695656625383071159e-01 -1.412085186965821720e-02 -1.254447510225223539e+02 -9.635285225796412778e-01 -2.444866123863120855e-01 -1.088075481727239224e-01 8.660031504017163684e+01 -1.089484217708774627e-01 -1.298931832389448732e-02 9.939625340037296919e-01 2.006809696847759383e+01
-2.434641650288325021e-01 9.697873274224243501e-01 -1.541881700019335361e-02 -1.246690271498611935e+02 -9.637626725884410606e-01 -2.436775130046038296e-01 -1.085485171758560352e-01 8.641020986361372991e+01 -1.090261953477207335e-01 -1.156759381907921519e-02 9.939715687590050530e-01 2.005516433312628877e+01
-2.433566630942942677e-01 9.697957063537652189e-01 -1.654758185995710423e-02 -1.238631086304203706e+02 -9.637344886201233418e-01 -2.436915713590921406e-01 -1.087669687572747623e-01 8.620435032376700235e+01 -1.095142455195653175e-01 -1.052169122994636025e-02 9.939295367589907615e-01 2.003612860803140450e+01
-2.434013018426461894e-01 9.697872124939836969e-01 -1.638806713599227916e-02 -1.230595857618895081e+02 -9.635870333329030757e-01 -2.437046239495266331e-01 -1.100367459456807057e-01 8.600415731978530687e+01 -1.107060768612069535e-01 -1.099175822007596171e-02 9.937924057856509785e-01 2.004149409040517682e+01
-2.430326246666090206e-01 9.698802801323977985e-01 -1.635192826429792551e-02 -1.222665994909137623e+02 -9.636324228644088663e-01 -2.433295076328676476e-01 -1.104685671112614342e-01 8.580728010585265508e+01 -1.111201914690944093e-01 -1.109021755637887990e-02 9.937450931312435953e-01 2.006553177062472670e+01
-2.424819828603239635e-01 9.700091888202793111e-01 -1.687191726950738879e-02 -1.214601770713860702e+02 -9.637229463796617157e-01 -2.428371002472362594e-01 -1.107620213106340068e-01 8.559311775810088818e+01 -1.115373059089610347e-01 -1.059794073097643924e-02 9.937037350452264661e-01 2.008754940979691739e+01
-2.425259298066559932e-01 9.699943727464376275e-01 -1.709064690591530905e-02 -1.206430691684845016e+02 -9.636041982254971439e-01 -2.428956355360925023e-01 -1.116631514856863128e-01 8.540429227705659798e+01 -1.124638721261839724e-01 -1.061259053027790306e-02 9.935991396879437776e-01 2.011162183931126179e+01
-2.423088259141650269e-01 9.700380975223569235e-01 -1.767829854101808651e-02 -1.198388628123147441e+02 -9.635476908783008332e-01 -2.427376453734462203e-01 -1.124912570898265740e-01 8.520244454501724363e+01 -1.134119935773692661e-01 -1.022374069318915391e-02 9.934954427872556559e-01 2.010435280393305035e+01
-2.418345897944986778e-01 9.701364524294798786e-01 -1.874286121354391821e-02 -1.190435338244582084e+02 -9.636090806381470975e-01 -2.423852792948351098e-01 -1.127249577195303248e-01 8.500644502023635596e+01 -1.139015842323174293e-01 -9.200002647193353256e-03 9.934494396096159585e-01 2.009693505400744584e+01
-2.412716766938916013e-01 9.702464033616297057e-01 -2.024585856762112224e-02 -1.182036701396461069e+02 -9.638152908553877518e-01 -2.420048348786667525e-01 -1.117754222031553113e-01 8.480381432508751516e+01 -1.133492970364730623e-01 -7.454975464154134368e-03 9.935272317365871908e-01 2.011512804809582633e+01
-2.407855354430288308e-01 9.703460613892175290e-01 -2.123315962938443491e-02 -1.173877136805075594e+02 -9.639244991670060658e-01 -2.416348451640006889e-01 -1.116340517414204925e-01 8.459498515660105511e+01 -1.134543336635963073e-01 -6.412702160745228919e-03 9.935225168177855837e-01 2.010881283711704626e+01
-2.406790363887192363e-01 9.704145300246019845e-01 -1.921565403853088549e-02 -1.165835518765018861e+02 -9.638345176221448929e-01 -2.412876540973907247e-01 -1.131516266797129439e-01 8.438059160709674700e+01 -1.144404827108170125e-01 -8.712513834067972529e-03 9.933919005204372432e-01 2.014539970738417907e+01
-2.407926633694614793e-01 9.704541381056028815e-01 -1.541619606623743921e-02 -1.157530440297611847e+02 -9.635349942934627876e-01 -2.409253689825656686e-01 -1.164271504096488496e-01 8.418432151094607718e+01 -1.167013626284530009e-01 -1.318075924694723372e-02 9.930795836922317044e-01 2.017442334236300283e+01
-2.403986959711279514e-01 9.705725550915663691e-01 -1.404928035202252651e-02 -1.149455789945048565e+02 -9.636177817041228222e-01 -2.403681381331967959e-01 -1.168928096762412994e-01 8.396517723144610557e+01 -1.168299523196286438e-01 -1.456274264721438977e-02 9.930451594804661219e-01 2.018254437201852625e+01
-2.400605654020107060e-01 9.706497820466575277e-01 -1.448880780613440167e-02 -1.141313026045236967e+02 -9.637048673791572817e-01 -2.400857471269981502e-01 -1.167551395707787654e-01 8.376208638349159230e+01 -1.168069070243187568e-01 -1.406537021365899393e-02 9.930550396791533174e-01 2.017952104919292111e+01
-2.393324113954364840e-01 9.708139623608291746e-01 -1.549991422274540898e-02 -1.133558118554204412e+02 -9.637433553215939419e-01 -2.394685169788819401e-01 -1.177012083600293690e-01 8.355968688853789672e+01 -1.179777179348783511e-01 -1.323177468073694768e-02 9.929280831005217189e-01 2.016707478913509988e+01
-2.392575193159076630e-01 9.708208777032693026e-01 -1.620687712829486232e-02 -1.125494255553365406e+02 -9.637361052559120234e-01 -2.394770894290894070e-01 -1.177431232163359820e-01 8.334904424569930370e+01 -1.181886579878264343e-01 -1.255177493526380555e-02 9.929118259286727755e-01 2.015834027707342457e+01
-2.384788873320933256e-01 9.710085680699289679e-01 -1.643718441926470680e-02 -1.117449064673940597e+02 -9.638864010716903241e-01 -2.387277652450656706e-01 -1.180341473056059770e-01 8.314357920557705484e+01 -1.185361806619036062e-01 -1.230507358299658127e-02 9.928734859176195915e-01 2.014458694691117202e+01
-2.376763989539327770e-01 9.712079375529762970e-01 -1.628101392375139872e-02 -1.109682805246808499e+02 -9.640230187373357573e-01 -2.379058679834540335e-01 -1.185766305963953243e-01 8.294284872472171344e+01 -1.190359135926870038e-01 -1.248759436936254519e-02 9.928114177737988877e-01 2.015309260349663489e+01
-2.365503539390365617e-01 9.714751133882206791e-01 -1.673421998960911844e-02 -1.101688779928610558e+02 -9.643034390997069494e-01 -2.368439699187288028e-01 -1.184221738257421330e-01 8.273916582380982732e+01 -1.190075938408747813e-01 -1.187594124607824209e-02 9.928223177526405152e-01 2.015334953210158631e+01
-2.360976648265302735e-01 9.715825799605832813e-01 -1.688736156410486355e-02 -1.093787302251574829e+02 -9.644195956927597013e-01 -2.364138636055144183e-01 -1.183356604702391068e-01 8.254206289312587330e+01 -1.189652726944877836e-01 -1.165227069075713134e-02 9.928300400775932344e-01 2.016459634005461865e+01
-2.354898153718476550e-01 9.717304882959689749e-01 -1.686431060585164010e-02 -1.086152141965488909e+02 -9.645446144512148656e-01 -2.358054729411698247e-01 -1.185304419301153600e-01 8.234475365224550103e+01 -1.191563409529276252e-01 -1.164633191475967361e-02 9.928071964705135199e-01 2.017558992101511706e+01
-2.351966968583723006e-01 9.718135889977008723e-01 -1.615122367867772440e-02 -1.078001885405698488e+02 -9.645711143167938761e-01 -2.354228579708930180e-01 -1.190741087326522007e-01 8.215207281040380849e+01 -1.195202042023426892e-01 -1.242683323395250145e-02 9.927539950074266706e-01 2.019345924381087443e+01
-2.346825105285115232e-01 9.719336522978521131e-01 -1.640410872291183514e-02 -1.070277832726655589e+02 -9.647427256623324343e-01 -2.349482456783538176e-01 -1.186203824571377685e-01 8.196932422023064646e+01 -1.191452581248990672e-01 -1.201238459349008442e-02 9.928041650208410118e-01 2.018927544687899811e+01
-2.345895209962716166e-01 9.719449615197960357e-01 -1.705134642840903936e-02 -1.062267796078331656e+02 -9.646936633070474221e-01 -2.349280490948990607e-01 -1.190585894578516379e-01 8.177169252287201573e+01 -1.197242357000802421e-01 -1.148057162106974616e-02 9.927408039671207218e-01 2.017990321848513346e+01
-2.338035786645680236e-01 9.721366063214893494e-01 -1.692055712377691506e-02 -1.054654660527491927e+02 -9.650304269136626978e-01 -2.341459943245587372e-01 -1.178640253537848737e-01 8.157510390069670336e+01 -1.185418142870906244e-01 -1.122817845875079962e-02 9.928855756198814442e-01 2.020703416867808144e+01
-2.334416862299950601e-01 9.722177462834099559e-01 -1.725204166768264796e-02 -1.046558022564449857e+02 -9.653003087639161484e-01 -2.338434676968581538e-01 -1.162434794549628558e-01 8.138618705832776357e+01 -1.170482508642674557e-01 -1.048267270858630612e-02 9.930709040861585013e-01 2.019952662343116145e+01
-2.330175898484256880e-01 9.722947176442663375e-01 -1.859529140099362710e-02 -1.038740579805110968e+02 -9.653706260096089897e-01 -2.335803061323256102e-01 -1.161886183106823622e-01 8.119598261178870757e+01 -1.173130736919262146e-01 -9.122643705965487182e-03 9.930530802090926645e-01 2.021818951858614710e+01
-2.326201595886485674e-01 9.723445923537602509e-01 -2.082918801470946824e-02 -1.030944147793297105e+02 -9.654472518751183729e-01 -2.334509306647456484e-01 -1.158113414935967173e-01 8.099078680997604351e+01 -1.174711249615582737e-01 -6.830570412824490956e-03 9.930528073109211595e-01 2.023158469180980035e+01
-2.329033271490454915e-01 9.722619715401777940e-01 -2.151043699489537525e-02 -1.023187066768946210e+02 -9.653339164153341700e-01 -2.338107858210098922e-01 -1.160299368783531682e-01 8.081250698576344860e+01 -1.178408673641598292e-01 -6.259003959774529779e-03 9.930127667096199096e-01 2.022662875541955074e+01
-2.324313756279079435e-01 9.723747432023563952e-01 -2.151776953752374683e-02 -1.015377820533950910e+02 -9.650653742415928882e-01 -2.333220626558802913e-01 -1.192041883405947078e-01 8.059970603960991298e+01 -1.209317123985799991e-01 -6.940739165037936031e-03 9.926365634391017823e-01 2.022321786981543923e+01
-2.316281230135759373e-01 9.725713435644709470e-01 -2.129305770450711649e-02 -1.007158329718020724e+02 -9.650555743888362681e-01 -2.324852355542310622e-01 -1.209063835797221098e-01 8.038727472138221231e+01 -1.225404054597537817e-01 -7.456334655412712176e-03 9.924355153375283844e-01 2.023644169818794580e+01
-2.313120072663941151e-01 9.726282951012089617e-01 -2.211232377900334417e-02 -9.993044968542020001e+01 -9.651465972003713256e-01 -2.322741528165204183e-01 -1.205850896500566954e-01 8.019840037178485659e+01 -1.224205914335336487e-01 -6.551145081854739538e-03 9.924566898818206750e-01 2.024291258542126570e+01
-2.303727149576877409e-01 9.728127214025008573e-01 -2.374492115135220377e-02 -9.915510672717708474e+01 -9.653067381506641453e-01 -2.315416168118706874e-01 -1.207119752347285413e-01 8.000853266365412253e+01 -1.229280825684220535e-01 -4.887613078473095063e-03 9.924035458191623471e-01 2.024646846950546575e+01
-2.294966868393790715e-01 9.730139013485964439e-01 -2.398371347668038639e-02 -9.839043955010370723e+01 -9.655680062140995501e-01 -2.307039068765341927e-01 -1.202253414535881665e-01 7.982825910254477719e+01 -1.225140649292005279e-01 -4.433411134443024371e-03 9.924568750128323069e-01 2.025936260655068466e+01
-2.295940372816285269e-01 9.730163492932352165e-01 -2.292950179980386000e-02 -9.756114059742725431e+01 -9.657558623311280899e-01 -2.306793421140456157e-01 -1.187546019945777687e-01 7.964111829231481465e+01 -1.208395316847167833e-01 -5.121047734215296299e-03 9.926588449474079701e-01 2.028083787496142421e+01
-2.290323911139775515e-01 9.732091091756102097e-01 -2.020380256856923323e-02 -9.675800399999342005e+01 -9.660304727632124111e-01 -2.297974367751245417e-01 -1.182297075377728157e-01 7.944423457068268135e+01 -1.197050103942966792e-01 -7.560943671152807466e-03 9.927807122508489623e-01 2.031848427702936277e+01
-2.279186567069231284e-01 9.734874765193607393e-01 -1.937057007109275336e-02 -9.594248888423720700e+01 -9.662115856135297109e-01 -2.285849866944342779e-01 -1.190969171897174328e-01 7.924319245727504324e+01 -1.203671788782176288e-01 -8.428340161187541923e-03 9.926936613734503867e-01 2.032754975457271840e+01
-2.274697047768916569e-01 9.735826314387876490e-01 -1.985933456690720106e-02 -9.515068778167713504e+01 -9.663050478371495444e-01 -2.281983749094986802e-01 -1.190800412038418576e-01 7.907484201269868151e+01 -1.204661277420278342e-01 -7.896926578768725946e-03 9.926860282171049432e-01 2.032682180453258525e+01
-2.262134395991119984e-01 9.738653395273914049e-01 -2.034158823539398281e-02 -9.437447002985595645e+01 -9.668116928212638905e-01 -2.270229903248359715e-01 -1.171994560057860041e-01 7.886866657278770276e+01 -1.187544962046559738e-01 -6.845606705679269099e-03 9.929000489978885291e-01 2.034123061101793439e+01
-2.256607441480464882e-01 9.739642724267821849e-01 -2.169849272920261474e-02 -9.358107153833763903e+01 -9.669001333259140685e-01 -2.266355165287599061e-01 -1.172197714639990340e-01 7.869983965609011989e+01 -1.190855185355458451e-01 -5.471625344592563611e-03 9.928689241743889893e-01 2.035030566413903230e+01
-2.253397895225135450e-01 9.740268227879296248e-01 -2.221998531953595785e-02 -9.280394307181677505e+01 -9.669816135897266740e-01 -2.263798977667839107e-01 -1.170414493523928845e-01 7.851367760692666309e+01 -1.190316690522216225e-01 -4.887778304253215245e-03 9.928784272940422984e-01 2.035907775579932633e+01
-2.246840115846029384e-01 9.741652084281112733e-01 -2.278687399501171107e-02 -9.202367931504934973e+01 -9.672029677350665322e-01 -2.257993584013266997e-01 -1.163317194492934636e-01 7.832541975206784457e+01 -1.184715752521670468e-01 -4.098345247021503712e-03 9.929489863147584749e-01 2.035823428614910213e+01
-2.241612887525414877e-01 9.742826486247121442e-01 -2.291369052806487006e-02 -9.122828020933049231e+01 -9.674062710040020052e-01 -2.252981770649002957e-01 -1.156107185055296471e-01 7.814226885004383405e+01 -1.177999297407757023e-01 -3.748599745111824699e-03 9.930302737344008923e-01 2.037083202893245826e+01
-2.232164793644388912e-01 9.745219809924563492e-01 -2.193882181622632682e-02 -9.044123936924496832e+01 -9.676583195205414878e-01 -2.242455989624287938e-01 -1.155477737070852717e-01 7.796063943256095286e+01 -1.175235295710064243e-01 -4.562883794344267663e-03 9.930596155763520283e-01 2.040484844393608910e+01
-2.225997624337821001e-01 9.746710100123936460e-01 -2.158165901512239249e-02 -8.965547149628660861e+01 -9.678290070050488136e-01 -2.235920590058688706e-01 -1.153845932052358081e-01 7.777023211922147539e+01 -1.172875055751701062e-01 -4.797227421876583409e-03 9.930864149936888818e-01 2.041342869335698040e+01
-2.219886307083667187e-01 9.748202436988282482e-01 -2.113150044794315230e-02 -8.888641779674351540e+01 -9.679797312080373750e-01 -2.229323830467320189e-01 -1.153966748200348502e-01 7.758767393270449020e+01 -1.172019104223138430e-01 -5.161885707975662207e-03 9.930946919248424543e-01 2.043774017282844113e+01
-2.212889721325619341e-01 9.749561901594704372e-01 -2.217246225039112839e-02 -8.812316375587600703e+01 -9.679630088312515257e-01 -2.223544539698902867e-01 -1.166452327962976404e-01 7.740502289001879888e+01 -1.186541375041965662e-01 -4.350180396570174635e-03 9.929261158735087633e-01 2.044388185572129757e+01
-2.209006084624804966e-01 9.750281419720369103e-01 -2.287014524361498380e-02 -8.732873820413136912e+01 -9.681462647547164346e-01 -2.220550911255048110e-01 -1.156907366504987822e-01 7.722197066075169403e+01 -1.178801561858364849e-01 -3.414508427564043325e-03 9.930219584227737428e-01 2.045558842354892803e+01
-2.200182181625296440e-01 9.752079976350457313e-01 -2.369272093345482777e-02 -8.655818791183551753e+01 -9.683257473643719360e-01 -2.212759872728762289e-01 -1.156813919679607616e-01 7.704747701721258579e+01 -1.180560488404408109e-01 -2.509742030368737609e-03 9.930037615876006196e-01 2.046178060721639014e+01
-2.197108587252643019e-01 9.752798348142504015e-01 -2.358775875101175312e-02 -8.579278299072674940e+01 -9.685570742874822781e-01 -2.209616877488724818e-01 -1.143377732634441035e-01 7.686398583959365283e+01 -1.167233156052377568e-01 -2.275159743566936010e-03 9.931618655799573370e-01 2.047223570653098079e+01
-2.191700555500495362e-01 9.753930172172272650e-01 -2.393634713279728377e-02 -8.501139525807390385e+01 -9.685485139124135889e-01 -2.204632509240465055e-01 -1.153678082918106196e-01 7.669412416543511313e+01 -1.178060395236307928e-01 -2.101655508041123943e-03 9.930344002580586693e-01 2.049467293691376923e+01
-2.186419902531533399e-01 9.755039408078308716e-01 -2.424338191202862758e-02 -8.423115012633631693e+01 -9.686955601753558520e-01 -2.199755930808739990e-01 -1.150636786534810913e-01 7.650753117363642275e+01 -1.175780242847012935e-01 -1.673295284828707485e-03 9.930622378724286436e-01 2.050943524686816133e+01
-2.180683143009904956e-01 9.756196653126542051e-01 -2.474831212727033464e-02 -8.346906129070981706e+01 -9.688760235843688617e-01 -2.194658970895906336e-01 -1.145162474848103740e-01 7.632654636515837865e+01 -1.171557135664563765e-01 -9.943188047931497686e-04 9.931130600837192457e-01 2.052420825758916934e+01
-2.177457841410566086e-01 9.756813262425347855e-01 -2.515398796225100375e-02 -8.271137023230316743e+01 -9.689731091890976256e-01 -2.191933005022341785e-01 -1.142165079283664619e-01 7.615315692938185066e+01 -1.169524995765788139e-01 -4.966251564278503783e-04 9.931373853632962101e-01 2.054434108694313110e+01
-2.176193452636596692e-01 9.757015352323451518e-01 -2.546241764368254584e-02 -8.192914522114008946e+01 -9.689332706838665876e-01 -2.191036902628065164e-01 -1.147252800174647369e-01 7.596194090274924804e+01 -1.175165415117446488e-01 -2.950567155787578444e-04 9.930708813637891819e-01 2.056772513020389681e+01
-2.179886556935257680e-01 9.756079759976675758e-01 -2.588480555585135484e-02 -8.115532454197114021e+01 -9.687989716467008128e-01 -2.195201064647545053e-01 -1.150629192833127479e-01 7.579957810956652509e+01 -1.179385370658156962e-01 -5.238090958391283802e-06 9.930208967828106914e-01 2.058432302163440752e+01
-2.178532550572525039e-01 9.756328514884595737e-01 -2.608636343871696683e-02 -8.038027118003145688e+01 -9.688333809944880137e-01 -2.194094097440775215e-01 -1.149843066968022909e-01 7.561728498894247252e+01 -1.179060606234831748e-01 2.236341937833022375e-04 9.930247282197955938e-01 2.058818464950620353e+01
-2.178728166738435057e-01 9.756207100907359209e-01 -2.637547718343723896e-02 -7.959396563963937865e+01 -9.687363624549718555e-01 -2.194632359055197490e-01 -1.156967940065215805e-01 7.543228544176548667e+01 -1.186646358950935176e-01 3.436974343627857698e-04 9.929343311921279280e-01 2.060600733495411774e+01
-2.178600974541566870e-01 9.756098950287896976e-01 -2.687583783214054362e-02 -7.881720793568261740e+01 -9.686513691262996772e-01 -2.195104854514129400e-01 -1.163171176853611821e-01 7.526276142845463824e+01 -1.193796591845132093e-01 6.924585179999484530e-04 9.928484363054566053e-01 2.061540581134540417e+01
-2.166815214974568971e-01 9.758516858248982295e-01 -2.761531303916426455e-02 -7.803421457324654398e+01 -9.688164745465395189e-01 -2.184296344098941578e-01 -1.169749266243596264e-01 7.507732713959173054e+01 -1.201821820768845805e-01 1.407865144082566522e-03 9.927508554652444417e-01 2.064010105621110114e+01
-2.146275287327441550e-01 9.762617631501828708e-01 -2.912033174556592080e-02 -7.726517687986741123e+01 -9.691880101509227075e-01 -2.165727321651522708e-01 -1.173492763600038069e-01 7.488739726457451695e+01 -1.208702812513081926e-01 3.036691195696349099e-03 9.926636659094618675e-01 2.064757517713734103e+01
-2.126427409975291116e-01 9.766659018074197451e-01 -3.011280371797347283e-02 -7.649788137051662318e+01 -9.696480981140156441e-01 -2.147206731400470581e-01 -1.169512648506094155e-01 7.471457963573945449e+01 -1.206881540372962136e-01 4.329985333052087382e-03 9.926810266657086768e-01 2.066630357489518488e+01
-2.111253048860226578e-01 9.769893604928902020e-01 -3.029678399562758112e-02 -7.571035469386927730e+01 -9.700198491481962781e-01 -2.132346077901408066e-01 -1.165868530285278093e-01 7.455874272052800222e+01 -1.203644378348302235e-01 4.774046949764305936e-03 9.927182936666507640e-01 2.070226549157727192e+01
-2.100613909493325160e-01 9.772375226099191403e-01 -2.968225792725159851e-02 -7.492803886208818653e+01 -9.703566737488592553e-01 -2.121010868780619507e-01 -1.158492755963336229e-01 7.438400879212093741e+01 -1.195078982472798368e-01 4.466917099405207092e-03 9.928232012338071844e-01 2.072401229954138557e+01
-2.088762526697114374e-01 9.775054575634000154e-01 -2.921971088883770773e-02 -7.414370364377376177e+01 -9.707066812229542263e-01 -2.108661306633465848e-01 -1.151695010329855523e-01 7.421302037855159028e+01 -1.187402631788278540e-01 4.307594785587412489e-03 9.929160057766144298e-01 2.073674684794669787e+01
-2.095763726889099399e-01 9.773575350302169396e-01 -2.915463479820661064e-02 -7.336212667796011999e+01 -9.704911625584561330e-01 -2.115559238976325585e-01 -1.157194644809374229e-01 7.405297285836651611e+01 -1.192671262607384458e-01 4.042249803860704926e-03 9.928539735580597103e-01 2.077790229486663165e+01
-2.112317358026514214e-01 9.769734670564794721e-01 -3.006656710435831603e-02 -7.259428383027970710e+01 -9.701534717902328131e-01 -2.133066866502573156e-01 -1.153364582586402926e-01 7.387480066559835734e+01 -1.190940593109370282e-01 4.806464181804581681e-03 9.928713425912302215e-01 2.079475632086609593e+01
-2.131961468475820354e-01 9.765376264440321918e-01 -3.035897080601607928e-02 -7.185732482651059172e+01 -9.696566353122368920e-01 -2.152945546219342532e-01 -1.158199652266186513e-01 7.370872578219847071e+01 -1.196386750356940309e-01 4.745407168967971656e-03 9.928061585961804880e-01 2.084486993715089653e+01
-2.146532773533924576e-01 9.762239410352058222e-01 -3.017925564255519166e-02 -7.108626036452261587e+01 -9.693083035398384339e-01 -2.167210333858313742e-01 -1.160750032388453701e-01 7.354612701754363968e+01 -1.198556765871696406e-01 4.337123224956496159e-03 9.927818522474931573e-01 2.084873161637611361e+01
-2.165050446802379014e-01 9.758216884568176042e-01 -2.995993934062354119e-02 -7.030119987159677919e+01 -9.689945427033932468e-01 -2.185302812991885002e-01 -1.153000102616627276e-01 7.336708370378831034e+01 -1.190594046644372073e-01 4.067983847455748647e-03 9.928787990829326393e-01 2.084471568399033359e+01
-2.176609909662634568e-01 9.755678648549516163e-01 -2.985019386763491933e-02 -6.954680406874086884e+01 -9.686285837890914463e-01 -2.196684751221418264e-01 -1.162085526295388027e-01 7.318475769803325193e+01 -1.199264761356870906e-01 3.619682287736458726e-03 9.927761773037325765e-01 2.087011385726479062e+01
-2.185402981774449138e-01 9.753667558029537332e-01 -2.999716231470128669e-02 -6.879120073924113399e+01 -9.684417814716814732e-01 -2.205586786659041731e-01 -1.160792193508646958e-01 7.300738403523041598e+01 -1.198359460782495167e-01 3.682518102001472449e-03 9.927868779793371790e-01 2.088148198789426502e+01
-2.206519985157340269e-01 9.748817647614089754e-01 -3.030247987696222528e-02 -6.804129237752648862e+01 -9.679507703669796292e-01 -2.226920659177837880e-01 -1.161014639151481953e-01 7.284176433520640614e+01 -1.199333218792154876e-01 3.713288697455671694e-03 9.927750046158826391e-01 2.090732917147359871e+01
-2.213643761074790550e-01 9.746917056737578466e-01 -3.120724084771939189e-02 -6.730791943558082835e+01 -9.677401012614905706e-01 -2.235088383877428253e-01 -1.162879855056495326e-01 7.265237771485672624e+01 -1.203200290930270255e-01 4.458481057810027848e-03 9.927251445116670459e-01 2.094844323377851225e+01
-2.226279739146521663e-01 9.743855739135119931e-01 -3.177323684946756210e-02 -6.656515753901148003e+01 -9.674685468575433545e-01 -2.248301549533870958e-01 -1.160000528663201746e-01 7.248425413599258604e+01 -1.201723598503836032e-01 4.914750540093500153e-03 9.927408771452490566e-01 2.096769590726053778e+01
-2.238011673161444115e-01 9.740847815651247910e-01 -3.273951482772484434e-02 -6.581979598373661133e+01 -9.669291275718316925e-01 -2.261221414077509984e-01 -1.179696546504645782e-01 7.230195720348801558e+01 -1.223155744830069364e-01 5.255044090840647886e-03 9.924773472228448634e-01 2.097733610627392764e+01
-2.246839102839737201e-01 9.738662433188711720e-01 -3.319157398335478154e-02 -6.507495081910323620e+01 -9.665849654692324489e-01 -2.270593215162119982e-01 -1.189855833344536234e-01 7.212156800088934006e+01 -1.234124993197445175e-01 5.348330261565781285e-03 9.923410453947106857e-01 2.098983184931522672e+01
-2.262869855478488734e-01 9.734886246622238559e-01 -3.337810397430560072e-02 -6.431894109678091809e+01 -9.664476200743348233e-01 -2.286624109419710393e-01 -1.170149540651087700e-01 7.196117746961414241e+01 -1.215450444251925388e-01 5.779227929147881526e-03 9.925690921544055856e-01 2.099266003472025943e+01
-2.268940504975374139e-01 9.733526016210022336e-01 -3.322352730292064960e-02 -6.358902750554227623e+01 -9.661826491156674246e-01 -2.292519360281288776e-01 -1.180450692540195301e-01 7.178286989438598198e+01 -1.225160332228092258e-01 5.316271718195778040e-03 9.924522955076308106e-01 2.103422030545991461e+01
-2.276214463577608260e-01 9.731817849703051637e-01 -3.325192565869950628e-02 -6.284228583109466371e+01 -9.660590711960491683e-01 -2.299753367468739818e-01 -1.176486950543393500e-01 7.160987975420287910e+01 -1.221406898532505225e-01 5.343958286951430714e-03 9.924984100702627376e-01 2.106259207905945630e+01
-2.293351029525501072e-01 9.727836848226903976e-01 -3.312571654367713059e-02 -6.210971865587426777e+01 -9.657571713524392143e-01 -2.316567955732697914e-01 -1.168255753080624515e-01 7.144042148001423698e+01 -1.213198109752843812e-01 5.199192967478949434e-03 9.925998548546177691e-01 2.109797401330455813e+01
-2.305030847986186959e-01 9.724951263908788723e-01 -3.348965578068933968e-02 -6.137683821266922735e+01 -9.654164388467519897e-01 -2.328627715331976766e-01 -1.172434613884001664e-01 7.128481354568843642e+01 -1.218171888642004680e-01 5.306484699502657387e-03 9.925383688892625011e-01 2.109974741437309831e+01
-2.312770386456945992e-01 9.723276765615095352e-01 -3.301243383597642772e-02 -6.064048802081273948e+01 -9.652111103288906202e-01 -2.335742779122149670e-01 -1.175183781178823217e-01 7.107698631536067069e+01 -1.219772269440003998e-01 4.684665439933045905e-03 9.925218435967884112e-01 2.109823024040020556e+01
-2.325586020442091950e-01 9.720614071664748224e-01 -3.182950380977845467e-02 -5.991194384128557004e+01 -9.650211687747545231e-01 -2.346999153155349127e-01 -1.168336148866754853e-01 7.089812996394975642e+01 -1.210398299397782429e-01 3.545482818216184884e-03 9.926413194702985443e-01 2.113490889527470529e+01
-2.331039617030727928e-01 9.719211606704867279e-01 -3.212165125374111946e-02 -5.919284729410148316e+01 -9.648214704758217852e-01 -2.352785079766488430e-01 -1.173181733285826034e-01 7.071433201163615934e+01 -1.215815493699837768e-01 3.644327814085697448e-03 9.925747557376107810e-01 2.116031711719713826e+01
-2.336597990417375037e-01 9.717662375166996602e-01 -3.276397311701077786e-02 -5.847013274848567477e+01 -9.645044229041433992e-01 -2.359138225643482301e-01 -1.186418413605538069e-01 7.053182744602749210e+01 -1.230216099314280914e-01 3.879168173020662580e-03 9.923964104853286727e-01 2.122041188382441135e+01
-2.344134073537547103e-01 9.715317395383105126e-01 -3.429917670247565470e-02 -5.775014907091348704e+01 -9.642715434744455472e-01 -2.368511099345287363e-01 -1.186673593208881494e-01 7.035453544649536184e+01 -1.234129040992620607e-01 5.256500018717247258e-03 9.923414857342907069e-01 2.120004587576148580e+01
-2.357808831992633802e-01 9.711603165398096094e-01 -3.542618658665139947e-02 -5.701577380581780830e+01 -9.639370685682372430e-01 -2.383459143198491947e-01 -1.183915240509584854e-01 7.017874238864267511e+01 -1.234208368058203331e-01 6.234156344846329689e-03 9.923348388204553672e-01 2.119450826018395517e+01
-2.362321819987589500e-01 9.710451166793686584e-01 -3.557720564148854347e-02 -5.629325787648002688e+01 -9.638980296060427611e-01 -2.388085319054475963e-01 -1.177755221204866143e-01 6.999134938301537545e+01 -1.228614858680035643e-01 6.470429840154140466e-03 9.924027351977573463e-01 2.119592739005667426e+01
-2.371484379896473538e-01 9.708091870120730826e-01 -3.591852964736655385e-02 -5.556593286102711460e+01 -9.636573452463891298e-01 -2.397602459133707509e-01 -1.178114825992865461e-01 6.981380422305539923e+01 -1.229843051439996338e-01 6.674345849469673353e-03 9.923861717072287592e-01 2.122574703278584707e+01
-2.377646658918859401e-01 9.706563062563022815e-01 -3.597636416026105816e-02 -5.483907530491492821e+01 -9.634349154951642458e-01 -2.403826949921401557e-01 -1.183609883075570357e-01 6.961824332687086780e+01 -1.235359350883208640e-01 6.518824524984673241e-03 9.923186875538858587e-01 2.127763003518272455e+01
-2.387590083957400466e-01 9.704120336684809445e-01 -3.598083964120894762e-02 -5.410137365094676198e+01 -9.631436646701880822e-01 -2.413724670056853761e-01 -1.187165252914260671e-01 6.943655717208372380e+01 -1.238887287672429532e-01 6.310077891175713827e-03 9.922760532238212861e-01 2.129163943568268991e+01
-2.395100113417183429e-01 9.702140967663963611e-01 -3.632576087097789952e-02 -5.336114938413899722e+01 -9.629013428185655421e-01 -2.421629307704011858e-01 -1.190719066736275478e-01 6.926647496340493149e+01 -1.243219950985869765e-01 6.459210203690134156e-03 9.922209028932273966e-01 2.131835172905790898e+01
-2.392558292560968969e-01 9.702540839584052890e-01 -3.692777720109609307e-02 -5.262069046809216388e+01 -9.629312929534770138e-01 -2.419863998811189187e-01 -1.191885368796874456e-01 6.906617839458868957e+01 -1.245791845290490224e-01 7.042360017178894704e-03 9.921846763317127005e-01 2.133243294282731028e+01
-2.380365305607312632e-01 9.705106187815175645e-01 -3.804929632630245362e-02 -5.187197088868841632e+01 -9.631965426815320974e-01 -2.409164044362288593e-01 -1.192128610505752140e-01 6.887828531857924474e+01 -1.248640472071701618e-01 8.271934830262207827e-03 9.921393777132371250e-01 2.133616792426675346e+01
-2.365101716295001655e-01 9.708491927149380807e-01 -3.892022251397181387e-02 -5.112419954353035934e+01 -9.635753269926636833e-01 -2.395083014900276641e-01 -1.189889185106865754e-01 6.868934470331004150e+01 -1.248420118660589773e-01 9.360476596556498163e-03 9.921324778229568819e-01 2.133473533236149677e+01
-2.348991474913006972e-01 9.712467734129062169e-01 -3.875687865242768981e-02 -5.036905595515774081e+01 -9.639968589456422432e-01 -2.378873992482393174e-01 -1.188260965522495161e-01 6.849997345271808058e+01 -1.246292359392284221e-01 9.449360503635324815e-03 9.921583861134655180e-01 2.136321185831859992e+01
-2.332733448765240691e-01 9.716580325592281131e-01 -3.826505368151375541e-02 -4.960331699508150649e+01 -9.643663835637252824e-01 -2.362155436870687630e-01 -1.191624738449364729e-01 6.830476482876420619e+01 -1.248239753506550365e-01 9.104102578143626057e-03 9.921371329074956114e-01 2.141578465499274131e+01
-2.311519676258724232e-01 9.721888108860783362e-01 -3.765214270929872348e-02 -4.883727888561450214e+01 -9.649071246582989758e-01 -2.340329696497296386e-01 -1.190916029809972881e-01 6.812153659251755755e+01 -1.245913666605452386e-01 8.802562402076677395e-03 9.921690915609169270e-01 2.143783881724770524e+01
-2.280886005307760644e-01 9.729214526348166636e-01 -3.740905386226668627e-02 -4.808363968688347967e+01 -9.656373565026783456e-01 -2.309629152502576943e-01 -1.191663858041412949e-01 6.793407117232339942e+01 -1.245796373185891898e-01 8.943085712448367586e-03 9.921693077209698952e-01 2.146009285006181244e+01
-2.239585371903185518e-01 9.738361455378196085e-01 -3.854523658787741003e-02 -4.731891793504564703e+01 -9.666048093246063511e-01 -2.270029314316319713e-01 -1.189319625331533847e-01 6.775961718973321979e+01 -1.245701256727084344e-01 1.062218270829830974e-02 9.921539462323359926e-01 2.146104381455765164e+01
-2.199521079343820240e-01 9.746920371723686305e-01 -3.995626218754642217e-02 -4.655123702645604311e+01 -9.674919654673059810e-01 -2.232019819167092578e-01 -1.189124552965851456e-01 6.758504498936159166e+01 -1.248213402084408230e-01 1.250231743441940213e-02 9.921004611869392864e-01 2.145379903157553514e+01
-2.156267264792919303e-01 9.756652353441324088e-01 -3.978018814314100704e-02 -4.579076274340108910e+01 -9.685079368098656882e-01 -2.188833659203672788e-01 -1.186694925398616152e-01 6.740877231800206459e+01 -1.244889198447890061e-01 1.293911373509269019e-02 9.921366277744351203e-01 2.147394199772075751e+01
-2.115473933530291895e-01 9.765847287366677953e-01 -3.911480491921796171e-02 -4.501531919155480921e+01 -9.694272016764575728e-01 -2.147516760992715934e-01 -1.187123340782540171e-01 6.725473125002257291e+01 -1.243326224902064348e-01 1.280567104384942173e-02 9.921579580761444861e-01 2.152877660460937648e+01
-2.070835731908595712e-01 9.775501189825183124e-01 -3.888648340708782819e-02 -4.424807368513916828e+01 -9.703860056996725936e-01 -2.102940770325154585e-01 -1.188587443450297987e-01 6.708618713996919780e+01 -1.243679768137303798e-01 1.312120582516290712e-02 9.921494042234532129e-01 2.157350778020651560e+01
-2.022651720699690792e-01 9.784886488636588275e-01 -4.060497768103550620e-02 -4.349193589586759856e+01 -9.714089499040141629e-01 -2.057195155869229186e-01 -1.185079446833107314e-01 6.692340836044328967e+01 -1.243119150117423660e-01 1.547400890698243103e-02 9.921225241039838272e-01 2.160913869647334451e+01
-1.975507915036776030e-01 9.793469298380170773e-01 -4.304968981445456144e-02 -4.272271726615123555e+01 -9.723910303215534956e-01 -2.013339735744377190e-01 -1.179843855555284537e-01 6.676108272237367203e+01 -1.242150108741227887e-01 1.855322348213106487e-02 9.920818559836499517e-01 2.161228198119911070e+01
-1.927444570669269996e-01 9.802372702996727805e-01 -4.454737012913510125e-02 -4.195730422171449447e+01 -9.734175778586112715e-01 -1.967332760717939166e-01 -1.172784600936339350e-01 6.660159569891280285e+01 -1.237246676530203426e-01 2.075842001468102688e-02 9.920994378652997492e-01 2.159639115079258076e+01
-1.874592115544235771e-01 9.813088624698808049e-01 -4.349667161361591566e-02 -4.116999431308791912e+01 -9.744678002795407190e-01 -1.913583520701758189e-01 -1.174499353398724549e-01 6.646464581616527312e+01 -1.235781138460503858e-01 2.036903363087132213e-02 9.921257744092716324e-01 2.162133480052968793e+01
-1.826976375180502377e-01 9.823361183749897974e-01 -4.046385771624876754e-02 -4.040304699477239581e+01 -9.753290832202664573e-01 -1.862743828738329110e-01 -1.184695476048046037e-01 6.633566693913850543e+01 -1.239142956645336580e-01 1.782147078471421620e-02 9.921328754300162700e-01 2.167232691227251706e+01
-1.772145700627889564e-01 9.833714645322427783e-01 -3.969331053431026518e-02 -3.962879994059831290e+01 -9.763956953652571658e-01 -1.807313411153930183e-01 -1.182693046011007165e-01 6.618014517197453017e+01 -1.234764845209699591e-01 1.779733357398787658e-02 9.921878918269456671e-01 2.171039422166012045e+01
-1.724805405705209793e-01 9.842082917547759768e-01 -3.980579814106127712e-02 -3.887534393099437580e+01 -9.773117772700644634e-01 -1.760356644777651969e-01 -1.177842724692052812e-01 6.603631473811131514e+01 -1.229314977283251231e-01 1.858718034069996999e-02 9.922410813876096913e-01 2.176922493913705381e+01
-1.678921915185032088e-01 9.849598649243774817e-01 -4.082005040743941909e-02 -3.811907545050129187e+01 -9.782154208453531785e-01 -1.715850815784794037e-01 -1.168466952894030436e-01 6.592083370008863596e+01 -1.220934168883084925e-01 2.031315504440921182e-02 9.923107241608746243e-01 2.179842964934317351e+01
-1.634801802454588504e-01 9.856188292984678911e-01 -4.277562389060464432e-02 -3.735158126179462812e+01 -9.790541359483911910e-01 -1.674196434414627621e-01 -1.158605276713482596e-01 6.579858480615475003e+01 -1.213557973450881261e-01 2.293875154082332390e-02 9.923439847797165259e-01 2.181878424826753360e+01
-1.588702152952370383e-01 9.863239720614944694e-01 -4.387797658143655077e-02 -3.658468944900334208e+01 -9.799093697687157878e-01 -1.629527412603752889e-01 -1.149957875541847557e-01 6.567232250452025255e+01 -1.205731385156869340e-01 2.472703485186326933e-02 9.923964389375405926e-01 2.183637556185453121e+01
-1.542645874091086444e-01 9.870540327276391412e-01 -4.389502873449470377e-02 -3.583695916456626662e+01 -9.807021677585310293e-01 -1.583699710219874657e-01 -1.146394802509716343e-01 6.554505776913894977e+01 -1.201070157202133309e-01 2.536313771203117795e-02 9.924369078284951406e-01 2.187192183113325328e+01
-1.499358938222583593e-01 9.876951990917278712e-01 -4.446820701211783716e-02 -3.504041616829412931e+01 -9.814264073687547496e-01 -1.541268806078948117e-01 -1.142239536758335172e-01 6.540921856648797927e+01 -1.196721966999005071e-01 2.651600205973456137e-02 9.924593024259424912e-01 2.190832821020421406e+01
-1.464262803042559735e-01 9.882227818287140364e-01 -4.444184864490659942e-02 -3.427174565288712671e+01 -9.820031296432304435e-01 -1.506284794174557184e-01 -1.139338165747351417e-01 6.528551152599185059e+01 -1.192862012437302388e-01 2.695912949452317076e-02 9.924938324895212771e-01 2.193974106679438307e+01
-1.448230671500814193e-01 9.885050588252001225e-01 -4.340539019788637598e-02 -3.348457258899347977e+01 -9.823885450017139087e-01 -1.488843659396010821e-01 -1.128990355502584725e-01 6.517431449766236540e+01 -1.180636517758898857e-01 2.629057351505874329e-02 9.926579369921900708e-01 2.199857278589821874e+01
-1.454779026435737421e-01 9.884815237124423559e-01 -4.171878619465721472e-02 -3.271805775046502163e+01 -9.826732557684695335e-01 -1.492607300595922837e-01 -1.098840609891805487e-01 6.505730556069018178e+01 -1.148453405229106772e-01 2.501023272994799124e-02 9.930684951296010476e-01 2.209426161931047972e+01
-1.474700678499631934e-01 9.882204372766355549e-01 -4.090166790123010709e-02 -3.193136462373543694e+01 -9.825215288143894776e-01 -1.511184434878931615e-01 -1.086952687748247992e-01 6.495343088191810921e+01 -1.135958824278514162e-01 2.415747061618164077e-02 9.932333019532048057e-01 2.213245761481775631e+01
-1.502079948195147452e-01 9.878015349030623282e-01 -4.105710578517842574e-02 -3.115316560200936991e+01 -9.821237960382936949e-01 -1.538524191061756419e-01 -1.084540565885393909e-01 6.482141198809762273e+01 -1.134478186111706199e-01 2.403249421787855000e-02 9.932532565635184829e-01 2.214593118245980463e+01
-1.537355781911176056e-01 9.872532102881209637e-01 -4.118823586950521448e-02 -3.039248074671046140e+01 -9.816249681161536289e-01 -1.573621236325710715e-01 -1.079332387024860007e-01 6.470478482039357004e+01 -1.130389046709279477e-01 2.383822186419706779e-02 9.933045581336824581e-01 2.216823221552728285e+01
-1.575475695812504906e-01 9.866787675671295776e-01 -4.054346989653749567e-02 -2.960559712159120238e+01 -9.810485089185545515e-01 -1.610739881534977158e-01 -1.076986234313511981e-01 6.458266596918561220e+01 -1.127944434257385359e-01 2.280745431952672236e-02 9.933565490596719672e-01 2.218848861639022374e+01
-1.613708211644331314e-01 9.860647752409572586e-01 -4.044399962562062606e-02 -2.883035969569087698e+01 -9.804785531017849998e-01 -1.648522891761430298e-01 -1.071705634062625478e-01 6.445310914195970042e+01 -1.123444034393656643e-01 2.236027241305410529e-02 9.934177133680811567e-01 2.221550298077051622e+01
-1.652864545558467846e-01 9.854415010493792204e-01 -3.981753319712447170e-02 -2.807004134680814289e+01 -9.798353579529205382e-01 -1.686738664974281043e-01 -1.071064800377633519e-01 6.431630582495544957e+01 -1.122633477392775969e-01 2.131137654760825034e-02 9.934499312919681246e-01 2.223844572083950411e+01
-1.686399826172735317e-01 9.849046458833782269e-01 -3.903069023452865327e-02 -2.729083643404398885e+01 -9.793698312885900092e-01 -1.719019941447537114e-01 -1.062282352805335173e-01 6.416229813548304151e+01 -1.113341359359516503e-01 2.031115275889474464e-02 9.935754461785979430e-01 2.229522888792623547e+01
-1.725899700932835845e-01 9.842011724192796240e-01 -3.950638469557250787e-02 -2.654181854039488542e+01 -9.787102226303197039e-01 -1.758741262574632369e-01 -1.058044981656437733e-01 6.402575650993864542e+01 -1.110810620317851799e-01 2.040450738657947211e-02 9.936018587624531051e-01 2.231952192731091955e+01
-1.761647019346785914e-01 9.835502549153569696e-01 -3.993612209769742405e-02 -2.577094302958482075e+01 -9.781174338687605996e-01 -1.794653739398015535e-01 -1.052542878871830512e-01 6.388997829426777031e+01 -1.106900327683421059e-01 2.052012701187685279e-02 9.936431155264749959e-01 2.235379231409684664e+01
-1.800397705930536496e-01 9.828237470184110203e-01 -4.053595072883899725e-02 -2.501048795118103385e+01 -9.774309634597254659e-01 -1.833778819751228362e-01 -1.048869108731415867e-01 6.374419380589986162e+01 -1.105187435460295575e-01 2.073727800383060038e-02 9.936576737619444710e-01 2.237246927239587890e+01
-1.850161283389994971e-01 9.818697675303321715e-01 -4.124065790429155137e-02 -2.422549641778753937e+01 -9.765215011758242580e-01 -1.883960476548469654e-01 -1.044638069828379701e-01 6.360880922796350490e+01 -1.103394308294267379e-01 2.094490004666018507e-02 9.936732466793465335e-01 2.239942712569975214e+01
-1.902685414415055121e-01 9.808632023849468418e-01 -4.129479803642434332e-02 -2.344453928924969688e+01 -9.755911690737970599e-01 -1.936084291931146062e-01 -1.036226180454680179e-01 6.345512529890584830e+01 -1.096346339572689538e-01 2.057071589716016197e-02 9.937590717495533577e-01 2.242940453780690291e+01
-1.956856533326110092e-01 9.798040585573541961e-01 -4.112337430617465234e-02 -2.267226742874646916e+01 -9.746010093272357011e-01 -1.989610315689620545e-01 -1.027977652254551955e-01 6.328870903684568816e+01 -1.089036165520801125e-01 1.996283425646395299e-02 9.938518438632221175e-01 2.247074891397011243e+01
-2.017134938083069429e-01 9.785931265138126944e-01 -4.083086033342625543e-02 -2.191473726857356752e+01 -9.734694681368164515e-01 -2.049063835901190345e-01 -1.018359885769430651e-01 6.313651564795317483e+01 -1.080225023829312070e-01 1.920590284107107776e-02 9.939629129273329644e-01 2.251184690943332711e+01
-2.067640940303470121e-01 9.775605434344875055e-01 -4.029880072506989569e-02 -2.114997923671484159e+01 -9.724921629285571134e-01 -2.098591793993862531e-01 -1.010847063820857761e-01 6.296558348456593990e+01 -1.072734937547299705e-01 1.828958014513451524e-02 9.940613103806870132e-01 2.254691406444372959e+01
-2.116392715570405425e-01 9.765051341421792097e-01 -4.057760131858174218e-02 -2.038178523934643138e+01 -9.714894964652774911e-01 -2.147283219641606955e-01 -1.004982885630257977e-01 6.279730770937294437e+01 -1.068502549947667191e-01 1.815132888854971427e-02 9.941094267067046575e-01 2.256850411012679913e+01
-2.163237454349098421e-01 9.754677607633794878e-01 -4.082505201823018182e-02 -1.962324857938657985e+01 -9.704108918630311997e-01 -2.194203054207897186e-01 -1.007840787160577956e-01 6.262512371742753459e+01 -1.072694649684127338e-01 1.781508575130102273e-02 9.940703619991213547e-01 2.259899558657959062e+01
-2.194860166761909426e-01 9.747535243967633267e-01 -4.100555035246548213e-02 -1.883264223834061113e+01 -9.697311489481921232e-01 -2.225787230603843980e-01 -1.004002529898656293e-01 6.242391732613860000e+01 -1.069924634880382031e-01 1.772790785452189877e-02 9.941017724759685370e-01 2.261163276153020263e+01
-2.228769615147390137e-01 9.739823631323554221e-01 -4.103920482988684254e-02 -1.808698372935739229e+01 -9.689061742905664687e-01 -2.259628349783679990e-01 -1.008048740396854104e-01 6.227229116369574058e+01 -1.074555045010514021e-01 1.729605491581149429e-02 9.940594353642913106e-01 2.265905053063714192e+01
-2.251738988760367821e-01 9.734552114019617841e-01 -4.100812918588621347e-02 -1.731876766597309114e+01 -9.683226010968087882e-01 -2.282521051469215134e-01 -1.012537243814239929e-01 6.208275319115490731e+01 -1.079261574877704993e-01 1.690940242470644062e-02 9.940150987985868491e-01 2.269593468457674845e+01
-2.263503273012661410e-01 9.731498337946797861e-01 -4.177236306455476417e-02 -1.655269136022483067e+01 -9.678777045238156074e-01 -2.295286864201417920e-01 -1.026125294296650614e-01 6.189206745482206173e+01 -1.094453215826027281e-01 1.720415925384120165e-02 9.938439205871559823e-01 2.272999123005988764e+01
-2.275451336969815941e-01 9.728467752083258535e-01 -4.233632125709284322e-02 -1.579817760827638651e+01 -9.675619328755322712e-01 -2.307817942779861742e-01 -1.027797133679468622e-01 6.170220380965977114e+01 -1.097593648896843105e-01 1.757598920670531972e-02 9.938027804461099235e-01 2.276506697831079862e+01
-2.286114409597634900e-01 9.725642215717669181e-01 -4.307718631484266231e-02 -1.503335950588860115e+01 -9.672815318971634824e-01 -2.319249719027050016e-01 -1.028457362198651609e-01 6.153015345613477649e+01 -1.100147586143659095e-01 1.815605481464942217e-02 9.937641121315411441e-01 2.278115490641393137e+01
-2.289304007229897575e-01 9.724722221940846900e-01 -4.345858586874267598e-02 -1.427214680224809129e+01 -9.671997143640420624e-01 -2.322834749814506328e-01 -1.028061271746872896e-01 6.135495395930159646e+01 -1.100708142921070776e-01 1.849768394803332633e-02 9.937516045419152455e-01 2.280785355745387832e+01
-2.291416543416882057e-01 9.724111435358611111e-01 -4.371121335347651765e-02 -1.350616775321164020e+01 -9.671290791460340763e-01 -2.325237062367913055e-01 -1.029275002516358839e-01 6.116016773145692298e+01 -1.102517415540383572e-01 1.868940783398920225e-02 9.937279605199385024e-01 2.284764683490012516e+01
-2.293386285576382022e-01 9.723472836961746246e-01 -4.409708992634654018e-02 -1.274247250606803483e+01 -9.670623196490413243e-01 -2.327638273005321334e-01 -1.030119925805883518e-01 6.097158814585930742e+01 -1.104276385979377495e-01 1.902000497052331457e-02 9.937021566065983302e-01 2.286681070257917625e+01
-2.295287138445134545e-01 9.722892781873250234e-01 -4.438613570535377556e-02 -1.197430705944092999e+01 -9.670605852975319161e-01 -2.329758104903856264e-01 -1.025480184613199730e-01 6.078192688271906263e+01 -1.100472347897883119e-01 1.938636758958491718e-02 9.937372765810904562e-01 2.287407402763346553e+01
-2.298528399709762748e-01 9.721660373202797301e-01 -4.539678224567643416e-02 -1.122082421247504058e+01 -9.668107245330873623e-01 -2.334360551908263304e-01 -1.038490783047798932e-01 6.058655257986892195e+01 -1.115557927007089362e-01 2.002009035769126977e-02 9.935564911453129699e-01 2.287712324843993628e+01
-2.294028699800869653e-01 9.722671556316015984e-01 -4.550715685400301413e-02 -1.045305627858195230e+01 -9.669243776582303607e-01 -2.329993162663235307e-01 -1.037717038005553372e-01 6.040707059249018585e+01 -1.114969557214180035e-01 2.019645264548148439e-02 9.935595262315162213e-01 2.295161513913197737e+01
-2.298503194321364074e-01 9.721287256221843309e-01 -4.620142289078449371e-02 -9.688186502591941363e+00 -9.668503670205051970e-01 -2.335121047673125450e-01 -1.033076217878161895e-01 6.023075325574561845e+01 -1.112168982181201138e-01 2.092457281112070772e-02 9.935758470310217527e-01 2.298959613441791916e+01
-2.290589364397122019e-01 9.722457625567418882e-01 -4.764641463496852025e-02 -8.947652826105091606e+00 -9.669074054315821565e-01 -2.329048367075468029e-01 -1.041412807670280272e-01 6.005472390531419080e+01 -1.123479993532323362e-01 2.221518014084988141e-02 9.934205619034849333e-01 2.304458233079404295e+01
-2.286564996603077660e-01 9.722781622496763365e-01 -4.890174204962347698e-02 -8.181997232778305928e+00 -9.670498106476093092e-01 -2.326291739564627647e-01 -1.034327373260368749e-01 5.986083015131607254e+01 -1.119413636218485608e-01 2.363985272217099254e-02 9.934335853361084823e-01 2.305128866894932571e+01
-2.289548821469364892e-01 9.721675574400699960e-01 -4.969811064910285847e-02 -7.407297386857208288e+00 -9.669676807169304000e-01 -2.330129303707273447e-01 -1.033367249769761437e-01 5.968472631102646631e+01 -1.120409139109592861e-01 2.439701910182238975e-02 9.934040562978099231e-01 2.307682206750375187e+01
-2.283885290822345038e-01 9.722852713629281940e-01 -5.000030874275769588e-02 -6.623038597452612919e+00 -9.671842110877078014e-01 -2.324636940147608577e-01 -1.025442967095705760e-01 5.949497934689196654e+01 -1.113255658252054053e-01 2.493956807423491212e-02 9.934710042764048898e-01 2.309210000628964110e+01
-2.272542655797757938e-01 9.725285718144385250e-01 -5.043486671307528812e-02 -5.875133659990143364e+00 -9.674576783855945994e-01 -2.313804930576874863e-01 -1.024143933494564285e-01 5.930979092546488829e+01 -1.112705680247590700e-01 2.551949131448975200e-02 9.934624382705654622e-01 2.312313229820835403e+01
-2.270363214971853338e-01 9.725349122638122790e-01 -5.128696860846086725e-02 -5.107559135896694968e+00 -9.674714923873415362e-01 -2.312623240431408433e-01 -1.025507137760397480e-01 5.913223338226546133e+01 -1.115948929782924343e-01 2.633594323702756479e-02 9.934047503183078831e-01 2.316947809132045677e+01
-2.264509025163394806e-01 9.726229162255675131e-01 -5.219819520259268153e-02 -4.353978998604510764e+00 -9.676303885893742240e-01 -2.307710499770314616e-01 -1.021574939535766224e-01 5.895045549489611858e+01 -1.114065519972318313e-01 2.737490320295385415e-02 9.933978029202183979e-01 2.320960449361822953e+01
-2.266845688919598700e-01 9.725160422675294125e-01 -5.316628403948556875e-02 -3.591110363310534126e+00 -9.675691089340860973e-01 -2.311065688005140562e-01 -1.019792787469697704e-01 5.876576192660964892e+01 -1.114635620405392546e-01 2.832492523475172580e-02 9.933647733575419192e-01 2.324363937008226699e+01
-2.260573880489011867e-01 9.726220043514322011e-01 -5.389335728929385561e-02 -2.835943731758648223e+00 -9.677031658238297585e-01 -2.305626029718816916e-01 -1.019385548522656060e-01 5.856390153607105731e+01 -1.115734742806121921e-01 2.910880901434163143e-02 9.933297725703786885e-01 2.327893476462814348e+01
-2.257305158524900435e-01 9.726785419564772939e-01 -5.424194161707395628e-02 -2.047163695172388387e+00 -9.677781889893767309e-01 -2.302745365887761686e-01 -1.018774494933318842e-01 5.836428702180954531e+01 -1.115845470009658724e-01 2.949731879757352959e-02 9.933170677353447831e-01 2.331319811190299163e+01
-2.254861872622175856e-01 9.727072032929905410e-01 -5.474190365594799185e-02 -1.274023625591236719e+00 -9.678480726078982910e-01 -2.300805188156118675e-01 -1.016516758873928505e-01 5.818620819721962079e+01 -1.114723629565861629e-01 3.006079711963362960e-02 9.933127708699850400e-01 2.334671426040341302e+01
-2.245534741158192737e-01 9.728940912447644473e-01 -5.525237084089841544e-02 -5.082939818612711713e-01 -9.680862840999927554e-01 -2.292007856886340011e-01 -1.013703426904589699e-01 5.799114357630170247e+01 -1.112864942388980954e-01 3.072599975162643854e-02 9.933132583124413273e-01 2.338065802906196566e+01
-2.236443164364942948e-01 9.730824924660999020e-01 -5.562088260371275683e-02 2.722307037944983743e-01 -9.682922961307303122e-01 -2.283366573354888018e-01 -1.013528498402180567e-01 5.780115568188244879e+01 -1.113249701528431501e-01 3.119028330776060093e-02 9.932944766018032556e-01 2.342615993769758376e+01
-2.223755988957751839e-01 9.733554191792445076e-01 -5.593139521004287379e-02 1.045846550010833598e+00 -9.685713463522319655e-01 -2.271115551198490401e-01 -1.014390879122442912e-01 5.761182129249554151e+01 -1.114389520821585378e-01 3.161596883602348779e-02 9.932682369196097483e-01 2.347268984028217176e+01
-2.195359946441113319e-01 9.739545788673461546e-01 -5.671353770442187636e-02 1.806124839504028357e+00 -9.692380013749694045e-01 -2.243647888548589986e-01 -1.011836855069486729e-01 5.742363729358135771e+01 -1.112728347184308991e-01 3.275545489601289911e-02 9.932499365357543297e-01 2.350660348383826559e+01
-2.175823690088061202e-01 9.743388259365468596e-01 -5.763475487158242760e-02 2.574548306310159074e+00 -9.696907466012916199e-01 -2.225147281676409516e-01 -1.009309254109507503e-01 5.724010982989188534e+01 -1.111655011788537095e-01 3.392709862444140412e-02 9.932226252591015436e-01 2.354117072266500799e+01
-2.163322082368777100e-01 9.745603048449580363e-01 -5.858829149120485524e-02 3.372794118072532488e+00 -9.699883158397175631e-01 -2.213650988858328894e-01 -1.005990066039090802e-01 5.706974649325665894e+01 -1.110092014825081602e-01 3.506715294642035602e-02 9.932005094493498998e-01 2.356661772547178657e+01
-2.145723401048973411e-01 9.749610716696085477e-01 -5.839194799590420593e-02 4.145563636580138933e+00 -9.704404463459622709e-01 -2.195760668696564721e-01 -1.001583294284674741e-01 5.687889963192616705e+01 -1.104719464740145235e-01 3.517470094969201572e-02 9.932566080602445169e-01 2.361539696496653207e+01
-2.137909656804775071e-01 9.750737838747199904e-01 -5.936782793437175854e-02 4.931507349223766212e+00 -9.706281214264708135e-01 -2.188944912715851121e-01 -9.983111532520627662e-02 5.669863507813825976e+01 -1.103379938621756873e-01 3.628109275077427004e-02 9.932316997656086555e-01 2.365523221722856206e+01
-2.138922681358297329e-01 9.749931554004586109e-01 -6.031952050512309760e-02 5.695493691269110315e+00 -9.706335683191346098e-01 -2.190831369257477679e-01 -9.936324857228909235e-02 5.653714824496391600e+01 -1.100934770264555551e-01 3.729512082071567702e-02 9.932212745804398502e-01 2.369198116345366856e+01
-2.144432184429689858e-01 9.747906379757337314e-01 -6.162238374716860062e-02 6.446157112533846600e+00 -9.705438611459494824e-01 -2.197522028264431437e-01 -9.876022957060084928e-02 5.636903994967410370e+01 -1.098122017616126322e-01 3.862876477170828354e-02 9.932014392239264522e-01 2.373497723757715860e+01
-2.150503347970835755e-01 9.746107481670321926e-01 -6.234775906927339517e-02 7.208688720038715303e+00 -9.704751354025825671e-01 -2.204055530188975265e-01 -9.797654700882851841e-02 5.618920789101616009e+01 -1.092307881002489434e-01 3.943706068828991412e-02 9.932337857600629372e-01 2.378272819977916086e+01
-2.153437385111209856e-01 9.745506130493731822e-01 -6.227501014969845372e-02 7.974804013126348678e+00 -9.705672651886293467e-01 -2.206327147718982751e-01 -9.654216134232335156e-02 5.599948594095037180e+01 -1.078251270730481853e-01 3.965233634318723888e-02 9.933787969320705402e-01 2.383554516751945584e+01
-2.159738901921874898e-01 9.744487490136323204e-01 -6.168398739559683569e-02 8.766736014377984887e+00 -9.707051511934671195e-01 -2.210982334796400828e-01 -9.405892088819173269e-02 5.583340830883398809e+01 -1.052938184402174848e-01 3.956269325955677485e-02 9.936538658407809699e-01 2.389622533305131569e+01
-2.163104212831137296e-01 9.744983650060200508e-01 -5.968867769448081562e-02 9.554877824664858466e+00 -9.711141232678021096e-01 -2.210613070577069905e-01 -8.982904937572372406e-02 5.568408315490536609e+01 -1.007331188543759276e-01 3.853355839436573699e-02 9.941669898177760700e-01 2.398172262611863204e+01
-2.165328331885989499e-01 9.745231770125013515e-01 -5.846460139930556577e-02 1.033484454424855414e+01 -9.714839472934813092e-01 -2.210092114543207309e-01 -8.587123268834592760e-02 5.551093599307230875e+01 -9.660472194667829582e-02 3.820348044093238582e-02 9.945893734500707017e-01 2.403679272031767056e+01
-2.158685615410234071e-01 9.745781325287641295e-01 -5.998522930652307877e-02 1.108227394967961921e+01 -9.715818006408620811e-01 -2.205022989704250591e-01 -8.606707159080972946e-02 5.531876119253287527e+01 -9.710596686954722778e-02 3.970138216113031776e-02 9.944818909627396453e-01 2.405697334834178136e+01
-2.155653456853545702e-01 9.744985430908458257e-01 -6.232311973395299187e-02 1.184294445526385431e+01 -9.714864889394440040e-01 -2.204760291882186252e-01 -8.720276579046939980e-02 5.513217629932628228e+01 -9.871972218186852999e-02 4.174817441774902882e-02 9.942391595512217739e-01 2.408664120689274668e+01
-2.162715938622499223e-01 9.742504856950591208e-01 -6.373844060865804795e-02 1.259137144962882715e+01 -9.713842416027937965e-01 -2.212811821805134027e-01 -8.629770320558821650e-02 5.498837921684058472e+01 -9.817969675063867308e-02 4.325077497266205384e-02 9.942284031399509781e-01 2.413337889372547806e+01
-2.155727508015616856e-01 9.743892379983185581e-01 -6.398438860303376496e-02 1.336315938570834128e+01 -9.716778204138456498e-01 -2.205455605502810723e-01 -8.486382643600730302e-02 5.480499414030560956e+01 -9.680187202552581471e-02 4.387788274995198246e-02 9.943360241778104180e-01 2.419668521703386688e+01
-2.155067025619827881e-01 9.743856406785379454e-01 -6.426106434176170890e-02 1.414306916730672192e+01 -9.717014265960431940e-01 -2.204998304293892541e-01 -8.471223248046767795e-02 5.461501780716506715e+01 -9.671193670936029108e-02 4.418651400694027787e-02 9.943311084733491567e-01 2.425840417280636885e+01
-2.174023205070696463e-01 9.739504287990526921e-01 -6.447319815460630932e-02 1.493988797339589958e+01 -9.712994540324572101e-01 -2.223954167103969759e-01 -8.436616159610327292e-02 5.443410629175440363e+01 -9.650700303290060678e-02 4.428138286402824586e-02 9.943467994101741203e-01 2.429607486294348817e+01
-2.194606359377715421e-01 9.735089567273625955e-01 -6.416650563488054959e-02 1.569847798599392874e+01 -9.708800894515231539e-01 -2.243974521238905062e-01 -8.389061560692406827e-02 5.425054604679699111e+01 -9.606706605487330686e-02 4.388729488027781622e-02 9.944068705352453463e-01 2.435417664421824924e+01
-2.210239147589021513e-01 9.731860420222340213e-01 -6.369738391604848338e-02 1.645427799920311784e+01 -9.705489815946783949e-01 -2.259022571982969296e-01 -8.368300017475086006e-02 5.406562451156557358e+01 -9.582851052887353394e-02 4.332548679257277463e-02 9.944545232256748468e-01 2.440626109886949990e+01
-2.225401702269780291e-01 9.728253606707455425e-01 -6.392722636859987650e-02 1.722299224280886065e+01 -9.702151842804940252e-01 -2.274253633043274991e-01 -8.342781501071618033e-02 5.387300218613083302e+01 -9.569936690968897097e-02 4.345712555760238016e-02 9.944612156395821190e-01 2.447007332119628487e+01
-2.247587111678850391e-01 9.723197623898105491e-01 -6.385766532197924283e-02 1.798565848376730258e+01 -9.697291890035435458e-01 -2.296160114682834763e-01 -8.307699604539969807e-02 5.370604341563576156e+01 -9.544014746783162362e-02 4.325236344547912087e-02 9.944950534355104788e-01 2.452968642601823746e+01
-2.260647854458071038e-01 9.719336540267631275e-01 -6.511286318022040109e-02 1.873453684330270619e+01 -9.693650636549007160e-01 -2.310510503075056121e-01 -8.334737858582777492e-02 5.350857863635220468e+01 -9.605251764879436938e-02 4.427622750397158802e-02 9.943910345187876310e-01 2.457822984566506364e+01
-2.275542020008143318e-01 9.715301037259932437e-01 -6.594196468056760796e-02 1.947213410885698082e+01 -9.689517278719529392e-01 -2.326346119515132482e-01 -8.374775445422701081e-02 5.333517761143153280e+01 -9.670384793651844169e-02 4.483742718231549518e-02 9.943027561653147162e-01 2.462903375572630793e+01
-2.291268862326090172e-01 9.711153725085642785e-01 -6.660182642316679613e-02 2.021783254728173418e+01 -9.685966813700269684e-01 -2.342492241053812929e-01 -8.335328334863305322e-02 5.315020041587634125e+01 -9.654708097254778576e-02 4.541182977572526258e-02 9.942919223608833734e-01 2.467078913483575775e+01
-2.295881909471939597e-01 9.710278812764340239e-01 -6.628813137654648857e-02 2.096195830861575260e+01 -9.684172547302053458e-01 -2.347139582889490317e-01 -8.412715688257822733e-02 5.294053014532639168e+01 -9.724856460846723061e-02 4.487996845066842544e-02 9.942477081258270788e-01 2.472888668163700743e+01
-2.297582444647612299e-01 9.709924639773701571e-01 -6.621770155801903757e-02 2.169453779815685479e+01 -9.682966618027517569e-01 -2.349138268471901991e-01 -8.495333246939740235e-02 5.274512467184732856e+01 -9.804449929556829924e-02 4.459965084128077878e-02 9.941821499618251901e-01 2.479834883583113481e+01
-2.289497134395999112e-01 9.711597902705656482e-01 -6.656343198450956344e-02 2.244502682657262227e+01 -9.684561158017387372e-01 -2.341541719563076107e-01 -8.523247926503919880e-02 5.255802665352304359e+01 -9.836046198617862113e-02 4.494981109067401615e-02 9.941351688783464091e-01 2.484199883106746043e+01
-2.276504771997407417e-01 9.714194310188035697e-01 -6.722759306887250708e-02 2.317494969178951081e+01 -9.687393851991286109e-01 -2.329302686019860680e-01 -8.536681751723247669e-02 5.239810811631507903e+01 -9.858632661147352649e-02 4.569222043313557469e-02 9.940789491771494513e-01 2.490040860710196213e+01
-2.262340417991439701e-01 9.716569526887132158e-01 -6.856328917800659506e-02 2.389654375828095567e+01 -9.690828177509412944e-01 -2.316325204497198254e-01 -8.499922240824428488e-02 5.223286274987557931e+01 -9.847157290872947388e-02 4.721378783569377818e-02 9.940192189123341349e-01 2.493225116927069251e+01
-2.249967862768951221e-01 9.719110525379817123e-01 -6.903152989454477972e-02 2.460429571469556720e+01 -9.694343516674104322e-01 -2.304114429314336743e-01 -8.430661168284547813e-02 5.206290175363941586e+01 -9.784418210735174037e-02 4.795281973739309866e-02 9.940457952765437977e-01 2.497494271135676414e+01
-2.236925657707102832e-01 9.721858643261080957e-01 -6.939943244302967940e-02 2.533419582107823942e+01 -9.697419448271011877e-01 -2.291427639527301441e-01 -8.422680197570643623e-02 5.188407679214148516e+01 -9.778648404492268353e-02 4.845863114659333670e-02 9.940269436013947635e-01 2.503163379406835176e+01
-2.224271838438400817e-01 9.724911291464238827e-01 -6.918924496488974840e-02 2.605158876342700580e+01 -9.700032053101875773e-01 -2.278801798448699678e-01 -8.464281021936539973e-02 5.171230295947064803e+01 -9.808123967028699319e-02 4.828692747921273232e-02 9.940062590644773710e-01 2.509476875275473162e+01
-2.207328695034533883e-01 9.728665560790560329e-01 -6.933732316471452606e-02 2.676230083414774086e+01 -9.703831018785421536e-01 -2.262107882702335537e-01 -8.476623654933768126e-02 5.153196875955542566e+01 -9.815108715317477639e-02 4.857307209798675945e-02 9.939854228094160415e-01 2.514338498467829908e+01
-2.192829692442701539e-01 9.735400461390085747e-01 -6.430208366043956014e-02 2.746578007408670885e+01 -9.709478175356519580e-01 -2.242196353078498294e-01 -8.358164131655759777e-02 5.137484506019597319e+01 -9.578786469157411776e-02 4.410593731089440528e-02 9.944241304754003474e-01 2.520653916489292001e+01
-2.173290752924008640e-01 9.741762603322045022e-01 -6.122652070557929593e-02 2.815376072129209106e+01 -9.716348711702841312e-01 -2.219010426784673307e-01 -8.176554521382510543e-02 5.123687369303804218e+01 -9.324028184457075485e-02 4.171979222587066105e-02 9.947691736167617593e-01 2.525385698869236251e+01
-2.160554177101658979e-01 9.746925113336131208e-01 -5.739829987255815752e-02 2.884387588651401302e+01 -9.721521258590259951e-01 -2.202131102222699699e-01 -8.016501901709238709e-02 5.108128828765830320e+01 -9.077610184328319121e-02 3.847979257231998185e-02 9.951276324661721961e-01 2.537782485732985549e+01
-2.142160177672578492e-01 9.750464647416575703e-01 -5.827425955543109881e-02 2.952226990974010334e+01 -9.724278317474358557e-01 -2.185098810832655225e-01 -8.147112317844923401e-02 5.090894820383104502e+01 -9.217163215935163245e-02 3.921509229586202239e-02 9.949706361301866586e-01 2.541548839414953420e+01
-2.133269198831768687e-01 9.751139604027214691e-01 -6.036877902423219699e-02 3.016609457323776411e+01 -9.725546080215397016e-01 -2.178298566302852013e-01 -8.177828548275498100e-02 5.075589797787498014e+01 -9.289327031182743888e-02 4.126642446528785285e-02 9.948205479093324977e-01 2.541975141539506922e+01
-2.124485325132046132e-01 9.751814515802768035e-01 -6.234386518953044520e-02 3.079755555642867648e+01 -9.727579732192017659e-01 -2.171154155418590914e-01 -8.125774961538820285e-02 5.061590053433557301e+01 -9.277686441919147375e-02 4.338240228330412368e-02 9.947413837780514356e-01 2.541012308462275016e+01
-2.106357355675498866e-01 9.754355372957120851e-01 -6.448332716712723567e-02 3.138713899980523081e+01 -9.732066350251690201e-01 -2.154616193523624101e-01 -8.028160517232621474e-02 5.051261802859468730e+01 -9.220321276888765460e-02 4.584542688953041623e-02 9.946842536143879476e-01 2.544933061629883042e+01
-2.091465210520868645e-01 9.757542211150884714e-01 -6.450916762674602234e-02 3.199258150474081219e+01 -9.735819315664204776e-01 -2.139540939747466286e-01 -7.976132019245189830e-02 5.038037214996459312e+01 -9.162944537214259833e-02 4.612315738901652529e-02 9.947244337469858255e-01 2.551521115029041908e+01
-2.087642731589156586e-01 9.758720294763296721e-01 -6.396296067396230189e-02 3.260498430762116584e+01 -9.736323574823100291e-01 -2.135445548757437528e-01 -8.024185657348366363e-02 5.024751177991289097e+01 -9.196472538897006166e-02 4.552477532805292160e-02 9.947210584457643057e-01 2.557843393953800160e+01
-2.094016995331100528e-01 9.757440982337471924e-01 -6.383089373224289098e-02 3.318215894888081863e+01 -9.734324859713051614e-01 -2.141991555147679804e-01 -8.091920064165979143e-02 5.011563460091594635e+01 -9.262895599309130257e-02 4.519044742832310779e-02 9.946746704188550448e-01 2.563659310788422729e+01
-2.100631648749391456e-01 9.756380066755554470e-01 -6.327674685753899297e-02 3.374931872374019548e+01 -9.732886318322395702e-01 -2.148122926362412421e-01 -8.102418205998335177e-02 4.998636710125931160e+01 -9.264289454055045503e-02 4.456634226084572187e-02 9.947015307259949868e-01 2.566878645161723327e+01
-2.107952947138895805e-01 9.754384780013980460e-01 -6.391493847920436122e-02 3.428925334049733209e+01 -9.731053108270326657e-01 -2.156062402528933220e-01 -8.111721891334498780e-02 4.985764379061680529e+01 -9.290531613803569566e-02 4.509683800808715615e-02 9.946531442844606108e-01 2.569578579690570663e+01
